Domain,Fingerprint,Issuer,Validity_Days,Is_Trusted_CA,Signature_Algorithm,Key_Length,Public_Key_Type,Has_SAN,Version,Is_Expired,label
google.com,e51c3ce4d70e43c7262da7e20609b3b751d6d98b8b83fed4a3f56fbb05bba54f,Google Trust Services,83,1,ecdsa-with-SHA256,256,EC,1,v3,0,0
huit.edu.vn,05d3f2e581fa7ef31c64ecf8b293f241d1d98725a0f70f5df1c1f0c42d0704a0,DigiCert Inc,332,1,sha256WithRSAEncryption,2048,RSA,1,v3,0,0
vnexpress.net,eb1d0c1f322271611b9c03580a9737beb982724c883fe3921cd6721dc477c15d,GlobalSign nv-sa,396,1,sha256WithRSAEncryption,2048,RSA,1,v3,0,0
zing.vn,c68ae1bf8809f471d3afe1109327343bc8fcc38da2ff9da6c0c6e5b5cd56e319,DigiCert Inc,379,1,sha256WithRSAEncryption,2048,RSA,1,v3,1,0
fpt.vn,f0252b42b7c3a49c4217fb81552d89b9315b7181857a5c6f30b078196199aa90,DigiCert Inc,198,1,sha256WithRSAEncryption,2048,RSA,1,v3,0,0
viettel.vn,783be12741705c355d9a083517944207d1aa2a1444cc33b97c7268afc445d94c,GlobalSign nv-sa,395,1,sha256WithRSAEncryption,2048,RSA,1,v3,0,0
github.com,4fede9c4ef53e3ddeec6fec3f31ce0cf918768312a82ea405ca55b88446db8c7,Sectigo Limited,89,1,ecdsa-with-SHA256,256,EC,1,v3,0,0
stackoverflow.com,ba807e20197d99ae9d0e3600d2bb207f7296519fd3d743c280e582a0a8bf7068,Let's Encrypt,89,1,ecdsa-with-SHA384,256,EC,1,v3,0,0
cloudflare.com,da9fca34e821865e3066db0f029492013b6517f14aaf5a693abde9a48a174c19,Google Trust Services,90,1,ecdsa-with-SHA256,256,EC,1,v3,0,0
gstatic.com,7f6d6c97b5ccda62ca3c6d5095a3dc15ac850122f2cbde6888649a17a1979931,Google Trust Services,83,1,ecdsa-with-SHA256,256,EC,1,v3,0,0
www.google.com,3672f3bbf56f79b27100100ad63f9dfb51638c0bf85d552cd859111cbf6e1c9f,Google Trust Services,83,1,ecdsa-with-SHA256,256,EC,1,v3,0,0
microsoft.com,24c0737a55fe979a494a9e510ce80c829225b91592cad7c60f3eaacf85b3590d,Microsoft Corporation,180,1,sha384WithRSAEncryption,2048,RSA,1,v3,0,0
www.gstatic.com,7f6d6c97b5ccda62ca3c6d5095a3dc15ac850122f2cbde6888649a17a1979931,Google Trust Services,83,1,ecdsa-with-SHA256,256,EC,1,v3,0,0
events.data.microsoft.com,7ea80ef71e3f04483b7cd82c952a13c292ef5f8481252f99554fb6dfbfcc0347,Microsoft Corporation,214,1,sha256WithRSAEncryption,2048,RSA,1,v3,0,0
office.com,8f3ac83490b30f63f8ed04893ba88179ee156886f27acc395a5dfdda052563e9,Microsoft Corporation,180,1,sha384WithRSAEncryption,2048,RSA,1,v3,0,0
live.com,851652b462ccafca52a476c82a7b44969f9bcfac7d46c21d9e99860bb9d7e90a,Microsoft Corporation,360,1,sha384WithRSAEncryption,2048,RSA,1,v3,0,0
update.googleapis.com,c96df46cd4d4baab16c15705b3fdf7748c83cb18d221814df697965aa44ced44,Google Trust Services,83,1,ecdsa-with-SHA256,256,EC,1,v3,0,0
login.microsoftonline.com,63941f8bf59cc198674c6e6a9ddd1cbd8ccb2cb15a0217604691b41d80dd1864,DigiCert Inc,180,1,sha256WithRSAEncryption,2048,RSA,1,v3,0,0
digicert.com,cd34f29b9c83fe4fa57f555ba50ffb79bc67b998a26f75d32216f4ebddac9d8a,DigiCert Inc,46,1,sha256WithRSAEncryption,2048,RSA,1,v3,0,0
accounts.google.com,19bfc5cbd362c793382d0fa58904c212bdb21a8ddc6ca8892a30d00823c01357,Google Trust Services,83,1,ecdsa-with-SHA256,256,EC,1,v3,0,0
skype.com,fdef6a96a24eb0430ecb3cc1fee2946d567d6019551abec8a4de3d976e5b76d3,Microsoft Corporation,180,1,sha384WithRSAEncryption,2048,RSA,1,v3,0,0
googleusercontent.com,ad52693776d6afc122dbd7303b6492369e13f9209ea848dd4badc84ac0f7e36d,Google Trust Services,83,1,ecdsa-with-SHA256,256,EC,1,v3,0,0
mtalk.google.com,e51c3ce4d70e43c7262da7e20609b3b751d6d98b8b83fed4a3f56fbb05bba54f,Google Trust Services,83,1,ecdsa-with-SHA256,256,EC,1,v3,0,0
edge.skype.com,3dad755751d9f849325d7c31adee85aeb666ef030f6a63eced8876291b69f137,Microsoft Corporation,180,1,sha384WithRSAEncryption,2048,RSA,1,v3,0,0
config.edge.skype.com,64c4b384631b03b379c096162c11147775145e11a9c326db9aba7d18b411bafb,Microsoft Corporation,180,1,sha384WithRSAEncryption,2048,RSA,1,v3,0,0
officeapps.live.com,36434063ebc97187efadca5b083e1981f0fffbc6f7b40cac91ea0bcbbfd46aa9,Microsoft Corporation,198,1,sha384WithRSAEncryption,2048,RSA,1,v3,0,0
fonts.gstatic.com,7f6d6c97b5ccda62ca3c6d5095a3dc15ac850122f2cbde6888649a17a1979931,Google Trust Services,83,1,ecdsa-with-SHA256,256,EC,1,v3,0,0
ecs.office.com,4016bd639cfc4d83ed40fed7212baae481ecbcc4220c4ea6c346160017eb1d4f,Microsoft Corporation,360,1,sha384WithRSAEncryption,2048,RSA,1,v3,0,0
doubleclick.net,0dd73cb67a7737ef8b7d2cecdbb6381e99cec977e83b1ad8ebe0247887bef6ce,Google Trust Services,83,1,ecdsa-with-SHA256,256,EC,1,v3,0,0
ocsp.digicert.com,792ce717b665ca8a0aedf9f7a3ba68bd15b7bf81da354e2c7dc4869bf9f22e62,DigiCert Inc,365,1,ecdsa-with-SHA384,256,EC,1,v3,0,0
bing.com,f3477d87dcfddff7d6486c48e9ff26b663614f8d5b7caf43d3ca4209b9cb8401,Microsoft Corporation,180,1,sha384WithRSAEncryption,2048,RSA,1,v3,0,0
mobile.events.data.microsoft.com,f39a51b6f6002ba05ebcde0cf8bb80265d175e6c7cd6370cf22b08f2f20835c2,Microsoft Corporation,149,1,sha384WithRSAEncryption,2048,RSA,1,v3,0,0
apple.com,41035d2c46bf24ff738501e27f860487993a687649f0f80e2c34407f9756f3a0,Apple Inc.,84,1,ecdsa-with-SHA256,256,EC,1,v3,0,0
cloud.microsoft,5b032f1c69a84315e3e7c1506bd957566ac41a69a6ecd1f65c098fa85bd28bc4,Microsoft Corporation,180,1,sha384WithRSAEncryption,2048,RSA,1,v3,0,0
clientservices.googleapis.com,c96df46cd4d4baab16c15705b3fdf7748c83cb18d221814df697965aa44ced44,Google Trust Services,83,1,ecdsa-with-SHA256,256,EC,1,v3,0,0
ctldl.windowsupdate.com,792ce717b665ca8a0aedf9f7a3ba68bd15b7bf81da354e2c7dc4869bf9f22e62,DigiCert Inc,365,1,ecdsa-with-SHA384,256,EC,1,v3,0,0
amazonaws.com,7be0e2b69344e02fd9b7429e3438c6c57463d38d1da7872fdbbc42f47153ab9c,Amazon,197,1,sha256WithRSAEncryption,2048,RSA,1,v3,0,0
login.live.com,b566b8eeb9b8c704406f9e8c0ebc61791a6a2f70d01429d134779c42da19cbac,DigiCert Inc,180,1,sha256WithRSAEncryption,2048,RSA,1,v3,0,0
settings-win.data.microsoft.com,47441feb52322ef204bdb337fda834da048b592fea02f2268fb8ba4a6462fe2d,Microsoft Corporation,359,1,sha256WithRSAEncryption,2048,RSA,1,v3,0,0
msn.com,d10609c574923d703760f8a241e89b3b9a832ec470fd0978a222d431d70ba0ae,Microsoft Corporation,180,1,sha384WithRSAEncryption,2048,RSA,1,v3,0,0
optimizationguide-pa.googleapis.com,c96df46cd4d4baab16c15705b3fdf7748c83cb18d221814df697965aa44ced44,Google Trust Services,83,1,ecdsa-with-SHA256,256,EC,1,v3,0,0
googletagmanager.com,d6a4009ffda7f7d1fd94292c410110ff9146c89f31750e462f61cb024824a81c,Google Trust Services,83,1,ecdsa-with-SHA256,256,EC,1,v3,0,0
www.googletagmanager.com,b48c53a30d7c33e87650591c1bd2328d604e0131a3f4721ab4d1abc28a9a8c74,Google Trust Services,83,1,sha256WithRSAEncryption,256,EC,1,v3,0,0
fonts.googleapis.com,c96df46cd4d4baab16c15705b3fdf7748c83cb18d221814df697965aa44ced44,Google Trust Services,83,1,ecdsa-with-SHA256,256,EC,1,v3,0,0
facebook.com,fc4ced33b2b92e649e1de0dfdc30222aa2337648e25ddd8431b99cc78fb5f5df,DigiCert Inc,90,1,sha256WithRSAEncryption,256,EC,1,v3,0,0
play.google.com,e51c3ce4d70e43c7262da7e20609b3b751d6d98b8b83fed4a3f56fbb05bba54f,Google Trust Services,83,1,ecdsa-with-SHA256,256,EC,1,v3,0,0
www.googleapis.com,c96df46cd4d4baab16c15705b3fdf7748c83cb18d221814df697965aa44ced44,Google Trust Services,83,1,ecdsa-with-SHA256,256,EC,1,v3,0,0
office365.com,4f9815bf829338f9bf9627e08d11db37a518763cd7664a6800848db5f719e3f9,Microsoft Corporation,180,1,sha384WithRSAEncryption,2048,RSA,1,v3,0,0
cloudflare.com,da9fca34e821865e3066db0f029492013b6517f14aaf5a693abde9a48a174c19,Google Trust Services,90,1,ecdsa-with-SHA256,256,EC,1,v3,0,0
safebrowsing.googleapis.com,c96df46cd4d4baab16c15705b3fdf7748c83cb18d221814df697965aa44ced44,Google Trust Services,83,1,ecdsa-with-SHA256,256,EC,1,v3,0,0
youtube.com,e51c3ce4d70e43c7262da7e20609b3b751d6d98b8b83fed4a3f56fbb05bba54f,Google Trust Services,83,1,ecdsa-with-SHA256,256,EC,1,v3,0,0
lh3.googleusercontent.com,ad52693776d6afc122dbd7303b6492369e13f9209ea848dd4badc84ac0f7e36d,Google Trust Services,83,1,ecdsa-with-SHA256,256,EC,1,v3,0,0
clients6.google.com,e51c3ce4d70e43c7262da7e20609b3b751d6d98b8b83fed4a3f56fbb05bba54f,Google Trust Services,83,1,ecdsa-with-SHA256,256,EC,1,v3,0,0
teams.microsoft.com,1ffbce5f21576a34be987f38a237466efa749b2f2d6f4129bb3add7625978fbf,Microsoft Corporation,360,1,sha384WithRSAEncryption,2048,RSA,1,v3,0,0
google-analytics.com,b48c53a30d7c33e87650591c1bd2328d604e0131a3f4721ab4d1abc28a9a8c74,Google Trust Services,83,1,sha256WithRSAEncryption,256,EC,1,v3,0,0
googleads.g.doubleclick.net,589bff118181a95643017547ade202bbf098dfdfd3e6a6572b94dea175d4ddf9,Google Trust Services,83,1,ecdsa-with-SHA256,256,EC,1,v3,0,0
outlook.office365.com,394e114f9601996c0a534b8d664c906bab7cb6f7f58c5f2449f13408dab5a0df,DigiCert Inc,198,1,sha256WithRSAEncryption,2048,RSA,1,v3,0,0
clients4.google.com,e51c3ce4d70e43c7262da7e20609b3b751d6d98b8b83fed4a3f56fbb05bba54f,Google Trust Services,83,1,ecdsa-with-SHA256,256,EC,1,v3,0,0
self.events.data.microsoft.com,dbd2dcfb5771609a6b940f7d9cdf0424b49bde05426a395133f851194cdf495f,Microsoft Corporation,180,1,sha384WithRSAEncryption,2048,RSA,1,v3,0,0
windows.com,6c5109c228abd1ee03102c2d2e679b2d684652828e057f84bcc1db9c3c8d6a6d,Microsoft Corporation,180,1,sha384WithRSAEncryption,2048,RSA,1,v3,0,0
clients2.google.com,e51c3ce4d70e43c7262da7e20609b3b751d6d98b8b83fed4a3f56fbb05bba54f,Google Trust Services,83,1,ecdsa-with-SHA256,256,EC,1,v3,0,0
www.google-analytics.com,d6a4009ffda7f7d1fd94292c410110ff9146c89f31750e462f61cb024824a81c,Google Trust Services,83,1,ecdsa-with-SHA256,256,EC,1,v3,0,0
edge.microsoft.com,9f8c3e3655dede0abb3c953f901f9c6ecae3f4040349438a7d43a823f5e53c0e,Microsoft Corporation,123,1,sha384WithRSAEncryption,2048,RSA,1,v3,0,0
www.bing.com,f355f84f4f32e0040d1beab778f02193a9c22c67c56051f6ee3d76c3a7b9ade7,Microsoft Corporation,180,1,ecdsa-with-SHA384,256,EC,1,v3,0,0
outlook.office.com,394e114f9601996c0a534b8d664c906bab7cb6f7f58c5f2449f13408dab5a0df,DigiCert Inc,198,1,sha256WithRSAEncryption,2048,RSA,1,v3,0,0
substrate.office.com,394e114f9601996c0a534b8d664c906bab7cb6f7f58c5f2449f13408dab5a0df,DigiCert Inc,198,1,sha256WithRSAEncryption,2048,RSA,1,v3,0,0
graph.microsoft.com,aed7927dc40ad6f100baca15c9d6987972d3e237b35210dd4a0ae4ee08dd8c72,DigiCert Inc,180,1,sha256WithRSAEncryption,2048,RSA,1,v3,0,0
update.microsoft.com,e7d745e6ec075a6933a697440ebe65616f4b2d175ee72c3e6516c24f6d4d31ab,Microsoft Corporation,180,1,sha384WithRSAEncryption,2048,RSA,1,v3,0,0
ssl.gstatic.com,7f6d6c97b5ccda62ca3c6d5095a3dc15ac850122f2cbde6888649a17a1979931,Google Trust Services,83,1,ecdsa-with-SHA256,256,EC,1,v3,0,0
sharepoint.com,1005fbb0ac7fc37fac514d6553447669bcf1f02d9a9600d389dd17675a7fd56f,Microsoft Corporation,360,1,sha384WithRSAEncryption,2048,RSA,1,v3,0,0
android.clients.google.com,e51c3ce4d70e43c7262da7e20609b3b751d6d98b8b83fed4a3f56fbb05bba54f,Google Trust Services,83,1,ecdsa-with-SHA256,256,EC,1,v3,0,0
www.youtube.com,e51c3ce4d70e43c7262da7e20609b3b751d6d98b8b83fed4a3f56fbb05bba54f,Google Trust Services,83,1,ecdsa-with-SHA256,256,EC,1,v3,0,0
content-autofill.googleapis.com,c96df46cd4d4baab16c15705b3fdf7748c83cb18d221814df697965aa44ced44,Google Trust Services,83,1,ecdsa-with-SHA256,256,EC,1,v3,0,0
officeclient.microsoft.com,09601c65a5d74bd791e2749374226ea739397bbc9020fe89a93a8e98a7bf17ad,Microsoft Corporation,360,1,sha384WithRSAEncryption,2048,RSA,1,v3,0,0
ogads-pa.clients6.google.com,368322a003a6b9f08065139b1ef9e13e6469a65169c8003fdd2f5f536d236360,Google Trust Services,83,1,ecdsa-with-SHA256,256,EC,1,v3,0,0
oneocsp.microsoft.com,58d20548fbef262f33329954bac2709d440477388cb36d67ace3bf4912439ee5,Microsoft Corporation,129,1,sha384WithRSAEncryption,2048,RSA,1,v3,0,0
odc.officeapps.live.com,b7c3c6ab8f0c8caf266d8c510495e1d3ea7492527940cc8a6328e0fb7d3e9364,Microsoft Corporation,360,1,sha384WithRSAEncryption,2048,RSA,1,v3,0,0
googleadservices.com,0a0b75c0bb953332d24fa3e0368ca13cd730dd266bb73fa8f2c5527678285353,Google Trust Services,83,1,ecdsa-with-SHA256,256,EC,1,v3,0,0
www.googleadservices.com,8bee11f7325acf66d7a51323a3e9c350074c15d142823b31b47052cf8bbd63d4,Google Trust Services,83,1,ecdsa-with-SHA256,256,EC,1,v3,0,0
windows.net,cb1b37354d1ed0a1ccab8c96129f2447fe391d5d47f6fb74f98ed102153f7da9,Microsoft Corporation,180,1,sha384WithRSAEncryption,2048,RSA,1,v3,0,0
config.office.net,fd35560126c8729d556549a4919d9f77900455b2c3d6842b29a028a506de277c,Microsoft Corporation,198,1,sha384WithRSAEncryption,2048,RSA,1,v3,0,0
clients.config.office.net,87c1813b0670c6a439de78ea9e88930ea8ea23cb8f055617ccbd8e2eb6f0b12f,Microsoft Corporation,360,1,sha384WithRSAEncryption,2048,RSA,1,v3,0,0
encrypted-tbn0.gstatic.com,0efa800bf41381814dcf50355adddbfa000b34b22d5d2808e4451f2cefd221c2,Google Trust Services,83,1,sha256WithRSAEncryption,256,EC,1,v3,0,0
arc.msn.com,7176cadd1fa61d9779a92995e4e39f85dc2d1833ab52720e01e725367b3cfba0,Microsoft Corporation,180,1,sha384WithRSAEncryption,2048,RSA,1,v3,0,0
oneclient.sfx.ms,cb86f51fbc3fd6a71e32b8b7a1ce9cb972ca1f994f3f92d88df244d09d20ce2a,Microsoft Corporation,198,1,sha384WithRSAEncryption,2048,RSA,1,v3,0,0
i.ytimg.com,375f72adebe1dd55b35dee3744d40dc6749e5a8a0dc1025790067c8b4658b286,Google Trust Services,83,1,sha256WithRSAEncryption,2048,RSA,1,v3,0,0
icloud.com,fe949f2d842955cc500434e03b844e7c872c5cc247d2c738f959ffa10121ce49,Apple Inc.,84,1,ecdsa-with-SHA256,256,EC,1,v3,0,0
assets.msn.com,088655f44ea3fd433a32334452734bff6b53b90799bb0b88cfae249d97a996a4,Microsoft Corporation,360,1,ecdsa-with-SHA384,256,EC,1,v3,0,0
googlesyndication.com,589bff118181a95643017547ade202bbf098dfdfd3e6a6572b94dea175d4ddf9,Google Trust Services,83,1,ecdsa-with-SHA256,256,EC,1,v3,0,0
manage.microsoft.com,0fd8ab68766588b154f3a535c2e1c07d06d1b66a5a19545ce39943280ec6b487,Microsoft Corporation,166,1,sha384WithRSAEncryption,2048,RSA,1,v3,0,0
geo.prod.do.dsp.mp.microsoft.com,9e08133baf26405d6d8acdfcdb01010d746a3642f550b71ba4dbc0e792e1986c,Microsoft Corporation,365,1,ecdsa-with-SHA384,256,EC,1,v3,0,0
edgedl.me.gvt1.com,4b6eafd9d93b6e45e76a1b36e9b7fa477f94b8f621aef73b5b83b9e0bcea24b6,Google Trust Services,30,1,sha256WithRSAEncryption,2048,RSA,1,v3,0,0
res.public.onecdn.static.microsoft,7e5c2a46bb2fe392f4b1c8c95f7c8721e229eb0bc926e24f3d65cc6a08a17a82,Microsoft Corporation,198,1,ecdsa-with-SHA384,256,EC,1,v3,0,0
browser.events.data.microsoft.com,b77a90af591a51ebddc61440a1a71ac51d32e1c3643233fc0bf0476b50b46253,Microsoft Corporation,180,1,sha384WithRSAEncryption,2048,RSA,1,v3,0,0
teams.events.data.microsoft.com,f39a51b6f6002ba05ebcde0cf8bb80265d175e6c7cd6370cf22b08f2f20835c2,Microsoft Corporation,149,1,sha384WithRSAEncryption,2048,RSA,1,v3,0,0
play.googleapis.com,c96df46cd4d4baab16c15705b3fdf7748c83cb18d221814df697965aa44ced44,Google Trust Services,83,1,ecdsa-with-SHA256,256,EC,1,v3,0,0
www.facebook.com,fc4ced33b2b92e649e1de0dfdc30222aa2337648e25ddd8431b99cc78fb5f5df,DigiCert Inc,90,1,sha256WithRSAEncryption,256,EC,1,v3,0,0
g.live.com,3fd6484fc923b161bee5311f846054ab3fe746468d45736b367d3446a88ba77c,Microsoft Corporation,127,1,sha384WithRSAEncryption,2048,RSA,1,v3,0,0
dl.delivery.mp.microsoft.com,792ce717b665ca8a0aedf9f7a3ba68bd15b7bf81da354e2c7dc4869bf9f22e62,DigiCert Inc,365,1,ecdsa-with-SHA384,256,EC,1,v3,0,0
azure.com,942ae5e84a4320629f7dc7de2db921a70c169779e5f58bf9378f030891e5d6ff,Microsoft Corporation,180,1,sha384WithRSAEncryption,2048,RSA,1,v3,0,0
config.teams.microsoft.com,e7a3ddaee2a900cb1f82c677976cd90f912b757029dfd596babba03a8a35702a,Microsoft Corporation,180,1,sha384WithRSAEncryption,2048,RSA,1,v3,0,0
tlu.dl.delivery.mp.microsoft.com,792ce717b665ca8a0aedf9f7a3ba68bd15b7bf81da354e2c7dc4869bf9f22e62,DigiCert Inc,365,1,ecdsa-with-SHA384,256,EC,1,v3,0,0
smartscreen.microsoft.com,f7d67c9a885524171868b01b708f0a87a3b3fd0c3656ac74f150d9e0dc56f602,Microsoft Corporation,180,1,sha384WithRSAEncryption,2048,RSA,1,v3,0,0
pagead2.googlesyndication.com,589bff118181a95643017547ade202bbf098dfdfd3e6a6572b94dea175d4ddf9,Google Trust Services,83,1,ecdsa-with-SHA256,256,EC,1,v3,0,0
itunes.apple.com,20030ff7dfafdea1b2b010f56f1fecdbe2ac0a5a94029978e3d674c6a721986c,Apple Inc.,190,1,sha256WithRSAEncryption,2048,RSA,1,v3,0,0
licensing.mp.microsoft.com,e0069817c76975bf847d7e34c2f884d0a424d577dac35b18d544f752fd0057d5,Microsoft Corporation,180,1,sha384WithRSAEncryption,2048,RSA,1,v3,0,0
api.cdp.microsoft.com,db1227636dee955a6491a52d3ebacf82efd4656c6887ba20b0c4912e3b5c46bf,Microsoft Corporation,365,1,sha256WithRSAEncryption,2048,RSA,1,v3,0,0
msedge.api.cdp.microsoft.com,db1227636dee955a6491a52d3ebacf82efd4656c6887ba20b0c4912e3b5c46bf,Microsoft Corporation,365,1,sha256WithRSAEncryption,2048,RSA,1,v3,0,0
sentry.io,f3737a50d7ac5c4f8e946bece0ead2f86feeeaf8dfba975d920eedda82d96dba,DigiCert Inc,396,1,sha256WithRSAEncryption,2048,RSA,1,v3,0,0
www.msftconnecttest.com,792ce717b665ca8a0aedf9f7a3ba68bd15b7bf81da354e2c7dc4869bf9f22e62,DigiCert Inc,365,1,ecdsa-with-SHA384,256,EC,1,v3,0,0
fd.api.iris.microsoft.com,7176cadd1fa61d9779a92995e4e39f85dc2d1833ab52720e01e725367b3cfba0,Microsoft Corporation,180,1,sha384WithRSAEncryption,2048,RSA,1,v3,0,0
res.cdn.office.net,8a9e44a10ae9b3909a1442549aaec57058c89f79317e1e96eb86c35ab5c01241,Microsoft Corporation,198,1,ecdsa-with-SHA384,256,EC,1,v3,0,0
connectivitycheck.gstatic.com,7f6d6c97b5ccda62ca3c6d5095a3dc15ac850122f2cbde6888649a17a1979931,Google Trust Services,83,1,ecdsa-with-SHA256,256,EC,1,v3,0,0
mrodevicemgr.officeapps.live.com,1727b6a06e0ce14b7af5257cba166df0f4378a344aece242bb56c3cf0281b7ae,Microsoft Corporation,360,1,sha384WithRSAEncryption,2048,RSA,1,v3,0,0
oauthaccountmanager.googleapis.com,c96df46cd4d4baab16c15705b3fdf7748c83cb18d221814df697965aa44ced44,Google Trust Services,83,1,ecdsa-with-SHA256,256,EC,1,v3,0,0
analytics.google.com,e51c3ce4d70e43c7262da7e20609b3b751d6d98b8b83fed4a3f56fbb05bba54f,Google Trust Services,83,1,ecdsa-with-SHA256,256,EC,1,v3,0,0
activity.windows.com,97cabe5a7426e3d29325562911df81da190c3557e80b77392e94fbcd91473d94,Microsoft Corporation,180,1,sha384WithRSAEncryption,2048,RSA,1,v3,0,0
delve.office.com,d803d7e2050be44fe5bf853d2d81299d3d30d90049178e8f831af140fd1b6c2a,Microsoft Corporation,180,1,sha384WithRSAEncryption,2048,RSA,1,v3,0,0
loki.delve.office.com,0c2b30f75d215f522786ab0f304dde2ddf14df3f26f7f4a84f8d6775002c9782,Microsoft Corporation,360,1,sha384WithRSAEncryption,2048,RSA,1,v3,0,0
exo.nel.measure.office.net,bcd8fd0cb8eb81d4f3a39caf11efcd1ab869e9451e3ce417579a863b3187f21a,Microsoft Corporation,180,1,ecdsa-with-SHA384,256,EC,1,v3,0,0
outlook.com,394e114f9601996c0a534b8d664c906bab7cb6f7f58c5f2449f13408dab5a0df,DigiCert Inc,198,1,sha256WithRSAEncryption,2048,RSA,1,v3,0,0
pki.goog,6e108cecdbe1d1f7578d75e17ffef4ada2ff9aacf90b2079f5819697fe3b9668,Google Trust Services,83,1,ecdsa-with-SHA256,256,EC,1,v3,0,0
triplinkintl.com,2754971d5014d1ce9412ae7ab134f19ee920df0a034d9f951cf342622625cb20,Sectigo Limited,396,1,sha256WithRSAEncryption,2048,RSA,1,v3,0,0
statics.teams.cdn.office.net,98d0312e715c5c2a56698ca7d08126ecfa86c95f833c5b63692cebf26675712b,Microsoft Corporation,360,1,sha384WithRSAEncryption,2048,RSA,1,v3,0,0
tas01.cwsapp.update.microsoft.com,0f91a60835fc2e0ac5ac121c823747ae7f09658d0668c58091313aa5759972c3,Microsoft Corporation,365,1,ecdsa-with-SHA384,384,EC,1,v3,0,0
th.bing.com,f355f84f4f32e0040d1beab778f02193a9c22c67c56051f6ee3d76c3a7b9ade7,Microsoft Corporation,180,1,ecdsa-with-SHA384,256,EC,1,v3,0,0
stats.g.doubleclick.net,589bff118181a95643017547ade202bbf098dfdfd3e6a6572b94dea175d4ddf9,Google Trust Services,83,1,ecdsa-with-SHA256,256,EC,1,v3,0,0
teams.cloud.microsoft,83da73cd3c4fb41f3614c3ac49bf0844ff80a05c19c3d8aea82a84a111c352d1,Microsoft Corporation,360,1,sha384WithRSAEncryption,2048,RSA,1,v3,0,0
storeedgefd.dsx.mp.microsoft.com,1a9fc83174fb5a4c9349bb93eeda4c2010b134aa8c9d007a6df22dcfbfbf2806,Microsoft Corporation,360,1,ecdsa-with-SHA384,256,EC,1,v3,0,0
apis.google.com,f38719b0f38912634ab9e2e65ff26b597bf2890c79201df3f6057cee0bd8eac7,Google Trust Services,83,1,ecdsa-with-SHA256,256,EC,1,v3,0,0
scorecardresearch.com,e47e6a181fa99e281340e9713bb9b9425b41c0be0946de1be6121646ee341500,Sectigo Limited,198,1,sha256WithRSAEncryption,2048,RSA,1,v3,0,0
fastly.net,7e7a7dd22e8895513d579605555533a60a7e105f58f081c58a3114533a24dda8,Certainly,29,0,sha256WithRSAEncryption,2048,RSA,1,v3,0,0
fe2cr.update.microsoft.com,530f97c8e5309ea67124e4e9eb6eb134b43663986cdff58571cbc8d1014678f6,Microsoft Corporation,365,1,ecdsa-with-SHA384,384,EC,1,v3,0,0
m365.cloud.microsoft,8f3ac83490b30f63f8ed04893ba88179ee156886f27acc395a5dfdda052563e9,Microsoft Corporation,180,1,sha384WithRSAEncryption,2048,RSA,1,v3,0,0
augloop.svc.cloud.microsoft,829d5d982974c97ba1799974632f5af7c9ae655513fc149e1f680fc2c2107ea7,Microsoft Corporation,360,1,sha384WithRSAEncryption,2048,RSA,1,v3,0,0
lencr.org,5f9521021b41667e26acc7adf500a81111d878dce5f00ccc767d1c621b9e3560,Let's Encrypt,89,1,ecdsa-with-SHA384,256,EC,1,v3,0,0
bag.itunes.apple.com,bb9202445d584b40941887a33648084c1f72c7e5191d19fd893f80304c3115b3,Apple Inc.,187,1,sha256WithRSAEncryption,2048,RSA,1,v3,0,0
storage.live.com,b8df6fd9516ccfacf3022b80589c83a64688ec3da32b73716eb5aac59dcadde5,Microsoft Corporation,180,1,sha384WithRSAEncryption,2048,RSA,1,v3,0,0
res-1.cdn.office.net,8a9e44a10ae9b3909a1442549aaec57058c89f79317e1e96eb86c35ab5c01241,Microsoft Corporation,198,1,ecdsa-with-SHA384,256,EC,1,v3,0,0
fbcdn.net,40b21128a632b17f7a1664738c3bd2b73db3936673235633bb30fe6bd1bbe6e7,DigiCert Inc,90,1,sha256WithRSAEncryption,2048,RSA,1,v3,0,0
c.pki.goog,6e108cecdbe1d1f7578d75e17ffef4ada2ff9aacf90b2079f5819697fe3b9668,Google Trust Services,83,1,ecdsa-with-SHA256,256,EC,1,v3,0,0
fe2.apple-dns.net,a0dbdc42640e2b55782dd915df7c3b4f510a743414f28badef8d31b71065f562,Apple Inc.,388,1,sha256WithRSAEncryption,2048,RSA,1,v3,0,0
x1.c.lencr.org,b2a7eeb8016dd7511dab65c056371cf35bcd599fc10c3d2f999265a95557b112,Let's Encrypt,89,1,sha256WithRSAEncryption,2048,RSA,1,v3,0,0
ocsp2.apple.com,59ef7552b14799d5a101a72ea7e8fa2c7c01add51cd39dd3ab95eb23e115d900,Apple Inc.,85,1,ecdsa-with-SHA256,256,EC,1,v3,0,0
ad.doubleclick.net,0dd73cb67a7737ef8b7d2cecdbb6381e99cec977e83b1ad8ebe0247887bef6ce,Google Trust Services,83,1,ecdsa-with-SHA256,256,EC,1,v3,0,0
img-s-msn-com.akamaized.net,792ce717b665ca8a0aedf9f7a3ba68bd15b7bf81da354e2c7dc4869bf9f22e62,DigiCert Inc,365,1,ecdsa-with-SHA384,256,EC,1,v3,0,0
titles.prod.mos.microsoft.com,08df17180e2d61733832ba198e5970572ea66c060a5be50b69d04a85ab75c9e5,Microsoft Corporation,360,1,sha384WithRSAEncryption,2048,RSA,1,v3,0,0
augloop.office.com,829d5d982974c97ba1799974632f5af7c9ae655513fc149e1f680fc2c2107ea7,Microsoft Corporation,360,1,sha384WithRSAEncryption,2048,RSA,1,v3,0,0
displaycatalog.mp.microsoft.com,924fb31afd33354e7fb923b23b697cebf3e16f130935bc5a25f596d3b15b5e8f,Microsoft Corporation,113,1,sha384WithRSAEncryption,2048,RSA,1,v3,0,0
tpc.googlesyndication.com,b7a2ab2fc28ffdc87dc7f53c5d2ce1cc29fe2692cb80bc90cb94bc76cbdf3651,Google Trust Services,83,1,ecdsa-with-SHA256,256,EC,1,v3,0,0
roaming.svc.cloud.microsoft,14ae3c10329cf0462aa49901862ade4c3a50319702051ec09d412d52c46c7711,Microsoft Corporation,360,1,sha384WithRSAEncryption,2048,RSA,1,v3,0,0
connect.facebook.net,fc4ced33b2b92e649e1de0dfdc30222aa2337648e25ddd8431b99cc78fb5f5df,DigiCert Inc,90,1,sha256WithRSAEncryption,256,EC,1,v3,0,0
c.bing.com,f3477d87dcfddff7d6486c48e9ff26b663614f8d5b7caf43d3ca4209b9cb8401,Microsoft Corporation,180,1,sha384WithRSAEncryption,2048,RSA,1,v3,0,0
us-mobile.events.data.microsoft.com,b77a90af591a51ebddc61440a1a71ac51d32e1c3643233fc0bf0476b50b46253,Microsoft Corporation,180,1,sha384WithRSAEncryption,2048,RSA,1,v3,0,0
opendns.com,14b7f01e859b0f882e78aee7100ddc5603bb0d3edc1be47c9ab07f4a07b821d3,Let's Encrypt,89,1,sha256WithRSAEncryption,2048,RSA,1,v3,0,0
go.trouter.teams.microsoft.com,1f26a533c659c4f77e54b6fba2c46a6fb750414cdc92146914a45f5f271ead5f,Microsoft Corporation,180,1,sha384WithRSAEncryption,2048,RSA,1,v3,0,0
storage.googleapis.com,0db90db2006f49cf9ef0c8b669c6949c48a999123d0d0cbf16364387abd4c62c,Google Trust Services,83,1,ecdsa-with-SHA256,256,EC,1,v3,0,0
sb.scorecardresearch.com,e47e6a181fa99e281340e9713bb9b9425b41c0be0946de1be6121646ee341500,Sectigo Limited,198,1,sha256WithRSAEncryption,2048,RSA,1,v3,0,0
amazon.com,50f6e40f406a9583a3f82b5b7036b7766451175955171d1e4a44517d2f7dbf79,DigiCert Inc,355,1,sha256WithRSAEncryption,2048,RSA,1,v3,0,0
safebrowsing.google.com,e51c3ce4d70e43c7262da7e20609b3b751d6d98b8b83fed4a3f56fbb05bba54f,Google Trust Services,83,1,ecdsa-with-SHA256,256,EC,1,v3,0,0
beacons.gcp.gvt2.com,0436c71adeab49aa4c006d2576fc1b7d7fe7214ae40cb5f1e15329d025d9cb47,Google Trust Services,83,1,ecdsa-with-SHA256,256,EC,1,v3,0,0
upload.fp.measure.office.com,f75a69c888592aae99eb173cc740cf3dc9e1915eb002f1df15506993a63466ec,DigiCert Inc,180,1,sha256WithRSAEncryption,2048,RSA,1,v3,0,0
googlevideo.com,43af3b43bca586d351d808b8422749cd6b5e9ce1ec5b586b5a5b8bcadc76b4c4,Google Trust Services,83,1,sha256WithRSAEncryption,2048,RSA,1,v3,0,0
api.flightproxy.teams.microsoft.com,84a4d270ca7f1025d84abffaf69ea41096a90a7b407050f50482f4ad34989198,Microsoft Corporation,180,1,sha384WithRSAEncryption,2048,RSA,1,v3,0,0
static.doubleclick.net,0dd73cb67a7737ef8b7d2cecdbb6381e99cec977e83b1ad8ebe0247887bef6ce,Google Trust Services,83,1,ecdsa-with-SHA256,256,EC,1,v3,0,0
whatsapp.net,47cd1cf3e6b7df4cf2197d57ee0df82e0dc12393a4e3dfc17f2681f2e0707fd6,DigiCert Inc,90,1,sha256WithRSAEncryption,256,EC,1,v3,0,0
outlook.cloud.microsoft,aa6737d1b4011581b29ce0c113cc805af1fbb7b6d01330acb4e28c33d0118882,Microsoft Corporation,360,1,sha384WithRSAEncryption,2048,RSA,1,v3,0,0
adnxs.com,1b360b6dcf02669aad032dad81c81ecba3e063dd52c542ec60d94c0b427180e5,DigiCert Inc,396,1,ecdsa-with-SHA256,256,EC,1,v3,0,0
yahoo.com,1e1dfc3234acf42359b686599223287a6f2b906b6a129ed99a5d83abb5a1ecc8,DigiCert Inc,176,1,sha256WithRSAEncryption,256,EC,1,v3,0,0
ogs.google.com,bedcf0e9a5848f67249d57fe7942faaaa7f81d5fb1eb36bf36ee24987131974a,Google Trust Services,83,1,sha256WithRSAEncryption,256,EC,1,v3,0,0
download.windowsupdate.com,5179857fad24bd3a7c2fd5e259caea0cf3b75b278e57d455fe182780c5d86703,Certainly,29,0,sha256WithRSAEncryption,2048,RSA,1,v3,0,0
checkin.dm.microsoft.com,d3c01311cde298cd8c09845393894a3b4a848a4f9efd6334cb34953afb3d9191,Microsoft Corporation,174,1,sha384WithRSAEncryption,2048,RSA,1,v3,0,0
cdnjs.cloudflare.com,7ff5f5fe731fe7af1a825b59eee8e965d68768618c111e944a9ac414bd4b04ba,Google Trust Services,90,1,ecdsa-with-SHA256,256,EC,1,v3,0,0
storeedge.microsoft.com,1a249f66437296d994721b9721afdaf701cba0666f832839159adca13373c64c,Microsoft Corporation,360,1,ecdsa-with-SHA384,256,EC,1,v3,0,0
v10.events.data.microsoft.com,1aab99cd135a34a00db14e09fe47500c8b95a27839e7ff6aa0a7289ac23fd9bd,Microsoft Corporation,214,1,sha256WithRSAEncryption,2048,RSA,1,v3,0,0
graph.facebook.com,fc4ced33b2b92e649e1de0dfdc30222aa2337648e25ddd8431b99cc78fb5f5df,DigiCert Inc,90,1,sha256WithRSAEncryption,256,EC,1,v3,0,0
gateway.icloud.com,647f8db69dfd793c398cb2bb49a4c485ff4d0d113fda5cd3d551fb01c91159e0,Apple Inc.,388,1,ecdsa-with-SHA256,256,EC,1,v3,0,0
r.manage.microsoft.com,7dd0b17b87e2622c37d94902a1163764487ba9eaa7b921bf6369be3a3fc1cd31,Microsoft Corporation,180,1,sha384WithRSAEncryption,2048,RSA,1,v3,0,0
clients3.google.com,e51c3ce4d70e43c7262da7e20609b3b751d6d98b8b83fed4a3f56fbb05bba54f,Google Trust Services,83,1,ecdsa-with-SHA256,256,EC,1,v3,0,0
gsp-ssl.ls.apple.com,ac5753dc6ef7f498535fcaf796054d2335ef95c8fc68f3d7c11925bcff637277,Apple Inc.,85,1,ecdsa-with-SHA256,256,EC,1,v3,0,0
geover.prod.do.dsp.mp.microsoft.com,a68968fdb0660587eb7b9ef36fe254e6b0d0ef8cde82e121a557369e6b852b35,Microsoft Corporation,360,1,sha384WithRSAEncryption,2048,RSA,1,v3,0,0
instagram.com,077c4b71dd8f595202247f831a29144244070d7b6b951ac1c90bd77e7c08ecce,DigiCert Inc,90,1,sha256WithRSAEncryption,256,EC,1,v3,0,0
mail.google.com,a471b8dbeed03076f3692e0473fb44ede9c075db1b5c20ea3488f205dc201874,Google Trust Services,83,1,ecdsa-with-SHA256,256,EC,1,v3,0,0
recent.svc.cloud.microsoft,af5202d76747a53b53c6b0e12565f5a8667c3d436169ce819d825c4308faf20f,Microsoft Corporation,360,1,sha384WithRSAEncryption,2048,RSA,1,v3,0,0
wns.windows.com,aec2a99e6cf906b02ce705138416d863fe89e58d87a92390f87cd7c3f2dbdd36,Microsoft Corporation,180,1,sha384WithRSAEncryption,2048,RSA,1,v3,0,0
api.msn.com,d10609c574923d703760f8a241e89b3b9a832ec470fd0978a222d431d70ba0ae,Microsoft Corporation,180,1,sha384WithRSAEncryption,2048,RSA,1,v3,0,0
encrypted-tbn2.gstatic.com,7f6d6c97b5ccda62ca3c6d5095a3dc15ac850122f2cbde6888649a17a1979931,Google Trust Services,83,1,ecdsa-with-SHA256,256,EC,1,v3,0,0
a.nel.cloudflare.com,71a291e83df3da1ef1fdb67abef0f61d6ceb6aed77e8438317779b0a8f9f5e5e,Google Trust Services,90,1,sha256WithRSAEncryption,2048,RSA,1,v3,0,0
linkedin.com,ed13bd4d797ad34fb6bec16fa98ca2914f3b53f2b045ee5508b9d5335f7dbe36,DigiCert Inc,184,1,sha256WithRSAEncryption,2048,RSA,1,v3,0,0
v20.events.data.microsoft.com,9ab06be9f2ab873369fc77b88ba58dcc319f1d429c2e98060f468c2dccd120ee,Microsoft Corporation,214,1,sha256WithRSAEncryption,2048,RSA,1,v3,0,0
skydrive.wns.windows.com,aec2a99e6cf906b02ce705138416d863fe89e58d87a92390f87cd7c3f2dbdd36,Microsoft Corporation,180,1,sha384WithRSAEncryption,2048,RSA,1,v3,0,0
adtrafficquality.google,fbde8b68499548c3dff0cdd40a7b67e83641621094755344bf0e281c25075611,Google Trust Services,83,1,ecdsa-with-SHA256,256,EC,1,v3,0,0
cdn.jsdelivr.net,d0e68d0811057e0c2a0dc7e0edae9e18c87432123d56439862cda2086f645bb0,GlobalSign nv-sa,396,1,sha256WithRSAEncryption,2048,RSA,1,v3,0,0
storecatalogrevocation.storequality.microsoft.com,1fe025c14697ccc96238177e84c48f29dd0292d4cb8568bbc0d1e9fe91468dc9,DigiCert Inc,181,1,sha256WithRSAEncryption,2048,RSA,1,v3,0,0
default.exp-tas.com,569bf7b2cdff287f8045aab53c063a294fb83d6825d67bcd5aae2ca9413c8d1f,Microsoft Corporation,180,1,sha384WithRSAEncryption,2048,RSA,1,v3,0,0
windows.msn.com,088655f44ea3fd433a32334452734bff6b53b90799bb0b88cfae249d97a996a4,Microsoft Corporation,360,1,ecdsa-with-SHA384,256,EC,1,v3,0,0
app-measurement.com,d6a4009ffda7f7d1fd94292c410110ff9146c89f31750e462f61cb024824a81c,Google Trust Services,83,1,ecdsa-with-SHA256,256,EC,1,v3,0,0
mesu.apple.com,e1d513a23039b1b00f9cefa6d23330e060002ff8ea6c682f0f341bbdb0aeb0fc,Apple Inc.,274,1,ecdsa-with-SHA256,256,EC,1,v3,0,0
assets.adobedtm.com,f04320d8ed30307b920c291b071229ee72b4104c38643c9aadbf70a4dcce5b8e,DigiCert Inc,396,1,sha256WithRSAEncryption,256,EC,1,v3,0,0
us-v10c.events.data.microsoft.com,9ab06be9f2ab873369fc77b88ba58dcc319f1d429c2e98060f468c2dccd120ee,Microsoft Corporation,214,1,sha256WithRSAEncryption,2048,RSA,1,v3,0,0
1d.tlu.dl.delivery.mp.microsoft.com,792ce717b665ca8a0aedf9f7a3ba68bd15b7bf81da354e2c7dc4869bf9f22e62,DigiCert Inc,365,1,ecdsa-with-SHA384,256,EC,1,v3,0,0
jnn-pa.googleapis.com,c96df46cd4d4baab16c15705b3fdf7748c83cb18d221814df697965aa44ced44,Google Trust Services,83,1,ecdsa-with-SHA256,256,EC,1,v3,0,0
editor.svc.cloud.microsoft,b6f0cfafc4cb8883259755369c235c7344f83cc52df1a3f4fbb5ff0a4ff4c657,Microsoft Corporation,180,1,sha384WithRSAEncryption,2048,RSA,1,v3,0,0
pushy.io,f7c50f6d2bee0b888c0151599b3f0b3a8f8b02d66532f54339d9e8392d774f02,Amazon,394,1,sha256WithRSAEncryption,2048,RSA,1,v3,0,0
amazon-adsystem.com,a1b704a76023bfef55e145a1a8262636cb793b0d5ffc89c3a293d501c70d73d6,Amazon,394,1,sha256WithRSAEncryption,2048,RSA,1,v3,0,0
sls.update.microsoft.com,022311d257f7e8fb896025a389da771cb9edf9b26a3a0b6f80df1cbad40929f9,Microsoft Corporation,365,1,sha256WithRSAEncryption,2048,RSA,1,v3,0,0
encrypted-tbn1.gstatic.com,7f6d6c97b5ccda62ca3c6d5095a3dc15ac850122f2cbde6888649a17a1979931,Google Trust Services,83,1,ecdsa-with-SHA256,256,EC,1,v3,0,0
cm.g.doubleclick.net,589bff118181a95643017547ade202bbf098dfdfd3e6a6572b94dea175d4ddf9,Google Trust Services,83,1,ecdsa-with-SHA256,256,EC,1,v3,0,0
configuration.ls.apple.com,18bf378e416413eb5c2c5b0142122a81f6d9e95c912025433d5a41bf81cb825d,Apple Inc.,87,1,ecdsa-with-SHA256,256,EC,1,v3,0,0
www.microsoft.com,9f17b548f7d24f309dbcaab571576c0ca73b80559ce69f27fe295f6408cc57bf,Microsoft Corporation,360,1,sha384WithRSAEncryption,2048,RSA,1,v3,0,0
encrypted-tbn3.gstatic.com,7f6d6c97b5ccda62ca3c6d5095a3dc15ac850122f2cbde6888649a17a1979931,Google Trust Services,83,1,ecdsa-with-SHA256,256,EC,1,v3,0,0
bag-cdn.itunes-apple.com.akadns.net,17051731d6fc0546f4d7bece8641fd3212baf03c50e1199c8ba723444962157a,Apple Inc.,183,1,sha256WithRSAEncryption,2048,RSA,1,v3,0,0
securepubads.g.doubleclick.net,589bff118181a95643017547ade202bbf098dfdfd3e6a6572b94dea175d4ddf9,Google Trust Services,83,1,ecdsa-with-SHA256,256,EC,1,v3,0,0
ntp.org,3e43bfd38af3287c581a50e489271dd71b02decf145d1ce1a52c42777009e885,Let's Encrypt,89,1,sha256WithRSAEncryption,2048,RSA,1,v3,0,0
pool.ntp.org,f45d85e76bdb869d9a47bf77a2e57eae95eb6c0e31bb43aa4e279d0a20251c23,TRAEFIK DEFAULT CERT,365,0,sha256WithRSAEncryption,2048,RSA,1,v3,0,0
waa-pa.clients6.google.com,368322a003a6b9f08065139b1ef9e13e6469a65169c8003fdd2f5f536d236360,Google Trust Services,83,1,ecdsa-with-SHA256,256,EC,1,v3,0,0
ep1.adtrafficquality.google,fbde8b68499548c3dff0cdd40a7b67e83641621094755344bf0e281c25075611,Google Trust Services,83,1,ecdsa-with-SHA256,256,EC,1,v3,0,0
browser.pipe.aria.microsoft.com,b902b2fd473679b525088481b84dce3f183685ea6f95e52a1aea4e694234208d,Microsoft Corporation,148,1,sha384WithRSAEncryption,2048,RSA,1,v3,0,0
lh3.google.com,e51c3ce4d70e43c7262da7e20609b3b751d6d98b8b83fed4a3f56fbb05bba54f,Google Trust Services,83,1,ecdsa-with-SHA256,256,EC,1,v3,0,0
ocsp2.g.aaplimg.com,5433701739e6a6d8a0807b280800b47d578ff1add78d1615398cc8ed11481b76,Apple Inc.,88,1,ecdsa-with-SHA256,256,EC,1,v3,0,0
adsrvr.org,ea25c7602a630c77115f6e1b188a7f3d468ce1b57a5b4a233c288887d49cc7a8,GlobalSign nv-sa,393,1,sha256WithRSAEncryption,2048,RSA,1,v3,0,0
www.msn.com,c7067196d630dcd7d1982ef5913eb5c0aa13df4e1d08b8ef978ad6ece726f761,Microsoft Corporation,360,1,ecdsa-with-SHA384,256,EC,1,v3,0,0
gdmf.apple.com,4729373199ac4740e6428dc47ab2659f3b2b315fa9b2b86a8268e6e0b41ecc64,Apple Inc.,392,1,sha256WithRSAEncryption,2048,RSA,1,v3,0,0
us-v20.events.data.microsoft.com,9ab06be9f2ab873369fc77b88ba58dcc319f1d429c2e98060f468c2dccd120ee,Microsoft Corporation,214,1,sha256WithRSAEncryption,2048,RSA,1,v3,0,0
cloudflareinsights.com,478331cc5e020e51a752ac831b8aa84c7411a5f1618dc56d293c9d6ac929af7f,Google Trust Services,90,1,ecdsa-with-SHA256,256,EC,1,v3,0,0
ep2.adtrafficquality.google,fbde8b68499548c3dff0cdd40a7b67e83641621094755344bf0e281c25075611,Google Trust Services,83,1,ecdsa-with-SHA256,256,EC,1,v3,0,0
docs.google.com,e51c3ce4d70e43c7262da7e20609b3b751d6d98b8b83fed4a3f56fbb05bba54f,Google Trust Services,83,1,ecdsa-with-SHA256,256,EC,1,v3,0,0
m365cdn.nel.measure.office.net,bcd8fd0cb8eb81d4f3a39caf11efcd1ab869e9451e3ce417579a863b3187f21a,Microsoft Corporation,180,1,ecdsa-with-SHA384,256,EC,1,v3,0,0
static.cloudflareinsights.com,478331cc5e020e51a752ac831b8aa84c7411a5f1618dc56d293c9d6ac929af7f,Google Trust Services,90,1,ecdsa-with-SHA256,256,EC,1,v3,0,0
rubiconproject.com,cf0f7e0d169043255e99a0d497bb120f73f9a2076711b8ae5ed0b4ff8767340f,DigiCert Inc,198,1,sha256WithRSAEncryption,2048,RSA,1,v3,0,0
mzstatic.com,fbea28018b0ed0e6a541af5ec28b2155ec92146f22da13bdbbe72073afbd43f6,Apple Inc.,90,1,sha256WithRSAEncryption,2048,RSA,1,v3,0,0
chromewebstore.googleapis.com,c96df46cd4d4baab16c15705b3fdf7748c83cb18d221814df697965aa44ced44,Google Trust Services,83,1,ecdsa-with-SHA256,256,EC,1,v3,0,0
ib.adnxs.com,1b360b6dcf02669aad032dad81c81ecba3e063dd52c542ec60d94c0b427180e5,DigiCert Inc,396,1,ecdsa-with-SHA256,256,EC,1,v3,0,0
gateway.fe2.apple-dns.net,a0dbdc42640e2b55782dd915df7c3b4f510a743414f28badef8d31b71065f562,Apple Inc.,388,1,sha256WithRSAEncryption,2048,RSA,1,v3,0,0
turbo.microsoft.com,0c6c5a1c65c1dc848c44353a029c4daf98951ca5f591cea7de80bf55395634d3,DigiCert Inc,181,1,sha256WithRSAEncryption,2048,RSA,1,v3,0,0
yt3.ggpht.com,ad52693776d6afc122dbd7303b6492369e13f9209ea848dd4badc84ac0f7e36d,Google Trust Services,83,1,ecdsa-with-SHA256,256,EC,1,v3,0,0
tas02.sls.update.microsoft.com,0cd5cedd4f09c2f26e5a34cb71c58736f81b247d94efedbdaa7493217627b103,Microsoft Corporation,365,1,sha384WithRSAEncryption,2048,RSA,1,v3,0,0
adobe.io,893577dee24c8d0fae820e13afdfa1d042e059f1736ad4e872d66c8c13710aac,DigiCert Inc,396,1,sha256WithRSAEncryption,2048,RSA,1,v3,0,0
access-point.cloudmessaging.edge.microsoft.com,92e3cbefa49b80c6db2fbcc03fb17b50bf77a041320b6a19287225aabf5f557d,Microsoft Corporation,180,1,sha384WithRSAEncryption,2048,RSA,1,v3,0,0
safelinks.protection.outlook.com,20ee41fbfd26c1eec6a3ef14d9d846b05068e00b71b36e80aaf380445c02ecdf,Microsoft Corporation,360,1,sha384WithRSAEncryption,2048,RSA,1,v3,0,0
criteo.com,f3615a37c03e28f823c4355859b1803c314fbc7a3087d4e9e247f77c2bd216dc,Let's Encrypt,89,1,sha256WithRSAEncryption,2048,RSA,1,v3,0,0
tas02.cws.update.microsoft.com,21a77719bd98c0ae2f11f2f1761ef555a50bfb8af5bf26ca66658b9561c57514,Microsoft Corporation,365,1,sha384WithRSAEncryption,2048,RSA,1,v3,0,0
pubmatic.com,cef830f17059d7435887cff4212aebfc2e8e5568e5be4377460b08cda090af6c,Amazon,394,1,sha256WithRSAEncryption,2048,RSA,1,v3,0,0
xp.apple.com,fad48047ee258f3e9c6b5399ef3e405048e0e977125a5087938cb1d8b104723d,Apple Inc.,89,1,ecdsa-with-SHA256,256,EC,1,v3,0,0
dpm.demdex.net,d121e74498f02949d6a4f1bae3e59e993929e0546f2ca36aef56379c176dc740,DigiCert Inc,396,1,sha256WithRSAEncryption,2048,RSA,1,v3,0,0
fa000000112.resources.office.net,0db841e1575f1366181a40f352366e7c725bc23ec5ece53c42dce4c8d0e5f769,Microsoft Corporation,198,1,ecdsa-with-SHA384,256,EC,1,v3,0,0
google-ohttp-relay-safebrowsing.fastly-edge.com,f9428c3d44a621501a1fca6f66dd0e463cc0916de0e2858db280cf7d83191fbe,GlobalSign nv-sa,396,1,sha256WithRSAEncryption,2048,RSA,1,v3,0,0
signaler-pa.clients6.google.com,368322a003a6b9f08065139b1ef9e13e6469a65169c8003fdd2f5f536d236360,Google Trust Services,83,1,ecdsa-with-SHA256,256,EC,1,v3,0,0
messaging.engagement.office.com,234e1c7ed3ba8765d4184d1c8b55f620e50ee7ce3795e058a72a73662ce7888c,Microsoft Corporation,180,1,sha384WithRSAEncryption,2048,RSA,1,v3,0,0
enterprise.activity.windows.com,84a15b84929d5988432d257410f0c9f9bc43fa71a6006c0a8a754eb1743f1b5b,Microsoft Corporation,180,1,sha384WithRSAEncryption,2048,RSA,1,v3,0,0
cisco.com,ab00a76bdef50f2634a591a9fc2879637f1f5cd2f4876959988079b7d1e54bae,IdenTrust,394,1,sha256WithRSAEncryption,2048,RSA,1,v3,0,0
webshell.suite.office.com,b6384fe844757bb25b600e5334d3092a6b519a86b03158c845322df3c29328af,Microsoft Corporation,360,1,sha384WithRSAEncryption,2048,RSA,1,v3,0,0
gspe79-ssl.ls.apple.com,7974239a78d8ff95c3a162462fab99bd0de58d6c0b1510b07698161e5759e03f,Apple Inc.,84,1,ecdsa-with-SHA256,256,EC,1,v3,0,0
init.push.apple.com,e1e0f8bdf5a48864890b73b87155d59c6e73e54d2e25e97f628abd2c797393a8,Apple Inc.,355,1,sha256WithRSAEncryption,256,EC,1,v3,0,0
gs-loc.apple.com,fa1bb899f31ba6f8a1f6d66112501f334a6acc0e123d274e8e3645b85401b9f9,Apple Inc.,359,1,ecdsa-with-SHA256,256,EC,1,v3,0,0
csp.withgoogle.com,50e2290dc31572af154e25b7cccc969102440a5c2401ffdb0b186e8b25310bde,Google Trust Services,83,1,ecdsa-with-SHA256,256,EC,1,v3,0,0
pancake.apple.com,56de3cdd9a3ea744205273920d707d2018a29a47fe2ca6a4f8887b5abf46faf9,Apple Inc.,85,1,ecdsa-with-SHA256,256,EC,1,v3,0,0
app-analytics-services.com,d6a4009ffda7f7d1fd94292c410110ff9146c89f31750e462f61cb024824a81c,Google Trust Services,83,1,ecdsa-with-SHA256,256,EC,1,v3,0,0
armmf.adobe.com,87750818085e33bb31aa18d4ce3b22aef5ea5b439df24aaceb8f8802b6ccc26e,DigiCert Inc,364,1,sha256WithRSAEncryption,2048,RSA,1,v3,0,0
m.google.com,b69e4f94de6f433a3fae171e1e15440f18357b6023415dc35a5f59f4a48092ef,Google Trust Services,83,1,ecdsa-with-SHA256,256,EC,1,v3,0,0
ads.linkedin.com,83bb62f514a60fe247c1fff048c30d117f4f2721fb4c1141fadf677828dd3d46,DigiCert Inc,184,1,sha256WithRSAEncryption,2048,RSA,1,v3,0,0
lensfrontend-pa.googleapis.com,c96df46cd4d4baab16c15705b3fdf7748c83cb18d221814df697965aa44ced44,Google Trust Services,83,1,ecdsa-with-SHA256,256,EC,1,v3,0,0
srtb.msn.com,df417bf1af3b9ff264f047403df911184cf4624f5584bde81e1d7d612c846741,Microsoft Corporation,180,1,sha384WithRSAEncryption,2048,RSA,1,v3,0,0
casalemedia.com,0a0de9d21710b5a02df8dc3883416f6de87eca1bcd82e8078eec0b38dbf74abf,Let's Encrypt,89,1,ecdsa-with-SHA384,256,EC,1,v3,0,0
roaming.officeapps.live.com,f2f84ce30bce3cadc1c670291c2384a1107830422049ee74a6253e24a1ff803f,Microsoft Corporation,360,1,sha384WithRSAEncryption,2048,RSA,1,v3,0,0
px.ads.linkedin.com,ed13bd4d797ad34fb6bec16fa98ca2914f3b53f2b045ee5508b9d5335f7dbe36,DigiCert Inc,184,1,sha256WithRSAEncryption,2048,RSA,1,v3,0,0
configuration.apple.com,2018cad34350500ba965f38d9b75518f3d97254de37512533d4950a7057556bb,Apple Inc.,84,1,ecdsa-with-SHA256,256,EC,1,v3,0,0
gspe1-ssl.ls.apple.com,8a644903ab9653262f78533f3454b8b8b7f957ba27433ed7642cab6163268fe9,Apple Inc.,190,1,ecdsa-with-SHA256,256,EC,1,v3,0,0
r4.res.office365.com,3f8b164a2581cf597306e709cd43bfeb65e1cf4ffd7874a8d96c9dff51bc3fe0,Microsoft Corporation,198,1,ecdsa-with-SHA384,256,EC,1,v3,0,0
opera.com,64605534c9b7eae92647bcd6ea18b0286d12a8ce0a01a5153871fbe8dca6a7b8,Trust Provider B.V.,395,0,sha256WithRSAEncryption,256,EC,1,v3,0,0
accountcapabilities-pa.googleapis.com,c96df46cd4d4baab16c15705b3fdf7748c83cb18d221814df697965aa44ced44,Google Trust Services,83,1,ecdsa-with-SHA256,256,EC,1,v3,0,0
edge-mqtt.facebook.com,fc4ced33b2b92e649e1de0dfdc30222aa2337648e25ddd8431b99cc78fb5f5df,DigiCert Inc,90,1,sha256WithRSAEncryption,256,EC,1,v3,0,0
tunnel.googlezip.net,b7f5144f2e44ee0a2fe88d0cf8f8591ce6b78e274014c197feaf7e8373fcaf97,Google Trust Services,83,1,sha256WithRSAEncryption,2048,RSA,1,v3,0,0
passwordsleakcheck-pa.googleapis.com,c96df46cd4d4baab16c15705b3fdf7748c83cb18d221814df697965aa44ced44,Google Trust Services,83,1,ecdsa-with-SHA256,256,EC,1,v3,0,0
bat.bing.com,f3477d87dcfddff7d6486c48e9ff26b663614f8d5b7caf43d3ca4209b9cb8401,Microsoft Corporation,180,1,sha384WithRSAEncryption,2048,RSA,1,v3,0,0
openx.net,051d71c6ac4191e3b963aa909d25ddbbad046f036695b77bcd4a3baebc007768,DigiCert Inc,372,1,sha256WithRSAEncryption,2048,RSA,1,v3,0,0
node.e2ro.com,94f6dc48c38316b118e7864c7d7e4f005f43bf68d938ac1c5dfcd17269b24d5c,EERO INC,7363,0,sha256WithRSAEncryption,2048,RSA,1,v3,0,0
cookielaw.org,1eafa5bf87ed0200e36ef4bb17f14193448d4941a1033639543e59f88c330161,Google Trust Services,90,1,ecdsa-with-SHA256,256,EC,1,v3,0,0
admin.microsoft.com,7c6e4a3efbd154ed2a47884547f4d6229564814c55f4cc8df6408c8634e30bef,Microsoft Corporation,180,1,sha384WithRSAEncryption,2048,RSA,1,v3,0,0
cdn.cookielaw.org,1eafa5bf87ed0200e36ef4bb17f14193448d4941a1033639543e59f88c330161,Google Trust Services,90,1,ecdsa-with-SHA256,256,EC,1,v3,0,0
match.adsrvr.org,ea25c7602a630c77115f6e1b188a7f3d468ce1b57a5b4a233c288887d49cc7a8,GlobalSign nv-sa,393,1,sha256WithRSAEncryption,2048,RSA,1,v3,0,0
taboola.com,d47c9790f81d639ec28d7660f39890f34926ecbfc928147f6b49a41e7cebf10d,DigiCert Inc,386,1,sha256WithRSAEncryption,2048,RSA,1,v3,0,0
apple.map.fastly.net,17051731d6fc0546f4d7bece8641fd3212baf03c50e1199c8ba723444962157a,Apple Inc.,183,1,sha256WithRSAEncryption,2048,RSA,1,v3,0,0
3lift.com,3926f23addb83e5f8225ce7627d4c20399463161dbd201b4164314bca4792d42,Amazon,394,1,sha256WithRSAEncryption,2048,RSA,1,v3,0,0
www.googletagservices.com,589bff118181a95643017547ade202bbf098dfdfd3e6a6572b94dea175d4ddf9,Google Trust Services,83,1,ecdsa-with-SHA256,256,EC,1,v3,0,0
get-bx.g.aaplimg.com,5433701739e6a6d8a0807b280800b47d578ff1add78d1615398cc8ed11481b76,Apple Inc.,88,1,ecdsa-with-SHA256,256,EC,1,v3,0,0
edge-consumer-static.azureedge.net,26c77d49df8ae930639122568cb5e10b6d034b2ff39d05a03b360a21b9993831,Microsoft Corporation,180,1,ecdsa-with-SHA384,256,EC,1,v3,0,0
captive.apple.com,e4cb8da7d1d7f66a282f2d1c7dfdce6aae31f147fd331564639f2a7d68f55e4c,Apple Inc.,83,1,ecdsa-with-SHA256,256,EC,1,v3,0,0
analytics.yahoo.com,bae177f2f924c795a245870b150da054907f47757b827b66398f72ba1b89debd,DigiCert Inc,175,1,sha256WithRSAEncryption,256,EC,1,v3,0,0
fpinit.itunes.apple.com,74a420989df151bbbb7945e7e0269061f5e16d5fdafa951f1d2fa5abf721544d,Apple Inc.,188,1,sha256WithRSAEncryption,2048,RSA,1,v3,0,0
gateway.facebook.com,fc4ced33b2b92e649e1de0dfdc30222aa2337648e25ddd8431b99cc78fb5f5df,DigiCert Inc,90,1,sha256WithRSAEncryption,256,EC,1,v3,0,0
firebaselogging-pa.googleapis.com,c96df46cd4d4baab16c15705b3fdf7748c83cb18d221814df697965aa44ced44,Google Trust Services,83,1,ecdsa-with-SHA256,256,EC,1,v3,0,0
netflix.com,a5f1682e76b7f050eeca639add23a409f1fed34e0b8a079aa0d9dcd56eb6e0f7,DigiCert Inc,365,1,ecdsa-with-SHA384,256,EC,1,v3,0,0
apps.apple.com,20030ff7dfafdea1b2b010f56f1fecdbe2ac0a5a94029978e3d674c6a721986c,Apple Inc.,190,1,sha256WithRSAEncryption,2048,RSA,1,v3,0,0
cs.dds.microsoft.com,f5751a0887e0e16e1686e443161acf06485b4dfc23d9fc837b90b49280a4a57c,Microsoft Corporation,180,1,sha384WithRSAEncryption,2048,RSA,1,v3,0,0
mask-api.icloud.com,ccd18b0a2d5092b3be9a5c743bd9a838771638a0687b173a9c32e57a30136988,Apple Inc.,393,1,ecdsa-with-SHA256,256,EC,1,v3,0,0
us-prod.asyncgw.teams.microsoft.com,0cd7789479b3b29512b211eec10ec62833c2de1e37130cc49dc88e2920e757ff,Microsoft Corporation,180,1,sha384WithRSAEncryption,2048,RSA,1,v3,0,0
appsflyersdk.com,2e521f14b31a55d5045488adebcb4f5050f566af3dc38ddf3a64c458c04686fc,Amazon,394,1,sha256WithRSAEncryption,2048,RSA,1,v3,0,0
notifications-pa.googleapis.com,c96df46cd4d4baab16c15705b3fdf7748c83cb18d221814df697965aa44ced44,Google Trust Services,83,1,ecdsa-with-SHA256,256,EC,1,v3,0,0
pendo.io,5f384bfda8ec70419759efff07d594cca04947744b3db9a23bf93bf2c8e691e3,Google Trust Services,90,1,sha256WithRSAEncryption,2048,RSA,1,v3,0,0
bam.nr-data.net,40404c0429cdd8a6dfdb3d64e99cf7b7ab60110f89f160567658e3040d305bc2,DigiCert Inc,364,1,sha256WithRSAEncryption,2048,RSA,1,v3,0,0
acroipm2.adobe.com,175987d546b9484da6a43b8a1cdd56e83de9e9806f12a0b979cbe99a61e54392,DigiCert Inc,364,1,ecdsa-with-SHA384,256,EC,1,v3,0,0
teams.nel.measure.office.net,bcd8fd0cb8eb81d4f3a39caf11efcd1ab869e9451e3ce417579a863b3187f21a,Microsoft Corporation,180,1,ecdsa-with-SHA384,256,EC,1,v3,0,0
lcdn-locator.apple.com,9073ac9583981d53a2dc1dd74f49d4145b568f414ca289e64724fdfab06784ee,Apple Inc.,393,1,sha256WithRSAEncryption,2048,RSA,1,v3,0,0
iadsdk.apple.com,fe8a2fd2f65973723d9143c06c2233dd843981a72263ea4d5c7a01a69146a5b4,Apple Inc.,190,1,sha256WithRSAEncryption,2048,RSA,1,v3,0,0
support.content.office.net,6ff6d0d4be02a90e5d3a6810e211f0aea697a65c19c115d5e8b6d12d06b6b179,Microsoft Corporation,360,1,ecdsa-with-SHA384,256,EC,1,v3,0,0
connectivity-test.static.microsoft,b99079156bbdaca483c618311d21b220e3da66e405aa84627826f1a177d0ae04,Microsoft Corporation,180,1,sha384WithRSAEncryption,2048,RSA,1,v3,0,0
addons-pa.clients6.google.com,368322a003a6b9f08065139b1ef9e13e6469a65169c8003fdd2f5f536d236360,Google Trust Services,83,1,ecdsa-with-SHA256,256,EC,1,v3,0,0
go.microsoft.com,8e99274d73984b8934f491c795228dddbf48794c16b49fc0d9169948e362db42,Microsoft Corporation,360,1,sha384WithRSAEncryption,2048,RSA,1,v3,0,0
us-api.asm.skype.com,947b3c8177823085d2e7bebcb1f8b75e3142d33ec17436930b2c4cf29a04bd43,Microsoft Corporation,180,1,sha384WithRSAEncryption,2048,RSA,1,v3,0,0
gspe35-ssl.ls.apple.com,915243a3445105e0fd082cef24963d9d897ca0d4f903d2263121f546c0be74a0,Apple Inc.,87,1,ecdsa-with-SHA256,256,EC,1,v3,0,0
smartadserver.com,110bce9774055e73e38fa592791acc1cb335b4fb887a4ae95e3a13fc4bba7d85,Let's Encrypt,89,1,sha256WithRSAEncryption,2048,RSA,1,v3,0,0
accounts.youtube.com,e51c3ce4d70e43c7262da7e20609b3b751d6d98b8b83fed4a3f56fbb05bba54f,Google Trust Services,83,1,ecdsa-with-SHA256,256,EC,1,v3,0,0
iphone-ld.apple.com,357ac8e1815ff48555798cea5d1963e4fc76452db10ba98e358163a98be2423a,Apple Inc.,392,1,ecdsa-with-SHA256,256,EC,1,v3,0,0
safebrowsingohttpgateway.googleapis.com,c96df46cd4d4baab16c15705b3fdf7748c83cb18d221814df697965aa44ced44,Google Trust Services,83,1,ecdsa-with-SHA256,256,EC,1,v3,0,0
f.c2r.ts.cdn.office.net,b6c316b9fce58b2ca5fa31b81a455d0f9c52ec5b4486b9d53f17bd3b2a2b216d,Microsoft Corporation,360,1,ecdsa-with-SHA384,256,EC,1,v3,0,0
firebaseremoteconfig.googleapis.com,c96df46cd4d4baab16c15705b3fdf7748c83cb18d221814df697965aa44ced44,Google Trust Services,83,1,ecdsa-with-SHA256,256,EC,1,v3,0,0
beacons.gvt2.com,0436c71adeab49aa4c006d2576fc1b7d7fe7214ae40cb5f1e15329d025d9cb47,Google Trust Services,83,1,ecdsa-with-SHA256,256,EC,1,v3,0,0
ade.googlesyndication.com,589bff118181a95643017547ade202bbf098dfdfd3e6a6572b94dea175d4ddf9,Google Trust Services,83,1,ecdsa-with-SHA256,256,EC,1,v3,0,0
relcomms-prod-dagnegedescbeefs.b02.azurefd.net,8d40fcb1b067b9a7a7515cff871edd9cf78609baba59e5e2a0f713786e8762f2,Microsoft Corporation,180,1,ecdsa-with-SHA384,256,EC,1,v3,0,0
csp.microsoft.com,bb039dd220a2bbbf0404e21c7dfef5fc8fd93eed274adc1ecd3436d930dcc47d,DigiCert Inc,181,1,sha256WithRSAEncryption,2048,RSA,1,v3,0,0
gum.criteo.com,953e60f15c6eec7a61c7d15cb7e3ae3191dbbbbd7a720e79b373d9d41ddd9b33,DigiCert Inc,92,1,sha256WithRSAEncryption,256,EC,1,v3,0,0
x.bidswitch.net,c07b8d9967e9e4cec245e615e2980de420eed1e00f01f0daca9820cc7c074668,DigiCert Inc,90,1,sha256WithRSAEncryption,256,EC,1,v3,0,0
apis.apple.map.fastly.net,17051731d6fc0546f4d7bece8641fd3212baf03c50e1199c8ba723444962157a,Apple Inc.,183,1,sha256WithRSAEncryption,2048,RSA,1,v3,0,0
cc-api-data.adobe.io,0b45185c8d444ed1cb9ad866f7b04c6a00c185426560587d2dbc31068fb719b1,DigiCert Inc,89,1,sha256WithRSAEncryption,2048,RSA,1,v3,0,0
c.amazon-adsystem.com,c0f368cbf25feebc532778011d8cc3672dbdc2cc1e5aa2703127f0b30b506a27,Amazon,394,1,sha256WithRSAEncryption,2048,RSA,1,v3,0,0
nam.loki.delve.office.com,0c2b30f75d215f522786ab0f304dde2ddf14df3f26f7f4a84f8d6775002c9782,Microsoft Corporation,360,1,sha384WithRSAEncryption,2048,RSA,1,v3,0,0
h3.apis.apple.map.fastly.net,17051731d6fc0546f4d7bece8641fd3212baf03c50e1199c8ba723444962157a,Apple Inc.,183,1,sha256WithRSAEncryption,2048,RSA,1,v3,0,0
eu-mobile.events.data.microsoft.com,1ffca0ecb04ff7d78c6644e8eac8ef7e17a6e7a03c6d5704952e00caa35915d3,Microsoft Corporation,148,1,sha384WithRSAEncryption,2048,RSA,1,v3,0,0
www.clarity.ms,6ac962eac5f16bd77fb45c26fc83d3d15b9912ccebe9bd7a2516a3bd8f0fcbd0,Microsoft Corporation,180,1,sha384WithRSAEncryption,2048,RSA,1,v3,0,0
snapchat.com,9610091e7c711204b985f2421360e1cd94645d04a9f668fa11e7443e53c556ce,DigiCert Inc,198,1,sha256WithRSAEncryption,2048,RSA,1,v3,0,0
c.msn.com,3baac020035b1db8a34404ec89ea3425749641f18a7ea42311ff2207c09c99c0,Microsoft Corporation,118,1,sha384WithRSAEncryption,2048,RSA,1,v3,0,0
i.instagram.com,3c81012f931e0517a58fcbd47ac1bfb4c117c473601f2d4a1e0bde8fe19b65aa,DigiCert Inc,90,1,sha256WithRSAEncryption,256,EC,1,v3,0,0
s.amazon-adsystem.com,eff05f1dc685bf516a2edbc2671120f5ff5b8ddc86fa4e72577c538ebdd4759b,Amazon,278,1,sha256WithRSAEncryption,2048,RSA,1,v3,0,0
www.apple.com,04183fea3b7dbc238985724a8b1d8fcb61bf5bb1007551250dbf3a4cf8c2c565,Apple Inc.,187,1,sha256WithRSAEncryption,2048,RSA,1,v3,0,0
init-p01md.apple.com,d8a10c09235c223c064c9264ef970656f43c942a439b53cd291f1a0bf7fa8eff,Apple Inc.,180,1,sha256WithRSAEncryption,2048,RSA,1,v3,0,0
test-gateway.instagram.com,077c4b71dd8f595202247f831a29144244070d7b6b951ac1c90bd77e7c08ecce,DigiCert Inc,90,1,sha256WithRSAEncryption,256,EC,1,v3,0,0
kv601.prod.do.dsp.mp.microsoft.com,afc1e7657f7640ead6afc0007cd9911f3a0198a3e6f8a0091cf5dc1ee2c2eb60,Microsoft Corporation,360,1,sha384WithRSAEncryption,2048,RSA,1,v3,0,0
securitydomain-pa.googleapis.com,c96df46cd4d4baab16c15705b3fdf7748c83cb18d221814df697965aa44ced44,Google Trust Services,83,1,ecdsa-with-SHA256,256,EC,1,v3,0,0
nav-edge.smartscreen.microsoft.com,f7d67c9a885524171868b01b708f0a87a3b3fd0c3656ac74f150d9e0dc56f602,Microsoft Corporation,180,1,sha384WithRSAEncryption,2048,RSA,1,v3,0,0
xpaywalletcdn-prod.azureedge.net,26c77d49df8ae930639122568cb5e10b6d034b2ff39d05a03b360a21b9993831,Microsoft Corporation,180,1,ecdsa-with-SHA384,256,EC,1,v3,0,0
apps.mzstatic.com,d6152d0e8db9abdfd15aa9aaf2efeda98f0d438abfbc2ba58f8a5e2eb9e04b3d,Apple Inc.,188,1,sha256WithRSAEncryption,2048,RSA,1,v3,0,0
ampproject.org,11f48795e67f884afed2ee1de8abd62e5d7773b2e5d7ff3470dd643c16cdda3a,Google Trust Services,83,1,ecdsa-with-SHA256,256,EC,1,v3,0,0
media.net,5f1f28afacb64dec56c9e04a350989c115eee2fa477a79baf7b4ef09f827a7c5,DigiCert Inc,366,1,sha256WithRSAEncryption,2048,RSA,1,v3,0,0
csi.gstatic.com,7f6d6c97b5ccda62ca3c6d5095a3dc15ac850122f2cbde6888649a17a1979931,Google Trust Services,83,1,ecdsa-with-SHA256,256,EC,1,v3,0,0
gspe79-cdn.g.aaplimg.com,5433701739e6a6d8a0807b280800b47d578ff1add78d1615398cc8ed11481b76,Apple Inc.,88,1,ecdsa-with-SHA256,256,EC,1,v3,0,0
mesu-cdn.origin-apple.com.akadns.net,5433701739e6a6d8a0807b280800b47d578ff1add78d1615398cc8ed11481b76,Apple Inc.,88,1,ecdsa-with-SHA256,256,EC,1,v3,0,0
cdn.ampproject.org,11f48795e67f884afed2ee1de8abd62e5d7773b2e5d7ff3470dd643c16cdda3a,Google Trust Services,83,1,ecdsa-with-SHA256,256,EC,1,v3,0,0
doubleverify.com,9567c6e2de277e65cdeed952ac784355bf98edea98159df19f3f1350513793a5,Let's Encrypt,89,1,ecdsa-with-SHA384,256,EC,1,v3,0,0
spotify.com,d259c071b22ee84523e7b256e4b013aff3c7b4f25eedb1aeb5a82b93588d63c6,DigiCert Inc,365,1,sha256WithRSAEncryption,2048,RSA,1,v3,0,0
eb2.3lift.com,65213161a027372c101921e34752f4727b949b5f86d03eb829d5b17b86c5f5f3,Amazon,393,1,sha256WithRSAEncryption,2048,RSA,1,v3,0,0
autodiscover-s.outlook.com,394e114f9601996c0a534b8d664c906bab7cb6f7f58c5f2449f13408dab5a0df,DigiCert Inc,198,1,sha256WithRSAEncryption,2048,RSA,1,v3,0,0
graph.instagram.com,01895b02363486ce4b443ceda02da658f0ce3e0cf46f5489875357ee8cd50f7b,DigiCert Inc,90,1,sha256WithRSAEncryption,256,EC,1,v3,0,0
s0.2mdn.net,0dd73cb67a7737ef8b7d2cecdbb6381e99cec977e83b1ad8ebe0247887bef6ce,Google Trust Services,83,1,ecdsa-with-SHA256,256,EC,1,v3,0,0
use.typekit.net,f3e4844906cc9920a8a3bbdc8e3d31697aca6f5b21c40b4a3d322bd0bf076269,DigiCert Inc,396,1,sha256WithRSAEncryption,256,EC,1,v3,0,0
tiktok.com,0109b4e1a32aab7ea8ffec74be6dc7de02c90c63bcc4c150a1d1b0ff57949249,DigiCert Inc,364,1,ecdsa-with-SHA256,256,EC,1,v3,0,0
inference.location.live.net,14063a13280648bfe3d9387cb518e00ded8cfbc8c971d2f8d8f4e0c7d5f3aa77,Microsoft Corporation,180,1,sha384WithRSAEncryption,2048,RSA,1,v3,0,0
drive.google.com,e51c3ce4d70e43c7262da7e20609b3b751d6d98b8b83fed4a3f56fbb05bba54f,Google Trust Services,83,1,ecdsa-with-SHA256,256,EC,1,v3,0,0
firebaseinstallations.googleapis.com,c96df46cd4d4baab16c15705b3fdf7748c83cb18d221814df697965aa44ced44,Google Trust Services,83,1,ecdsa-with-SHA256,256,EC,1,v3,0,0
fpc.msedge.net,f75a69c888592aae99eb173cc740cf3dc9e1915eb002f1df15506993a63466ec,DigiCert Inc,180,1,sha256WithRSAEncryption,2048,RSA,1,v3,0,0
whatsapp.com,47cd1cf3e6b7df4cf2197d57ee0df82e0dc12393a4e3dfc17f2681f2e0707fd6,DigiCert Inc,90,1,sha256WithRSAEncryption,256,EC,1,v3,0,0
init.ess.apple.com,0a065dd0e4f6c83b9c7f2870088a962400d9eed6a637fd55564947b5a0b74f7a,Apple Inc.,187,1,ecdsa-with-SHA256,256,EC,1,v3,0,0
ups.analytics.yahoo.com,c85aa2788995ac8889a4a457d131e4d177f8b8473d947bba2e22e7c54b017e7c,DigiCert Inc,51,1,sha256WithRSAEncryption,256,EC,1,v3,0,0
config.fp.measure.office.com,f75a69c888592aae99eb173cc740cf3dc9e1915eb002f1df15506993a63466ec,DigiCert Inc,180,1,sha256WithRSAEncryption,2048,RSA,1,v3,0,0
spo.nel.measure.office.net,bcd8fd0cb8eb81d4f3a39caf11efcd1ab869e9451e3ce417579a863b3187f21a,Microsoft Corporation,180,1,ecdsa-with-SHA384,256,EC,1,v3,0,0
people-pa.googleapis.com,c96df46cd4d4baab16c15705b3fdf7748c83cb18d221814df697965aa44ced44,Google Trust Services,83,1,ecdsa-with-SHA256,256,EC,1,v3,0,0
browser.events.data.msn.com,b77a90af591a51ebddc61440a1a71ac51d32e1c3643233fc0bf0476b50b46253,Microsoft Corporation,180,1,sha384WithRSAEncryption,2048,RSA,1,v3,0,0
dns-tunnel-check.googlezip.net,5cb6e34284e96fffd90a3fa33307c492092490b6fb2779896f8ee46b486c7e7d,Google Trust Services,83,1,ecdsa-with-SHA256,256,EC,1,v3,0,0
launchdarkly.com,2383b492640fe001ec9ffc5291dc6e989e54841f9d1e756398a6ef011357f8be,Let's Encrypt,89,1,ecdsa-with-SHA384,256,EC,1,v3,0,0
js.monitor.azure.com,92f9743cb1148d648889276be18bf171b9b6f26ac212139f44db642d5191d274,Microsoft Corporation,180,1,sha384WithRSAEncryption,2048,RSA,1,v3,0,0
weatherkit.apple.com,2446d0dc6df876da6488ffe4e86870bdbde747b343e3fcd05694df6ba26b0a47,Apple Inc.,186,1,ecdsa-with-SHA256,256,EC,1,v3,0,0
peoplestack-pa.clients6.google.com,368322a003a6b9f08065139b1ef9e13e6469a65169c8003fdd2f5f536d236360,Google Trust Services,83,1,ecdsa-with-SHA256,256,EC,1,v3,0,0
outbrain.com,40f4da638b96526866ab2b7ca0d7e17d42cea40c6c5205302b09c68e76aac437,Let's Encrypt,89,1,sha256WithRSAEncryption,2048,RSA,1,v3,0,0
pubads.g.doubleclick.net,589bff118181a95643017547ade202bbf098dfdfd3e6a6572b94dea175d4ddf9,Google Trust Services,83,1,ecdsa-with-SHA256,256,EC,1,v3,0,0
youtubei.googleapis.com,c96df46cd4d4baab16c15705b3fdf7748c83cb18d221814df697965aa44ced44,Google Trust Services,83,1,ecdsa-with-SHA256,256,EC,1,v3,0,0
inmobi.com,2f8b8b63dcf803d75df81c0a39fb119e85d4f1c8cb12f76ed78a1b048b2bf087,Sectigo Limited,365,1,sha256WithRSAEncryption,2048,RSA,1,v3,0,0
ajax.googleapis.com,c96df46cd4d4baab16c15705b3fdf7748c83cb18d221814df697965aa44ced44,Google Trust Services,83,1,ecdsa-with-SHA256,256,EC,1,v3,0,0
id5-sync.com,b771f93367ddd6e9312b50234a2bc8ed4fea9f643bd6f3f2d755d1d3f3e231fb,Let's Encrypt,89,1,ecdsa-with-SHA384,256,EC,1,v3,0,0
play-fe.googleapis.com,c96df46cd4d4baab16c15705b3fdf7748c83cb18d221814df697965aa44ced44,Google Trust Services,83,1,ecdsa-with-SHA256,256,EC,1,v3,0,0
amazontrust.com,5db4e36bd88218eb1215830bc513487c7d8bf23c694040e5877e62053ed4d99f,Amazon,197,1,sha256WithRSAEncryption,2048,RSA,1,v3,0,0
peoplestackwebexperiments-pa.clients6.google.com,368322a003a6b9f08065139b1ef9e13e6469a65169c8003fdd2f5f536d236360,Google Trust Services,83,1,ecdsa-with-SHA256,256,EC,1,v3,0,0
maps.googleapis.com,c96df46cd4d4baab16c15705b3fdf7748c83cb18d221814df697965aa44ced44,Google Trust Services,83,1,ecdsa-with-SHA256,256,EC,1,v3,0,0
aad.cs.dds.microsoft.com,f5751a0887e0e16e1686e443161acf06485b4dfc23d9fc837b90b49280a4a57c,Microsoft Corporation,180,1,sha384WithRSAEncryption,2048,RSA,1,v3,0,0
android.com,e51c3ce4d70e43c7262da7e20609b3b751d6d98b8b83fed4a3f56fbb05bba54f,Google Trust Services,83,1,ecdsa-with-SHA256,256,EC,1,v3,0,0
tapad.com,03ddb2023d374edb343d821b530694332e6c066d2d5194db4473bf2c39fec91e,Google Trust Services,90,1,sha256WithRSAEncryption,2048,RSA,1,v3,0,0
clients1.google.com,e51c3ce4d70e43c7262da7e20609b3b751d6d98b8b83fed4a3f56fbb05bba54f,Google Trust Services,83,1,ecdsa-with-SHA256,256,EC,1,v3,0,0
adsafeprotected.com,6ece0145b02eec1204ceb5a5f1e94532736f416fcf4b7d65c0dd9b17bf1124cb,Amazon,197,1,sha256WithRSAEncryption,2048,RSA,1,v3,0,0
web.facebook.com,fc4ced33b2b92e649e1de0dfdc30222aa2337648e25ddd8431b99cc78fb5f5df,DigiCert Inc,90,1,sha256WithRSAEncryption,256,EC,1,v3,0,0
discover-pa.googleapis.com,c96df46cd4d4baab16c15705b3fdf7748c83cb18d221814df697965aa44ced44,Google Trust Services,83,1,ecdsa-with-SHA256,256,EC,1,v3,0,0
ipcdn.apple.com,65a813a28dda10bd4821a77f568b18e6ced33e70c5ad298e1ccb0eac300af2b1,Apple Inc.,184,1,sha256WithRSAEncryption,2048,RSA,1,v3,0,0
us.sentry.io,f3737a50d7ac5c4f8e946bece0ead2f86feeeaf8dfba975d920eedda82d96dba,DigiCert Inc,396,1,sha256WithRSAEncryption,2048,RSA,1,v3,0,0
aadcdn.msftauth.net,260665fc258b050ec176c6e23cff76a2a3524e8dfc2d48d0747e6e33da494a3d,Microsoft Corporation,360,1,ecdsa-with-SHA384,256,EC,1,v3,0,0
api-noam.flightproxy.teams.microsoft.com,84a4d270ca7f1025d84abffaf69ea41096a90a7b407050f50482f4ad34989198,Microsoft Corporation,180,1,sha384WithRSAEncryption,2048,RSA,1,v3,0,0
a-ring.msedge.net,f75a69c888592aae99eb173cc740cf3dc9e1915eb002f1df15506993a63466ec,DigiCert Inc,180,1,sha256WithRSAEncryption,2048,RSA,1,v3,0,0
aadcdn.msauth.net,9c1a83b223497dd88ad4aef6d2f6a4ab35f32116307f0151688cf6b304ea91b0,Microsoft Corporation,180,1,sha384WithRSAEncryption,2048,RSA,1,v3,0,0
spo-ring.msedge.net,f75a69c888592aae99eb173cc740cf3dc9e1915eb002f1df15506993a63466ec,DigiCert Inc,180,1,sha256WithRSAEncryption,2048,RSA,1,v3,0,0
amplitude.com,999cff3778c03d4d12aa49ad701bec4abccf76464bcdc0cea486f43046b8c0af,Amazon,393,1,sha256WithRSAEncryption,2048,RSA,1,v3,0,0
teams-ring.msedge.net,f75a69c888592aae99eb173cc740cf3dc9e1915eb002f1df15506993a63466ec,DigiCert Inc,180,1,sha256WithRSAEncryption,2048,RSA,1,v3,0,0
wac-ring.msedge.net,f75a69c888592aae99eb173cc740cf3dc9e1915eb002f1df15506993a63466ec,DigiCert Inc,180,1,sha256WithRSAEncryption,2048,RSA,1,v3,0,0
umbrella.com,0a4b62fa60501413185d363e2bdfae07cd7686728bd269a1030c8a51bff82609,Let's Encrypt,89,1,sha256WithRSAEncryption,2048,RSA,1,v3,0,0
dual-s-ring.msedge.net,f75a69c888592aae99eb173cc740cf3dc9e1915eb002f1df15506993a63466ec,DigiCert Inc,180,1,sha256WithRSAEncryption,2048,RSA,1,v3,0,0
ntp.msn.com,088655f44ea3fd433a32334452734bff6b53b90799bb0b88cfae249d97a996a4,Microsoft Corporation,360,1,ecdsa-with-SHA384,256,EC,1,v3,0,0
wps.apple.com,afc67cdff028bdf92425237036adad000a2b128fb1286de3439696dc78188cde,Apple Inc.,195,1,ecdsa-with-SHA256,256,EC,1,v3,0,0
eeroup.com,6f4b84cc84546f4eaec77cafe375a16566ee3e71a3dbc4bf17a3ec12c5716a8d,Amazon,393,1,sha256WithRSAEncryption,2048,RSA,1,v3,0,0
bag-cdn-lb.itunes-apple.com.akadns.net,17051731d6fc0546f4d7bece8641fd3212baf03c50e1199c8ba723444962157a,Apple Inc.,183,1,sha256WithRSAEncryption,2048,RSA,1,v3,0,0
dotomi.com,6f9666fb3281f1da33eb16c6c6707f9abbebfecae87d5d83901318e39f895ef0,GlobalSign nv-sa,396,1,sha256WithRSAEncryption,2048,RSA,1,v3,0,0
creativecdn.com,9937ab25d7f55c63139335b4270c05495f8bedd38f3f6ee6d47e562e63bb5406,DigiCert Inc,198,1,sha256WithRSAEncryption,2048,RSA,1,v3,0,0
stackadapt.com,b1b3ddc10a01fdbb47a1997ef4b1651dbed398cd530e5b8e3ab8f4d65b1771d0,Let's Encrypt,89,1,sha256WithRSAEncryption,2048,RSA,1,v3,0,0
srv.stackadapt.com,c08f96668d24152d95166a359c72799743d7f485dd10f8ea6d2ebd973b071c50,Amazon,197,1,sha256WithRSAEncryption,2048,RSA,1,v3,0,0
graph-next.fp.measure.office.com,dcc17cc1227df870ee133fde2c3745b11cf23b8bd274abcb65c9ca84943dac57,Microsoft Corporation,180,1,sha384WithRSAEncryption,2048,RSA,1,v3,0,0
fbs.smoot.apple.com,54400b9dede54c15ecbffdd13944326ffdfc208e5dfe5ff25a68c8c1f3cc7c6d,Apple Inc.,85,1,ecdsa-with-SHA256,256,EC,1,v3,0,0
scripts.clarity.ms,7beff803c646d4d3de40bfef0a99e467123316a87315bb580d2dcae453c5db77,Let's Encrypt,89,1,ecdsa-with-SHA384,256,EC,1,v3,0,0
kv801.prod.do.dsp.mp.microsoft.com,2d618af362d7912c261d339804825e890d11ba86ed66e8250ff046269f8b7b79,Microsoft Corporation,360,1,sha384WithRSAEncryption,2048,RSA,1,v3,0,0
kt-prod.ess.apple.com,e6c698936d5745652090ea1b8eda371008e667ff4ab5f50652e7721fa87604a2,Apple Inc.,360,1,sha256WithRSAEncryption,2048,RSA,1,v3,0,0
graph-fallback.facebook.com,fc4ced33b2b92e649e1de0dfdc30222aa2337648e25ddd8431b99cc78fb5f5df,DigiCert Inc,90,1,sha256WithRSAEncryption,256,EC,1,v3,0,0
slscr.update.microsoft.com,ec4374f9edc27bb622baf10bd7440dd3fe441a4cf6cb18081f9d99397499680b,Microsoft Corporation,365,1,ecdsa-with-SHA384,384,EC,1,v3,0,0
gsp64-ssl.ls.apple.com,2f961581bce2d441d05ea124e65879d6aa2ac07abd2057da3f95f1b5cdc140d5,Apple Inc.,84,1,ecdsa-with-SHA256,256,EC,1,v3,0,0
onetrust.com,b2a1b112438cf1fd1700fe064cf1d4d0baab02752efab23ee1741ef0f3e0000f,Let's Encrypt,89,1,ecdsa-with-SHA384,256,EC,1,v3,0,0
crashlytics.com,eaeed6706240a5bcc68a752f6e7b1a92929603a1ea59b91085113e965f1aae62,Google Trust Services,83,1,ecdsa-with-SHA256,256,EC,1,v3,0,0
sync.1rx.io,477c4b6e02fb56117959fd586611bd258582d34f82bafdfdf19b32a4da421647,Sectigo Limited,396,1,sha256WithRSAEncryption,2048,RSA,1,v3,0,0
amcdn.msftauth.net,09ed1c9023d8b0e20a24a516ad4cd7db5709a79cc40946cbdb885a04dfb7c404,Microsoft Corporation,180,1,sha384WithRSAEncryption,2048,RSA,1,v3,0,0
substrate.svc.cloud.microsoft,b1fa18336f96d52af670f4c56549b609503f5fac243876e3000d7eeeb9f89192,Microsoft Corporation,360,1,sha384WithRSAEncryption,2048,RSA,1,v3,0,0
firebase-settings.crashlytics.com,eaeed6706240a5bcc68a752f6e7b1a92929603a1ea59b91085113e965f1aae62,Google Trust Services,83,1,ecdsa-with-SHA256,256,EC,1,v3,0,0
cp601.prod.do.dsp.mp.microsoft.com,afc1e7657f7640ead6afc0007cd9911f3a0198a3e6f8a0091cf5dc1ee2c2eb60,Microsoft Corporation,360,1,sha384WithRSAEncryption,2048,RSA,1,v3,0,0
twitter.com,76136867264a97353e9058d6769aaeeff8095ee1657cf96c5f9a48051f3286ad,Let's Encrypt,89,1,ecdsa-with-SHA384,256,EC,1,v3,0,0
copilot.cloud.microsoft,0b15c3b13ac41a4cff9b96cf2fb4b70da5c87b9e3dfbfebf5fb4f9c3400210e5,Microsoft Corporation,180,1,sha384WithRSAEncryption,2048,RSA,1,v3,0,0
appsforoffice.microsoft.com,8154528315bed22e1785f9b51013465b5601313d622e51ed113329cae689f295,Microsoft Corporation,180,1,sha384WithRSAEncryption,2048,RSA,1,v3,0,0
configuration-lb.ls-apple.com.akadns.net,5433701739e6a6d8a0807b280800b47d578ff1add78d1615398cc8ed11481b76,Apple Inc.,88,1,ecdsa-with-SHA256,256,EC,1,v3,0,0
360yield.com,482e6692d0d3b4d6c4ebfe71a0da74a9493fe5edfa0570fafecc69a7699167e1,Amazon,393,1,sha256WithRSAEncryption,2048,RSA,1,v3,0,0
msedge.b.tlu.dl.delivery.mp.microsoft.com,792ce717b665ca8a0aedf9f7a3ba68bd15b7bf81da354e2c7dc4869bf9f22e62,DigiCert Inc,365,1,ecdsa-with-SHA384,256,EC,1,v3,0,0
lijit.com,719572ca4661c341b4e9243395ce439992db9b403c919736f19f7d91995460e7,Amazon,393,1,sha256WithRSAEncryption,2048,RSA,1,v3,0,0
kv501.prod.do.dsp.mp.microsoft.com,a68968fdb0660587eb7b9ef36fe254e6b0d0ef8cde82e121a557369e6b852b35,Microsoft Corporation,360,1,sha384WithRSAEncryption,2048,RSA,1,v3,0,0
connectivity-test.cloud.microsoft,b99079156bbdaca483c618311d21b220e3da66e405aa84627826f1a177d0ae04,Microsoft Corporation,180,1,sha384WithRSAEncryption,2048,RSA,1,v3,0,0
connectivity-test.usercontent.microsoft,b99079156bbdaca483c618311d21b220e3da66e405aa84627826f1a177d0ae04,Microsoft Corporation,180,1,sha384WithRSAEncryption,2048,RSA,1,v3,0,0
cds.apple.com,0c745d9a37b1a77714beb3047107595e205212d49d93d704177271c78754fe44,Apple Inc.,87,1,ecdsa-with-SHA256,256,EC,1,v3,0,0
sharethrough.com,5570711071faf1a26db87c7ab4419cad3b69becfbae67b344896a48de3d47ea1,Google Trust Services,90,1,ecdsa-with-SHA256,256,EC,1,v3,0,0
temu.com,e0c4f210533b28606ef5f4f91b2ebabe311eb1cde81ed31a4eeda9032c747589,"GoDaddy.com, Inc.",396,1,sha256WithRSAEncryption,2048,RSA,1,v3,0,0
logs.netflix.com,e650777e0f05301fe1aaaf53eb729ce054c3fe487866059ee262cc7e343423a4,DigiCert Inc,365,1,ecdsa-with-SHA384,256,EC,1,v3,0,0
imasdk.googleapis.com,c96df46cd4d4baab16c15705b3fdf7748c83cb18d221814df697965aa44ced44,Google Trust Services,83,1,ecdsa-with-SHA256,256,EC,1,v3,0,0
tr-ssc-mira.office.com,394e114f9601996c0a534b8d664c906bab7cb6f7f58c5f2449f13408dab5a0df,DigiCert Inc,198,1,sha256WithRSAEncryption,2048,RSA,1,v3,0,0
dual-s-ring-fallback.msedge.net,f75a69c888592aae99eb173cc740cf3dc9e1915eb002f1df15506993a63466ec,DigiCert Inc,180,1,sha256WithRSAEncryption,2048,RSA,1,v3,0,0
sandbox.itunes.apple.com,46a251ad65e3d662cff5fc7377be53bee95099656e5f073dee8287de2dd54da9,Apple Inc.,186,1,sha256WithRSAEncryption,2048,RSA,1,v3,0,0
wac-ring-fallback.msedge.net,f75a69c888592aae99eb173cc740cf3dc9e1915eb002f1df15506993a63466ec,DigiCert Inc,180,1,sha256WithRSAEncryption,2048,RSA,1,v3,0,0
teams-ring-fallback.msedge.net,f75a69c888592aae99eb173cc740cf3dc9e1915eb002f1df15506993a63466ec,DigiCert Inc,180,1,sha256WithRSAEncryption,2048,RSA,1,v3,0,0
spov-ring-fallback.msedge.net,f75a69c888592aae99eb173cc740cf3dc9e1915eb002f1df15506993a63466ec,DigiCert Inc,180,1,sha256WithRSAEncryption,2048,RSA,1,v3,0,0
swallow.apple.com,de02df4ef2587fe9cb3b91dd3c79e07ab54fe68f6e71c2eb79dcb9b338db10e5,Apple Inc.,85,1,ecdsa-with-SHA256,256,EC,1,v3,0,0
p.typekit.net,f3e4844906cc9920a8a3bbdc8e3d31697aca6f5b21c40b4a3d322bd0bf076269,DigiCert Inc,396,1,sha256WithRSAEncryption,256,EC,1,v3,0,0
init.itunes.apple.com,20030ff7dfafdea1b2b010f56f1fecdbe2ac0a5a94029978e3d674c6a721986c,Apple Inc.,190,1,sha256WithRSAEncryption,2048,RSA,1,v3,0,0
us-u.openx.net,051d71c6ac4191e3b963aa909d25ddbbad046f036695b77bcd4a3baebc007768,DigiCert Inc,372,1,sha256WithRSAEncryption,2048,RSA,1,v3,0,0
doh.opendns.com,5f7e09556b783e35632717bd1e20236e1277c5fc8b11c8fd0eca54f3d194eb1d,IdenTrust,364,1,sha256WithRSAEncryption,2048,RSA,1,v3,0,0
pinterest.com,2e69232e93681fe002950f2de73cf46c422805c10eabebbd81e7bcb39ac47278,DigiCert Inc,391,1,sha256WithRSAEncryption,2048,RSA,1,v3,0,0
pixel.tapad.com,b3304579a2cf685097df6a55655d3a7a0656e2d1862ce7a7fca1b8a2377cc5de,Google Trust Services,90,1,sha256WithRSAEncryption,2048,RSA,1,v3,0,0
ads.pubmatic.com,dc9bfebe1e852e018c34d76708851083be2613ebc7d6f3c026d7c689a26bb2e3,DigiCert Inc,364,1,sha256WithRSAEncryption,2048,RSA,1,v3,0,0
setup.icloud.com,bb60c000fd50004b87b629745b4f7a29e8debc99e99c1eb57335c622150d484b,Apple Inc.,390,1,ecdsa-with-SHA256,256,EC,1,v3,0,0
gsp85-ssl.ls.apple.com,0531042d7ea2ecb932c21a4e8e17d55fa20b6dca297ed0039513a9563b01e366,Apple Inc.,84,1,ecdsa-with-SHA256,256,EC,1,v3,0,0
cl3.apple.com,24d307b3eae294b5e9dac3eee0ff841369cccc1ba61ed2784a6036459640fd50,Apple Inc.,189,1,sha256WithRSAEncryption,2048,RSA,1,v3,0,0
aepxlg.adobe.com,c8c7d249a6be2a980040ee19a162201a97e010a2583d38825d89905c794ad7f7,DigiCert Inc,396,1,sha256WithRSAEncryption,256,EC,1,v3,0,0
doh.umbrella.com,5f7e09556b783e35632717bd1e20236e1277c5fc8b11c8fd0eca54f3d194eb1d,IdenTrust,364,1,sha256WithRSAEncryption,2048,RSA,1,v3,0,0
data.pendo.io,df8d801e0745d5ee8de03ec51e2008c2f01d40622495af4b59244e6c07945d9c,Google Trust Services,90,1,sha256WithRSAEncryption,2048,RSA,1,v3,0,0
mzstorekit.itunes.apple.com,6e25089dbd8b6d388cbd7906fb861d5dc4c2fd31f7b67c089cff0679251b0ff9,Apple Inc.,84,1,ecdsa-with-SHA256,256,EC,1,v3,0,0
e673.dsce9.akamaiedge.net,20030ff7dfafdea1b2b010f56f1fecdbe2ac0a5a94029978e3d674c6a721986c,Apple Inc.,190,1,sha256WithRSAEncryption,2048,RSA,1,v3,0,0
android.googleapis.com,31877f7d62ce3fb775bde710032382927209fd8cbf4d7f9f25266ec5a87a2cbe,Google Trust Services,83,1,ecdsa-with-SHA256,256,EC,1,v3,0,0
r.bing.com,f355f84f4f32e0040d1beab778f02193a9c22c67c56051f6ee3d76c3a7b9ade7,Microsoft Corporation,180,1,ecdsa-with-SHA384,256,EC,1,v3,0,0
ipv4probe.office.com,394e114f9601996c0a534b8d664c906bab7cb6f7f58c5f2449f13408dab5a0df,DigiCert Inc,198,1,sha256WithRSAEncryption,2048,RSA,1,v3,0,0
gsa.apple.com,11d51691d004ab2d5e45a2da4b2e4f6f4fc4da4beb6d9b4a9905d6574bb6fd50,Apple Inc.,391,1,sha256WithRSAEncryption,2048,RSA,1,v3,0,0
ftl.netflix.com,a949535c777a60c6fcb1055357e4f39c97f39cc6f16042518921d707b5200cac,DigiCert Inc,36,1,ecdsa-with-SHA384,256,EC,1,v3,0,0
idsync.rlcdn.com,bdeaecb4104eb51268e215b85cafcaddc1ed6e6adaec991fd87b642dad30b195,Sectigo Limited,393,1,sha256WithRSAEncryption,2048,RSA,1,v3,0,0
token.safebrowsing.apple,9c735a7e862fc468bba5bf1748b4d9f208e44b671613baa1f41d824659120ed3,Apple Inc.,85,1,ecdsa-with-SHA256,256,EC,1,v3,0,0
identity.nel.measure.office.net,bcd8fd0cb8eb81d4f3a39caf11efcd1ab869e9451e3ce417579a863b3187f21a,Microsoft Corporation,180,1,ecdsa-with-SHA384,256,EC,1,v3,0,0
fls.doubleclick.net,0dd73cb67a7737ef8b7d2cecdbb6381e99cec977e83b1ad8ebe0247887bef6ce,Google Trust Services,83,1,ecdsa-with-SHA256,256,EC,1,v3,0,0
secure.adnxs.com,1b360b6dcf02669aad032dad81c81ecba3e063dd52c542ec60d94c0b427180e5,DigiCert Inc,396,1,ecdsa-with-SHA256,256,EC,1,v3,0,0
aa.agkn.com,72379e6ef6dd5676ae5490cc1e13c8900c49606aa73bfb837c8d5c627977597a,DigiCert Inc,364,1,sha256WithRSAEncryption,2048,RSA,1,v3,0,0
agentsnfb1.manage.microsoft.com,26c77d49df8ae930639122568cb5e10b6d034b2ff39d05a03b360a21b9993831,Microsoft Corporation,180,1,ecdsa-with-SHA384,256,EC,1,v3,0,0
agentsnfbsec.manage.microsoft.com,26c77d49df8ae930639122568cb5e10b6d034b2ff39d05a03b360a21b9993831,Microsoft Corporation,180,1,ecdsa-with-SHA384,256,EC,1,v3,0,0
telephony.goog,f75f85a5e12f0948d6049dbfd10771e23f91f87510fbc7c2bf5085e1d7369d5c,Google Trust Services,69,1,sha256WithRSAEncryption,256,EC,1,v3,0,0
com.edgesuite.net,792ce717b665ca8a0aedf9f7a3ba68bd15b7bf81da354e2c7dc4869bf9f22e62,DigiCert Inc,365,1,ecdsa-with-SHA384,256,EC,1,v3,0,0
agentsnpri.manage.microsoft.com,26c77d49df8ae930639122568cb5e10b6d034b2ff39d05a03b360a21b9993831,Microsoft Corporation,180,1,ecdsa-with-SHA384,256,EC,1,v3,0,0
drivefrontend-pa.googleapis.com,c96df46cd4d4baab16c15705b3fdf7748c83cb18d221814df697965aa44ced44,Google Trust Services,83,1,ecdsa-with-SHA256,256,EC,1,v3,0,0
adform.net,487ad90f83c5020e002e838a9c9533bda413d8c857a073232ded7b01a3c15477,DigiCert Inc,391,1,sha256WithRSAEncryption,2048,RSA,1,v3,0,0
quantserve.com,afb2bb0355aaf079c8a529e297d4922a20f86448d3c0e250a239cdbe95b7c02f,Let's Encrypt,89,1,sha256WithRSAEncryption,2048,RSA,1,v3,0,0
contacts.google.com,e51c3ce4d70e43c7262da7e20609b3b751d6d98b8b83fed4a3f56fbb05bba54f,Google Trust Services,83,1,ecdsa-with-SHA256,256,EC,1,v3,0,0
rcs.telephony.goog,26c5cd92f61248e1e4788a813c92a69f2035858d4d1bca6ecfc0e5ff524a3c78,Google Trust Services,69,1,sha256WithRSAEncryption,2048,RSA,1,v3,0,0
sectigo.com,e9543ec00ec3a17848140c82fd4a0b9ca7889473988b442b6d822b3c6e1e2e24,Sectigo Limited,90,1,sha256WithRSAEncryption,4096,RSA,1,v3,0,0
gs-loc.ls-apple.com.akadns.net,fa1bb899f31ba6f8a1f6d66112501f334a6acc0e123d274e8e3645b85401b9f9,Apple Inc.,359,1,ecdsa-with-SHA256,256,EC,1,v3,0,0
unpkg.com,c74e10d0bf99276c4a841d268e21371e3c0c919fd4a8b4d24ea5845e73045ab4,Google Trust Services,90,1,ecdsa-with-SHA256,256,EC,1,v3,0,0
adservice.google.com,e51c3ce4d70e43c7262da7e20609b3b751d6d98b8b83fed4a3f56fbb05bba54f,Google Trust Services,83,1,ecdsa-with-SHA256,256,EC,1,v3,0,0
i-fallback.instagram.com,077c4b71dd8f595202247f831a29144244070d7b6b951ac1c90bd77e7c08ecce,DigiCert Inc,90,1,sha256WithRSAEncryption,256,EC,1,v3,0,0
agentsnprim.manage.microsoft.com,26c77d49df8ae930639122568cb5e10b6d034b2ff39d05a03b360a21b9993831,Microsoft Corporation,180,1,ecdsa-with-SHA384,256,EC,1,v3,0,0
tiktokv.com,29ab6021e57ef447a9f4de1c613e116b4ba7a5ba0297cd15801abb807d9babc7,DigiCert Inc,198,1,ecdsa-with-SHA256,256,EC,1,v3,0,0
star.c10r.facebook.com,fc4ced33b2b92e649e1de0dfdc30222aa2337648e25ddd8431b99cc78fb5f5df,DigiCert Inc,90,1,sha256WithRSAEncryption,256,EC,1,v3,0,0
edge.e2ro.com,0d3bca17c8368ed30567378e73ba715bbf9aa6e3c9f0f03ff1d7e9ea74213fbf,EERO INC,7363,0,sha256WithRSAEncryption,2048,RSA,1,v3,0,0
app-site-association.cdn-apple.com,5a3f53c3a267167d6b5d10293f221b151ae1744075bb5681ba38f72c726be219,Apple Inc.,86,1,ecdsa-with-SHA256,256,EC,1,v3,0,0
newrelic.com,ecd48904319fb29b8afeabdc473fdb66cb17f3779b3708d149985c8296356eca,DigiCert Inc,364,1,sha256WithRSAEncryption,2048,RSA,1,v3,0,0
entitlements.itunes.apple.com,4cfbb328b751b2f70d7bc7b3ba7f6e1a37969fb18d1308907ad5f06779c8d4da,Apple Inc.,89,1,ecdsa-with-SHA256,256,EC,1,v3,0,0
agentsnfb2.manage.microsoft.com,26c77d49df8ae930639122568cb5e10b6d034b2ff39d05a03b360a21b9993831,Microsoft Corporation,180,1,ecdsa-with-SHA384,256,EC,1,v3,0,0
analytics.tiktok.com,0109b4e1a32aab7ea8ffec74be6dc7de02c90c63bcc4c150a1d1b0ff57949249,DigiCert Inc,364,1,ecdsa-with-SHA256,256,EC,1,v3,0,0
m.media-amazon.com,085900714b7ec66a4d20e2f1bf57d4068fbfca72ce54bf9e1dca22b14c6c9ba4,DigiCert Inc,197,1,sha256WithRSAEncryption,2048,RSA,1,v3,0,0
icloud-content.com,f87ea2c5aadb46506757858d2b230f2e0cc1b3623b98492df8e7f38d99b72ce9,Apple Inc.,90,1,sha256WithRSAEncryption,2048,RSA,1,v3,0,0
googleads4.g.doubleclick.net,589bff118181a95643017547ade202bbf098dfdfd3e6a6572b94dea175d4ddf9,Google Trust Services,83,1,ecdsa-with-SHA256,256,EC,1,v3,0,0
cdn.doubleverify.com,7b71283508f019781009131762a2ebae81bca42a7ce6d8254bd4756a707e6730,DigiCert Inc,366,1,ecdsa-with-SHA384,256,EC,1,v3,0,0
z-m-gateway.facebook.com,fc4ced33b2b92e649e1de0dfdc30222aa2337648e25ddd8431b99cc78fb5f5df,DigiCert Inc,90,1,sha256WithRSAEncryption,256,EC,1,v3,0,0
teads.tv,efc5d7fd4a32a53091baa487f3ef924654589a9c76651bb6df75b28f3a6a9d9f,Amazon,393,1,sha256WithRSAEncryption,2048,RSA,1,v3,0,0
scontent.xx.fbcdn.net,fc4ced33b2b92e649e1de0dfdc30222aa2337648e25ddd8431b99cc78fb5f5df,DigiCert Inc,90,1,sha256WithRSAEncryption,256,EC,1,v3,0,0
ci3.googleusercontent.com,ad52693776d6afc122dbd7303b6492369e13f9209ea848dd4badc84ac0f7e36d,Google Trust Services,83,1,ecdsa-with-SHA256,256,EC,1,v3,0,0
push.prod.netflix.com,0aaef0f509fca60a19c72bae2342095cdd0b8119dc545308f7ef35fbc690d832,DigiCert Inc,365,1,sha256WithRSAEncryption,2048,RSA,1,v3,0,0
clients2.googleusercontent.com,ad52693776d6afc122dbd7303b6492369e13f9209ea848dd4badc84ac0f7e36d,Google Trust Services,83,1,ecdsa-with-SHA256,256,EC,1,v3,0,0
xp.v.aaplimg.com,5433701739e6a6d8a0807b280800b47d578ff1add78d1615398cc8ed11481b76,Apple Inc.,88,1,ecdsa-with-SHA256,256,EC,1,v3,0,0
safesearch.googleapis.com,c96df46cd4d4baab16c15705b3fdf7748c83cb18d221814df697965aa44ced44,Google Trust Services,83,1,ecdsa-with-SHA256,256,EC,1,v3,0,0
tps.doubleverify.com,725b4fc2485ba7bf44bdb79820a66c8264a84bd1311bd86a5468cf631afde465,"GoDaddy.com, Inc.",397,1,sha256WithRSAEncryption,2048,RSA,1,v3,0,0
appsgrowthpromo-pa.clients6.google.com,368322a003a6b9f08065139b1ef9e13e6469a65169c8003fdd2f5f536d236360,Google Trust Services,83,1,ecdsa-with-SHA256,256,EC,1,v3,0,0
dsum-sec.casalemedia.com,0a0de9d21710b5a02df8dc3883416f6de87eca1bcd82e8078eec0b38dbf74abf,Let's Encrypt,89,1,ecdsa-with-SHA384,256,EC,1,v3,0,0
drivefrontend-pa.clients6.google.com,368322a003a6b9f08065139b1ef9e13e6469a65169c8003fdd2f5f536d236360,Google Trust Services,83,1,ecdsa-with-SHA256,256,EC,1,v3,0,0
amp-api-edge.apps.apple.com,fee98e209a9857af38b130813b210eb57415fb391f4b45dc2a6e038dd20010c5,Apple Inc.,184,1,sha256WithRSAEncryption,2048,RSA,1,v3,0,0
browser-intake-datadoghq.com,52ca826504df106ff8832a43f4bbdef7d4109a64bc7eb60a56c70a4eeb9d6963,DigiCert Inc,370,1,sha256WithRSAEncryption,2048,RSA,1,v3,0,0
www.linkedin.com,ed13bd4d797ad34fb6bec16fa98ca2914f3b53f2b045ee5508b9d5335f7dbe36,DigiCert Inc,184,1,sha256WithRSAEncryption,2048,RSA,1,v3,0,0
match.sharethrough.com,8711ad000cae2c72843b847d418ca2bb273b05dc8e12ce8c881c0ee1eeb07657,DigiCert Inc,396,1,ecdsa-with-SHA384,256,EC,1,v3,0,0
appcenter.ms,3acdfeab9832c05f30f268bd86942c71394a297c3bc3c89399ba59273ba9a98d,Microsoft Corporation,132,1,sha384WithRSAEncryption,2048,RSA,1,v3,0,0
fundingchoicesmessages.google.com,e51c3ce4d70e43c7262da7e20609b3b751d6d98b8b83fed4a3f56fbb05bba54f,Google Trust Services,83,1,ecdsa-with-SHA256,256,EC,1,v3,0,0
reddit.com,4026117dc787e06ade1c02a778dd486b83e3c9ee2f3d9b1c44a8696df1fdea92,DigiCert Inc,179,1,sha256WithRSAEncryption,2048,RSA,1,v3,0,0
sync.srv.stackadapt.com,4cb59f4cfb984401ea9785e58e037a1aae0f5f627bbb5ab3cb9420929896432a,Amazon,393,1,sha256WithRSAEncryption,2048,RSA,1,v3,0,0
geolocation.onetrust.com,8ac1f4afbe735a053d505becccf16e0d8eb27234fd7394750ec00ffb8fbbc78a,Google Trust Services,90,1,ecdsa-with-SHA256,256,EC,1,v3,0,0
visualstudio.com,2a9eef952ff85f6da70c31890427d684deab16a9af343b9dc7081d93616d4dec,Microsoft Corporation,90,1,sha384WithRSAEncryption,2048,RSA,1,v3,0,0
cdn.pendo.io,5bb0304a1356dbad88f0a49c12ede66fd562b4575d36eecb19305237d4367ead,Google Trust Services,90,1,sha256WithRSAEncryption,2048,RSA,1,v3,0,0
unitedstates.smartscreen.microsoft.com,d86f89b0dbd06336b157da7473fa3b07bac7489a03e879b2b503c7ca1dbb144e,Microsoft Corporation,180,1,sha384WithRSAEncryption,2048,RSA,1,v3,0,0
www.temu.com,e0c4f210533b28606ef5f4f91b2ebabe311eb1cde81ed31a4eeda9032c747589,"GoDaddy.com, Inc.",396,1,sha256WithRSAEncryption,2048,RSA,1,v3,0,0
cs.media.net,df0e080b132c8ec16bebf8a1f08e00b8cf9f494479bd91afa91a35aec11d765d,Sectigo Limited,198,1,ecdsa-with-SHA256,256,EC,1,v3,0,0
fs.microsoft.com,7966aeebcb8cf4596d3d4c9a7681f6e1a23a10083c8a5b93a795bd105c06be3f,Microsoft Corporation,140,1,ecdsa-with-SHA384,256,EC,1,v3,0,0
fastlane.rubiconproject.com,cf0f7e0d169043255e99a0d497bb120f73f9a2076711b8ae5ed0b4ff8767340f,DigiCert Inc,198,1,sha256WithRSAEncryption,2048,RSA,1,v3,0,0
zoom.us,094e8c85300ca15237d67ca50ab0447db9ab377bb3e5e5a3182c209edc2b0fd1,DigiCert Inc,365,1,sha256WithRSAEncryption,2048,RSA,1,v3,0,0
graph-fallback.instagram.com,077c4b71dd8f595202247f831a29144244070d7b6b951ac1c90bd77e7c08ecce,DigiCert Inc,90,1,sha256WithRSAEncryption,256,EC,1,v3,0,0
fe3cr.delivery.mp.microsoft.com,e514fbc9b959351fe42fe86ebf2eb028d7882df1fa06fcccf263e7a092483c83,Microsoft Corporation,365,1,ecdsa-with-SHA384,384,EC,1,v3,0,0
id.rlcdn.com,bdeaecb4104eb51268e215b85cafcaddc1ed6e6adaec991fd87b642dad30b195,Sectigo Limited,393,1,sha256WithRSAEncryption,2048,RSA,1,v3,0,0
insights.static.microsoft,7e4ae21d8086c417bb085a2ae0c15ab2c27c3234e68f12f912b4671131603dce,Microsoft Corporation,180,1,sha384WithRSAEncryption,2048,RSA,1,v3,0,0
dis.criteo.com,953e60f15c6eec7a61c7d15cb7e3ae3191dbbbbd7a720e79b373d9d41ddd9b33,DigiCert Inc,92,1,sha256WithRSAEncryption,256,EC,1,v3,0,0
addin.insights.static.microsoft,2420c78de47a2e632231a68e1b6ef8d4df8f2a5a96e1524e658174e5491ddd1e,Microsoft Corporation,180,1,sha384WithRSAEncryption,2048,RSA,1,v3,0,0
attachments.office.net,394e114f9601996c0a534b8d664c906bab7cb6f7f58c5f2449f13408dab5a0df,DigiCert Inc,198,1,sha256WithRSAEncryption,2048,RSA,1,v3,0,0
chatgpt.com,412f81bf915034436b1dc85fa5c72c5e86ec362eb77b83d18cb36dd4d5319f17,Google Trust Services,90,1,ecdsa-with-SHA256,256,EC,1,v3,0,0
rtb.openx.net,051d71c6ac4191e3b963aa909d25ddbbad046f036695b77bcd4a3baebc007768,DigiCert Inc,372,1,sha256WithRSAEncryption,2048,RSA,1,v3,0,0
mesu.g.aaplimg.com,5433701739e6a6d8a0807b280800b47d578ff1add78d1615398cc8ed11481b76,Apple Inc.,88,1,ecdsa-with-SHA256,256,EC,1,v3,0,0
memex-pa.googleapis.com,c96df46cd4d4baab16c15705b3fdf7748c83cb18d221814df697965aa44ced44,Google Trust Services,83,1,ecdsa-with-SHA256,256,EC,1,v3,0,0
amd-infra.itunes.apple.com,558cb93e8c6dc4397fde70d81b49a0dfe6fddb840ea10e8251d7ea630ce27b91,Apple Inc.,83,1,ecdsa-with-SHA256,256,EC,1,v3,0,0
cp801.prod.do.dsp.mp.microsoft.com,2d618af362d7912c261d339804825e890d11ba86ed66e8250ff046269f8b7b79,Microsoft Corporation,360,1,sha384WithRSAEncryption,2048,RSA,1,v3,0,0
outlook.mira.tm.svc.cloud.microsoft,394e114f9601996c0a534b8d664c906bab7cb6f7f58c5f2449f13408dab5a0df,DigiCert Inc,198,1,sha256WithRSAEncryption,2048,RSA,1,v3,0,0
play-lh.googleusercontent.com,375f72adebe1dd55b35dee3744d40dc6749e5a8a0dc1025790067c8b4658b286,Google Trust Services,83,1,sha256WithRSAEncryption,2048,RSA,1,v3,0,0
cp501.prod.do.dsp.mp.microsoft.com,a68968fdb0660587eb7b9ef36fe254e6b0d0ef8cde82e121a557369e6b852b35,Microsoft Corporation,360,1,sha384WithRSAEncryption,2048,RSA,1,v3,0,0
ssum-sec.casalemedia.com,0a0de9d21710b5a02df8dc3883416f6de87eca1bcd82e8078eec0b38dbf74abf,Let's Encrypt,89,1,ecdsa-with-SHA384,256,EC,1,v3,0,0
fa000000012.resources.office.net,0db841e1575f1366181a40f352366e7c725bc23ec5ece53c42dce4c8d0e5f769,Microsoft Corporation,198,1,ecdsa-with-SHA384,256,EC,1,v3,0,0
in.appcenter.ms,811ff1f71be05203d9073e425a355c62a6672eb3e083db7f971c886bf1f31980,Microsoft Corporation,178,1,sha384WithRSAEncryption,2048,RSA,1,v3,0,0
eus.rubiconproject.com,eec79d0288334fe4199e2febdd56eaa1d16c9e3aedca3dce85c2e6b92f929dc7,DigiCert Inc,189,1,sha256WithRSAEncryption,256,EC,1,v3,0,0
match.prod.bidr.io,8c7e21bb0ab6b6c3473c2768bcad0d3bd31f74dd50389528f7fc4de8cea26f98,Amazon,197,1,sha256WithRSAEncryption,2048,RSA,1,v3,0,0
device-config.pcms.apple.com,be716267d6105b3b2f7ed1fc4f3d0f7b717f4412d9e3fcacab774bd7787fab62,Apple Inc.,85,1,sha256WithRSAEncryption,2048,RSA,1,v3,0,0
api.smoot.apple.com,4f5a1026c474987d073553304b42df0f62b1e83db5985b74cf9f6f9bbfaa5b0e,Apple Inc.,85,1,ecdsa-with-SHA256,256,EC,1,v3,0,0
i.liadm.com,61e1137cec029424c8f49db5bdbce5cea95d720b4610618b283293cfa3ab477a,Amazon,393,1,sha256WithRSAEncryption,2048,RSA,1,v3,0,0
xp.itunes-apple.com.akadns.net,5433701739e6a6d8a0807b280800b47d578ff1add78d1615398cc8ed11481b76,Apple Inc.,88,1,ecdsa-with-SHA256,256,EC,1,v3,0,0
tsfe.trafficshaping.dsp.mp.microsoft.com,a524e8ae845eea358ff1104f719676475a89bd1301050597a30841b9b65be711,Microsoft Corporation,365,1,sha256WithRSAEncryption,2048,RSA,1,v3,0,0
geller-pa.googleapis.com,c96df46cd4d4baab16c15705b3fdf7748c83cb18d221814df697965aa44ced44,Google Trust Services,83,1,ecdsa-with-SHA256,256,EC,1,v3,0,0
prod-lt-playstoregatewayadapter-pa.googleapis.com,c96df46cd4d4baab16c15705b3fdf7748c83cb18d221814df697965aa44ced44,Google Trust Services,83,1,ecdsa-with-SHA256,256,EC,1,v3,0,0
disc601.prod.do.dsp.mp.microsoft.com,afc1e7657f7640ead6afc0007cd9911f3a0198a3e6f8a0091cf5dc1ee2c2eb60,Microsoft Corporation,360,1,sha384WithRSAEncryption,2048,RSA,1,v3,0,0
meetings.googleapis.com,c96df46cd4d4baab16c15705b3fdf7748c83cb18d221814df697965aa44ced44,Google Trust Services,83,1,ecdsa-with-SHA256,256,EC,1,v3,0,0
hbopenbid.pubmatic.com,97b6db2d6e8ec06c3605d137728be74beeebe760a444f65b0ebed5799313a0f9,DigiCert Inc,394,1,sha256WithRSAEncryption,2048,RSA,1,v3,0,0
dit.whatsapp.net,47cd1cf3e6b7df4cf2197d57ee0df82e0dc12393a4e3dfc17f2681f2e0707fd6,DigiCert Inc,90,1,sha256WithRSAEncryption,256,EC,1,v3,0,0
fwmrm.net,f6826813b273454fd0c1aa48bef3d9e0906ba56df541c4d356e2a5550df9dfca,DigiCert Inc,396,1,sha256WithRSAEncryption,2048,RSA,1,v3,0,0
api.whatsapp.net,47cd1cf3e6b7df4cf2197d57ee0df82e0dc12393a4e3dfc17f2681f2e0707fd6,DigiCert Inc,90,1,sha256WithRSAEncryption,256,EC,1,v3,0,0
inbox.google.com,a471b8dbeed03076f3692e0473fb44ede9c075db1b5c20ea3488f205dc201874,Google Trust Services,83,1,ecdsa-with-SHA256,256,EC,1,v3,0,0
cl2.apple.com,24d307b3eae294b5e9dac3eee0ff841369cccc1ba61ed2784a6036459640fd50,Apple Inc.,189,1,sha256WithRSAEncryption,2048,RSA,1,v3,0,0
gspe19-2-ssl.ls.apple.com,4fc32d766632ed9e24fd70c91e30e76502793f026b0bdbbff8b66d421e12ebbb,Apple Inc.,162,1,ecdsa-with-SHA256,256,EC,1,v3,0,0
gsp10-ssl.apple.com,c41ccf36ad8592a7fbb295c69f5bb66afb1ffc4c12c6ace54819450ad331cf2e,Apple Inc.,85,1,ecdsa-with-SHA256,256,EC,1,v3,0,0
gateway.instagram.com,077c4b71dd8f595202247f831a29144244070d7b6b951ac1c90bd77e7c08ecce,DigiCert Inc,90,1,sha256WithRSAEncryption,256,EC,1,v3,0,0
worldaz.relay.teams.microsoft.com,7d898d65ac8e4d0e22e2a843e644122c81315da0c8c33e14a25eca3ece140938,Microsoft Corporation,180,1,sha384WithRSAEncryption,2048,RSA,1,v3,0,0
contextweb.com,2bc05de05c9084e752b6dbaf5c1e4da3ca54a47d2a93d1404af3cd148e586e97,Sectigo Limited,198,1,sha256WithRSAEncryption,2048,RSA,1,v3,0,0
trc.taboola.com,d47c9790f81d639ec28d7660f39890f34926ecbfc928147f6b49a41e7cebf10d,DigiCert Inc,386,1,sha256WithRSAEncryption,2048,RSA,1,v3,0,0
33across.com,8f469abb0d6881dc4f3921f452ac770f880b85b3ba990bd8ac799178351575ea,Let's Encrypt,89,1,sha256WithRSAEncryption,2048,RSA,1,v3,0,0
yieldmo.com,05f028459ccd5174682c7c2e41ae8424befc10ad5dcb05981f615869e2d12193,Let's Encrypt,89,1,sha256WithRSAEncryption,2048,RSA,1,v3,0,0
b1.nel.goog,11f48795e67f884afed2ee1de8abd62e5d7773b2e5d7ff3470dd643c16cdda3a,Google Trust Services,83,1,ecdsa-with-SHA256,256,EC,1,v3,0,0
oauth2.googleapis.com,c96df46cd4d4baab16c15705b3fdf7748c83cb18d221814df697965aa44ced44,Google Trust Services,83,1,ecdsa-with-SHA256,256,EC,1,v3,0,0
android.apis.google.com,f38719b0f38912634ab9e2e65ff26b597bf2890c79201df3f6057cee0bd8eac7,Google Trust Services,83,1,ecdsa-with-SHA256,256,EC,1,v3,0,0
oauth.officeapps.live.com,36434063ebc97187efadca5b083e1981f0fffbc6f7b40cac91ea0bcbbfd46aa9,Microsoft Corporation,198,1,sha384WithRSAEncryption,2048,RSA,1,v3,0,0
s.mzstatic.com,20030ff7dfafdea1b2b010f56f1fecdbe2ac0a5a94029978e3d674c6a721986c,Apple Inc.,190,1,sha256WithRSAEncryption,2048,RSA,1,v3,0,0
dgw.c10r.facebook.com,a052e9732a44d4449a668f6058c2e7093afb9304f7f89fc33fcb127ed1502749,DigiCert Inc,90,1,sha256WithRSAEncryption,256,EC,1,v3,0,0
eu-office.events.data.microsoft.com,1ffca0ecb04ff7d78c6644e8eac8ef7e17a6e7a03c6d5704952e00caa35915d3,Microsoft Corporation,148,1,sha384WithRSAEncryption,2048,RSA,1,v3,0,0
dt.adsafeprotected.com,2ee8d437ec79f5d85bb77babdc5951bf67df0c48aa68b0c8631676fd8254a455,Amazon,394,1,sha256WithRSAEncryption,2048,RSA,1,v3,0,0
c1.adform.net,0835aa23748d2995d5b036f04010c6e4d08894138ef491f1368c0218ac911710,DigiCert Inc,396,1,sha256WithRSAEncryption,2048,RSA,1,v3,0,0
sitescout.com,6b35c46a1cca0d34b9cdb99c4a4580dad605d3a717657e5f724b66fb5221ff4f,Let's Encrypt,89,1,sha256WithRSAEncryption,2048,RSA,1,v3,0,0
time.google.com,b76f6c76ef8e25fe6c12d49b387006edefb56ccbb1e92e13a6530565b86f3452,Google Trust Services,83,1,ecdsa-with-SHA256,256,EC,1,v3,0,0
smp-device-content.apple.com,50bca4c328f4695833c55f1ef76a55b8007ff5dfab5074cec141914ed19b0b0d,Apple Inc.,89,1,ecdsa-with-SHA256,256,EC,1,v3,0,0
rtb-csync.smartadserver.com,00d4b05c3ab1ca37371d6021fd5864222ac3de1743e41a673b6e1d385ed4da17,DigiCert Inc,371,1,ecdsa-with-SHA384,256,EC,1,v3,0,0
giphy.com,fc72b04f85e4c240b3dd3cc92cde740553d2ec7f606f53303e5cbe9b008e5838,GlobalSign nv-sa,198,1,sha256WithRSAEncryption,2048,RSA,1,v3,0,0
sstats.adobe.com,0fbac6b90a722fb1aa8e3504eedd53abce5459d6cca95ce695c23471a674cca6,DigiCert Inc,396,1,sha256WithRSAEncryption,256,EC,1,v3,0,0
b1sync.outbrain.com,bd0dff32f787d14c8a2333b9bacb20848a7fdefca0bcebf2ab724f0e232231f8,DigiCert Inc,374,1,sha256WithRSAEncryption,2048,RSA,1,v3,0,0
a2030.dscapi9.akamai.net,792ce717b665ca8a0aedf9f7a3ba68bd15b7bf81da354e2c7dc4869bf9f22e62,DigiCert Inc,365,1,ecdsa-with-SHA384,256,EC,1,v3,0,0
ads.yieldmo.com,170885f63df43c7f24c8b78dfcf1f224477917731164a6adc52ec94dee431fd6,DigiCert Inc,396,1,sha256WithRSAEncryption,2048,RSA,1,v3,0,0
postrelease.com,1771b56875c18aa6ae0b77c64653bed74d61d6f1898b52543c26f9bda319b06d,Amazon,394,1,sha256WithRSAEncryption,2048,RSA,1,v3,0,0
watson.events.data.microsoft.com,53fa8bbb9a2bd75ad3d293a51db57efc3ca2e92e0e2d4bc67196f953b63b51f5,Microsoft Corporation,365,1,sha256WithRSAEncryption,2048,RSA,1,v3,0,0
nexusrules.officeapps.live.com,49bb5b625fac78fbf2d952160dbb62bdd4ef033ce51b734a523a3aaa1b503bb6,Microsoft Corporation,180,1,sha384WithRSAEncryption,2048,RSA,1,v3,0,0
www.instagram.com,070af87b2840d4ed0976d098dd148d024d1d21f6a630bab2f4ad881829bf3bae,DigiCert Inc,90,1,sha256WithRSAEncryption,2048,RSA,1,v3,0,0
metadata.templates.cdn.office.net,f0eddd9af2e275d42d3151e91a7553f443128e91770dee2b8ee1582c87708608,Microsoft Corporation,320,1,ecdsa-with-SHA384,256,EC,1,v3,0,0
pixel-sync.sitescout.com,d94c5259b95194856577b521e8bf3c433e5419d0c2186d6fe2107aee8c36547b,Google Trust Services,90,1,sha256WithRSAEncryption,2048,RSA,1,v3,0,0
aks-prod-eastus.access-point.cloudmessaging.edge.microsoft.com,92e3cbefa49b80c6db2fbcc03fb17b50bf77a041320b6a19287225aabf5f557d,Microsoft Corporation,180,1,sha384WithRSAEncryption,2048,RSA,1,v3,0,0
inappcheck.itunes.apple.com,f9b671efcb88f421a93b4f09d6dc1bd1afebe6e9e82d48e1cb0d1539b26df19e,Apple Inc.,195,1,sha256WithRSAEncryption,2048,RSA,1,v3,0,0
pinimg.com,2e69232e93681fe002950f2de73cf46c422805c10eabebbd81e7bcb39ac47278,DigiCert Inc,391,1,sha256WithRSAEncryption,2048,RSA,1,v3,0,0
na01.safelinks.protection.outlook.com,20ee41fbfd26c1eec6a3ef14d9d846b05068e00b71b36e80aaf380445c02ecdf,Microsoft Corporation,360,1,sha384WithRSAEncryption,2048,RSA,1,v3,0,0
c.clarity.ms,3baac020035b1db8a34404ec89ea3425749641f18a7ea42311ff2207c09c99c0,Microsoft Corporation,118,1,sha384WithRSAEncryption,2048,RSA,1,v3,0,0
cdn.id5-sync.com,24cddf252848834aa43c4cd04fd2ec57960259c2a055802a555718a3dcd00e9e,Google Trust Services,90,1,ecdsa-with-SHA256,256,EC,1,v3,0,0
onetag-sys.com,5756d5467e7e207d2213241a84d975a374e13928fe6ba681ded2e8dbc5489a83,DigiCert Inc,395,1,ecdsa-with-SHA384,256,EC,1,v3,0,0
image8.pubmatic.com,97b6db2d6e8ec06c3605d137728be74beeebe760a444f65b0ebed5799313a0f9,DigiCert Inc,394,1,sha256WithRSAEncryption,2048,RSA,1,v3,0,0
htlb.casalemedia.com,0a0de9d21710b5a02df8dc3883416f6de87eca1bcd82e8078eec0b38dbf74abf,Let's Encrypt,89,1,ecdsa-with-SHA384,256,EC,1,v3,0,0
ad.360yield.com,875792e1b3cf1de0d69369b31fbd9f849d7bd81c26bca8bd6fa0e0323959a796,Sectigo Limited,390,1,sha256WithRSAEncryption,2048,RSA,1,v3,0,0
jquery.com,0f81735dd5e8d5c5411bc464a72747721d610803c66c56578cc8120158e57910,Google Trust Services,90,1,ecdsa-with-SHA256,256,EC,1,v3,0,0
unity3d.com,0510b61f6c6aab9f9ec41613c093eef9298a931203735f133a43bea23a5b44d0,DigiCert Inc,368,1,sha256WithRSAEncryption,2048,RSA,1,v3,0,0
appsgenaiserver-pa.clients6.google.com,368322a003a6b9f08065139b1ef9e13e6469a65169c8003fdd2f5f536d236360,Google Trust Services,83,1,ecdsa-with-SHA256,256,EC,1,v3,0,0
gsas.apple.com,11d51691d004ab2d5e45a2da4b2e4f6f4fc4da4beb6d9b4a9905d6574bb6fd50,Apple Inc.,391,1,sha256WithRSAEncryption,2048,RSA,1,v3,0,0
code.jquery.com,9a64206ff5dcf18ad6b2d093c27e62860b1ad524cfce4a9f4c0df1fbf2a0a81e,Sectigo Limited,379,1,ecdsa-with-SHA256,256,EC,1,v3,0,0
acdn.adnxs.com,59426f4d54dfc8f546a0fa2405c704462a4b121054f3cd6d55c4593995424560,DigiCert Inc,396,1,sha256WithRSAEncryption,2048,RSA,1,v3,0,0
common.online.office.com,36434063ebc97187efadca5b083e1981f0fffbc6f7b40cac91ea0bcbbfd46aa9,Microsoft Corporation,198,1,sha384WithRSAEncryption,2048,RSA,1,v3,0,0
people-pa.clients6.google.com,368322a003a6b9f08065139b1ef9e13e6469a65169c8003fdd2f5f536d236360,Google Trust Services,83,1,ecdsa-with-SHA256,256,EC,1,v3,0,0
indexww.com,8722fae51c712c5e76d2afd039fef489e4e36f0aa0d5f427156dea82aaa5eefd,Google Trust Services,90,1,ecdsa-with-SHA256,256,EC,1,v3,0,0
playstoregatewayadapter-pa.googleapis.com,c96df46cd4d4baab16c15705b3fdf7748c83cb18d221814df697965aa44ced44,Google Trust Services,83,1,ecdsa-with-SHA256,256,EC,1,v3,0,0
bh.contextweb.com,2bc05de05c9084e752b6dbaf5c1e4da3ca54a47d2a93d1404af3cd148e586e97,Sectigo Limited,198,1,sha256WithRSAEncryption,2048,RSA,1,v3,0,0
translate.googleapis.com,c96df46cd4d4baab16c15705b3fdf7748c83cb18d221814df697965aa44ced44,Google Trust Services,83,1,ecdsa-with-SHA256,256,EC,1,v3,0,0
user-sync.fwmrm.net,f6826813b273454fd0c1aa48bef3d9e0906ba56df541c4d356e2a5550df9dfca,DigiCert Inc,396,1,sha256WithRSAEncryption,2048,RSA,1,v3,0,0
gspe19-ssl.ls.apple.com,e16f9c24d828b121579257fcc46baa2c18ae615a337898e2234542dcaedd127b,Apple Inc.,189,1,sha256WithRSAEncryption,2048,RSA,1,v3,0,0
is1-ssl.mzstatic.com,f0c67cd3e961faaa03331ebb654afad1e05174067eabe11b8930f0d27e6f5f71,Apple Inc.,189,1,sha256WithRSAEncryption,2048,RSA,1,v3,0,0
gs-loc-new.ls-apple.com.akadns.net,fa1bb899f31ba6f8a1f6d66112501f334a6acc0e123d274e8e3645b85401b9f9,Apple Inc.,359,1,ecdsa-with-SHA256,256,EC,1,v3,0,0
s.ad.smaato.net,668c525f1c7b4f926de2bc901813aedd97014056e29201cbdc8faaef4554c429,Sectigo Limited,365,1,ecdsa-with-SHA256,256,EC,1,v3,0,0
chromereporting-pa.googleapis.com,c96df46cd4d4baab16c15705b3fdf7748c83cb18d221814df697965aa44ced44,Google Trust Services,83,1,ecdsa-with-SHA256,256,EC,1,v3,0,0
ssp-sync.criteo.com,953e60f15c6eec7a61c7d15cb7e3ae3191dbbbbd7a720e79b373d9d41ddd9b33,DigiCert Inc,92,1,sha256WithRSAEncryption,256,EC,1,v3,0,0
cl4.apple.com,24d307b3eae294b5e9dac3eee0ff841369cccc1ba61ed2784a6036459640fd50,Apple Inc.,189,1,sha256WithRSAEncryption,2048,RSA,1,v3,0,0
amp-api.media.apple.com,72ca15416ce3be68edbc64b012628953a17078f4c91e69a767fcdc2983c4ce67,Apple Inc.,189,1,sha256WithRSAEncryption,2048,RSA,1,v3,0,0
dc.services.visualstudio.com,d7ac83fc94aff871cad351c7caf66c14167ff227a1e260b8908d64ab3a0c6564,Microsoft Corporation,180,1,sha384WithRSAEncryption,2048,RSA,1,v3,0,0
disc801.prod.do.dsp.mp.microsoft.com,2d618af362d7912c261d339804825e890d11ba86ed66e8250ff046269f8b7b79,Microsoft Corporation,360,1,sha384WithRSAEncryption,2048,RSA,1,v3,0,0
guzzoni.apple.com,c10b108fb1899e3c18bb63fa52baa512620557dd8a119d91365f03a89a81737d,Apple Inc.,87,1,ecdsa-with-SHA256,256,EC,1,v3,0,0
dns.google,92e7eb82848faaa9105909f8a31def1bcd8e741c96d60eccc6db5169c9f968e6,Google Trust Services,83,1,ecdsa-with-SHA256,256,EC,1,v3,0,0
e6858.dsce9.akamaiedge.net,04183fea3b7dbc238985724a8b1d8fcb61bf5bb1007551250dbf3a4cf8c2c565,Apple Inc.,187,1,sha256WithRSAEncryption,2048,RSA,1,v3,0,0
bugsnag.com,460df34c325270a6461483778569b2aa56a0dc697de644e832fc95b028007fdc,DigiCert Inc,198,1,sha256WithRSAEncryption,2048,RSA,1,v3,0,0
branch.io,b05c75b909e3cf5c2f1025af3dc96842a078de8ee2bacc548ec6f93461a39665,Amazon,394,1,sha256WithRSAEncryption,2048,RSA,1,v3,0,0
t.adx.opera.com,cafcdac03a27567bd9f5213597c1ac2b8c905f0fc76b3272d084cc06fa6a7de7,Trust Provider B.V.,395,0,sha256WithRSAEncryption,2048,RSA,1,v3,0,0
braze.com,baa9f4423ff0ed4ba99e73de309b7ed20176032d9cda423d65d952395111001d,Let's Encrypt,89,1,ecdsa-with-SHA384,256,EC,1,v3,0,0
mqtt.c10r.facebook.com,fc4ced33b2b92e649e1de0dfdc30222aa2337648e25ddd8431b99cc78fb5f5df,DigiCert Inc,90,1,sha256WithRSAEncryption,256,EC,1,v3,0,0
taskassist-pa.googleapis.com,c96df46cd4d4baab16c15705b3fdf7748c83cb18d221814df697965aa44ced44,Google Trust Services,83,1,ecdsa-with-SHA256,256,EC,1,v3,0,0
atm.outlook.mira.tm.svc.cloud.microsoft,394e114f9601996c0a534b8d664c906bab7cb6f7f58c5f2449f13408dab5a0df,DigiCert Inc,198,1,sha256WithRSAEncryption,2048,RSA,1,v3,0,0
gdmf.v.aaplimg.com,4729373199ac4740e6428dc47ab2659f3b2b315fa9b2b86a8268e6e0b41ecc64,Apple Inc.,392,1,sha256WithRSAEncryption,2048,RSA,1,v3,0,0
ap.lijit.com,85bbff164d8390b42bce29610eb0f4aa2cc2934a7418884bb7584e9616485d0c,Let's Encrypt,89,1,ecdsa-with-SHA384,256,EC,1,v3,0,0
jadserve.postrelease.com,1771b56875c18aa6ae0b77c64653bed74d61d6f1898b52543c26f9bda319b06d,Amazon,394,1,sha256WithRSAEncryption,2048,RSA,1,v3,0,0
snap.licdn.com,9e3fc5fd00c1e686b9dba262e60bf54b5bd5ca0609e18a618e991809a035b5d5,DigiCert Inc,364,1,sha256WithRSAEncryption,2048,RSA,1,v3,0,0
aax.amazon-adsystem.com,52996061e866f044b6fa4de76d5fb9eb4d1f485d43c00a0e95c73169a4827108,Amazon,197,1,sha256WithRSAEncryption,2048,RSA,1,v3,0,0
ssbsync.smartadserver.com,00d4b05c3ab1ca37371d6021fd5864222ac3de1743e41a673b6e1d385ed4da17,DigiCert Inc,371,1,ecdsa-with-SHA384,256,EC,1,v3,0,0
tlx.3lift.com,65213161a027372c101921e34752f4727b949b5f86d03eb829d5b17b86c5f5f3,Amazon,393,1,sha256WithRSAEncryption,2048,RSA,1,v3,0,0
metrics.icloud.com,d4b46ddd532d96ab5b9ea39b19ac129bb22795e13a604e497f686057c1c848a7,Apple Inc.,394,1,ecdsa-with-SHA256,256,EC,1,v3,0,0
res.df.onecdn.static.microsoft,273ad0504de06c8e735e92c6131025ef5697fd24d753e48f8c2c0ad80d97f29a,Microsoft Corporation,180,1,sha384WithRSAEncryption,2048,RSA,1,v3,0,0
a-mo.net,93cb855c5aa4215e192fff9acc35218311c946e60d6487ecbaa1e2367f7a2b20,Amazon,394,1,sha256WithRSAEncryption,2048,RSA,1,v3,0,0
wg.spotify.com,92584d1484c73f6015e39db88a38ef054484d98b9b86adea399ae7cb5542e873,DigiCert Inc,365,1,sha256WithRSAEncryption,2048,RSA,1,v3,0,0
clientstream.launchdarkly.com,8150197974335fad64bc21a7b7e6eecd4c177393459eb79a1f3f8062bbdb2479,Amazon,197,1,sha256WithRSAEncryption,2048,RSA,1,v3,0,0
u.openx.net,051d71c6ac4191e3b963aa909d25ddbbad046f036695b77bcd4a3baebc007768,DigiCert Inc,372,1,sha256WithRSAEncryption,2048,RSA,1,v3,0,0
peoplestack-pa.googleapis.com,c96df46cd4d4baab16c15705b3fdf7748c83cb18d221814df697965aa44ced44,Google Trust Services,83,1,ecdsa-with-SHA256,256,EC,1,v3,0,0
fontawesome.com,2a785bb0ccfac98b5186b1fa62edc7b8bc18153d91fc87539ee0af8c08d1172f,Google Trust Services,90,1,ecdsa-with-SHA256,256,EC,1,v3,0,0
nist.gov,52c02a36e06c51077540194c33e50160cbabbf8f81aaa57351674af8727c1456,Let's Encrypt,89,1,ecdsa-with-SHA384,256,EC,1,v3,0,0
nrdp.prod.cloud.netflix.com,e5dd129c143c4ebd28f47118b98a4fc691c7070c439539bfd12ea8749d6a9a63,DigiCert Inc,180,1,ecdsa-with-SHA384,256,EC,1,v3,0,0
static.criteo.net,fa1231101b09630c553c27e50eac8c5bd04f9beaa4bd77966e4a7b59968ed915,DigiCert Inc,88,1,sha256WithRSAEncryption,256,EC,1,v3,0,0
qualtrics.com,a1d18523e19c60f525d8503374fae9f3a3e3e1d0a84874ebec02121beb9b86cc,DigiCert Inc,364,1,sha256WithRSAEncryption,2048,RSA,1,v3,0,0
spclient.wg.spotify.com,92584d1484c73f6015e39db88a38ef054484d98b9b86adea399ae7cb5542e873,DigiCert Inc,365,1,sha256WithRSAEncryption,2048,RSA,1,v3,0,0
services.autopatch.microsoft.com,f21a83366b0bd92dcbad1fda4537b89d0a7f5dc39e295fc67cb982f53a5018f7,DigiCert Inc,181,1,sha256WithRSAEncryption,2048,RSA,1,v3,0,0
sync-tm.everesttech.net,75828155d6db3fcca56f3a3037f8450dd67296b6a405666e14baed52f5856a99,GlobalSign nv-sa,396,1,sha256WithRSAEncryption,2048,RSA,1,v3,0,0
jsconfig.adsafeprotected.com,ec864186b218d5d0350c39714d86f0807d33462e7a1646498c1ee96d20b6c15a,Sectigo Limited,396,1,ecdsa-with-SHA256,384,EC,1,v3,0,0
cstat.cdn-apple.com,a62fdbc39a01384bcbdcaaba1c28d42f1af2c3ee0c8cc502c784c65f458b7952,Apple Inc.,188,1,ecdsa-with-SHA256,256,EC,1,v3,0,0
config.aps.amazon-adsystem.com,9b83f7e75d3272d42b0629bd9763797c752db8b9b8d66e10c9cb9d66d9b3450e,Amazon,394,1,sha256WithRSAEncryption,2048,RSA,1,v3,0,0
p13n.adobe.io,893577dee24c8d0fae820e13afdfa1d042e059f1736ad4e872d66c8c13710aac,DigiCert Inc,396,1,sha256WithRSAEncryption,2048,RSA,1,v3,0,0
eu-1-id5-sync.com,679c452ee5336c4ab58d25754b36d740d0999c758a9982ca5f22d8b650ac831b,Google Trust Services,90,1,ecdsa-with-SHA256,256,EC,1,v3,0,0
launches.appsflyersdk.com,218e226aa548695000bb8ae1c0ec365d0e84deaf8da0716c9927a6385d907157,Amazon,394,1,sha256WithRSAEncryption,2048,RSA,1,v3,0,0
noam.cc.skype.com,2cf89886d3e1db0c343fa3c040a89b0fdb6d1c5c9d2d8eb1228f6f8525c975c2,Microsoft Corporation,180,1,sha384WithRSAEncryption,2048,RSA,1,v3,0,0
flashtalking.com,519b247e53c96d23f307ed054f0cffa8dd9d4a6ffe7441a31fd811b005a55f5d,DigiCert Inc,370,1,sha256WithRSAEncryption,2048,RSA,1,v3,0,0
tremorhub.com,7e6ab5dd6ff205ce8a37b267524e515dfeccf44459b0430cc7b3d7e062131cf2,Amazon,197,1,sha256WithRSAEncryption,2048,RSA,1,v3,0,0
admanmedia.com,797f72d4f69a70176f6ccb9b69c9bc3f5dbbe968324bc40b62c7cf7f2aeab3d6,DigiCert Inc,366,1,ecdsa-with-SHA384,256,EC,1,v3,0,0
unitedstates.cp.wd.microsoft.com,c1b37344ac4ae98721f12394a98bf77438fc8337698e514c007677ff99b43e3c,Microsoft Corporation,242,1,sha256WithRSAEncryption,2048,RSA,1,v3,0,0
cms.quantserve.com,afb2bb0355aaf079c8a529e297d4922a20f86448d3c0e250a239cdbe95b7c02f,Let's Encrypt,89,1,sha256WithRSAEncryption,2048,RSA,1,v3,0,0
quickconnect.to,f271e6529f5a28ce7b7deae0f8c200d26f9f223a755032e141dbf50415a24a73,Sectigo Limited,396,1,sha256WithRSAEncryption,2048,RSA,1,v3,0,0
simpli.fi,8213b424fddf07c4036a563e0d6b38e299448fed2e42f84bdadb153118c4cdda,Let's Encrypt,89,1,ecdsa-with-SHA384,256,EC,1,v3,0,0
img.youtube.com,e51c3ce4d70e43c7262da7e20609b3b751d6d98b8b83fed4a3f56fbb05bba54f,Google Trust Services,83,1,ecdsa-with-SHA256,256,EC,1,v3,0,0
loopme.me,0c0ca982686024e2e40fe3a74361ba3dbc9311c76d0595cf588e931c79527ee1,Let's Encrypt,89,1,sha256WithRSAEncryption,2048,RSA,1,v3,0,0
login.microsoftonline.us,10d85f86fda1155dcb60b40d0559465bff22657ac36bdb0e6fe7e37ae8869879,DigiCert Inc,180,1,sha256WithRSAEncryption,2048,RSA,1,v3,0,0
api.snapchat.com,a2679a18e0132051ecf9116bd45be1a31d8b80c36becab794c286552bac48ad9,Google Trust Services,83,1,sha256WithRSAEncryption,2048,RSA,1,v3,0,0
geo2.adobe.com,87750818085e33bb31aa18d4ce3b22aef5ea5b439df24aaceb8f8802b6ccc26e,DigiCert Inc,364,1,sha256WithRSAEncryption,2048,RSA,1,v3,0,0
xp-cdn-lb.itunes-apple.com.akadns.net,5433701739e6a6d8a0807b280800b47d578ff1add78d1615398cc8ed11481b76,Apple Inc.,88,1,ecdsa-with-SHA256,256,EC,1,v3,0,0
ad.turn.com,363615c52bbafb26068adb9c2b7355d8a4e4ab9abd538d1ab6f7a805afc4c80b,Sectigo Limited,396,1,sha256WithRSAEncryption,2048,RSA,1,v3,0,0
valid.apple.com,fe4288eb55ed98bb6da87b758d4c9979c147b6e14cc72e73b0d660752ad9c6a0,Apple Inc.,85,1,sha256WithRSAEncryption,2048,RSA,1,v3,0,0
image6.pubmatic.com,97b6db2d6e8ec06c3605d137728be74beeebe760a444f65b0ebed5799313a0f9,DigiCert Inc,394,1,sha256WithRSAEncryption,2048,RSA,1,v3,0,0
deepintent.com,c562ba221de0c1b3c870a97d6a9b4c6dfa0ae2603afa2d20f8643afb9a274e29,Google Trust Services,90,1,ecdsa-with-SHA256,256,EC,1,v3,0,0
hotjar.com,7915b90756a39213335d924d5b5aa9b9641495b13a65ec6f369cae2cedf3de80,Amazon,393,1,sha256WithRSAEncryption,2048,RSA,1,v3,0,0
res-4.public.onecdn.static.microsoft,6c0c53ec69ffcd2cce15c83accfd155a0991459952cb1289ea4d7933990936ab,Microsoft Corporation,180,1,sha384WithRSAEncryption,2048,RSA,1,v3,0,0
star.fallback.c10r.facebook.com,fc4ced33b2b92e649e1de0dfdc30222aa2337648e25ddd8431b99cc78fb5f5df,DigiCert Inc,90,1,sha256WithRSAEncryption,256,EC,1,v3,0,0
applovin.com,2376978582e6bbdb5031f10df2874b37cc3c01b1fcce1c459395ea54581cd1d8,Google Trust Services,90,1,sha256WithRSAEncryption,2048,RSA,1,v3,0,0
diagnostics.office.com,1519622490b6e7c8547fdd259133dd61e48ae35614c955fbbe180c82c91b674b,Microsoft Corporation,180,1,sha384WithRSAEncryption,2048,RSA,1,v3,0,0
microsoft365.com,8f3ac83490b30f63f8ed04893ba88179ee156886f27acc395a5dfdda052563e9,Microsoft Corporation,180,1,sha384WithRSAEncryption,2048,RSA,1,v3,0,0
static2.sharepointonline.com,e9a45611003263dad6cb9ce5a904cc94860077ab9bb4c61e4838b081aeaa40c0,DigiCert Inc,180,1,ecdsa-with-SHA384,256,EC,1,v3,0,0
nrdp.logs.netflix.com,75ea2c2551e9d537e6b217c90e60feb6816f33a3e8a5cca98f7fc2ab13702694,Netflix,90,0,ecdsa-with-SHA256,256,EC,1,v3,0,0
netflix.net,1566e3509feafd8c2b6bbf8f2c17caa32d257c2a27e5e83f8ed93172e616094e,Google Trust Services,89,1,sha256WithRSAEncryption,256,EC,1,v3,0,0
www.cisco.com,ee2abf62440130401b0e5c35e3b23141cef1e62dc6a24cf17b2d079e828779ba,IdenTrust,369,1,sha256WithRSAEncryption,2048,RSA,1,v3,0,0
ris.api.iris.microsoft.com,bb08d48a712306b5a34c11642867a7f4b3b9855c81d86172f739f54382354814,Microsoft Corporation,180,1,sha384WithRSAEncryption,2048,RSA,1,v3,0,0
www.microsoft365.com,8f3ac83490b30f63f8ed04893ba88179ee156886f27acc395a5dfdda052563e9,Microsoft Corporation,180,1,sha384WithRSAEncryption,2048,RSA,1,v3,0,0
lb.eu-1-id5-sync.com,22a05824061c3ae2a99b96212ccd5139dd45298b726088dbec6f8e1378512e88,Let's Encrypt,89,1,sha256WithRSAEncryption,2048,RSA,1,v3,0,0
js-sec.indexww.com,8722fae51c712c5e76d2afd039fef489e4e36f0aa0d5f427156dea82aaa5eefd,Google Trust Services,90,1,ecdsa-with-SHA256,256,EC,1,v3,0,0
nrdp.prod.ftl.netflix.com,fa13db574abd7894eb84ce285d2c35b47f47e980e52723e50c5a78326abd8119,DigiCert Inc,36,1,ecdsa-with-SHA384,256,EC,1,v3,0,0
apple-relay.cloudflare.com,219f4c045e9036c7fea4c795db85ddc2c0a3514d9ec56bdbf9412c7a939e0959,Google Trust Services,90,1,ecdsa-with-SHA256,256,EC,1,v3,0,0
sync.ipredictive.com,8f3f9e32aa9700a30be454e2b1609dec5d03e1735c8325125132b528f595bbf5,Amazon,393,1,sha256WithRSAEncryption,2048,RSA,1,v3,0,0
bootstrapcdn.com,876a3db23d15731ac13bd60863f9533eadb4fc80bff0c3416a10cded43ac41ab,Google Trust Services,90,1,ecdsa-with-SHA256,256,EC,1,v3,0,0
disc501.prod.do.dsp.mp.microsoft.com,a68968fdb0660587eb7b9ef36fe254e6b0d0ef8cde82e121a557369e6b852b35,Microsoft Corporation,360,1,sha384WithRSAEncryption,2048,RSA,1,v3,0,0
e3528.dscg.akamaiedge.net,fe5978cc2ee14d051b936a6107d3a03c14ace1ed67b0e44ad99aee47d191af52,Apple Inc.,45,1,ecdsa-with-SHA256,256,EC,1,v3,0,0
cf.iadsdk.apple.com,fe8a2fd2f65973723d9143c06c2233dd843981a72263ea4d5c7a01a69146a5b4,Apple Inc.,190,1,sha256WithRSAEncryption,2048,RSA,1,v3,0,0
dell.com,0b99c429d95fb5bb59d4bf31d919e4d9d604be11be5f5b0822616505f94ae30f,DigiCert Inc,396,1,sha256WithRSAEncryption,2048,RSA,1,v3,0,0
configuration.apple.com.akadns.net,5433701739e6a6d8a0807b280800b47d578ff1add78d1615398cc8ed11481b76,Apple Inc.,88,1,ecdsa-with-SHA256,256,EC,1,v3,0,0
www.redditstatic.com,fc93b264fd1009e1ea3ca3f112d1a20cc9ac35ef9138983d3f6fe5ed0803a24c,DigiCert Inc,179,1,sha256WithRSAEncryption,2048,RSA,1,v3,0,0
world-gen.g.aaplimg.com,5433701739e6a6d8a0807b280800b47d578ff1add78d1615398cc8ed11481b76,Apple Inc.,88,1,ecdsa-with-SHA256,256,EC,1,v3,0,0
juicyscore.com,dd6ad9f1ffcbe1e603c9d537f2ddf641459b6740e8df71e3e605dcbbf940e51e,GlobalSign nv-sa,199,1,sha256WithRSAEncryption,4096,RSA,1,v3,0,0
match.deepintent.com,e386816b245927a6cfb95373f805ec3e0f2e46920b216a94a961db8dfe87b877,"GoDaddy.com, Inc.",365,1,sha256WithRSAEncryption,2048,RSA,1,v3,0,0
d.juicyscore.com,2807b09b6ed5c9b62d13104dd2b082fcf323d623ab188b7a7a9cd12bf8d6b9ee,GlobalSign nv-sa,396,1,sha256WithRSAEncryption,4096,RSA,1,v3,0,0
tools.google.com,e51c3ce4d70e43c7262da7e20609b3b751d6d98b8b83fed4a3f56fbb05bba54f,Google Trust Services,83,1,ecdsa-with-SHA256,256,EC,1,v3,0,0
image2.pubmatic.com,97b6db2d6e8ec06c3605d137728be74beeebe760a444f65b0ebed5799313a0f9,DigiCert Inc,394,1,sha256WithRSAEncryption,2048,RSA,1,v3,0,0
aefd.nelreports.net,f1963f1654578282a4f813407142a88c88ff3c5a07ff1aab59e066bd976de65b,Microsoft Corporation,198,1,ecdsa-with-SHA384,256,EC,1,v3,0,0
unrulymedia.com,3ecfc049c33d7d706097c05602c773764e393a441b28a02c923274fad02cd5cf,Amazon,394,1,sha256WithRSAEncryption,2048,RSA,1,v3,0,0
mask-api.fe2.apple-dns.net,a0dbdc42640e2b55782dd915df7c3b4f510a743414f28badef8d31b71065f562,Apple Inc.,388,1,sha256WithRSAEncryption,2048,RSA,1,v3,0,0
targeting.unrulymedia.com,eaf1383319a007f999703e58519a483cfa9dd8e641cbebbf233269b126b54111,Sectigo Limited,368,1,sha256WithRSAEncryption,2048,RSA,1,v3,0,0
static.xx.fbcdn.net,fc4ced33b2b92e649e1de0dfdc30222aa2337648e25ddd8431b99cc78fb5f5df,DigiCert Inc,90,1,sha256WithRSAEncryption,256,EC,1,v3,0,0
iphone-ld.origin-apple.com.akadns.net,5433701739e6a6d8a0807b280800b47d578ff1add78d1615398cc8ed11481b76,Apple Inc.,88,1,ecdsa-with-SHA256,256,EC,1,v3,0,0
grid-bidder.criteo.com,953e60f15c6eec7a61c7d15cb7e3ae3191dbbbbd7a720e79b373d9d41ddd9b33,DigiCert Inc,92,1,sha256WithRSAEncryption,256,EC,1,v3,0,0
urs.microsoft.com,a955fce89c1ae11be219c3a74a67fcd3f644c9abb00fd2ff15af5bd4a01540b0,Microsoft Corporation,180,1,sha384WithRSAEncryption,2048,RSA,1,v3,0,0
static.whatsapp.net,47cd1cf3e6b7df4cf2197d57ee0df82e0dc12393a4e3dfc17f2681f2e0707fd6,DigiCert Inc,90,1,sha256WithRSAEncryption,256,EC,1,v3,0,0
wise-m.public.cdn.office.net,8a9e44a10ae9b3909a1442549aaec57058c89f79317e1e96eb86c35ab5c01241,Microsoft Corporation,198,1,ecdsa-with-SHA384,256,EC,1,v3,0,0
fa000000124.resources.office.net,0db841e1575f1366181a40f352366e7c725bc23ec5ece53c42dce4c8d0e5f769,Microsoft Corporation,198,1,ecdsa-with-SHA384,256,EC,1,v3,0,0
media.licdn.com,e881767bf343ef5d48ae4e7643bed0887a91e9cafc6ba3054bae88c50a958c59,DigiCert Inc,364,1,sha256WithRSAEncryption,2048,RSA,1,v3,0,0
webex.com,ab128b1337519ebfdc9a5be0b9f7f507d6aebf5e63b361b7481dc3b373a3eb4b,IdenTrust,198,1,sha256WithRSAEncryption,2048,RSA,1,v3,0,0
netcraze.io,64e4cddf5411df4711585b3bb437d89638df686ba828503ccdb3437043d9cb09,Let's Encrypt,89,1,ecdsa-with-SHA384,384,EC,1,v3,0,0
signaler-pa.googleapis.com,c96df46cd4d4baab16c15705b3fdf7748c83cb18d221814df697965aa44ced44,Google Trust Services,83,1,ecdsa-with-SHA256,256,EC,1,v3,0,0
sync.crwdcntrl.net,d4255b40f5a3837330f28dcdf45253bbfae511214e8088ed420bf8920e497194,Amazon,394,1,sha256WithRSAEncryption,2048,RSA,1,v3,0,0
res-2-dod.cdn.office.net,3f8b164a2581cf597306e709cd43bfeb65e1cf4ffd7874a8d96c9dff51bc3fe0,Microsoft Corporation,198,1,ecdsa-with-SHA384,256,EC,1,v3,0,0
res.dod.cdn.office.net,3f8b164a2581cf597306e709cd43bfeb65e1cf4ffd7874a8d96c9dff51bc3fe0,Microsoft Corporation,198,1,ecdsa-with-SHA384,256,EC,1,v3,0,0
stripe.com,8a709990bf0363e3c37a74f072382912fa53fba5e285a99438d4f3cb2eb78538,DigiCert Inc,120,1,ecdsa-with-SHA384,256,EC,1,v3,0,0
classlink.com,314c7f98f1ef1313a66d1a1c3908f02bbc3f87aa8f998de66797cc966c75b0e8,Google Trust Services,90,1,ecdsa-with-SHA256,256,EC,1,v3,0,0
msftstatic.com,f3477d87dcfddff7d6486c48e9ff26b663614f8d5b7caf43d3ca4209b9cb8401,Microsoft Corporation,180,1,sha384WithRSAEncryption,2048,RSA,1,v3,0,0
r.msftstatic.com,b2edc13256901437c6f8fec1d5a83aee6d8335ce9a68feafb0bde2f570e880ad,Microsoft Corporation,180,1,sha384WithRSAEncryption,2048,RSA,1,v3,0,0
experiments.apple.com,62cfa5c21833069036a7a44aaa02a3b6536f9f938ccb70be8416516604ba9ce8,Apple Inc.,183,1,sha256WithRSAEncryption,2048,RSA,1,v3,0,0
amp-api.apps.apple.com,72ca15416ce3be68edbc64b012628953a17078f4c91e69a767fcdc2983c4ce67,Apple Inc.,189,1,sha256WithRSAEncryption,2048,RSA,1,v3,0,0
sequoia.cdn-apple.com,0808d7349a763017de9944c28d1d48cba7a732952864d251ac28dac3e4fdd9e1,Apple Inc.,85,1,ecdsa-with-SHA256,256,EC,1,v3,0,0
omex.cdn.office.net,f2b03429b2fe16cd24ff9959249f3361b98ae42415267fea6cd237cb5da2db51,Microsoft Corporation,198,1,ecdsa-with-SHA384,256,EC,1,v3,0,0
gumgum.com,5e8a98367db915ea06cb851ee064047a6e91bb3d27a81ddd0cc0801434172ec9,Amazon,394,1,sha256WithRSAEncryption,2048,RSA,1,v3,0,0
publicassets.cdn-apple.com,6dc7baa9d63d11d99729275c37e25b60a9e001f1e6f57ae976328f90d99a6689,Apple Inc.,87,1,ecdsa-with-SHA256,256,EC,1,v3,0,0
js-agent.newrelic.com,fb5a1541e9a816bc0eee2738a0f0fa13f9608ec67c2fe1d3a775b559ebe9ee78,GlobalSign nv-sa,396,1,sha256WithRSAEncryption,2048,RSA,1,v3,0,0
p.rfihub.com,9115e1eaad977d5e5ac7a576072ff27955810c332e3d317a107d5f05cbdbb368,Sectigo Limited,198,1,sha256WithRSAEncryption,2048,RSA,1,v3,0,0
sync.inmobi.com,591f3fc125b222413759f127113ebe16bda6fae9e844009d8d393fa8290d8402,Sectigo Limited,198,1,sha256WithRSAEncryption,2048,RSA,1,v3,0,0
time.android.com,e51c3ce4d70e43c7262da7e20609b3b751d6d98b8b83fed4a3f56fbb05bba54f,Google Trust Services,83,1,ecdsa-with-SHA256,256,EC,1,v3,0,0
ct.pinterest.com,c38e968925b07fa494245db2349b621994f0c1a7ed367fc61650013125573e6f,DigiCert Inc,396,1,sha256WithRSAEncryption,2048,RSA,1,v3,0,0
gdmf-ados.apple.com,4729373199ac4740e6428dc47ab2659f3b2b315fa9b2b86a8268e6e0b41ecc64,Apple Inc.,392,1,sha256WithRSAEncryption,2048,RSA,1,v3,0,0
yt3.googleusercontent.com,ad52693776d6afc122dbd7303b6492369e13f9209ea848dd4badc84ac0f7e36d,Google Trust Services,83,1,ecdsa-with-SHA256,256,EC,1,v3,0,0
weatherkit.apple.com.akadns.net,792ce717b665ca8a0aedf9f7a3ba68bd15b7bf81da354e2c7dc4869bf9f22e62,DigiCert Inc,365,1,ecdsa-with-SHA384,256,EC,1,v3,0,0
api2.amplitude.com,999cff3778c03d4d12aa49ad701bec4abccf76464bcdc0cea486f43046b8c0af,Amazon,393,1,sha256WithRSAEncryption,2048,RSA,1,v3,0,0
simage2.pubmatic.com,97b6db2d6e8ec06c3605d137728be74beeebe760a444f65b0ebed5799313a0f9,DigiCert Inc,394,1,sha256WithRSAEncryption,2048,RSA,1,v3,0,0
pixel.adsafeprotected.com,ec864186b218d5d0350c39714d86f0807d33462e7a1646498c1ee96d20b6c15a,Sectigo Limited,396,1,ecdsa-with-SHA256,384,EC,1,v3,0,0
static.hotjar.com,c37709d23bd8ca6cd29a5defe6bab215993d88f96ba73f188d8ec999d2f2f238,Amazon,197,1,sha256WithRSAEncryption,2048,RSA,1,v3,0,0
configuration.ls.v.aaplimg.com,5433701739e6a6d8a0807b280800b47d578ff1add78d1615398cc8ed11481b76,Apple Inc.,88,1,ecdsa-with-SHA256,256,EC,1,v3,0,0
trustarc.com,153f8e35e89ebbddef4fac7ca4259982d2583aed2544f595ad8c95c17af690f8,Google Trust Services,90,1,ecdsa-with-SHA256,256,EC,1,v3,0,0
adobelogin.com,0918984b65b1cbfc0a1170d82c8dd002b63846da506115a05ca4007aee101368,DigiCert Inc,396,1,sha256WithRSAEncryption,2048,RSA,1,v3,0,0
pancake.g.aaplimg.com,5433701739e6a6d8a0807b280800b47d578ff1add78d1615398cc8ed11481b76,Apple Inc.,88,1,ecdsa-with-SHA256,256,EC,1,v3,0,0
kt-prod.v.aaplimg.com,fabc6628248ad275d8553e45e5fbd940ae60d00eba5aae1bf3f82e84b1fb8e67,Apple Inc.,349,1,sha256WithRSAEncryption,2048,RSA,1,v3,0,0
1-courier.push.apple.com,6c44ad3d68fcc8e48e68c613e52c1d48e4026a813784ff57f936585e0804e601,Apple Inc.,385,1,ecdsa-with-SHA256,256,EC,1,v3,0,0
alb.reddit.com,4026117dc787e06ade1c02a778dd486b83e3c9ee2f3d9b1c44a8696df1fdea92,DigiCert Inc,179,1,sha256WithRSAEncryption,2048,RSA,1,v3,0,0
updates.cdn-apple.com,8b1c12d962b6efbb5ab8035796848e05ecbdfeb1b1cba35880afa55d6035fceb,Apple Inc.,187,1,sha256WithRSAEncryption,2048,RSA,1,v3,0,0
moloco.com,7c1ac7cf1ceb2602c5b893c9754c9d7413273a7f94bcd5af87332d3990e00ef5,Let's Encrypt,89,1,sha256WithRSAEncryption,2048,RSA,1,v3,0,0
gspe79-ssl-96.ls.apple.com,ef4d87e8bf4cde734d633a0ec44947a1d8063cdb0a91aa0e203baa63876d5932,Apple Inc.,85,1,ecdsa-with-SHA256,256,EC,1,v3,0,0
gmail.com,8420bf1e67d8948c0d05435d79e29cb53c80586a36957e282ffdb41aebdf8986,Google Trust Services,83,1,ecdsa-with-SHA256,256,EC,1,v3,0,0
config.svc.cloud.microsoft,04ebee6ec430ed5644db6a354c7a839a14481e6758fd40ee3a940d1294b74faf,Microsoft Corporation,360,1,sha384WithRSAEncryption,2048,RSA,1,v3,0,0
www.amazon.com,ab1fe26963731abd166a55c3657277db884d4c2493510eff078a0170586fe565,Amazon,357,1,sha256WithRSAEncryption,2048,RSA,1,v3,0,0
ent-nfc-api.msn.com,d10609c574923d703760f8a241e89b3b9a832ec470fd0978a222d431d70ba0ae,Microsoft Corporation,180,1,sha384WithRSAEncryption,2048,RSA,1,v3,0,0
mixpanel.com,fea9f6c935bce6829ab901ab9f25fa5e700472d09c852059e75786fc0a0c86c6,DigiCert Inc,364,1,sha256WithRSAEncryption,2048,RSA,1,v3,0,0
servedby.flashtalking.com,6742bb5c727cd3064e3302eeb5056baa591632abd27cdd1a2ce831356350548f,Let's Encrypt,89,1,sha256WithRSAEncryption,2048,RSA,1,v3,0,0
tags.crwdcntrl.net,e083b190cf7f11429e9cd2882d558331c0f0d0934a508d61b9f424dd1373a831,Amazon,394,1,sha256WithRSAEncryption,2048,RSA,1,v3,0,0
beacons2.gvt2.com,4b61d7e8c9366352042f4a87288e99e51bc438810bb69fffc3bfcb5c140faf80,Google Trust Services,83,1,sha256WithRSAEncryption,256,EC,1,v3,0,0
api.amazon.com,fbe91a934cb73a3fef40aca92573448da4ff879cef08517caf5e25c3caac56d0,DigiCert Inc,197,1,sha256WithRSAEncryption,2048,RSA,1,v3,0,0
preapp.prod.partner.netflix.net,a62b66561f84012d81b4e19a98c7bca4b28826f7f8bad365ec0939afa6d63643,"Netflix, Inc.",367,0,sha256WithRSAEncryption,256,EC,1,v3,0,0
login.mso.msidentity.com,d37715da7e0f83cf0b30bf95f43f28e6a1e53c1bbcdf283d5dc9db458e863774,DigiCert Inc,180,1,sha256WithRSAEncryption,2048,RSA,1,v3,0,0
cdn.taboola.com,d47c9790f81d639ec28d7660f39890f34926ecbfc928147f6b49a41e7cebf10d,DigiCert Inc,386,1,sha256WithRSAEncryption,2048,RSA,1,v3,0,0
readaloud.googleapis.com,f61dce31aa9c7b581d1d149699b658ccfbaed53cf8fb40e3452d4a5411b4e2f3,Google Trust Services,83,1,sha256WithRSAEncryption,256,EC,1,v3,0,0
wdcp.microsoft.com,afbc6dd1e42b5a55dc7caee2703c800391f89d928855cca3536a85d8ae969e45,Microsoft Corporation,242,1,sha256WithRSAEncryption,2048,RSA,1,v3,0,0
devicelistenerprod.microsoft.com,231760d5f016d55743c2a9b734f22b41acfb4ed75723e3e3bbea2763bcd3925a,Microsoft Corporation,180,1,sha384WithRSAEncryption,2048,RSA,1,v3,0,0
upload2.fp.measure.office.com,f86204a1cae1382d2e8244113a2443249c9951f84913bc0dd4688e091c86b04c,Microsoft Corporation,360,1,ecdsa-with-SHA384,256,EC,1,v3,0,0
mfadsrvr.com,142aa113764eba8a2138749dd91e5d30d8a0438aa7b4be647dbc493cdd847103,Let's Encrypt,89,1,sha256WithRSAEncryption,2048,RSA,1,v3,0,0
prebid.a-mo.net,1f987d910309fd85a2abe2674243a1f36a733278779c250255e5283b9f1a56cc,Let's Encrypt,89,1,sha256WithRSAEncryption,2048,RSA,1,v3,0,0
acdcatm.outlook.mira.tm.svc.cloud.microsoft,394e114f9601996c0a534b8d664c906bab7cb6f7f58c5f2449f13408dab5a0df,DigiCert Inc,198,1,sha256WithRSAEncryption,2048,RSA,1,v3,0,0
static.adsafeprotected.com,6ece0145b02eec1204ceb5a5f1e94532736f416fcf4b7d65c0dd9b17bf1124cb,Amazon,197,1,sha256WithRSAEncryption,2048,RSA,1,v3,0,0
firebaselogging.googleapis.com,c96df46cd4d4baab16c15705b3fdf7748c83cb18d221814df697965aa44ced44,Google Trust Services,83,1,ecdsa-with-SHA256,256,EC,1,v3,0,0
seedtag.com,9790987c042d7df7940d5c23c7254dd9330b3bcd5325a661d68d181f28bb5e52,Google Trust Services,90,1,ecdsa-with-SHA256,256,EC,1,v3,0,0
star-mini.c10r.facebook.com,fc4ced33b2b92e649e1de0dfdc30222aa2337648e25ddd8431b99cc78fb5f5df,DigiCert Inc,90,1,sha256WithRSAEncryption,256,EC,1,v3,0,0
globalsign.com,542f755cb43dc5cc8e7a7e718c98e1591946f7b4568cadb5a29ee8217b9c975e,GlobalSign nv-sa,396,1,sha256WithRSAEncryption,2048,RSA,1,v3,0,0
com.edgekey.net,c5b1071e80b9b1c840f6c42e04d22db2e3faacaf869c3db2e7e3fed3e4bbf4cd,DigiCert Inc,364,1,sha256WithRSAEncryption,2048,RSA,1,v3,0,0
comodoca.com,e9543ec00ec3a17848140c82fd4a0b9ca7889473988b442b6d822b3c6e1e2e24,Sectigo Limited,90,1,sha256WithRSAEncryption,4096,RSA,1,v3,0,0
rtb.mfadsrvr.com,410b094d108f3c80fbf6fa57de42b98016d9884f9a411ddbae455e797fb22b99,DigiCert Inc,90,1,sha256WithRSAEncryption,256,EC,1,v3,0,0
kargo.com,65ebf9bd7631a47db5796e23e17d00470c50d4186cbc7d50b32547461b6d536c,Let's Encrypt,89,1,sha256WithRSAEncryption,2048,RSA,1,v3,0,0
graph.whatsapp.com,47cd1cf3e6b7df4cf2197d57ee0df82e0dc12393a4e3dfc17f2681f2e0707fd6,DigiCert Inc,90,1,sha256WithRSAEncryption,256,EC,1,v3,0,0
c.go-mpulse.net,3ce12a7b0704894a2c9d2e0c6d696f11e35e3aa0c38bb95b5dc3a493fb9e3ead,DigiCert Inc,198,1,ecdsa-with-SHA384,256,EC,1,v3,0,0
hbx.media.net,5f1f28afacb64dec56c9e04a350989c115eee2fa477a79baf7b4ef09f827a7c5,DigiCert Inc,366,1,sha256WithRSAEncryption,2048,RSA,1,v3,0,0
forms.office.com,09c28cbaca446f94cdaaf89b2e9299d0e9fb2c300a9bfcdfdfc8f0577fbd30ac,Microsoft Corporation,180,1,sha384WithRSAEncryption,2048,RSA,1,v3,0,0
ce.lijit.com,cf679b1916f6b221a7d8c26ecdf2352419af88305b398fef397128937e4a7f25,Amazon,394,1,sha256WithRSAEncryption,2048,RSA,1,v3,0,0
instagram.c10r.instagram.com,077c4b71dd8f595202247f831a29144244070d7b6b951ac1c90bd77e7c08ecce,DigiCert Inc,90,1,sha256WithRSAEncryption,256,EC,1,v3,0,0
apple.com.edgesuite.net,792ce717b665ca8a0aedf9f7a3ba68bd15b7bf81da354e2c7dc4869bf9f22e62,DigiCert Inc,365,1,ecdsa-with-SHA384,256,EC,1,v3,0,0
zoom.com.cn,d8a1d818ad8d600b7680dc55032d8b36684ee37c8ca31cf17272ebdda42097a7,DigiCert Inc,365,1,sha256WithRSAEncryption,2048,RSA,1,v3,0,0
s.seedtag.com,ea6aa4c0a9e880bb185e163eadf7ca5ab20b768358bee73c090e7138539d15fe,Sectigo Limited,198,1,sha256WithRSAEncryption,2048,RSA,1,v3,0,0
richaudience.com,8deb9bd86489c43cb58bc47f88f6dc07f99a825c4f7dc0d5927128e32a59c6bf,Amazon,394,1,ecdsa-with-SHA256,256,EC,1,v3,0,0
api.facebook.com,fc4ced33b2b92e649e1de0dfdc30222aa2337648e25ddd8431b99cc78fb5f5df,DigiCert Inc,90,1,sha256WithRSAEncryption,256,EC,1,v3,0,0
crs.cr.adobe.com,a01b9ad7b38df7cad86275bfda9d05307a26d6c25737edcae8cd3ab9c24c838e,DigiCert Inc,396,1,sha256WithRSAEncryption,2048,RSA,1,v3,0,0
collegeboard.org,b62a635930b24e1c6b4c7998def336efc8fd33c763793a7a192fe8a94f7c13d0,Let's Encrypt,89,1,sha256WithRSAEncryption,2048,RSA,1,v3,0,0
ocsp.rootca1.amazontrust.com,54ed5cc7fb8a1181b3d408f3d78bba42108978c50f8075a09702aa52ad1a4bf6,Amazon,394,1,sha256WithRSAEncryption,2048,RSA,1,v3,0,0
espresso-pa.clients6.google.com,368322a003a6b9f08065139b1ef9e13e6469a65169c8003fdd2f5f536d236360,Google Trust Services,83,1,ecdsa-with-SHA256,256,EC,1,v3,0,0
prebid-server.rubiconproject.com,cf0f7e0d169043255e99a0d497bb120f73f9a2076711b8ae5ed0b4ff8767340f,DigiCert Inc,198,1,sha256WithRSAEncryption,2048,RSA,1,v3,0,0
fw.adsafeprotected.com,ec864186b218d5d0350c39714d86f0807d33462e7a1646498c1ee96d20b6c15a,Sectigo Limited,396,1,ecdsa-with-SHA256,384,EC,1,v3,0,0
yimg.com,4adaa4cfffa9dc4b8e5de27150c6cbe9257b86058b9c1861615c865bc77b6c0a,DigiCert Inc,176,1,sha256WithRSAEncryption,256,EC,1,v3,0,0
t.oa.opera.com,80cb065d206880a7c4d415c2e40a568f5e7599b9c421b1d4f82ec83a96815cab,Trust Provider B.V.,395,0,sha256WithRSAEncryption,2048,RSA,1,v3,0,0
fa000000110.resources.office.net,0db841e1575f1366181a40f352366e7c725bc23ec5ece53c42dce4c8d0e5f769,Microsoft Corporation,198,1,ecdsa-with-SHA384,256,EC,1,v3,0,0
connatix.com,d7c6ddd1fccdabd8e6368829c60c6101b85648a0366a8dfeddb31971c3457cee,Amazon,394,1,sha256WithRSAEncryption,2048,RSA,1,v3,0,0
s.yimg.com,a07e9f55c04a5410288c65d3f7c2588b572807e140415cba91b17b87566396a7,DigiCert Inc,51,1,sha256WithRSAEncryption,256,EC,1,v3,0,0
taskassist-pa.clients6.google.com,368322a003a6b9f08065139b1ef9e13e6469a65169c8003fdd2f5f536d236360,Google Trust Services,83,1,ecdsa-with-SHA256,256,EC,1,v3,0,0
iphone-ld.v.aaplimg.com,5433701739e6a6d8a0807b280800b47d578ff1add78d1615398cc8ed11481b76,Apple Inc.,88,1,ecdsa-with-SHA256,256,EC,1,v3,0,0
adkernel.com,44c98c56e048fd9e0ae45818696619fdfc7ce97735d7d90596ccabba67fee99e,GlobalSign nv-sa,396,1,sha256WithRSAEncryption,2048,RSA,1,v3,0,0
gsp57-ssl-background.ls.apple.com,83f178ff071d46de891be21e9d6e7b1c697141858a59e8e06f7444e0e417984e,Apple Inc.,85,1,ecdsa-with-SHA256,256,EC,1,v3,0,0
pippio.com,c65a61bce4aa1145a8b11b8ff8bf1aa4784e295dae74195e3b126c4e45ba53e1,Google Trust Services,90,1,sha256WithRSAEncryption,2048,RSA,1,v3,0,0
lh6.googleusercontent.com,ad52693776d6afc122dbd7303b6492369e13f9209ea848dd4badc84ac0f7e36d,Google Trust Services,83,1,ecdsa-with-SHA256,256,EC,1,v3,0,0
presage.io,80a74e4c04e7d64ebc250bc158a57575c2d6d4cbddb1bace76d169e7aec8298a,Gandi,394,0,sha384WithRSAEncryption,256,EC,1,v3,1,0
health.apple.com,557d556ac502c490567e4e77414b291640672f55f3b146867c3547605bd3c22b,Apple Inc.,90,1,sha256WithRSAEncryption,2048,RSA,1,v3,0,0
events.launchdarkly.com,fd3d7cd580bcd15ed92aaf11e1e6c0cf071a439545221b6ffe67a63e9943a741,Amazon,394,1,ecdsa-with-SHA256,256,EC,1,v3,0,0
cxcs.cdn.office.net,74eddfa6a447d63de54aacbe57dbbe410d572dc4a56f7685b5aa992bfea81a7f,Microsoft Corporation,360,1,ecdsa-with-SHA384,256,EC,1,v3,0,0
acrobat.adobe.com,0da64f578f70238d698b2d4123374797ba9a2bf3b2bbf694485919115f07f8c1,DigiCert Inc,396,1,sha256WithRSAEncryption,256,EC,1,v3,0,0
swallow-apple-com.v.aaplimg.com,fd876e7e903d710e4cb5e9defe6f2ef1b608a5fd4e993c416e162b917ab46522,Apple Inc.,86,1,sha256WithRSAEncryption,2048,RSA,1,v3,0,0
eyeota.net,07bc69f03d7516e6af9a083f5c9a1bd4eb7ca0a2203d2bd2aee5501a3eb987b0,GoGetSSL,371,0,sha256WithRSAEncryption,2048,RSA,1,v3,0,0
enterpriseregistration.windows.net,370e739aa9bc958037671cc07ceb8b70a27b9d6cba8ddeb622183e4741d97be2,Microsoft Corporation,119,1,sha384WithRSAEncryption,2048,RSA,1,v3,0,0
configuration.v.aaplimg.com,5433701739e6a6d8a0807b280800b47d578ff1add78d1615398cc8ed11481b76,Apple Inc.,88,1,ecdsa-with-SHA256,256,EC,1,v3,0,0
ps.eyeota.net,195765234fe551783a91488a86b29e91708fbc6d6105c820eb0478a257e9c51c,GoGetSSL,198,0,sha256WithRSAEncryption,2048,RSA,1,v3,0,0
lh4.googleusercontent.com,ad52693776d6afc122dbd7303b6492369e13f9209ea848dd4badc84ac0f7e36d,Google Trust Services,83,1,ecdsa-with-SHA256,256,EC,1,v3,0,0
calendar.google.com,e51c3ce4d70e43c7262da7e20609b3b751d6d98b8b83fed4a3f56fbb05bba54f,Google Trust Services,83,1,ecdsa-with-SHA256,256,EC,1,v3,0,0
sessions.bugsnag.com,460df34c325270a6461483778569b2aa56a0dc697de644e832fc95b028007fdc,DigiCert Inc,198,1,sha256WithRSAEncryption,2048,RSA,1,v3,0,0
images-na.ssl-images-amazon.com,c27cb475d310cd6ce95f251128c645f777738d84971ddc6635e2fbe4cc0f7257,DigiCert Inc,197,1,sha256WithRSAEncryption,2048,RSA,1,v3,0,0
acdc-direct.office.com,394e114f9601996c0a534b8d664c906bab7cb6f7f58c5f2449f13408dab5a0df,DigiCert Inc,198,1,sha256WithRSAEncryption,2048,RSA,1,v3,0,0
aws.api.snapchat.com,3ab592fd2cfa936fb8e5fa5e2e4b651394f8641917975602c5959cd53aaa02aa,DigiCert Inc,364,1,sha256WithRSAEncryption,2048,RSA,1,v3,0,0
aax-eu.amazon-adsystem.com,439a17fd40656d824d2b510beb5682a4a04facdd6d205ea3c532c1fb9fe393b6,Amazon,197,1,sha256WithRSAEncryption,2048,RSA,1,v3,0,0
analytics.twitter.com,76136867264a97353e9058d6769aaeeff8095ee1657cf96c5f9a48051f3286ad,Let's Encrypt,89,1,ecdsa-with-SHA384,256,EC,1,v3,0,0
ping-signals.urs.microsoft.com,a955fce89c1ae11be219c3a74a67fcd3f644c9abb00fd2ff15af5bd4a01540b0,Microsoft Corporation,180,1,sha384WithRSAEncryption,2048,RSA,1,v3,0,0
s.pinimg.com,c38e968925b07fa494245db2349b621994f0c1a7ed367fc61650013125573e6f,DigiCert Inc,396,1,sha256WithRSAEncryption,2048,RSA,1,v3,0,0
unagi-na.amazon.com,d19c65a3676a1fb1489f7dbd3e9ef06a924df5908dd69ee7e4db67aa3dc484ab,Amazon,323,1,sha256WithRSAEncryption,2048,RSA,1,v3,0,0
deff.nelreports.net,f1963f1654578282a4f813407142a88c88ff3c5a07ff1aab59e066bd976de65b,Microsoft Corporation,198,1,ecdsa-with-SHA384,256,EC,1,v3,0,0
news-edge.apple.com,47971fff20ac1cfad877a2e57642a61022188ee5b53057cc70d9ccc5958ccb00,Apple Inc.,388,1,ecdsa-with-SHA256,256,EC,1,v3,0,0
crashlyticsreports-pa.googleapis.com,c96df46cd4d4baab16c15705b3fdf7748c83cb18d221814df697965aa44ced44,Google Trust Services,83,1,ecdsa-with-SHA256,256,EC,1,v3,0,0
proxy.safebrowsing.apple,5433701739e6a6d8a0807b280800b47d578ff1add78d1615398cc8ed11481b76,Apple Inc.,88,1,ecdsa-with-SHA256,256,EC,1,v3,0,0
mobile.pipe.aria.microsoft.com,b77a90af591a51ebddc61440a1a71ac51d32e1c3643233fc0bf0476b50b46253,Microsoft Corporation,180,1,sha384WithRSAEncryption,2048,RSA,1,v3,0,0
cdn.branch.io,321024fa7ddfc7da7467cdde4c75a6380ed2590eef1c487b94c18177dad52033,Amazon,394,1,sha256WithRSAEncryption,2048,RSA,1,v3,0,0
bcp.crwdcntrl.net,d4255b40f5a3837330f28dcdf45253bbfae511214e8088ed420bf8920e497194,Amazon,394,1,sha256WithRSAEncryption,2048,RSA,1,v3,0,0
btloader.com,487534c3d72540d8f5fdbf5215a62c82801763774592d20ed0950a7bcc2abc8e,Google Trust Services,90,1,ecdsa-with-SHA256,256,EC,1,v3,0,0
sonobi.com,accd94a68d76f5f5e49af6358f0ea84b0e3555eac5db5817392cd0c0b6ef4e15,"Starfield Technologies, Inc.",390,0,sha256WithRSAEncryption,2048,RSA,1,v3,0,0
go.sonobi.com,19a7f25ec03a06f75fdbaf944c0b45d44969d95a19ae0bf75ad0f2080ea5dbc0,"GoDaddy.com, Inc.",365,1,sha256WithRSAEncryption,2048,RSA,1,v3,0,0
capi.connatix.com,6390c7128f02b5b800c4f4c170a29197d72f79c48064dae1f032c5e6e6b8b3cf,Google Trust Services,90,1,ecdsa-with-SHA256,256,EC,1,v3,0,0
a1366.dscapi6.akamai.net,792ce717b665ca8a0aedf9f7a3ba68bd15b7bf81da354e2c7dc4869bf9f22e62,DigiCert Inc,365,1,ecdsa-with-SHA384,256,EC,1,v3,0,0
lh5.googleusercontent.com,ad52693776d6afc122dbd7303b6492369e13f9209ea848dd4badc84ac0f7e36d,Google Trust Services,83,1,ecdsa-with-SHA256,256,EC,1,v3,0,0
tr.snapchat.com,9610091e7c711204b985f2421360e1cd94645d04a9f668fa11e7443e53c556ce,DigiCert Inc,198,1,sha256WithRSAEncryption,2048,RSA,1,v3,0,0
ut.pubmatic.com,97b6db2d6e8ec06c3605d137728be74beeebe760a444f65b0ebed5799313a0f9,DigiCert Inc,394,1,sha256WithRSAEncryption,2048,RSA,1,v3,0,0
npwuscdn.onenote.static.microsoft,5d99f28d5427f062286266d60ef5812c37a448cebb9db8ed7ca6e14aa03e3389,DigiCert Inc,181,1,sha256WithRSAEncryption,2048,RSA,1,v3,0,0
excel-telemetry.officeapps.live.com,ebb9af7a64ac2ab0bed90088fb40cd06eefe2bcc490c1f574f95d83806d17bfa,Microsoft Corporation,180,1,sha384WithRSAEncryption,2048,RSA,1,v3,0,0
insight.adsrvr.org,ea25c7602a630c77115f6e1b188a7f3d468ce1b57a5b4a233c288887d49cc7a8,GlobalSign nv-sa,393,1,sha256WithRSAEncryption,2048,RSA,1,v3,0,0
sync.taboola.com,563b35e76d149b69c2c8ee50a0f206ccf1a4b7425ac577c6fad90558b44c9fee,DigiCert Inc,384,1,ecdsa-with-SHA384,256,EC,1,v3,0,0
api.rlcdn.com,bdeaecb4104eb51268e215b85cafcaddc1ed6e6adaec991fd87b642dad30b195,Sectigo Limited,393,1,sha256WithRSAEncryption,2048,RSA,1,v3,0,0
t.co,3a70141cde81fbf9cfcdf86abc28ad943d7650fb7c31dd54219af08ff18dd17c,Let's Encrypt,89,1,ecdsa-with-SHA384,256,EC,1,v3,0,0
lbs.eu-1-id5-sync.com,22a05824061c3ae2a99b96212ccd5139dd45298b726088dbec6f8e1378512e88,Let's Encrypt,89,1,sha256WithRSAEncryption,2048,RSA,1,v3,0,0
run.app,0260b5a6b5a88237c5fb11c9cec737feddf1bcb4a6c383d4b2d06a7e17ddb681,Google Trust Services,83,1,ecdsa-with-SHA256,256,EC,1,v3,0,0
secure-assets.rubiconproject.com,eec79d0288334fe4199e2febdd56eaa1d16c9e3aedca3dce85c2e6b92f929dc7,DigiCert Inc,189,1,sha256WithRSAEncryption,256,EC,1,v3,0,0
acrobat.com,3ccadd19e3d4c67a4a58b12d4f39bb722dc69e3e48c55b25fa6f457e4345c3f2,DigiCert Inc,198,1,sha256WithRSAEncryption,256,EC,1,v3,0,0
ocsp.edge.digicert.com,792ce717b665ca8a0aedf9f7a3ba68bd15b7bf81da354e2c7dc4869bf9f22e62,DigiCert Inc,365,1,ecdsa-with-SHA384,256,EC,1,v3,0,0
nrdp52-appboot.netflix.com,a8eb8728d0dcf77d739f3e12c1e9bd0fbe62d7f908fffdc578af7c05a15644ce,Netflix Inc,9616,0,sha256WithRSAEncryption,2048,RSA,1,v3,0,0
js.stripe.com,a7df8445cde67c414cdca45a2a7dbce2a257ca14bec611dc31eb0acdfac242cb,DigiCert Inc,99,1,sha256WithRSAEncryption,2048,RSA,1,v3,0,0
a2047.dscapi9.akamai.net,792ce717b665ca8a0aedf9f7a3ba68bd15b7bf81da354e2c7dc4869bf9f22e62,DigiCert Inc,365,1,ecdsa-with-SHA384,256,EC,1,v3,0,0
lcs-cops.adobe.io,893577dee24c8d0fae820e13afdfa1d042e059f1736ad4e872d66c8c13710aac,DigiCert Inc,396,1,sha256WithRSAEncryption,2048,RSA,1,v3,0,0
analytics-ipv6.tiktokw.us,2fd804576026a0d5e07cc125ff633de8dcbb66e2f1b2a09d68b5928177e0cdc6,DigiCert Inc,396,1,ecdsa-with-SHA256,256,EC,1,v3,0,0
musicstatus.itunes.apple.com,74a420989df151bbbb7945e7e0269061f5e16d5fdafa951f1d2fa5abf721544d,Apple Inc.,188,1,sha256WithRSAEncryption,2048,RSA,1,v3,0,0
app.launchdarkly.com,da6bb2afa08cbc9d6f9dc1f5511f6d93b8ac5a1cdfbb9ff962c2e575b0bf15f5,GlobalSign nv-sa,396,1,sha256WithRSAEncryption,2048,RSA,1,v3,0,0
www.datadoghq-browser-agent.com,1f633fc80a5a7b77cd954a06a244ee560579d42bb84c16d3df52c89da8af0f07,DigiCert Inc,198,1,sha256WithRSAEncryption,2048,RSA,1,v3,0,0
query.ess.apple.com,054ce1c0017d5d30906c3aa1b2169408f4baba45eeb8e9433f88948cdfe8831b,Apple Inc.,389,1,sha256WithRSAEncryption,2048,RSA,1,v3,0,0
intercom.io,a651d4cb514eefb9adb69584a13b92c1bf81f52236a350a28e92094a15d07ecc,Amazon,393,1,sha256WithRSAEncryption,2048,RSA,1,v3,0,0
spot-pa.googleapis.com,c96df46cd4d4baab16c15705b3fdf7748c83cb18d221814df697965aa44ced44,Google Trust Services,83,1,ecdsa-with-SHA256,256,EC,1,v3,0,0
content.lifecycle.office.net,48d333781c9d175d5e4b5779afe6501e4521a5b536a56f1471f423dec78fb945,Microsoft Corporation,180,1,sha384WithRSAEncryption,2048,RSA,1,v3,0,0
mmx-ds.cdn.whatsapp.net,47cd1cf3e6b7df4cf2197d57ee0df82e0dc12393a4e3dfc17f2681f2e0707fd6,DigiCert Inc,90,1,sha256WithRSAEncryption,256,EC,1,v3,0,0
mail-ads.google.com,bedcf0e9a5848f67249d57fe7942faaaa7f81d5fb1eb36bf36ee24987131974a,Google Trust Services,83,1,sha256WithRSAEncryption,256,EC,1,v3,0,0
gcp.api.snapchat.com,9610091e7c711204b985f2421360e1cd94645d04a9f668fa11e7443e53c556ce,DigiCert Inc,198,1,sha256WithRSAEncryption,2048,RSA,1,v3,0,0
config.edge.skype.com.trafficmanager.net,f60432340206699274e86218c2ec6573bdd3831544d0f609bf66baecc55458b7,Microsoft Corporation,180,1,sha384WithRSAEncryption,2048,RSA,1,v3,0,0
nrdp.push.prod.netflix.com,91603861e0be06c3d2e49267b514d31f0fe2c691efed7e14cb722dda972d72c5,DigiCert Inc,90,1,sha256WithRSAEncryption,2048,RSA,1,v3,0,0
contacts.fe2.apple-dns.net,a0dbdc42640e2b55782dd915df7c3b4f510a743414f28badef8d31b71065f562,Apple Inc.,388,1,sha256WithRSAEncryption,2048,RSA,1,v3,0,0
sync.go.sonobi.com,19a7f25ec03a06f75fdbaf944c0b45d44969d95a19ae0bf75ad0f2080ea5dbc0,"GoDaddy.com, Inc.",365,1,sha256WithRSAEncryption,2048,RSA,1,v3,0,0
static.ads-twitter.com,32c01471677a23583d8266631256796e11ff9cefb1051210fb688183750ee478,Let's Encrypt,89,1,sha256WithRSAEncryption,2048,RSA,1,v3,0,0
d.agkn.com,72379e6ef6dd5676ae5490cc1e13c8900c49606aa73bfb837c8d5c627977597a,DigiCert Inc,364,1,sha256WithRSAEncryption,2048,RSA,1,v3,0,0
watsonc.events.data.microsoft.com,53fa8bbb9a2bd75ad3d293a51db57efc3ca2e92e0e2d4bc67196f953b63b51f5,Microsoft Corporation,365,1,sha256WithRSAEncryption,2048,RSA,1,v3,0,0
gsp10-ssl.ls.apple.com,5928a31b2b0753f6b9d305c8a24031273d43a2eda861bca8b2070fff152bb450,Apple Inc.,86,1,ecdsa-with-SHA256,256,EC,1,v3,0,0
pd.itunes.apple.com,20030ff7dfafdea1b2b010f56f1fecdbe2ac0a5a94029978e3d674c6a721986c,Apple Inc.,190,1,sha256WithRSAEncryption,2048,RSA,1,v3,0,0
prebid.media.net,df0e080b132c8ec16bebf8a1f08e00b8cf9f494479bd91afa91a35aec11d765d,Sectigo Limited,198,1,ecdsa-with-SHA256,256,EC,1,v3,0,0
sync.teads.tv,3277d377c2988fe3547349a4d7e513fee6d46fad2c37f62d98c9b569adb8fabf,DigiCert Inc,198,1,sha256WithRSAEncryption,2048,RSA,1,v3,0,0
ontology.health.apple.com,9c0cac3cb1470e97df8f80b7dc3fb286815461caa2b48da437577e8f6ac9a078,Apple Inc.,186,1,sha256WithRSAEncryption,2048,RSA,1,v3,0,0
amp-api-edge-lb.itunes-apple.com.akadns.net,792ce717b665ca8a0aedf9f7a3ba68bd15b7bf81da354e2c7dc4869bf9f22e62,DigiCert Inc,365,1,ecdsa-with-SHA384,256,EC,1,v3,0,0
vungle.com,e9dcd4cac2421522d709e5e082cc9d2af8a457eb26ab842bd76e0dad3a661c59,Let's Encrypt,89,1,ecdsa-with-SHA384,256,EC,1,v3,0,0
intentiq.com,deaa889a8597556f23d1bfe68b3e2c01381e77f81200c21cca7a1ca878273c9e,Let's Encrypt,89,1,sha256WithRSAEncryption,4096,RSA,1,v3,0,0
security.microsoft.com,808f25a985a6b9994c4204a86f00c92417e45515df03b4d8215b166444fb00be,Microsoft Corporation,180,1,sha384WithRSAEncryption,2048,RSA,1,v3,0,0
mediago.io,a7ed3f7bdbebff9eee338721e10ae34991aab543a3edf38b90a514895d9b4276,Amazon,197,1,sha256WithRSAEncryption,2048,RSA,1,v3,0,0
dns.opendns.com,5f7e09556b783e35632717bd1e20236e1277c5fc8b11c8fd0eca54f3d194eb1d,IdenTrust,364,1,sha256WithRSAEncryption,2048,RSA,1,v3,0,0
s.youtube.com,e51c3ce4d70e43c7262da7e20609b3b751d6d98b8b83fed4a3f56fbb05bba54f,Google Trust Services,83,1,ecdsa-with-SHA256,256,EC,1,v3,0,0
redirector.googlevideo.com,11e159f49b91f0a19cca982f2a5f9fb24e269ab65d79754b452d0e6f8321e135,Google Trust Services,83,1,ecdsa-with-SHA256,256,EC,1,v3,0,0
crosfresnel-pa.googleapis.com,c96df46cd4d4baab16c15705b3fdf7748c83cb18d221814df697965aa44ced44,Google Trust Services,83,1,ecdsa-with-SHA256,256,EC,1,v3,0,0
translate.google.com,e51c3ce4d70e43c7262da7e20609b3b751d6d98b8b83fed4a3f56fbb05bba54f,Google Trust Services,83,1,ecdsa-with-SHA256,256,EC,1,v3,0,0
usc-collabrtc.officeapps.live.com,36434063ebc97187efadca5b083e1981f0fffbc6f7b40cac91ea0bcbbfd46aa9,Microsoft Corporation,198,1,sha384WithRSAEncryption,2048,RSA,1,v3,0,0
dns.umbrella.com,5f7e09556b783e35632717bd1e20236e1277c5fc8b11c8fd0eca54f3d194eb1d,IdenTrust,364,1,sha256WithRSAEncryption,2048,RSA,1,v3,0,0
fa000000137.resources.office.net,0db841e1575f1366181a40f352366e7c725bc23ec5ece53c42dce4c8d0e5f769,Microsoft Corporation,198,1,ecdsa-with-SHA384,256,EC,1,v3,0,0
searchnotifications-pa.googleapis.com,c96df46cd4d4baab16c15705b3fdf7748c83cb18d221814df697965aa44ced44,Google Trust Services,83,1,ecdsa-with-SHA256,256,EC,1,v3,0,0
amp-api-updates.apps.apple.com,72ca15416ce3be68edbc64b012628953a17078f4c91e69a767fcdc2983c4ce67,Apple Inc.,189,1,sha256WithRSAEncryption,2048,RSA,1,v3,0,0
ssc-cms.33across.com,ce4c2efbadacc82aa20a91fded5795b78c5429eb79f12a9ac65f48ff1ce4fa6b,Sectigo Limited,383,1,sha256WithRSAEncryption,2048,RSA,1,v3,0,0
truste.com,32ba5f881085562a47728c076f11069d1209552db117219c944f6b5f2ed5a5db,Amazon,393,1,sha256WithRSAEncryption,2048,RSA,1,v3,0,0
optimizely.com,7c77b7b472bf9b326140a392e83dfe9f3544111f95d947eb5eb19b9994bb9082,Google Trust Services,90,1,ecdsa-with-SHA256,256,EC,1,v3,0,0
ws.chatgpt.com,f92106042fabba28298d9e4582b7b275b350a139bcfcc1a1a4ace81e1c7e59ca,Google Trust Services,90,1,ecdsa-with-SHA256,256,EC,1,v3,0,0
gsp64-ssl.ls-apple.com.akadns.net,e07c4d911c0afe2563e51a9afd6e6a500a7ebfb4f3822df5f6a652de19ca5a89,Apple Inc.,83,1,ecdsa-with-SHA256,256,EC,1,v3,0,0
apple.news,8bb39050b3b16b4fc7153201e93faeb3bf25564208ba0abd0d851b7137455309,Apple Inc.,187,1,sha256WithRSAEncryption,2048,RSA,1,v3,0,0
pbs.yahoo.com,a07e9f55c04a5410288c65d3f7c2588b572807e140415cba91b17b87566396a7,DigiCert Inc,51,1,sha256WithRSAEncryption,256,EC,1,v3,0,0
c.apple.news,dc44d2329f76f341b41f0bb1e9ac7ad3dec510f5a71a5e74cdf7c49cb88ee3a9,Apple Inc.,87,1,ecdsa-with-SHA256,256,EC,1,v3,0,0
dgw-ig.c10r.facebook.com,215cf5244a1f5376c6625d87bbd6d60253becbad1d0d9351ad652ff0a5d9baf5,DigiCert Inc,90,1,sha256WithRSAEncryption,2048,RSA,1,v3,0,0
direct.adsrvr.org,ea25c7602a630c77115f6e1b188a7f3d468ce1b57a5b4a233c288887d49cc7a8,GlobalSign nv-sa,393,1,sha256WithRSAEncryption,2048,RSA,1,v3,0,0
googlehosted.l.googleusercontent.com,70eba3caadfe648f423fc9030bb9045ab73f4252a3316f44b8a0ac89ce96f7b7,Google Trust Services,83,1,sha256WithRSAEncryption,2048,RSA,1,v3,0,0
client-api.itunes.apple.com,74a420989df151bbbb7945e7e0269061f5e16d5fdafa951f1d2fa5abf721544d,Apple Inc.,188,1,sha256WithRSAEncryption,2048,RSA,1,v3,0,0
mesu-cdn.apple.com.akadns.net,5433701739e6a6d8a0807b280800b47d578ff1add78d1615398cc8ed11481b76,Apple Inc.,88,1,ecdsa-with-SHA256,256,EC,1,v3,0,0
sync.richaudience.com,bc4b683e1aec65e2219fe5ae577ece271334ba9654e276fdc169d58f178380fb,Amazon,394,1,ecdsa-with-SHA256,256,EC,1,v3,0,0
aws-proxy-gcp.api.snapchat.com,9610091e7c711204b985f2421360e1cd94645d04a9f668fa11e7443e53c556ce,DigiCert Inc,198,1,sha256WithRSAEncryption,2048,RSA,1,v3,0,0
guzzoni-apple-com.v.aaplimg.com,fd876e7e903d710e4cb5e9defe6f2ef1b608a5fd4e993c416e162b917ab46522,Apple Inc.,86,1,sha256WithRSAEncryption,2048,RSA,1,v3,0,0
tribalfusion.com,3f1bb6cd857d614d1c82cec5d27dc871e14549c386c9a1474cbe70be6679de3e,"GoDaddy.com, Inc.",397,1,sha256WithRSAEncryption,2048,RSA,1,v3,0,0
sync.outbrain.com,bd0dff32f787d14c8a2333b9bacb20848a7fdefca0bcebf2ab724f0e232231f8,DigiCert Inc,374,1,sha256WithRSAEncryption,2048,RSA,1,v3,0,0
instructure.com,06703da4ebd6e14b47046fbd41cc5c64051eeead3fd39286565bdc72b126e242,Certainly,29,0,sha256WithRSAEncryption,2048,RSA,1,v3,0,0
firebaseremoteconfigrealtime.googleapis.com,c96df46cd4d4baab16c15705b3fdf7748c83cb18d221814df697965aa44ced44,Google Trust Services,83,1,ecdsa-with-SHA256,256,EC,1,v3,0,0
sync.mathtag.com,e737c41d8bf39149cb62f5278bf4e7c2201d1430bf4154d4fc3515f5303fea52,DigiCert Inc,198,1,sha256WithRSAEncryption,2048,RSA,1,v3,0,0
dl.google.com,e51c3ce4d70e43c7262da7e20609b3b751d6d98b8b83fed4a3f56fbb05bba54f,Google Trust Services,83,1,ecdsa-with-SHA256,256,EC,1,v3,0,0
samsung.com,c4d0dc2516cc9b61be6a407ac3e101b7b5c45b954553b7e6e061cdefd2ca62cc,Sectigo Limited,198,1,sha256WithRSAEncryption,2048,RSA,1,v3,0,0
m.stripe.com,fcd7899d71a34a8fffe0abf30f7c1a5cd837c7f322d78a7754d248a3f45ef12c,DigiCert Inc,123,1,sha256WithRSAEncryption,2048,RSA,1,v3,0,0
prod.appsuggestions.teams.cloud.microsoft,d2c4ea0b84a7d152e828bff9e741626292eff6a73663b3156a8cf65f61a73d0b,Microsoft Corporation,360,1,sha384WithRSAEncryption,2048,RSA,1,v3,0,0
flurry.com,2ec4d454598a043a2c613e3dbd940bff42dc21d819ddae0c59f988f805cb5615,DigiCert Inc,176,1,sha256WithRSAEncryption,256,EC,1,v3,0,0
assets-mercury.mzstatic.com,b9626e104130e46d3dac016556afe443f953d0f313f955b05f0c4a671a94ae05,Apple Inc.,88,1,sha256WithRSAEncryption,2048,RSA,1,v3,0,0
gspe35-cdn.v.aaplimg.com,5433701739e6a6d8a0807b280800b47d578ff1add78d1615398cc8ed11481b76,Apple Inc.,88,1,ecdsa-with-SHA256,256,EC,1,v3,0,0
launchpad.classlink.com,6bed22d71ba4bcc392e4b1c1a237503507d65e03c1a1339820c214597edda8c2,Amazon,394,1,sha256WithRSAEncryption,2048,RSA,1,v3,0,0
chromeos-ca.gstatic.com,7f6d6c97b5ccda62ca3c6d5095a3dc15ac850122f2cbde6888649a17a1979931,Google Trust Services,83,1,ecdsa-with-SHA256,256,EC,1,v3,0,0
appier.net,4365d6a9eb526c1eaa63199e89ce0df07b5c443780b434000050f9faa1251610,Google Trust Services,90,1,sha256WithRSAEncryption,2048,RSA,1,v3,0,0
adentifi.com,d140769e5c6b30d0ed4b12470718867b82828e54601be465caa54322e2230ca1,Amazon,393,1,sha256WithRSAEncryption,2048,RSA,1,v3,0,0
ad-delivery.net,4b7df30c1077e29b387888cb104ff2b120c8edc055af5fa30aafd115deab0b96,Google Trust Services,90,1,ecdsa-with-SHA256,256,EC,1,v3,0,0
office.mira.tm.svc.cloud.microsoft,394e114f9601996c0a534b8d664c906bab7cb6f7f58c5f2449f13408dab5a0df,DigiCert Inc,198,1,sha256WithRSAEncryption,2048,RSA,1,v3,0,0
atm.office.mira.tm.svc.cloud.microsoft,394e114f9601996c0a534b8d664c906bab7cb6f7f58c5f2449f13408dab5a0df,DigiCert Inc,198,1,sha256WithRSAEncryption,2048,RSA,1,v3,0,0
fp.msedge.net,f75a69c888592aae99eb173cc740cf3dc9e1915eb002f1df15506993a63466ec,DigiCert Inc,180,1,sha256WithRSAEncryption,2048,RSA,1,v3,0,0
setup.fe2.apple-dns.net,a0dbdc42640e2b55782dd915df7c3b4f510a743414f28badef8d31b71065f562,Apple Inc.,388,1,sha256WithRSAEncryption,2048,RSA,1,v3,0,0
pixel-config.reddit.com,4026117dc787e06ade1c02a778dd486b83e3c9ee2f3d9b1c44a8696df1fdea92,DigiCert Inc,179,1,sha256WithRSAEncryption,2048,RSA,1,v3,0,0
a.tribalfusion.com,22aa308d9d100a4749d8d85d74f629193cbd3f7e600f298a4b05859844dddccb,Google Trust Services,90,1,ecdsa-with-SHA256,256,EC,1,v3,0,0
ts01-b.cloudsink.net,3bcce618720f2b3f9caf5fe7af3e4152cb7907708431108e0988213e2fe95e4e,"CrowdStrike, Inc.",364,0,sha256WithRSAEncryption,4096,RSA,1,v3,0,0
blismedia.com,fa7c562411c8d2b89a3312f0fffb9ec73c52e912417c2259f7b5028090c67db3,Google Trust Services,90,1,ecdsa-with-SHA256,256,EC,1,v3,0,0
weather.com,e86306a3a2b4001c1fd793569689b7550edb51d256f3d84b1fd05f33876dd5af,DigiCert Inc,365,1,ecdsa-with-SHA384,256,EC,1,v3,0,0
stripe.network,a7df8445cde67c414cdca45a2a7dbce2a257ca14bec611dc31eb0acdfac242cb,DigiCert Inc,99,1,sha256WithRSAEncryption,2048,RSA,1,v3,0,0
tr.blismedia.com,6e799d45ed695f24a7cbd7a0dd12908aeba4ff5ed1b146625c9f2cc46fc09859,Google Trust Services,90,1,sha256WithRSAEncryption,2048,RSA,1,v3,0,0
atm-fp-direct.office.com,394e114f9601996c0a534b8d664c906bab7cb6f7f58c5f2449f13408dab5a0df,DigiCert Inc,198,1,sha256WithRSAEncryption,2048,RSA,1,v3,0,0
clients.l.google.com,b923c14ef87a0a5aa8b961c18e4e49c97dc5e7829c1f2f41893c884e6fd41ffb,Google Trust Services,83,1,sha256WithRSAEncryption,2048,RSA,1,v3,0,0
cdn-settings.appsflyersdk.com,0c3c8ff74f842eb081d93fe46df45e6bc91c0d02325c42169d7472c41f82454c,Amazon,394,1,sha256WithRSAEncryption,2048,RSA,1,v3,0,0
rp.liadm.com,340a18818301460e957eb437d6c9fccc93c1ebdab12bbe0ac0f3eaafece66b2f,Amazon,393,1,sha256WithRSAEncryption,2048,RSA,1,v3,0,0
translate-pa.googleapis.com,c96df46cd4d4baab16c15705b3fdf7748c83cb18d221814df697965aa44ced44,Google Trust Services,83,1,ecdsa-with-SHA256,256,EC,1,v3,0,0
bluebook.app.collegeboard.org,7de26d623ea7d148663a693243eac17e27b2b5ae5d22b2e229824bb63ef1a8b0,Amazon,393,1,sha256WithRSAEncryption,2048,RSA,1,v3,0,0
m.stripe.network,a7df8445cde67c414cdca45a2a7dbce2a257ca14bec611dc31eb0acdfac242cb,DigiCert Inc,99,1,sha256WithRSAEncryption,2048,RSA,1,v3,0,0
rtb.adentifi.com,f0d6fddcc91dc46d58db3653d7ddfd1b42f57c1aa8868ea22dfee8b0e6707361,Google Trust Services,90,1,sha256WithRSAEncryption,2048,RSA,1,v3,0,0
ims-prod06.adobelogin.com,0f1f6ca8967205c615cb1dd7c5d4790bb3b3f7474305b2bb4a52edf5377b5767,DigiCert Inc,396,1,sha256WithRSAEncryption,2048,RSA,1,v3,0,0
sync.smartadserver.com,00d4b05c3ab1ca37371d6021fd5864222ac3de1743e41a673b6e1d385ed4da17,DigiCert Inc,371,1,ecdsa-with-SHA384,256,EC,1,v3,0,0
licensing.m365.svc.cloud.microsoft,9938670221479099903b6f328a031c532d9acfcd3431df311b8fbd4814b0444a,Microsoft Corporation,180,1,sha384WithRSAEncryption,2048,RSA,1,v3,0,0
web.whatsapp.com,47cd1cf3e6b7df4cf2197d57ee0df82e0dc12393a4e3dfc17f2681f2e0707fd6,DigiCert Inc,90,1,sha256WithRSAEncryption,256,EC,1,v3,0,0
api-global.netflix.com,589e894d97304c0446939b5f17cc815f4300500343a05b77191f57c8668a62c7,Netflix,92,0,sha256WithRSAEncryption,2048,RSA,1,v3,0,0
beacons5.gvt3.com,0436c71adeab49aa4c006d2576fc1b7d7fe7214ae40cb5f1e15329d025d9cb47,Google Trust Services,83,1,ecdsa-with-SHA256,256,EC,1,v3,0,0
id.a-mx.com,7926f515f0b499ab6f8534e823f606bf8e5d45cac6ba1591e79e0bc430b41483,Let's Encrypt,89,1,ecdsa-with-SHA384,256,EC,1,v3,0,0
fa000000005.resources.office.net,0db841e1575f1366181a40f352366e7c725bc23ec5ece53c42dce4c8d0e5f769,Microsoft Corporation,198,1,ecdsa-with-SHA384,256,EC,1,v3,0,0
simage4.pubmatic.com,97b6db2d6e8ec06c3605d137728be74beeebe760a444f65b0ebed5799313a0f9,DigiCert Inc,394,1,sha256WithRSAEncryption,2048,RSA,1,v3,0,0
choices.truste.com,773153accbaacc92d19704f01b4a879d3667715ce627716761af350cf64cb7ef,Amazon,393,1,sha256WithRSAEncryption,2048,RSA,1,v3,0,0
sc.omtrdc.net,1836e9ffd361e705c57a551253356e98a41eeb38559cf7694064493bf65a1157,DigiCert Inc,396,1,sha256WithRSAEncryption,2048,RSA,1,v3,0,0
privacymanager.io,afe52c3b11ba61729ff07bb3fb33f3c430345293a489af6e74c15b06e917ce96,Amazon,393,1,sha256WithRSAEncryption,2048,RSA,1,v3,0,0
ocws.officeapps.live.com,7fc1da287de6f0a8b11a2e01d26766d2cab1d10106d3f84e212ae632fcf954ce,Microsoft Corporation,360,1,sha384WithRSAEncryption,2048,RSA,1,v3,0,0
recaptcha.net,700dc22ce2911e8586334ef32d50c2679e247f76eb17b278543cb7ec4a0837dd,Google Trust Services,83,1,ecdsa-with-SHA256,256,EC,1,v3,0,0
ms-cookie-sync.presage.io,639738f50ee4772e241fd077660a92d30f47536cab54e14d1e57b496abbe3f7b,Let's Encrypt,89,1,ecdsa-with-SHA384,256,EC,1,v3,0,0
xgapromomanager-pa.googleapis.com,c96df46cd4d4baab16c15705b3fdf7748c83cb18d221814df697965aa44ced44,Google Trust Services,83,1,ecdsa-with-SHA256,256,EC,1,v3,0,0
svc.ms-acdc-teams.office.com,394e114f9601996c0a534b8d664c906bab7cb6f7f58c5f2449f13408dab5a0df,DigiCert Inc,198,1,sha256WithRSAEncryption,2048,RSA,1,v3,0,0
tr.teams.microsoft.com,c346bcf73ecaad46e2cc88b931c116c34d182761ddcc5cbff21ee797ab80af2a,Microsoft Corporation,180,1,sha384WithRSAEncryption,2048,RSA,1,v3,0,0
godaddy.com,0c72c9a024ff3979fd45d3dd2a712cd657d74f44f3e7a9ef80cf838b5aac4ce5,Google Trust Services,90,1,ecdsa-with-SHA256,256,EC,1,v3,0,0
choices.trustarc.com,0a1947123d0d9dc7ee9a36b0b273e69d5246b48030a1ff1d4e60833211407409,Amazon,393,1,sha256WithRSAEncryption,2048,RSA,1,v3,0,0
api.id5-sync.com,b771f93367ddd6e9312b50234a2bc8ed4fea9f643bd6f3f2d755d1d3f3e231fb,Let's Encrypt,89,1,ecdsa-with-SHA384,256,EC,1,v3,0,0
maps.gstatic.com,7f6d6c97b5ccda62ca3c6d5095a3dc15ac850122f2cbde6888649a17a1979931,Google Trust Services,83,1,ecdsa-with-SHA256,256,EC,1,v3,0,0
cdn.flashtalking.com,7ca4b0086395868b29d704171a2850915a8cc73c4c0e54ab76ca119d21dd53ce,DigiCert Inc,198,1,sha256WithRSAEncryption,2048,RSA,1,v3,0,0
weather-edge.apple.com,ab91f21be7c457e432c8f7773a4ad87e7238be33923011e58d765459d22e14a9,Apple Inc.,394,1,ecdsa-with-SHA256,256,EC,1,v3,0,0
challenges.cloudflare.com,348bb628acc0284434517e8503e3501e04e748b49911cb23af24cf9f63c2c61e,Google Trust Services,90,1,ecdsa-with-SHA256,256,EC,1,v3,0,0
star.fallback.c10r.instagram.com,077c4b71dd8f595202247f831a29144244070d7b6b951ac1c90bd77e7c08ecce,DigiCert Inc,90,1,sha256WithRSAEncryption,256,EC,1,v3,0,0
cm.adform.net,487ad90f83c5020e002e838a9c9533bda413d8c857a073232ded7b01a3c15477,DigiCert Inc,391,1,sha256WithRSAEncryption,2048,RSA,1,v3,0,0
wps.v.aaplimg.com,afc67cdff028bdf92425237036adad000a2b128fb1286de3439696dc78188cde,Apple Inc.,195,1,ecdsa-with-SHA256,256,EC,1,v3,0,0
captive.g.aaplimg.com,5433701739e6a6d8a0807b280800b47d578ff1add78d1615398cc8ed11481b76,Apple Inc.,88,1,ecdsa-with-SHA256,256,EC,1,v3,0,0
adjust.com,c409f0fecef037760c56a87bc08af9724d051931ef1536186e755dd5a3869713,DigiCert Inc,198,1,sha256WithRSAEncryption,2048,RSA,1,v3,0,0
js.adsrvr.org,ea25c7602a630c77115f6e1b188a7f3d468ce1b57a5b4a233c288887d49cc7a8,GlobalSign nv-sa,393,1,sha256WithRSAEncryption,2048,RSA,1,v3,0,0
ssp.disqus.com,6521b4a8f2cfd70bf4a2a03e3d50e1b4dcf8da80eecd6939855cece130676833,Sectigo Limited,198,1,sha256WithRSAEncryption,2048,RSA,1,v3,0,0
chat.google.com,e51c3ce4d70e43c7262da7e20609b3b751d6d98b8b83fed4a3f56fbb05bba54f,Google Trust Services,83,1,ecdsa-with-SHA256,256,EC,1,v3,0,0
apps-mzstatic-cdn.itunes-apple.com.akadns.net,17051731d6fc0546f4d7bece8641fd3212baf03c50e1199c8ba723444962157a,Apple Inc.,183,1,sha256WithRSAEncryption,2048,RSA,1,v3,0,0
rtb0.doubleverify.com,a8f88e2b928a49213726229741eb91604d8821ee27648b35a4f487641dce8594,"Starfield Technologies, Inc.",397,0,sha256WithRSAEncryption,2048,RSA,1,v3,0,0
logs.ads.vungle.com,cf608f4fcd28d23e2571b60d265d6c86a9161c1020d1370e2005979bddfa25bf,Sectigo Limited,394,1,sha256WithRSAEncryption,2048,RSA,1,v3,0,0
script.hotjar.com,c37709d23bd8ca6cd29a5defe6bab215993d88f96ba73f188d8ec999d2f2f238,Amazon,197,1,sha256WithRSAEncryption,2048,RSA,1,v3,0,0
api.apple-cloudkit.com,e8ffc54667dcbdbcaecddbd20baa3dcb849682f6974e15db281163954b0bd7db,Apple Inc.,388,1,ecdsa-with-SHA256,256,EC,1,v3,0,0
bttrack.com,4c5d9264657d96ab30742dbebb21857b202db34fd24f0d67ea753d30b7200868,Sectigo Limited,198,1,sha256WithRSAEncryption,2048,RSA,1,v3,0,0
openai.com,f01c39af1eeb0286a4f8d64752a9be58dd5ed6727bf0d31379f592f30633f416,Google Trust Services,90,1,ecdsa-with-SHA256,256,EC,1,v3,0,0
init.push-apple.com.akadns.net,e1e0f8bdf5a48864890b73b87155d59c6e73e54d2e25e97f628abd2c797393a8,Apple Inc.,355,1,sha256WithRSAEncryption,256,EC,1,v3,0,0
maxcdn.bootstrapcdn.com,22950af120e2d160173f96bf263a90ba3884380430527daeea748d581ef7c70b,Google Trust Services,90,1,ecdsa-with-SHA256,256,EC,1,v3,0,0
api.btloader.com,0ff09629a037533d54ae2d8d990a4d08af6f853b1cf26c4b578b17f255935a7b,Google Trust Services,90,1,sha256WithRSAEncryption,2048,RSA,1,v3,0,0
m.adnxs.com,1b360b6dcf02669aad032dad81c81ecba3e063dd52c542ec60d94c0b427180e5,DigiCert Inc,396,1,ecdsa-with-SHA256,256,EC,1,v3,0,0
ab.chatgpt.com,4d91c48b92e1fd65b93a38ef83d8887edc9c993285f3a0ccdf7948bb71e184aa,Let's Encrypt,89,1,ecdsa-with-SHA384,256,EC,1,v3,0,0
ssbsync-global.smartadserver.com,00d4b05c3ab1ca37371d6021fd5864222ac3de1743e41a673b6e1d385ed4da17,DigiCert Inc,371,1,ecdsa-with-SHA384,256,EC,1,v3,0,0
iot.us-west-2.amazonaws.com,95d6c41cdb10b995d73f4fa8795a5ca5e75a069ee799291ad45f3bc4da87558d,Amazon,394,1,sha256WithRSAEncryption,2048,RSA,1,v3,0,0
app-analytics-v2.snapchat.com,eceefbf6116df06a256a774d0544badd5cdec34a6f09f5f8efede3b06dfeedea,Google Trust Services,90,1,sha256WithRSAEncryption,2048,RSA,1,v3,0,0
partners.tremorhub.com,9a504ab9de29f64f051deda4e2b55391d3eb1ffdb28e8967345f88aeba5e74a3,Amazon,394,1,sha256WithRSAEncryption,2048,RSA,1,v3,0,0
dsp.360yield.com,875792e1b3cf1de0d69369b31fbd9f849d7bd81c26bca8bd6fa0e0323959a796,Sectigo Limited,390,1,sha256WithRSAEncryption,2048,RSA,1,v3,0,0
bing.net,f3477d87dcfddff7d6486c48e9ff26b663614f8d5b7caf43d3ca4209b9cb8401,Microsoft Corporation,180,1,sha384WithRSAEncryption,2048,RSA,1,v3,0,0
www.recaptcha.net,700dc22ce2911e8586334ef32d50c2679e247f76eb17b278543cb7ec4a0837dd,Google Trust Services,83,1,ecdsa-with-SHA256,256,EC,1,v3,0,0
sb-ssl.google.com,e51c3ce4d70e43c7262da7e20609b3b751d6d98b8b83fed4a3f56fbb05bba54f,Google Trust Services,83,1,ecdsa-with-SHA256,256,EC,1,v3,0,0
history.google.com,e51c3ce4d70e43c7262da7e20609b3b751d6d98b8b83fed4a3f56fbb05bba54f,Google Trust Services,83,1,ecdsa-with-SHA256,256,EC,1,v3,0,0
secure.netflix.com,e38ca10657f47e1646e7d3c8926210909e35798657227a524a8ac32f2d6d0322,Netflix,38,0,sha256WithRSAEncryption,256,EC,1,v3,0,0
sync.a-mo.net,1f987d910309fd85a2abe2674243a1f36a733278779c250255e5283b9f1a56cc,Let's Encrypt,89,1,sha256WithRSAEncryption,2048,RSA,1,v3,0,0
locationhistory-pa.googleapis.com,c96df46cd4d4baab16c15705b3fdf7748c83cb18d221814df697965aa44ced44,Google Trust Services,83,1,ecdsa-with-SHA256,256,EC,1,v3,0,0
duosecurity.com,8ff2cee07a88e17807d06f9fd3aa03f698b4cfb23d50c50a7107f14ecda822d8,Amazon,393,1,sha256WithRSAEncryption,2048,RSA,1,v3,0,0
media.apple.map.fastly.net,17051731d6fc0546f4d7bece8641fd3212baf03c50e1199c8ba723444962157a,Apple Inc.,183,1,sha256WithRSAEncryption,2048,RSA,1,v3,0,0
iphone-ld-migration.origin-apple.com.akadns.net,5433701739e6a6d8a0807b280800b47d578ff1add78d1615398cc8ed11481b76,Apple Inc.,88,1,ecdsa-with-SHA256,256,EC,1,v3,0,0
cdn.optimizely.com,b23b924115889090a5b67e18c3dbdc4bcf5cca17392eef92809e60c888e7fbe9,Google Trust Services,90,1,ecdsa-with-SHA256,256,EC,1,v3,0,0
sync.targeting.unrulymedia.com,eaf1383319a007f999703e58519a483cfa9dd8e641cbebbf233269b126b54111,Sectigo Limited,368,1,sha256WithRSAEncryption,2048,RSA,1,v3,0,0
s-0005.dual-s-msedge.net,f60432340206699274e86218c2ec6573bdd3831544d0f609bf66baecc55458b7,Microsoft Corporation,180,1,sha384WithRSAEncryption,2048,RSA,1,v3,0,0
play.itunes.apple.com,74a420989df151bbbb7945e7e0269061f5e16d5fdafa951f1d2fa5abf721544d,Apple Inc.,188,1,sha256WithRSAEncryption,2048,RSA,1,v3,0,0
ssl.google-analytics.com,d6a4009ffda7f7d1fd94292c410110ff9146c89f31750e462f61cb024824a81c,Google Trust Services,83,1,ecdsa-with-SHA256,256,EC,1,v3,0,0
h3.media.apple.map.fastly.net,17051731d6fc0546f4d7bece8641fd3212baf03c50e1199c8ba723444962157a,Apple Inc.,183,1,sha256WithRSAEncryption,2048,RSA,1,v3,0,0
cl3.g.aaplimg.com,5433701739e6a6d8a0807b280800b47d578ff1add78d1615398cc8ed11481b76,Apple Inc.,88,1,ecdsa-with-SHA256,256,EC,1,v3,0,0
uipglob.semasio.net,1b325888dd4729648b9f4a3e6173b7f3c1657d5edd40f24df82d8bd6f324ab57,GlobalSign nv-sa,396,1,sha256WithRSAEncryption,256,EC,1,v3,0,0
ssl.com,983fe2456c7e6364ffde1b4b25c8939a9568d366c261eb1964d125d1c9e3b7db,SSL Corp,396,0,sha256WithRSAEncryption,2048,RSA,1,v3,0,0
configuration-row-lb.apple.com.akadns.net,5433701739e6a6d8a0807b280800b47d578ff1add78d1615398cc8ed11481b76,Apple Inc.,88,1,ecdsa-with-SHA256,256,EC,1,v3,0,0
init.gc.apple.com,edb8a090f35ea4ca80be3be07b545eb5bdca8bfdd4de681aeaa9a8798749040b,Apple Inc.,188,1,sha256WithRSAEncryption,2048,RSA,1,v3,0,0
sync.adkernel.com,44c98c56e048fd9e0ae45818696619fdfc7ce97735d7d90596ccabba67fee99e,GlobalSign nv-sa,396,1,sha256WithRSAEncryption,2048,RSA,1,v3,0,0
api.weather.com,0eb6bde5add8811b548172874e1abad386f6aab7919bc817194b9086f6297593,DigiCert Inc,366,1,ecdsa-with-SHA384,256,EC,1,v3,0,0
contextual.media.net,5f1f28afacb64dec56c9e04a350989c115eee2fa477a79baf7b4ef09f827a7c5,DigiCert Inc,366,1,sha256WithRSAEncryption,2048,RSA,1,v3,0,0
thrtle.com,f2548b7372821b240649952f9bbfb03afcf5d3f00922db4c0475bbcc5cfd2669,"GoDaddy.com, Inc.",198,1,sha256WithRSAEncryption,2048,RSA,1,v3,0,0
store-images.s-microsoft.com,693302fcb6e1ece38b175ee4e1a3d61b92b5152e4f86fc8667d20efdd842e19a,Microsoft Corporation,173,1,ecdsa-with-SHA384,256,EC,1,v3,0,0
skyhigh.cloud,9dfc734bf5fd383e1ace399715a551362a79a66002770ef247ee4551a848445c,Sectigo Limited,365,1,sha256WithRSAEncryption,4096,RSA,1,v3,0,0
archive.is,d34567128983e87d9c8f20caa8cb0317069e41f6204fd59784bbad55efa84968,Let's Encrypt,89,1,ecdsa-with-SHA384,256,EC,1,v3,0,0
pixel.quantserve.com,afb2bb0355aaf079c8a529e297d4922a20f86448d3c0e250a239cdbe95b7c02f,Let's Encrypt,89,1,sha256WithRSAEncryption,2048,RSA,1,v3,0,0
cloudsearch.googleapis.com,c96df46cd4d4baab16c15705b3fdf7748c83cb18d221814df697965aa44ced44,Google Trust Services,83,1,ecdsa-with-SHA256,256,EC,1,v3,0,0
use.fontawesome.com,9f521ffcf14e62edca52a19090180df92efd64673f07cc253aa1c202e0afe4fb,Google Trust Services,90,1,ecdsa-with-SHA256,256,EC,1,v3,0,0
notify.adobe.io,893577dee24c8d0fae820e13afdfa1d042e059f1736ad4e872d66c8c13710aac,DigiCert Inc,396,1,sha256WithRSAEncryption,2048,RSA,1,v3,0,0
autologon.microsoftazuread-sso.com,4b83f84f4a40fa6db74e3bba920c97ce72e4c27bfaaf8475e77f115360625a0a,DigiCert Inc,180,1,sha256WithRSAEncryption,2048,RSA,1,v3,0,0
tags.tiqcdn.com,d15d04f4359fd39d4b7d1679645cfc230c52772c4602f2d87d8a086d1a584012,Amazon,197,1,sha256WithRSAEncryption,2048,RSA,1,v3,0,0
mozilla.org,b4ce1dc88a2bbfd82a17b29b0fb83b06d8f14a4151e99c2685c3fc08035fac95,Google Trust Services,90,1,sha256WithRSAEncryption,2048,RSA,1,v3,0,0
sc-static.net,91a8d7cd203614ec9ad510bcdd44f19d262078f892937b376af8e97bfc7e7266,Amazon,394,1,sha256WithRSAEncryption,2048,RSA,1,v3,0,0
cloud.unity3d.com,a1df39a8edaafebcfc8b20b31449ad4a4bf3ac69fcbf16b8abe4578a8bd97e39,Google Trust Services,90,1,sha256WithRSAEncryption,2048,RSA,1,v3,0,0
ipify.org,00fd7618cb8db65a4cb70a377728b1015c3d6ae42d0602c19db86bf86ff83177,Google Trust Services,90,1,ecdsa-with-SHA256,256,EC,1,v3,0,0
b-graph.facebook.com,fc4ced33b2b92e649e1de0dfdc30222aa2337648e25ddd8431b99cc78fb5f5df,DigiCert Inc,90,1,sha256WithRSAEncryption,256,EC,1,v3,0,0
appsgrowthpromo-pa.googleapis.com,c96df46cd4d4baab16c15705b3fdf7748c83cb18d221814df697965aa44ced44,Google Trust Services,83,1,ecdsa-with-SHA256,256,EC,1,v3,0,0
us-central1-gcp.api.snapchat.com,9610091e7c711204b985f2421360e1cd94645d04a9f668fa11e7443e53c556ce,DigiCert Inc,198,1,sha256WithRSAEncryption,2048,RSA,1,v3,0,0
media4.giphy.com,fc72b04f85e4c240b3dd3cc92cde740553d2ec7f606f53303e5cbe9b008e5838,GlobalSign nv-sa,198,1,sha256WithRSAEncryption,2048,RSA,1,v3,0,0
us-east1-aws.api.snapchat.com,3ab592fd2cfa936fb8e5fa5e2e4b651394f8641917975602c5959cd53aaa02aa,DigiCert Inc,364,1,sha256WithRSAEncryption,2048,RSA,1,v3,0,0
ep2.facebook.com,fc4ced33b2b92e649e1de0dfdc30222aa2337648e25ddd8431b99cc78fb5f5df,DigiCert Inc,90,1,sha256WithRSAEncryption,256,EC,1,v3,0,0
yandex.ru,004b73abc7082568a07182924623a26973fb7f4ab4ed30a5f022c3fa17c355eb,GlobalSign nv-sa,181,1,ecdsa-with-SHA384,256,EC,1,v3,0,0
smilewanted.com,7340ccfd5a87ef47ea6259aa3c6dbca470d9b4a813d687b9eb46b48074ba101a,Google Trust Services,90,1,ecdsa-with-SHA256,256,EC,1,v3,0,0
vtrk.dv.tech,ec2eaf09f1c505a17cfb60a0fa87bd571d26ca7e975479bf4804d1f89b3ae74c,Google Trust Services,90,1,ecdsa-with-SHA256,256,EC,1,v3,0,0
sync.bfmio.com,6ea4148206e81e50c197212e210d106e902e4ee4d5fe1a944aa8a31a5ea7fc74,Google Trust Services,90,1,sha256WithRSAEncryption,2048,RSA,1,v3,0,0
partiality.itunes.apple.com,efd87419b0536457772a69a71482f0f42b4bfb828a82d44f97dd0e15a205be8c,Apple Inc.,188,1,sha256WithRSAEncryption,2048,RSA,1,v3,0,0
core.bdec.microsoft.com,3b6f6400ae9c5d29f68757f58ffacebbd25a04aa202dd61e48f5686fa2fd124c,Microsoft Corporation,180,1,sha384WithRSAEncryption,2048,RSA,1,v3,0,0
ocsps.ssl.com,b908847adfca8f62692bad1d02593c3ab8361fd53f5f49da3aab9b52f8baad54,SSL Corporation,369,0,sha256WithRSAEncryption,2048,RSA,1,v3,0,0
wt.rqtrk.eu,3804ad6d80f78e241a46b66eed264a405d68f60f9aad3256e16f38c6a2acc499,DigiCert Inc,364,1,sha256WithRSAEncryption,4096,RSA,1,v3,0,0
sync.intentiq.com,880e940921098ba06cf640006c643e4ea7babb0ed32ea6572612002db4b57140,Amazon,394,1,sha256WithRSAEncryption,2048,RSA,1,v3,0,0
cloudinary.com,728c8cf115fa11d03077c31fdafdab28e681ed68d18bb8e3ebb65830dd878bc3,"GoDaddy.com, Inc.",397,1,sha256WithRSAEncryption,2048,RSA,1,v3,0,0
ow1.res.office365.com,3f8b164a2581cf597306e709cd43bfeb65e1cf4ffd7874a8d96c9dff51bc3fe0,Microsoft Corporation,198,1,ecdsa-with-SHA384,256,EC,1,v3,0,0
datadog.pool.ntp.org,f45d85e76bdb869d9a47bf77a2e57eae95eb6c0e31bb43aa4e279d0a20251c23,TRAEFIK DEFAULT CERT,365,0,sha256WithRSAEncryption,2048,RSA,1,v3,0,0
archive.ph,80eb50cedd0412b5a295222d286b5f19fba01da4d637bd0212e6fbe5598f2b30,Let's Encrypt,89,1,ecdsa-with-SHA384,256,EC,1,v3,0,0
image4.pubmatic.com,97b6db2d6e8ec06c3605d137728be74beeebe760a444f65b0ebed5799313a0f9,DigiCert Inc,394,1,sha256WithRSAEncryption,2048,RSA,1,v3,0,0
lenovo.com,3ede311d29a2e610a637069855c701692b0e2f8f0ffdb1fa67e0e838f370645c,DigiCert Inc,364,1,sha256WithRSAEncryption,2048,RSA,1,v3,0,0
apple-relay.fastly-edge.com,5dd2e967d3b926fb12b1d1e83142eaa16bdd5f605c59d57e8500ef3967664abf,Certainly,29,0,sha256WithRSAEncryption,2048,RSA,1,v3,0,0
cootlogix.com,a85a2c4b329b49bec30735f2cf515f155809485df6c2936a8a343f57f4116a06,Google Trust Services,89,1,sha256WithRSAEncryption,2048,RSA,1,v3,0,0
notification.m365.svc.cloud.microsoft,cbcd00179b95420bd996f74bb1257afa4e732d39f63bc69e7d93e2a4bd03fd03,Microsoft Corporation,180,1,sha384WithRSAEncryption,2048,RSA,1,v3,0,0
enduser.adsrvr.org,ea25c7602a630c77115f6e1b188a7f3d468ce1b57a5b4a233c288887d49cc7a8,GlobalSign nv-sa,393,1,sha256WithRSAEncryption,2048,RSA,1,v3,0,0
excelonline.nel.measure.office.net,bcd8fd0cb8eb81d4f3a39caf11efcd1ab869e9451e3ce417579a863b3187f21a,Microsoft Corporation,180,1,ecdsa-with-SHA384,256,EC,1,v3,0,0
caldav.fe2.apple-dns.net,a0dbdc42640e2b55782dd915df7c3b4f510a743414f28badef8d31b71065f562,Apple Inc.,388,1,sha256WithRSAEncryption,2048,RSA,1,v3,0,0
dc-api.adobe.io,cf38045b2f3f992ea9b212ef3e2279ea979cb0ddcc46996315836767d226a73b,DigiCert Inc,396,1,sha256WithRSAEncryption,2048,RSA,1,v3,0,0
crb.kargo.com,fb5f5eacea1d32eb5063c8cca00cf4ab78927b386e6be91e0076ed68cd815c41,Amazon,394,1,sha256WithRSAEncryption,2048,RSA,1,v3,0,0
downloaddispatch.itunes.apple.com,6e25089dbd8b6d388cbd7906fb861d5dc4c2fd31f7b67c089cff0679251b0ff9,Apple Inc.,84,1,ecdsa-with-SHA256,256,EC,1,v3,0,0
exelator.com,4636146bc36afb7bd4acaf5fbabaff291cbf7ae36f6acd5bccc1566672743a0b,GlobalSign nv-sa,396,1,sha256WithRSAEncryption,2048,RSA,1,v3,0,0
vast.doubleverify.com,53755c679efc5e6127249efbbf78c463c533078bd70ca5e5098f81f8e004bbea,"GoDaddy.com, Inc.",397,1,sha256WithRSAEncryption,2048,RSA,1,v3,0,0
cf-st.sc-cdn.net,74c708dcba9ead097fd738cb80c9f982413976aacb08d653ee1c6d35e2267b1e,DigiCert Inc,364,1,sha256WithRSAEncryption,2048,RSA,1,v3,0,0
pptservicescast.officeapps.live.com,8ab746fb2295377998543f30ceaaf5f0796eb22d013cb5befa52842bb516420b,Microsoft Corporation,180,1,sha384WithRSAEncryption,2048,RSA,1,v3,0,0
a1051.dscg4.akamai.net,792ce717b665ca8a0aedf9f7a3ba68bd15b7bf81da354e2c7dc4869bf9f22e62,DigiCert Inc,365,1,ecdsa-with-SHA384,256,EC,1,v3,0,0
d.turn.com,363615c52bbafb26068adb9c2b7355d8a4e4ab9abd538d1ab6f7a805afc4c80b,Sectigo Limited,396,1,sha256WithRSAEncryption,2048,RSA,1,v3,0,0
media3.giphy.com,fc72b04f85e4c240b3dd3cc92cde740553d2ec7f606f53303e5cbe9b008e5838,GlobalSign nv-sa,198,1,sha256WithRSAEncryption,2048,RSA,1,v3,0,0
workspace.google.com,e51c3ce4d70e43c7262da7e20609b3b751d6d98b8b83fed4a3f56fbb05bba54f,Google Trust Services,83,1,ecdsa-with-SHA256,256,EC,1,v3,0,0
acuityplatform.com,531192994761501a06f0af51e733e6260ebbb523cf4258bf319f5b24dc792677,Sectigo Limited,395,1,sha256WithRSAEncryption,2048,RSA,1,v3,0,0
res-1.public.onecdn.static.microsoft,7e5c2a46bb2fe392f4b1c8c95f7c8721e229eb0bc926e24f3d65cc6a08a17a82,Microsoft Corporation,198,1,ecdsa-with-SHA384,256,EC,1,v3,0,0
s.go-mpulse.net,3ce12a7b0704894a2c9d2e0c6d696f11e35e3aa0c38bb95b5dc3a493fb9e3ead,DigiCert Inc,198,1,ecdsa-with-SHA384,256,EC,1,v3,0,0
worldaz.tr.teams.microsoft.com,7d898d65ac8e4d0e22e2a843e644122c81315da0c8c33e14a25eca3ece140938,Microsoft Corporation,180,1,sha384WithRSAEncryption,2048,RSA,1,v3,0,0
unified.adsafeprotected.com,dac5583422206827183c25f4f21d192d047152778baa6d0e489a8d7f9525b452,Amazon,393,1,sha256WithRSAEncryption,2048,RSA,1,v3,0,0
teams-mrc-ww-perf.tm-4.office.com,394e114f9601996c0a534b8d664c906bab7cb6f7f58c5f2449f13408dab5a0df,DigiCert Inc,198,1,sha256WithRSAEncryption,2048,RSA,1,v3,0,0
ims-na1.adobelogin.com,0f1f6ca8967205c615cb1dd7c5d4790bb3b3f7474305b2bb4a52edf5377b5767,DigiCert Inc,396,1,sha256WithRSAEncryption,2048,RSA,1,v3,0,0
s.company-target.com,dad7d2fc2a8c81c1e9bffbc2bb0f098b9aef6c743005405a8a5756acc1114e66,Let's Encrypt,89,1,sha256WithRSAEncryption,2048,RSA,1,v3,0,0
iosapps.itunes.apple.com,b4dc33dc8d4819f7ad4346b216845eb31e153aa19e6db3799bb9ef613d0d86dc,Apple Inc.,84,1,sha256WithRSAEncryption,2048,RSA,1,v3,0,0
firestore.googleapis.com,31877f7d62ce3fb775bde710032382927209fd8cbf4d7f9f25266ec5a87a2cbe,Google Trust Services,83,1,ecdsa-with-SHA256,256,EC,1,v3,0,0
www.tm.a.prd.aadg.akadns.net,d37715da7e0f83cf0b30bf95f43f28e6a1e53c1bbcdf283d5dc9db458e863774,DigiCert Inc,180,1,sha256WithRSAEncryption,2048,RSA,1,v3,0,0
segment.io,c2da34ed582ea08a43bab4cbdcec77abd600f011360fd0795caf3b5f21976b45,Amazon,394,1,sha256WithRSAEncryption,2048,RSA,1,v3,0,0
uiboot.netflix.com,589e894d97304c0446939b5f17cc815f4300500343a05b77191f57c8668a62c7,Netflix,92,0,sha256WithRSAEncryption,2048,RSA,1,v3,0,0
dynatrace.com,7128a8eb2e68cf6679e7f281af5108b44067bcab4d464a07a3357c2147f93f41,Amazon,197,1,sha256WithRSAEncryption,2048,RSA,1,v3,0,0
mozilla.com,89db609af075e0ed55082f3aa74030344cb79f35fd3c45f169d5764ffe70fd56,Google Trust Services,90,1,sha256WithRSAEncryption,2048,RSA,1,v3,0,0
dns-finder.com,608a40ed8a8fb39adfa623a9c943aeb4fcc18a50f91aeae9b0d1f4a9b8676e46,Google Trust Services,90,1,sha256WithRSAEncryption,2048,RSA,1,v3,0,0
samsungcloud.com,f5ee34482dd3802cdbd92b9145475826a610fd588cbc1aef9f442610a4e0a7f5,Sectigo Limited,198,1,sha256WithRSAEncryption,2048,RSA,1,v3,0,0
deviceintegritytokens-pa.googleapis.com,c96df46cd4d4baab16c15705b3fdf7748c83cb18d221814df697965aa44ced44,Google Trust Services,83,1,ecdsa-with-SHA256,256,EC,1,v3,0,0
quota.fe2.apple-dns.net,a0dbdc42640e2b55782dd915df7c3b4f510a743414f28badef8d31b71065f562,Apple Inc.,388,1,sha256WithRSAEncryption,2048,RSA,1,v3,0,0
playatoms-pa.googleapis.com,c96df46cd4d4baab16c15705b3fdf7748c83cb18d221814df697965aa44ced44,Google Trust Services,83,1,ecdsa-with-SHA256,256,EC,1,v3,0,0
amxrtb.com,b286d4fb85c0b3c0d4c1d2104e2a0eeba85e5144cac61da1dda65fa9d66d0b9f,Amazon,393,1,sha256WithRSAEncryption,2048,RSA,1,v3,0,0
api.apple-cloudkit.fe2.apple-dns.net,a0dbdc42640e2b55782dd915df7c3b4f510a743414f28badef8d31b71065f562,Apple Inc.,388,1,sha256WithRSAEncryption,2048,RSA,1,v3,0,0
apresolve.spotify.com,d259c071b22ee84523e7b256e4b013aff3c7b4f25eedb1aeb5a82b93588d63c6,DigiCert Inc,365,1,sha256WithRSAEncryption,2048,RSA,1,v3,0,0
api.segment.io,c2da34ed582ea08a43bab4cbdcec77abd600f011360fd0795caf3b5f21976b45,Amazon,394,1,sha256WithRSAEncryption,2048,RSA,1,v3,0,0
segment.com,c2da34ed582ea08a43bab4cbdcec77abd600f011360fd0795caf3b5f21976b45,Amazon,394,1,sha256WithRSAEncryption,2048,RSA,1,v3,0,0
www.tm.a.prd.aadg.trafficmanager.net,d37715da7e0f83cf0b30bf95f43f28e6a1e53c1bbcdf283d5dc9db458e863774,DigiCert Inc,180,1,sha256WithRSAEncryption,2048,RSA,1,v3,0,0
ab.dns-finder.com,413bed29e1da572490e4e64aaba2bc072dfb92d4b2a87e8a58a806a4dfde0d23,Google Trust Services,90,1,sha256WithRSAEncryption,2048,RSA,1,v3,0,0
a1961.g2.akamai.net,792ce717b665ca8a0aedf9f7a3ba68bd15b7bf81da354e2c7dc4869bf9f22e62,DigiCert Inc,365,1,ecdsa-with-SHA384,256,EC,1,v3,0,0
netcts.cdn-apple.com,792ce717b665ca8a0aedf9f7a3ba68bd15b7bf81da354e2c7dc4869bf9f22e62,DigiCert Inc,365,1,ecdsa-with-SHA384,256,EC,1,v3,0,0
fbsbx.com,40b21128a632b17f7a1664738c3bd2b73db3936673235633bb30fe6bd1bbe6e7,DigiCert Inc,90,1,sha256WithRSAEncryption,2048,RSA,1,v3,0,0
appsflyer.com,02d13b21ace30a82aab505ae57f376a4ceee3076c6a2a042e9977426be7a2c0a,Amazon,393,1,sha256WithRSAEncryption,2048,RSA,1,v3,0,0
incidents.diagnostics.office.com,6c255e7d13fd7fc78f2e2c93cdf5e55647ba81faad9827c62af3c4c6562c7624,DigiCert Inc,180,1,sha256WithRSAEncryption,2048,RSA,1,v3,0,0
ingage.tech,e2a2be73e941977734f42c35012d7ec41ec412199c1b08d1f82e2c409a31d3c0,Sectigo Limited,385,1,sha256WithRSAEncryption,2048,RSA,1,v3,0,0
profile.gc.apple.com,be49a8f8f3219e35a0aff88be3a64ce60d63343648cfdeadbd82df466a9f5581,Apple Inc.,394,1,ecdsa-with-SHA256,256,EC,1,v3,0,0
thousandeyes.com,49c7de1553c39a3b349e662ee28f21d45130f2111af06da4e1219b9476f36ffd,IdenTrust,369,1,sha256WithRSAEncryption,2048,RSA,1,v3,0,0
o.pki.goog,6e108cecdbe1d1f7578d75e17ffef4ada2ff9aacf90b2079f5819697fe3b9668,Google Trust Services,83,1,ecdsa-with-SHA256,256,EC,1,v3,0,0
gsa.idms-apple.com.akadns.net,11d51691d004ab2d5e45a2da4b2e4f6f4fc4da4beb6d9b4a9905d6574bb6fd50,Apple Inc.,391,1,sha256WithRSAEncryption,2048,RSA,1,v3,0,0
a.amxrtb.com,3b62dcb62c3fd9f11ef3168a3533a1671cc740cb6099afd3dae3526aa0c4a20a,Google Trust Services,90,1,ecdsa-with-SHA256,256,EC,1,v3,0,0
fa000000125.resources.office.net,0db841e1575f1366181a40f352366e7c725bc23ec5ece53c42dce4c8d0e5f769,Microsoft Corporation,198,1,ecdsa-with-SHA384,256,EC,1,v3,0,0
growth-pa.googleapis.com,c96df46cd4d4baab16c15705b3fdf7748c83cb18d221814df697965aa44ced44,Google Trust Services,83,1,ecdsa-with-SHA256,256,EC,1,v3,0,0
gspe35-ssl.ls-apple.com.akadns.net,5433701739e6a6d8a0807b280800b47d578ff1add78d1615398cc8ed11481b76,Apple Inc.,88,1,ecdsa-with-SHA256,256,EC,1,v3,0,0
idx.liadm.com,61e1137cec029424c8f49db5bdbce5cea95d720b4610618b283293cfa3ab477a,Amazon,393,1,sha256WithRSAEncryption,2048,RSA,1,v3,0,0
media0.giphy.com,fc72b04f85e4c240b3dd3cc92cde740553d2ec7f606f53303e5cbe9b008e5838,GlobalSign nv-sa,198,1,sha256WithRSAEncryption,2048,RSA,1,v3,0,0
footprints-pa.googleapis.com,c96df46cd4d4baab16c15705b3fdf7748c83cb18d221814df697965aa44ced44,Google Trust Services,83,1,ecdsa-with-SHA256,256,EC,1,v3,0,0
csync.smilewanted.com,629df445ee868184ad0061b97fc877bf0e4def22b95724b8de2e0b5fbd02350a,Google Trust Services,90,1,ecdsa-with-SHA256,256,EC,1,v3,0,0
cdn.fastclick.net,792ce717b665ca8a0aedf9f7a3ba68bd15b7bf81da354e2c7dc4869bf9f22e62,DigiCert Inc,365,1,ecdsa-with-SHA384,256,EC,1,v3,0,0
secure.cdn.fastclick.net,62ef2c5c3df2be321d3bb9cefc391b37e1a551b8897ab5efd27ac20bf8d919b2,DigiCert Inc,366,1,ecdsa-with-SHA384,256,EC,1,v3,0,0
zemanta.com,c61d365106b05d54ac366db938fb4d3cd3b5ee96c73499cae80e25006715f1f3,DigiCert Inc,364,1,ecdsa-with-SHA384,256,EC,1,v3,0,0
e4805.dsca.akamaiedge.net,fe8a2fd2f65973723d9143c06c2233dd843981a72263ea4d5c7a01a69146a5b4,Apple Inc.,190,1,sha256WithRSAEncryption,2048,RSA,1,v3,0,0
cl2.g.aaplimg.com,5433701739e6a6d8a0807b280800b47d578ff1add78d1615398cc8ed11481b76,Apple Inc.,88,1,ecdsa-with-SHA256,256,EC,1,v3,0,0
gsp10-ssl.ls-apple.com.akadns.net,ddc7f9c0b792eac12dbf968aebad543f9df4fdb1d2eac5ba6c165d5a69ec4d9b,Apple Inc.,83,1,ecdsa-with-SHA256,256,EC,1,v3,0,0
b-cdn.net,516f8636a1233272aa0f281a81f492f882354213ba4c212d80c5bbbf19041d32,Sectigo Limited,370,1,sha256WithRSAEncryption,2048,RSA,1,v3,0,0
agen-assets.ftstatic.com,6511eec3753b54729b12607c3d97b3822c187bceb17307f9f1d4a0685bbd72f4,DigiCert Inc,198,1,sha256WithRSAEncryption,2048,RSA,1,v3,0,0
m.facebook.com,fc4ced33b2b92e649e1de0dfdc30222aa2337648e25ddd8431b99cc78fb5f5df,DigiCert Inc,90,1,sha256WithRSAEncryption,256,EC,1,v3,0,0
scontent.cdninstagram.com,077c4b71dd8f595202247f831a29144244070d7b6b951ac1c90bd77e7c08ecce,DigiCert Inc,90,1,sha256WithRSAEncryption,256,EC,1,v3,0,0
amx1.net,dd819618e6c15bf7034bed9b8f8bdc49b70af7f6c8bb9550df8c4102befe0794,Google Trust Services,90,1,ecdsa-with-SHA256,256,EC,1,v3,0,0
gravatar.com,03e154b41d4d63784a2722a124257d02a026ba5af3d8e997f2e87e9a4b939659,Let's Encrypt,89,1,ecdsa-with-SHA384,256,EC,1,v3,0,0
mzstorekit.g.aaplimg.com,5433701739e6a6d8a0807b280800b47d578ff1add78d1615398cc8ed11481b76,Apple Inc.,88,1,ecdsa-with-SHA256,256,EC,1,v3,0,0
pwa.cambiumtds.com,74c38ed739cfcae7be9ba65b789353427b287e80826c4e5ad0cf0246f9e60cd6,Amazon,394,1,sha256WithRSAEncryption,2048,RSA,1,v3,0,0
i1.ytimg.com,e51c3ce4d70e43c7262da7e20609b3b751d6d98b8b83fed4a3f56fbb05bba54f,Google Trust Services,83,1,ecdsa-with-SHA256,256,EC,1,v3,0,0
media2.giphy.com,fc72b04f85e4c240b3dd3cc92cde740553d2ec7f606f53303e5cbe9b008e5838,GlobalSign nv-sa,198,1,sha256WithRSAEncryption,2048,RSA,1,v3,0,0
static.gc.apple.com,edb8a090f35ea4ca80be3be07b545eb5bdca8bfdd4de681aeaa9a8798749040b,Apple Inc.,188,1,sha256WithRSAEncryption,2048,RSA,1,v3,0,0
odr.mookie1.com,27b6b0df3b0585edf896f33c69e1257e0b79ef7860510bbf220c74652a72eeb9,Google Trust Services,90,1,sha256WithRSAEncryption,2048,RSA,1,v3,0,0
proactivebackend-pa.googleapis.com,c96df46cd4d4baab16c15705b3fdf7748c83cb18d221814df697965aa44ced44,Google Trust Services,83,1,ecdsa-with-SHA256,256,EC,1,v3,0,0
addons-pa.googleapis.com,c96df46cd4d4baab16c15705b3fdf7748c83cb18d221814df697965aa44ced44,Google Trust Services,83,1,ecdsa-with-SHA256,256,EC,1,v3,0,0
a1556.dscapi9.akamai.net,792ce717b665ca8a0aedf9f7a3ba68bd15b7bf81da354e2c7dc4869bf9f22e62,DigiCert Inc,365,1,ecdsa-with-SHA384,256,EC,1,v3,0,0
ts.amazon-adsystem.com,f3d23e0c9b07d59f081b88a35129d8a2c72855b6237677d08f36bf8b3e51895b,Amazon,283,1,sha256WithRSAEncryption,2048,RSA,1,v3,0,0
rt.applovin.com,0f84607e86797d455c2e4f66fd37238c96222ad0efb9d0613bde0bdaa8a70848,Google Trust Services,90,1,sha256WithRSAEncryption,2048,RSA,1,v3,0,0
gcdn.2mdn.net,0dd73cb67a7737ef8b7d2cecdbb6381e99cec977e83b1ad8ebe0247887bef6ce,Google Trust Services,83,1,ecdsa-with-SHA256,256,EC,1,v3,0,0
mgid.com,83d4896bbd608005676337760db85dac8e09e497b6781b106a0071f440aab4fb,"GoDaddy.com, Inc.",397,1,sha256WithRSAEncryption,2048,RSA,1,v3,0,0
st.pubmatic.com,97b6db2d6e8ec06c3605d137728be74beeebe760a444f65b0ebed5799313a0f9,DigiCert Inc,394,1,sha256WithRSAEncryption,2048,RSA,1,v3,0,0
ums.acuityplatform.com,531192994761501a06f0af51e733e6260ebbb523cf4258bf319f5b24dc792677,Sectigo Limited,395,1,sha256WithRSAEncryption,2048,RSA,1,v3,0,0
cdn.api.btloader.com,487534c3d72540d8f5fdbf5215a62c82801763774592d20ed0950a7bcc2abc8e,Google Trust Services,90,1,ecdsa-with-SHA256,256,EC,1,v3,0,0
lexicon.33across.com,ce4c2efbadacc82aa20a91fded5795b78c5429eb79f12a9ac65f48ff1ce4fa6b,Sectigo Limited,383,1,sha256WithRSAEncryption,2048,RSA,1,v3,0,0
amp-api-edge-cdn-lb.itunes-apple.com.akadns.net,792ce717b665ca8a0aedf9f7a3ba68bd15b7bf81da354e2c7dc4869bf9f22e62,DigiCert Inc,365,1,ecdsa-with-SHA384,256,EC,1,v3,0,0
lh7-rt.googleusercontent.com,ad52693776d6afc122dbd7303b6492369e13f9209ea848dd4badc84ac0f7e36d,Google Trust Services,83,1,ecdsa-with-SHA256,256,EC,1,v3,0,0
cloudflare-dns.com,e3b02826789d653d224d3edacbe4e877cb7286fc4c922672f6226741ca57ad65,SSL Corp,355,0,ecdsa-with-SHA384,256,EC,1,v3,0,0
cs-server-s2s.yellowblue.io,a3c7444e9010cd66efbefdf6fb6696e503c89307d9157c4fa2182c16b7c43a76,Google Trust Services,90,1,sha256WithRSAEncryption,2048,RSA,1,v3,0,0
a1838.dscw154.akamai.net,792ce717b665ca8a0aedf9f7a3ba68bd15b7bf81da354e2c7dc4869bf9f22e62,DigiCert Inc,365,1,ecdsa-with-SHA384,256,EC,1,v3,0,0
us-east4-gcp.api.snapchat.com,9610091e7c711204b985f2421360e1cd94645d04a9f668fa11e7443e53c556ce,DigiCert Inc,198,1,sha256WithRSAEncryption,2048,RSA,1,v3,0,0
mzstorekit.lb-apple.com.akadns.net,5433701739e6a6d8a0807b280800b47d578ff1add78d1615398cc8ed11481b76,Apple Inc.,88,1,ecdsa-with-SHA256,256,EC,1,v3,0,0
ad.gt,c3e813f2d8bd1bffa1561fd6d5161a3359a06da1b8dfb234bd852d6610f22af0,Amazon,393,1,sha256WithRSAEncryption,2048,RSA,1,v3,0,0
media1.giphy.com,fc72b04f85e4c240b3dd3cc92cde740553d2ec7f606f53303e5cbe9b008e5838,GlobalSign nv-sa,198,1,sha256WithRSAEncryption,2048,RSA,1,v3,0,0
virtualearth.net,0e0cfaf3d6ae9203c6af8c87da002e1dbb1395823cf10d4b767aa1a5c41d67b0,Microsoft Corporation,130,1,sha384WithRSAEncryption,2048,RSA,1,v3,0,0
ipcdn.g.aaplimg.com,5433701739e6a6d8a0807b280800b47d578ff1add78d1615398cc8ed11481b76,Apple Inc.,88,1,ecdsa-with-SHA256,256,EC,1,v3,0,0
connectivitycheck.platform.hicloud.com,58f72b58dab69efd5c998fd10fb54659815e4797b2e0a3ec6e583bf36a89a104,GlobalSign nv-sa,395,1,ecdsa-with-SHA384,256,EC,1,v3,0,0
aniview.com,aa1372e2e303c266bc6c9873accbec70969be7cd3e9dec8c549e308186547d2c,Amazon,393,1,sha256WithRSAEncryption,2048,RSA,1,v3,0,0
voilatile-pa.googleapis.com,c96df46cd4d4baab16c15705b3fdf7748c83cb18d221814df697965aa44ced44,Google Trust Services,83,1,ecdsa-with-SHA256,256,EC,1,v3,0,0
www.adobe.com,175987d546b9484da6a43b8a1cdd56e83de9e9806f12a0b979cbe99a61e54392,DigiCert Inc,364,1,ecdsa-with-SHA384,256,EC,1,v3,0,0
pbs.twimg.com,b804bc2046a0cdc56ea0ac363a65c2dd2812e25d1ab6a6fb9dc4ab0792d115f3,Let's Encrypt,89,1,sha256WithRSAEncryption,2048,RSA,1,v3,0,0
buy-lb.itunes-apple.com.akadns.net,f9b671efcb88f421a93b4f09d6dc1bd1afebe6e9e82d48e1cb0d1539b26df19e,Apple Inc.,195,1,sha256WithRSAEncryption,2048,RSA,1,v3,0,0
wise.public.cdn.office.net,8a9e44a10ae9b3909a1442549aaec57058c89f79317e1e96eb86c35ab5c01241,Microsoft Corporation,198,1,ecdsa-with-SHA384,256,EC,1,v3,0,0
ohttp-relay1.fastly-edge.com,8dd89d2d4bac0c5654d001a252c5d8db107fb4368be8e0b21dc13911f869d563,GlobalSign nv-sa,396,1,sha256WithRSAEncryption,2048,RSA,1,v3,0,0
init-p01md-lb.push-apple.com.akadns.net,792ce717b665ca8a0aedf9f7a3ba68bd15b7bf81da354e2c7dc4869bf9f22e62,DigiCert Inc,365,1,ecdsa-with-SHA384,256,EC,1,v3,0,0
rupload.facebook.com,fc4ced33b2b92e649e1de0dfdc30222aa2337648e25ddd8431b99cc78fb5f5df,DigiCert Inc,90,1,sha256WithRSAEncryption,256,EC,1,v3,0,0
photosdata-pa.googleapis.com,c96df46cd4d4baab16c15705b3fdf7748c83cb18d221814df697965aa44ced44,Google Trust Services,83,1,ecdsa-with-SHA256,256,EC,1,v3,0,0
entitlement.diagnostics.office.com,39f308fa51e6857565ca9d043792ac8bf1f5840f7a627bc90f7054bbdf9dac9a,DigiCert Inc,180,1,sha256WithRSAEncryption,2048,RSA,1,v3,0,0
app-site-association.g.aaplimg.com,5433701739e6a6d8a0807b280800b47d578ff1add78d1615398cc8ed11481b76,Apple Inc.,88,1,ecdsa-with-SHA256,256,EC,1,v3,0,0
trustedstack.com,2c7cbcf788472dc5298b868bb8c47c22b2f2d374bb7b98b08a12dfd6510f4cc7,Google Trust Services,90,1,ecdsa-with-SHA256,256,EC,1,v3,0,0
cdn.btloader.com,487534c3d72540d8f5fdbf5215a62c82801763774592d20ed0950a7bcc2abc8e,Google Trust Services,90,1,ecdsa-with-SHA256,256,EC,1,v3,0,0
securetoken.googleapis.com,c96df46cd4d4baab16c15705b3fdf7748c83cb18d221814df697965aa44ced44,Google Trust Services,83,1,ecdsa-with-SHA256,256,EC,1,v3,0,0
clever.com,aca32475de49b2ffa5bad7afb3a58ac6d6b44a0652c83594cb89e53b7a2e44a1,Amazon,197,1,sha256WithRSAEncryption,2048,RSA,1,v3,0,0
mobileconfiguration-pa.googleapis.com,c96df46cd4d4baab16c15705b3fdf7748c83cb18d221814df697965aa44ced44,Google Trust Services,83,1,ecdsa-with-SHA256,256,EC,1,v3,0,0
rtb.gumgum.com,500f92516ea06d174c5d0cae3ebe2c3857e7716c64b4d31b782640d82aaaa18e,Amazon,197,1,sha256WithRSAEncryption,2048,RSA,1,v3,0,0
gsp57-ssl-revgeo.ls.apple.com,83f178ff071d46de891be21e9d6e7b1c697141858a59e8e06f7444e0e417984e,Apple Inc.,85,1,ecdsa-with-SHA256,256,EC,1,v3,0,0
nexus.officeapps.live.com,33f50a4f39057c24979cc7ddb1b9bb97717fddc8820a72227f595f7b4536b564,Microsoft Corporation,180,1,sha384WithRSAEncryption,2048,RSA,1,v3,0,0
api.mixpanel.com,fea9f6c935bce6829ab901ab9f25fa5e700472d09c852059e75786fc0a0c86c6,DigiCert Inc,364,1,sha256WithRSAEncryption,2048,RSA,1,v3,0,0
1-courier.sandbox.push.apple.com,ce99540a9db9795d2968d773829a2b82717a13802d537ba6cd727b1fbc0fd0d6,Apple Inc.,384,1,ecdsa-with-SHA256,256,EC,1,v3,0,0
myapps.classlink.com,6bed22d71ba4bcc392e4b1c1a237503507d65e03c1a1339820c214597edda8c2,Amazon,394,1,sha256WithRSAEncryption,2048,RSA,1,v3,0,0
waconatm.officeapps.live.com,ebb9af7a64ac2ab0bed90088fb40cd06eefe2bcc490c1f574f95d83806d17bfa,Microsoft Corporation,180,1,sha384WithRSAEncryption,2048,RSA,1,v3,0,0
1.courier-push-apple.com.akadns.net,6c44ad3d68fcc8e48e68c613e52c1d48e4026a813784ff57f936585e0804e601,Apple Inc.,385,1,ecdsa-with-SHA256,256,EC,1,v3,0,0
drcedirect.com,5ab45be9bb5d20bddb05448c71978169a96af67a6b73fcf1767fcdaec8b0faf8,DigiCert Inc,384,1,ecdsa-with-SHA384,256,EC,1,v3,0,0
notify.bugsnag.com,460df34c325270a6461483778569b2aa56a0dc697de644e832fc95b028007fdc,DigiCert Inc,198,1,sha256WithRSAEncryption,2048,RSA,1,v3,0,0
www.whatsapp.com,47cd1cf3e6b7df4cf2197d57ee0df82e0dc12393a4e3dfc17f2681f2e0707fd6,DigiCert Inc,90,1,sha256WithRSAEncryption,256,EC,1,v3,0,0
suggestqueries.google.com,e51c3ce4d70e43c7262da7e20609b3b751d6d98b8b83fed4a3f56fbb05bba54f,Google Trust Services,83,1,ecdsa-with-SHA256,256,EC,1,v3,0,0
prodregistryv2.org,318c49efb2a8c649ef7064c46fc1ba26d037e72b75997e4fe2e8d5aebcdbb97a,Let's Encrypt,89,1,sha256WithRSAEncryption,2048,RSA,1,v3,0,0
springserve.com,8e7564a11438557bc3c67ec237cc03facb3f3a092d2ecd1811b0d75830dd36ce,Google Trust Services,90,1,ecdsa-with-SHA256,256,EC,1,v3,0,0
a708.dsct.akamai.net,792ce717b665ca8a0aedf9f7a3ba68bd15b7bf81da354e2c7dc4869bf9f22e62,DigiCert Inc,365,1,ecdsa-with-SHA384,256,EC,1,v3,0,0
attester.gateway.icloud.com,32d937f35ddd1e48ab95ac7ae4c251fa96318ee55569968f9d12ffda23b80383,Apple Inc.,393,1,ecdsa-with-SHA256,256,EC,1,v3,0,0
mogujie.com,b5358b4fa003138f31e14088da27bec3c92393ef81f9d494be6ee5f91a2b0661,"DigiCert, Inc.",364,1,sha256WithRSAEncryption,2048,RSA,1,v3,0,0
youtube-ui.l.google.com,b923c14ef87a0a5aa8b961c18e4e49c97dc5e7829c1f2f41893c884e6fd41ffb,Google Trust Services,83,1,sha256WithRSAEncryption,2048,RSA,1,v3,0,0
cds.taboola.com,563b35e76d149b69c2c8ee50a0f206ccf1a4b7425ac577c6fad90558b44c9fee,DigiCert Inc,384,1,ecdsa-with-SHA384,256,EC,1,v3,0,0
doh.dns.apple.com,94a8fe54f081aab63d6a62e5f32fe178006bc831d9cd1e979f068f285f34a506,Apple Inc.,85,1,ecdsa-with-SHA256,256,EC,1,v3,0,0
i.scdn.co,fb124e1b4251f13485e42967f9e71bf7497f01c85a8f0d7171383c5b27974988,DigiCert Inc,396,1,sha256WithRSAEncryption,256,EC,1,v3,0,0
cdn-download-prod.drcedirect.com,1bc1551b3891644d1fbb091e88557a542bbcb59306a4f803596c895359c9b46d,Amazon,394,1,sha256WithRSAEncryption,2048,RSA,1,v3,0,0
waconafd.officeapps.live.com,36434063ebc97187efadca5b083e1981f0fffbc6f7b40cac91ea0bcbbfd46aa9,Microsoft Corporation,198,1,sha384WithRSAEncryption,2048,RSA,1,v3,0,0
searchlabspartnerservice-pa.googleapis.com,c96df46cd4d4baab16c15705b3fdf7748c83cb18d221814df697965aa44ced44,Google Trust Services,83,1,ecdsa-with-SHA256,256,EC,1,v3,0,0
cm.everesttech.net,6c52b60e28eceaae0de195cd464c2968d488ea72568c377bc87ab5008d1f3f0f,Amazon,393,1,sha256WithRSAEncryption,2048,RSA,1,v3,0,0
adition.com,1bed80fc008dd7d243f563e28025c3468136ca75c200759d1498dad1a622f666,Let's Encrypt,89,1,sha256WithRSAEncryption,2048,RSA,1,v3,0,0
me.com,ca18e3826aadfe3bcdf07df38359e7a0258f8bcbeb594e5d5c9d9e4c77c9aef9,Apple Inc.,90,1,sha256WithRSAEncryption,2048,RSA,1,v3,0,0
adfarm1.adition.com,8b1f23d874bbceab996d6725ac0169685ff298a6b98532ce7b8b2d12833d4c55,Unizeto Technologies S.A.,364,0,sha256WithRSAEncryption,2048,RSA,1,v3,0,0
ajs-assets.ftstatic.com,6511eec3753b54729b12607c3d97b3822c187bceb17307f9f1d4a0685bbd72f4,DigiCert Inc,198,1,sha256WithRSAEncryption,2048,RSA,1,v3,0,0
encrypted-vtbn0.gstatic.com,7f6d6c97b5ccda62ca3c6d5095a3dc15ac850122f2cbde6888649a17a1979931,Google Trust Services,83,1,ecdsa-with-SHA256,256,EC,1,v3,0,0
cs.amx1.net,58ea55e19db9965473d51773457c9721759b37db616873a614819f2fe720982f,Let's Encrypt,89,1,sha256WithRSAEncryption,2048,RSA,1,v3,0,0
init.ess.g.aaplimg.com,5433701739e6a6d8a0807b280800b47d578ff1add78d1615398cc8ed11481b76,Apple Inc.,88,1,ecdsa-with-SHA256,256,EC,1,v3,0,0
hb.trustedstack.com,cf093b08d2ef027cc2cbd384ca19bb658e62cacb2b2c3271b9338092eb945378,Sectigo Limited,365,1,ecdsa-with-SHA256,256,EC,1,v3,0,0
api.ipify.org,00fd7618cb8db65a4cb70a377728b1015c3d6ae42d0602c19db86bf86ff83177,Google Trust Services,90,1,ecdsa-with-SHA256,256,EC,1,v3,0,0
eskimi.com,ccc7933a858b5d600d66403cc01c38152a54a240e5532179ca15cfc699495ea7,Google Trust Services,90,1,ecdsa-with-SHA256,256,EC,1,v3,0,0
content-storage-upload.googleapis.com,e41a73a512fe54c74c6a795d30e246fbee504f2edf31924d82ecc719b96a55d3,Google Trust Services,83,1,ecdsa-with-SHA256,256,EC,1,v3,0,0
wyzecam.com,97cf08856be2a037514f8b0a5b15e0e47ae57c9b92904ee44458cc54020c771b,DigiCert Inc,198,1,sha256WithRSAEncryption,2048,RSA,1,v3,0,0
tpsc-ue1.doubleverify.com,a8f88e2b928a49213726229741eb91604d8821ee27648b35a4f487641dce8594,"Starfield Technologies, Inc.",397,0,sha256WithRSAEncryption,2048,RSA,1,v3,0,0
aa.online-metrix.net,a1a9a7f778ffbbcc959b2d7da2d27db91cb3aed5a45dadcd0c54acea66a3f9e0,GlobalSign nv-sa,396,1,sha256WithRSAEncryption,2048,RSA,1,v3,0,0
inapps.appsflyersdk.com,40b9f33f43f9b6f4f07efe247dd76004241b62946b84cf5057891d9eb6bcbb3d,Amazon,394,1,sha256WithRSAEncryption,2048,RSA,1,v3,0,0
instantmessaging-pa.googleapis.com,c96df46cd4d4baab16c15705b3fdf7748c83cb18d221814df697965aa44ced44,Google Trust Services,83,1,ecdsa-with-SHA256,256,EC,1,v3,0,0
safebrowsing-proxy.g.aaplimg.com,792ce717b665ca8a0aedf9f7a3ba68bd15b7bf81da354e2c7dc4869bf9f22e62,DigiCert Inc,365,1,ecdsa-with-SHA384,256,EC,1,v3,0,0
ms.applovin.com,c5ee7e980f43c7145e136c3efbc1d3308c5417f7717bb5df46560a70a9461add,Google Trust Services,90,1,sha256WithRSAEncryption,2048,RSA,1,v3,0,0
ml314.com,a9356c6ff2e3969546155ca26ff3ba745c77828e73f47b06d7df8597611d1cec,Google Trust Services,90,1,sha256WithRSAEncryption,2048,RSA,1,v3,0,0
tr6.snapchat.com,9610091e7c711204b985f2421360e1cd94645d04a9f668fa11e7443e53c556ce,DigiCert Inc,198,1,sha256WithRSAEncryption,2048,RSA,1,v3,0,0
has.spserv.microsoft.com,1621b0e162ea1d8d417110cb064fe7f0d6b9a98a553bfa2a926a4d5f55ebefab,Microsoft Corporation,180,1,sha384WithRSAEncryption,2048,RSA,1,v3,0,0
images.taboola.com,d47c9790f81d639ec28d7660f39890f34926ecbfc928147f6b49a41e7cebf10d,DigiCert Inc,386,1,sha256WithRSAEncryption,2048,RSA,1,v3,0,0
gsas.idms-apple.com.akadns.net,11d51691d004ab2d5e45a2da4b2e4f6f4fc4da4beb6d9b4a9905d6574bb6fd50,Apple Inc.,391,1,sha256WithRSAEncryption,2048,RSA,1,v3,0,0
btlr.sharethrough.com,8711ad000cae2c72843b847d418ca2bb273b05dc8e12ce8c881c0ee1eeb07657,DigiCert Inc,396,1,ecdsa-with-SHA384,256,EC,1,v3,0,0
pus5-collabhubrtc.officeapps.live.com,f2f84ce30bce3cadc1c670291c2384a1107830422049ee74a6253e24a1ff803f,Microsoft Corporation,360,1,sha384WithRSAEncryption,2048,RSA,1,v3,0,0
feedback-pa.clients6.google.com,368322a003a6b9f08065139b1ef9e13e6469a65169c8003fdd2f5f536d236360,Google Trust Services,83,1,ecdsa-with-SHA256,256,EC,1,v3,0,0
me.apple-dns.net,a0dbdc42640e2b55782dd915df7c3b4f510a743414f28badef8d31b71065f562,Apple Inc.,388,1,sha256WithRSAEncryption,2048,RSA,1,v3,0,0
d9.flashtalking.com,4d6b190e4fb9520bc6601bb5e5aa0c3ef99c89ddc66a7b0310498d73c6d6ceef,Amazon,394,1,sha256WithRSAEncryption,2048,RSA,1,v3,0,0
cabana-server.cdn-apple.com,d7faefc9603d9b347294bd20e7a889011a45e6eaa7e7d744fe6e78500ae5060f,Apple Inc.,189,1,ecdsa-with-SHA256,256,EC,1,v3,0,0
eu-teams.events.data.microsoft.com,e1d02b4ced145354ea07d0ff5ab2561a293676a07b0f12633a249283c34499db,Microsoft Corporation,180,1,sha384WithRSAEncryption,2048,RSA,1,v3,0,0
rkdms.com,f4893b59ee900a791096143ebb1a63968711345fa7b3c2f1a4b6bb948e559875,Amazon,394,1,sha256WithRSAEncryption,2048,RSA,1,v3,0,0
dellupdater.dell.com,e760fe792612843e92bea643820bb5783e51c8b13ee78bf4f938e15e75a53b00,DigiCert Inc,396,1,ecdsa-with-SHA384,256,EC,1,v3,0,0
gsp85-ssl.ls2-apple.com.akadns.net,9cf56c22c311f74bdf2a77d9337266918e34c4034f0e57786c49fc4f17c867f1,Apple Inc.,84,1,ecdsa-with-SHA256,256,EC,1,v3,0,0
mobilemaps-pa-gz.googleapis.com,c96df46cd4d4baab16c15705b3fdf7748c83cb18d221814df697965aa44ced44,Google Trust Services,83,1,ecdsa-with-SHA256,256,EC,1,v3,0,0
shopify.com,2f843e8a48ae698ed374c75561e23b30fa1b9eca38726bae842559825f2b92d5,Google Trust Services,90,1,ecdsa-with-SHA256,256,EC,1,v3,0,0
background-weighted.ls4-apple.com.akadns.net,5433701739e6a6d8a0807b280800b47d578ff1add78d1615398cc8ed11481b76,Apple Inc.,88,1,ecdsa-with-SHA256,256,EC,1,v3,0,0
measureadv.com,858dd274eca73dffb2254ad44f64f741e03f6c65b18ebb12b7918bb81dd052c5,"GoDaddy.com, Inc.",90,1,sha256WithRSAEncryption,2048,RSA,1,v3,0,0
dev.virtualearth.net,8475ee3d6291116423a077cd318b0130d7f7624641474308f26d4fc3496ef62d,Microsoft Corporation,180,1,sha384WithRSAEncryption,2048,RSA,1,v3,0,0
bolt-gcdn.sc-cdn.net,74c708dcba9ead097fd738cb80c9f982413976aacb08d653ee1c6d35e2267b1e,DigiCert Inc,364,1,sha256WithRSAEncryption,2048,RSA,1,v3,0,0
usc1-gcp-v62.api.snapchat.com,9610091e7c711204b985f2421360e1cd94645d04a9f668fa11e7443e53c556ce,DigiCert Inc,198,1,sha256WithRSAEncryption,2048,RSA,1,v3,0,0
www3.l.google.com,b923c14ef87a0a5aa8b961c18e4e49c97dc5e7829c1f2f41893c884e6fd41ffb,Google Trust Services,83,1,sha256WithRSAEncryption,2048,RSA,1,v3,0,0
okta.com,9e477a2159c3bbc52392df9b55e4d426061b267d58aa8d42d500ca0408b58756,Amazon,394,1,sha256WithRSAEncryption,2048,RSA,1,v3,0,0
advolve.io,5b8990d997ec45891b18295caa774199ccd62eb51915230ae35eab5436036645,DigiCert Inc,364,1,sha256WithRSAEncryption,2048,RSA,1,v3,0,0
sync.cootlogix.com,c2ee2cd9c3b4c02b0113b9192515c5c6af83a1ea1be12582d45d46b3d4510ff1,"Starfield Technologies, Inc.",394,0,sha256WithRSAEncryption,2048,RSA,1,v3,0,0
onesignal.com,5d5cda16e2ad323cf501144f9d0e08286b250d274f7080f83fa0151b8bc71575,Google Trust Services,90,1,ecdsa-with-SHA256,256,EC,1,v3,0,0
grammarly.com,b5af579f7398020fd8b36be1437889a21d5d18ff55e28073f5e8193792c670a0,Amazon,394,1,sha256WithRSAEncryption,2048,RSA,1,v3,0,0
ak.privatelink.msidentity.com,d37715da7e0f83cf0b30bf95f43f28e6a1e53c1bbcdf283d5dc9db458e863774,DigiCert Inc,180,1,sha256WithRSAEncryption,2048,RSA,1,v3,0,0
www-apple-com.v.aaplimg.com,04183fea3b7dbc238985724a8b1d8fcb61bf5bb1007551250dbf3a4cf8c2c565,Apple Inc.,187,1,sha256WithRSAEncryption,2048,RSA,1,v3,0,0
cm.mgid.com,7e370135fca1cdd2dc4ac8da4960be508de025d0b7436acef5af4a1f52ea1a57,Google Trust Services,90,1,ecdsa-with-SHA256,256,EC,1,v3,0,0
sr-client-cfg.amplitude.com,3f6739986d7d2e9e7727efa04a09db29029546247fe840acd94566c8a0e931e0,Amazon,197,1,sha256WithRSAEncryption,2048,RSA,1,v3,0,0
cm-mx.advolve.io,5b8990d997ec45891b18295caa774199ccd62eb51915230ae35eab5436036645,DigiCert Inc,364,1,sha256WithRSAEncryption,2048,RSA,1,v3,0,0
edge-mqtt-fallback.facebook.com,fc4ced33b2b92e649e1de0dfdc30222aa2337648e25ddd8431b99cc78fb5f5df,DigiCert Inc,90,1,sha256WithRSAEncryption,256,EC,1,v3,0,0
sascdn.com,c12fb8e0f3aafadba748fde557f6a8aeb1c22c7cb3ecdb5369ebd509ae0d6d16,Google Trust Services,90,1,sha256WithRSAEncryption,2048,RSA,1,v3,0,0
beacon-iad6.rubiconproject.com,cf0f7e0d169043255e99a0d497bb120f73f9a2076711b8ae5ed0b4ff8767340f,DigiCert Inc,198,1,sha256WithRSAEncryption,2048,RSA,1,v3,0,0
storygize.net,ac1cc50c59790793d1e685fde0ddac5e6145bd33b0a3d7fe5f396086df511fbc,Amazon,393,1,sha256WithRSAEncryption,2048,RSA,1,v3,0,0
drive-thirdparty.googleusercontent.com,ad52693776d6afc122dbd7303b6492369e13f9209ea848dd4badc84ac0f7e36d,Google Trust Services,83,1,ecdsa-with-SHA256,256,EC,1,v3,0,0
inappcheck-lb.itunes-apple.com.akadns.net,f9b671efcb88f421a93b4f09d6dc1bd1afebe6e9e82d48e1cb0d1539b26df19e,Apple Inc.,195,1,sha256WithRSAEncryption,2048,RSA,1,v3,0,0
api.wyzecam.com,4c1fe59607df79f4c56159a23d1231b28e608905cce539481816a1a237d0b702,DigiCert Inc,186,1,sha256WithRSAEncryption,2048,RSA,1,v3,0,0
mobile.events.data.trafficmanager.net,47e722e169ba40231ba47435f29e320b18c2573be5702449f0061865ec3316ab,Microsoft Corporation,180,1,sha384WithRSAEncryption,2048,RSA,1,v3,0,0
ocsp.r2m01.amazontrust.com,86c5385430544b9f27afad32e31c7007fbc016990e10485e29d056aa5af6347a,Amazon,394,1,sha256WithRSAEncryption,2048,RSA,1,v3,0,0
entitlements-itunes.g.aaplimg.com,5433701739e6a6d8a0807b280800b47d578ff1add78d1615398cc8ed11481b76,Apple Inc.,88,1,ecdsa-with-SHA256,256,EC,1,v3,0,0
invstatic101.creativecdn.com,57d2ec60df0188feb36392f1d7c5fdf58eb77794ac5c37357a6c4a203de5d790,Google Trust Services,90,1,sha256WithRSAEncryption,2048,RSA,1,v3,0,0
hcaptcha.com,de6b983db5a9f98a4a879fff50790d659a0006cbc95319c2795e6c3cb57b45d4,Google Trust Services,90,1,ecdsa-with-SHA256,256,EC,1,v3,0,0
cdn.shopify.com,23682a217e01216da3f3c5a87a0bab4a4eef97d3c92d02e84a830e43f9230ac4,Google Trust Services,90,1,ecdsa-with-SHA256,256,EC,1,v3,0,0
geomobileservices-pa.googleapis.com,c96df46cd4d4baab16c15705b3fdf7748c83cb18d221814df697965aa44ced44,Google Trust Services,83,1,ecdsa-with-SHA256,256,EC,1,v3,0,0
myapps.apis.classlink.com,6bed22d71ba4bcc392e4b1c1a237503507d65e03c1a1339820c214597edda8c2,Amazon,394,1,sha256WithRSAEncryption,2048,RSA,1,v3,0,0
ocsp.r2m04.amazontrust.com,86c5385430544b9f27afad32e31c7007fbc016990e10485e29d056aa5af6347a,Amazon,394,1,sha256WithRSAEncryption,2048,RSA,1,v3,0,0
snapkit.com,b20798d5eca41bdea23cd2599bcae22b19d0a48fd5b8022c6ca54c85afa1f6b3,Google Trust Services,90,1,sha256WithRSAEncryption,2048,RSA,1,v3,0,0
shared.officeapps.live.com,36434063ebc97187efadca5b083e1981f0fffbc6f7b40cac91ea0bcbbfd46aa9,Microsoft Corporation,198,1,sha384WithRSAEncryption,2048,RSA,1,v3,0,0
sf-api-token-service.itunes.apple.com,20030ff7dfafdea1b2b010f56f1fecdbe2ac0a5a94029978e3d674c6a721986c,Apple Inc.,190,1,sha256WithRSAEncryption,2048,RSA,1,v3,0,0
wp.com,4a0dd194fcf923bbb349b6ef30952c62921ddf1094895d41135f17d3a968ec4f,Let's Encrypt,89,1,ecdsa-with-SHA384,256,EC,1,v3,0,0
mamservice.manage.microsoft.com,859f462ce034e43b1a454a5bbcccb7e9992eaebea218783e7f457f47457c2359,Microsoft Corporation,144,1,sha384WithRSAEncryption,2048,RSA,1,v3,0,0
loop.cloud.microsoft,a4666281fd21e719329228bd397702ea5bad0f657f4df88b25c3de43160c9a51,DigiCert Inc,181,1,sha256WithRSAEncryption,2048,RSA,1,v3,0,0
aadcdn.msftauthimages.net,9d52465198e8eb84be66a614ee7e18d023df82b105ad742a1e22edcb6e414574,Microsoft Corporation,180,1,sha384WithRSAEncryption,2048,RSA,1,v3,0,0
ax-0001.ax-msedge.net,f60432340206699274e86218c2ec6573bdd3831544d0f609bf66baecc55458b7,Microsoft Corporation,180,1,sha384WithRSAEncryption,2048,RSA,1,v3,0,0
eu-v20.events.data.microsoft.com,7caf5083507e8ba4f5e3545522c87f6a8cd53a09cf50b893b058f10c8ee04af5,Microsoft Corporation,214,1,sha256WithRSAEncryption,2048,RSA,1,v3,0,0
smres.zdxcloud.net,9b8874f0a4921243b7433f78292eacb88d7aa77102411d6f974ac6be02cfecd1,DigiCert Inc,364,1,sha256WithRSAEncryption,2048,RSA,1,v3,0,0
collabrtc.officeapps.live.com,36434063ebc97187efadca5b083e1981f0fffbc6f7b40cac91ea0bcbbfd46aa9,Microsoft Corporation,198,1,sha384WithRSAEncryption,2048,RSA,1,v3,0,0
pixel-us-east.rubiconproject.com,cf0f7e0d169043255e99a0d497bb120f73f9a2076711b8ae5ed0b4ff8767340f,DigiCert Inc,198,1,sha256WithRSAEncryption,2048,RSA,1,v3,0,0
pusher.com,3bd382d5a96af3f6a53483d19527f7bac48209a98e844ce157a3c826a4ce1117,Amazon,197,1,sha256WithRSAEncryption,2048,RSA,1,v3,0,0
trace.mediago.io,16d05b9973c2fb4e793a58ef205abab8971075c85bca535166bf9c4dd2bda961,Google Trust Services,90,1,sha256WithRSAEncryption,2048,RSA,1,v3,0,0
kueezrtb.com,d7f1fcb529fc0ac14aa354153df14b13e025a2e1d9ed190f36b354eddc943b95,Let's Encrypt,89,1,ecdsa-with-SHA384,256,EC,1,v3,0,0
cdn.classlink.com,6bed22d71ba4bcc392e4b1c1a237503507d65e03c1a1339820c214597edda8c2,Amazon,394,1,sha256WithRSAEncryption,2048,RSA,1,v3,0,0
csync.smartadserver.com,b5e6ab7ea1e6261def83c5d6f046cc2e8cef1c6103a4883acffa9dbd947c0b81,DigiCert Inc,365,1,ecdsa-with-SHA384,256,EC,1,v3,0,0
live.rezync.com,1402537c0b42c0d027be5581147513ba8939de58d48cb0242c8d1705ebc5d07c,Amazon,392,1,sha256WithRSAEncryption,2048,RSA,1,v3,0,0
a.teads.tv,3277d377c2988fe3547349a4d7e513fee6d46fad2c37f62d98c9b569adb8fabf,DigiCert Inc,198,1,sha256WithRSAEncryption,2048,RSA,1,v3,0,0
mcafee.com,3c01b97e1264f0ed2bbcc3a10a420fb8a6aa737ee21f6db655dffff5b6fa7c35,"McAfee, Inc.",365,0,sha256WithRSAEncryption,2048,RSA,1,v3,0,0
life360.com,6a07023a838e3ba85fafedf09f6861e4a394a0d8817114cfb6793f4c1446e310,Amazon,393,1,sha256WithRSAEncryption,2048,RSA,1,v3,0,0
bid.g.doubleclick.net,589bff118181a95643017547ade202bbf098dfdfd3e6a6572b94dea175d4ddf9,Google Trust Services,83,1,ecdsa-with-SHA256,256,EC,1,v3,0,0
streetviewpixels-pa.googleapis.com,c96df46cd4d4baab16c15705b3fdf7748c83cb18d221814df697965aa44ced44,Google Trust Services,83,1,ecdsa-with-SHA256,256,EC,1,v3,0,0
github.com,4fede9c4ef53e3ddeec6fec3f31ce0cf918768312a82ea405ca55b88446db8c7,Sectigo Limited,89,1,ecdsa-with-SHA256,256,EC,1,v3,0,0
lookaside.facebook.com,fc4ced33b2b92e649e1de0dfdc30222aa2337648e25ddd8431b99cc78fb5f5df,DigiCert Inc,90,1,sha256WithRSAEncryption,256,EC,1,v3,0,0
mail-attachment.googleusercontent.com,ad52693776d6afc122dbd7303b6492369e13f9209ea848dd4badc84ac0f7e36d,Google Trust Services,83,1,ecdsa-with-SHA256,256,EC,1,v3,0,0
platform.twitter.com,b804bc2046a0cdc56ea0ac363a65c2dd2812e25d1ab6a6fb9dc4ab0792d115f3,Let's Encrypt,89,1,sha256WithRSAEncryption,2048,RSA,1,v3,0,0
fpinit.edge-itunes-apple.com.akadns.net,792ce717b665ca8a0aedf9f7a3ba68bd15b7bf81da354e2c7dc4869bf9f22e62,DigiCert Inc,365,1,ecdsa-with-SHA384,256,EC,1,v3,0,0
android-context-data.googleapis.com,c96df46cd4d4baab16c15705b3fdf7748c83cb18d221814df697965aa44ced44,Google Trust Services,83,1,ecdsa-with-SHA256,256,EC,1,v3,0,0
www.telecommandsvc.microsoft.com,9e8bf21eeab8f1a8166c2d454d2b8319068fa00636d7809724aa18642cf0e586,Microsoft Corporation,180,1,sha384WithRSAEncryption,2048,RSA,1,v3,0,0
account.samsung.com,bc4bbaf5b6b5d572ea3e6d341dfb66327ffc099fbc5cf5c5d4d3c686983d7895,DigiCert Inc,385,1,sha256WithRSAEncryption,2048,RSA,1,v3,0,0
hosted.loop.cloud.microsoft,0dc9d2057b34124409d3ef29413a4b54a87b7af4815a52aadd75f39281d3125c,DigiCert Inc,182,1,sha256WithRSAEncryption,2048,RSA,1,v3,0,0
t0.gstatic.com,7f6d6c97b5ccda62ca3c6d5095a3dc15ac850122f2cbde6888649a17a1979931,Google Trust Services,83,1,ecdsa-with-SHA256,256,EC,1,v3,0,0
aadcdn.msauthimages.net,260665fc258b050ec176c6e23cff76a2a3524e8dfc2d48d0747e6e33da494a3d,Microsoft Corporation,360,1,ecdsa-with-SHA384,256,EC,1,v3,0,0
pus8-collabhubrtc.officeapps.live.com,f2f84ce30bce3cadc1c670291c2384a1107830422049ee74a6253e24a1ff803f,Microsoft Corporation,360,1,sha384WithRSAEncryption,2048,RSA,1,v3,0,0
api.snapkit.com,9610091e7c711204b985f2421360e1cd94645d04a9f668fa11e7443e53c556ce,DigiCert Inc,198,1,sha256WithRSAEncryption,2048,RSA,1,v3,0,0
he.net,ebaa19aa5eabc7728eafc855797e63330a0d9137524501fbc73ff292acbbd44f,"GoDaddy.com, Inc.",397,1,sha256WithRSAEncryption,2048,RSA,1,v3,0,0
star-mini.fallback.c10r.facebook.com,fc4ced33b2b92e649e1de0dfdc30222aa2337648e25ddd8431b99cc78fb5f5df,DigiCert Inc,90,1,sha256WithRSAEncryption,256,EC,1,v3,0,0
hubspot.com,b3f9802c58fbab7ac4d3dab3bee4c0685736d00858fad2e5538e9b96fd4e3659,Google Trust Services,90,1,ecdsa-with-SHA256,256,EC,1,v3,0,0
binaries.templates.cdn.office.net,b543cd341213b370ffbf33c6503a06f888740b16a292ab3b11eae0f58bfaa839,Microsoft Corporation,198,1,ecdsa-with-SHA384,256,EC,1,v3,0,0
openxcdn.net,93ac918cc8b0d63e391da7308e2788279cb42a0ec0b4392fa533c580b67785f1,Google Trust Services,90,1,sha256WithRSAEncryption,2048,RSA,1,v3,0,0
webcontentassessor.com,76ed8a1776ab21221fcdbcf209622805ab41b99e566498e6ab331630153dad28,Amazon,197,1,sha256WithRSAEncryption,2048,RSA,1,v3,0,0
cs.yellowblue.io,e304ad3371676c37d45e194a346107494862ebb9c54edaa44573617c829846ba,Google Trust Services,90,1,sha256WithRSAEncryption,2048,RSA,1,v3,0,0
dsp-cookie.adfarm1.adition.com,52acb4e04d8ef66808fd89b8adf9c6a1d803ec972f275f348a80de9f732755ce,Let's Encrypt,89,1,sha256WithRSAEncryption,2048,RSA,1,v3,0,0
b1sync.zemanta.com,addc03b21cbdb1dea024a70dda0cb94e3e265da90fc2c58d2d4730a8ae601b3e,DigiCert Inc,387,1,sha256WithRSAEncryption,2048,RSA,1,v3,0,0
firefox.settings.services.mozilla.com,b91346e6d6fe75179ccaa7fbd0ae83baad5eb64295554ad239dafa7300ab08cf,Let's Encrypt,89,1,sha256WithRSAEncryption,2048,RSA,1,v3,0,0
otelrules.svc.static.microsoft,da6fd05a59c814e929cccdbdf4c618c8f303b0e8e04deacdab3fbcd49d2205dd,Microsoft Corporation,180,1,sha384WithRSAEncryption,2048,RSA,1,v3,0,0
usersync.gumgum.com,500f92516ea06d174c5d0cae3ebe2c3857e7716c64b4d31b782640d82aaaa18e,Amazon,197,1,sha256WithRSAEncryption,2048,RSA,1,v3,0,0
ced-ns.sascdn.com,0d0cb07550e42a9fbee47b1213a9787a6b919a8ece20485543b9c5bb5a3e42cd,DigiCert Inc,367,1,ecdsa-with-SHA384,256,EC,1,v3,0,0
undertone.com,27b91e5310e1db402bed9a32eb9b9cde1a1df6ff6d5e5c2db468cf341a0518ef,Amazon,394,1,sha256WithRSAEncryption,2048,RSA,1,v3,0,0
prebid-match.dotomi.com,6f9666fb3281f1da33eb16c6c6707f9abbebfecae87d5d83901318e39f895ef0,GlobalSign nv-sa,396,1,sha256WithRSAEncryption,2048,RSA,1,v3,0,0
meet.google.com,e51c3ce4d70e43c7262da7e20609b3b751d6d98b8b83fed4a3f56fbb05bba54f,Google Trust Services,83,1,ecdsa-with-SHA256,256,EC,1,v3,0,0
oa.openxcdn.net,772c0a486caf056031bfe7b4a19ffd351f1b2a8fcbef8500c63a544256cba060,Google Trust Services,90,1,sha256WithRSAEncryption,2048,RSA,1,v3,0,0
zeotap.com,68b0ce49d6b8ec81524239a395c2594cf76c70d98314a7c6af87361a82f7fd98,Let's Encrypt,89,1,ecdsa-with-SHA384,256,EC,1,v3,0,0
bytedance.map.fastly.net,86cea6001fdeb3ddde68bf2831c5b094f9c350c9c85fc0c9fcb4ddef51a69957,DigiCert Inc,198,1,sha256WithRSAEncryption,2048,RSA,1,v3,0,0
p16-common-sign.tiktokcdn.com,a6ab6ddf5871c8dc0842be350b4ff4ac95f4b2525697ea18bfecb033280d80dd,DigiCert Inc,198,1,ecdsa-with-SHA256,256,EC,1,v3,0,0
w3-reporting-nel.reddit.com,e9bffc63a6f680be32877afa417558d158467842facc4905f2b4b90393f3f0ba,Google Trust Services,90,1,ecdsa-with-SHA256,256,EC,1,v3,0,0
ittpx.eskimi.com,3d48b6cdf34cd6eee0e8beb657f7279f2ff4d69af0c8c7d5b3b8ffa045cd3874,DigiCert Inc,396,1,sha256WithRSAEncryption,2048,RSA,1,v3,0,0
arcus-uswest.amazon.com,a0fb03394f6ffb999e6415f6b4017bde7f99752a346626b54aee24ccd7ccda23,Amazon,336,1,sha256WithRSAEncryption,2048,RSA,1,v3,0,0
cpe.dotomi.com,8fb4df9947ef6c48b4af2e488e20eae7b7cb8e7d58cb5db56a84432b6bd75e65,GlobalSign nv-sa,396,1,sha256WithRSAEncryption,2048,RSA,1,v3,0,0
voledevice-pa.googleapis.com,c96df46cd4d4baab16c15705b3fdf7748c83cb18d221814df697965aa44ced44,Google Trust Services,83,1,ecdsa-with-SHA256,256,EC,1,v3,0,0
ts01-gyr-maverick.cloudsink.net,e86ada9896a0b1170a36d5201668d750fe8a48384ca3ba5d0179f5e924d22756,"CrowdStrike, Inc.",364,0,sha256WithRSAEncryption,4096,RSA,1,v3,0,0
qq.com,cee76e5cf54081a38fc183fb484916dbe4e57393106d8ca8ecb350edac1e42b1,"DigiCert, Inc.",396,1,sha256WithRSAEncryption,2048,RSA,1,v3,0,0
g2.gumgum.com,500f92516ea06d174c5d0cae3ebe2c3857e7716c64b4d31b782640d82aaaa18e,Amazon,197,1,sha256WithRSAEncryption,2048,RSA,1,v3,0,0
amp-api-search-edge.apps.apple.com,72ca15416ce3be68edbc64b012628953a17078f4c91e69a767fcdc2983c4ce67,Apple Inc.,189,1,sha256WithRSAEncryption,2048,RSA,1,v3,0,0
api16-access-ttp.tiktokpangle.us,36a9e2dc6d05b0be147c61a667bfe12b206de0293314e784912c213bc50b2fe6,DigiCert Inc,396,1,ecdsa-with-SHA256,256,EC,1,v3,0,0
array619.prod.do.dsp.mp.microsoft.com,9e08133baf26405d6d8acdfcdb01010d746a3642f550b71ba4dbc0e792e1986c,Microsoft Corporation,365,1,ecdsa-with-SHA384,256,EC,1,v3,0,0
appsgenaiserver-pa.googleapis.com,c96df46cd4d4baab16c15705b3fdf7748c83cb18d221814df697965aa44ced44,Google Trust Services,83,1,ecdsa-with-SHA256,256,EC,1,v3,0,0
auth.apis.classlink.com,6bed22d71ba4bcc392e4b1c1a237503507d65e03c1a1339820c214597edda8c2,Amazon,394,1,sha256WithRSAEncryption,2048,RSA,1,v3,0,0
device-api.wyzecam.com,97cf08856be2a037514f8b0a5b15e0e47ae57c9b92904ee44458cc54020c771b,DigiCert Inc,198,1,sha256WithRSAEncryption,2048,RSA,1,v3,0,0
ln-0007.ln-msedge.net,f60432340206699274e86218c2ec6573bdd3831544d0f609bf66baecc55458b7,Microsoft Corporation,180,1,sha384WithRSAEncryption,2048,RSA,1,v3,0,0
ogads-pa.googleapis.com,c96df46cd4d4baab16c15705b3fdf7748c83cb18d221814df697965aa44ced44,Google Trust Services,83,1,ecdsa-with-SHA256,256,EC,1,v3,0,0
d.applovin.com,3f57c95184be25b11519bb6384a000b81b937f191eaeedabb5302216f5f506b1,Google Trust Services,90,1,sha256WithRSAEncryption,2048,RSA,1,v3,0,0
crl4.digicert.com,792ce717b665ca8a0aedf9f7a3ba68bd15b7bf81da354e2c7dc4869bf9f22e62,DigiCert Inc,365,1,ecdsa-with-SHA384,256,EC,1,v3,0,0
aliyuncs.com,b6fbf5cadbe2cbff99fce279fcf9a9a4bcd63a211fe41ada8f62592d80557916,GlobalSign nv-sa,198,1,sha256WithRSAEncryption,256,EC,1,v3,0,0
cornell.edu,4d1d2524870d994bc081be5695f9b1d3d2499fe0536a04ed83dc43df43381b53,Internet2,365,0,sha256WithRSAEncryption,2048,RSA,1,v3,0,0
mdav.us.endpoint.security.microsoft.com,c0e43bc0653d94f2d851c642ac68e8e1a310ee7a7e868f0ff1a6231379c11b81,Microsoft Corporation,365,1,sha256WithRSAEncryption,2048,RSA,1,v3,0,0
xboxlive.com,cb1b37354d1ed0a1ccab8c96129f2447fe391d5d47f6fb74f98ed102153f7da9,Microsoft Corporation,180,1,sha384WithRSAEncryption,2048,RSA,1,v3,0,0
www.msftncsi.com,792ce717b665ca8a0aedf9f7a3ba68bd15b7bf81da354e2c7dc4869bf9f22e62,DigiCert Inc,365,1,ecdsa-with-SHA384,256,EC,1,v3,0,0
array808.prod.do.dsp.mp.microsoft.com,9e08133baf26405d6d8acdfcdb01010d746a3642f550b71ba4dbc0e792e1986c,Microsoft Corporation,365,1,ecdsa-with-SHA384,256,EC,1,v3,0,0
payments-graph.facebook.com,fc4ced33b2b92e649e1de0dfdc30222aa2337648e25ddd8431b99cc78fb5f5df,DigiCert Inc,90,1,sha256WithRSAEncryption,256,EC,1,v3,0,0
api2.branch.io,9d355df15a09f77614c796b372b520716a3693c7f14d51ee23517e5553954145,DigiCert Inc,396,1,sha256WithRSAEncryption,2048,RSA,1,v3,0,0
api.account.samsung.com,539f9fd3e3179e3550a1e03d0204232cde5091459a99cbf17ae7e46c390c13b0,DigiCert Inc,390,1,sha256WithRSAEncryption,2048,RSA,1,v3,0,0
analytics-events.apis.classlink.com,6bed22d71ba4bcc392e4b1c1a237503507d65e03c1a1339820c214597edda8c2,Amazon,394,1,sha256WithRSAEncryption,2048,RSA,1,v3,0,0
primis.tech,033d3874a9bdc4568a03ba9466809f347151e827127c536631a9f05b2eb0227f,"GoDaddy.com, Inc.",198,1,sha256WithRSAEncryption,2048,RSA,1,v3,0,0
to-do.office.com,394e114f9601996c0a534b8d664c906bab7cb6f7f58c5f2449f13408dab5a0df,DigiCert Inc,198,1,sha256WithRSAEncryption,2048,RSA,1,v3,0,0
aws.duplex.snapchat.com,8a3201487b8c4e1c0c97288af23dfaee57437b19b0a8edbbfbe2524c9eeb82a5,DigiCert Inc,364,1,sha256WithRSAEncryption,2048,RSA,1,v3,0,0
classroom.google.com,c55d17ae7cdd3259b40cd878ea793a23c5c140420f59f02e831589f06fef5f2a,Google Trust Services,83,1,ecdsa-with-SHA256,256,EC,1,v3,0,0
onaudience.com,7b36a55bb8f1c799c0bb24180078b7ba575d75820f6c931c1e497e07644d6d72,"GoDaddy.com, Inc.",198,1,sha256WithRSAEncryption,2048,RSA,1,v3,0,0
configservice.wyzecam.com,97cf08856be2a037514f8b0a5b15e0e47ae57c9b92904ee44458cc54020c771b,DigiCert Inc,198,1,sha256WithRSAEncryption,2048,RSA,1,v3,0,0
ispot.tv,6964078df794e2e14661dcfe5cddc633e4c88a41d7860a0f3078725dbbae2430,Amazon,394,1,sha256WithRSAEncryption,2048,RSA,1,v3,0,0
tungsten-service.prod.na.adsqtungsten.a9.amazon.dev,5e6376f666a341405c5f649bfdbc70532f9d501508335c522c340f9a317a3f85,Amazon,197,1,sha256WithRSAEncryption,2048,RSA,1,v3,0,0
cstat.g.aaplimg.com,5433701739e6a6d8a0807b280800b47d578ff1add78d1615398cc8ed11481b76,Apple Inc.,88,1,ecdsa-with-SHA256,256,EC,1,v3,0,0
unityads.unity3d.com,9c40ccf2afa5e8f90581dcbe148304e0573215bc1b0243a3b12b1199bc3f7bd8,DigiCert Inc,361,1,sha256WithRSAEncryption,2048,RSA,1,v3,1,0
device-config.v.aaplimg.com,5433701739e6a6d8a0807b280800b47d578ff1add78d1615398cc8ed11481b76,Apple Inc.,88,1,ecdsa-with-SHA256,256,EC,1,v3,0,0
youtube.googleapis.com,c96df46cd4d4baab16c15705b3fdf7748c83cb18d221814df697965aa44ced44,Google Trust Services,83,1,ecdsa-with-SHA256,256,EC,1,v3,0,0
common.mira.tm.svc.cloud.microsoft,394e114f9601996c0a534b8d664c906bab7cb6f7f58c5f2449f13408dab5a0df,DigiCert Inc,198,1,sha256WithRSAEncryption,2048,RSA,1,v3,0,0
sync.aniview.com,19bce42346756b4737c5a4a81abe5102872294be601a0f72b769478097c5a5d4,DigiCert Inc,396,1,sha256WithRSAEncryption,2048,RSA,1,v3,0,0
tr-ooc-atm.office.com,394e114f9601996c0a534b8d664c906bab7cb6f7f58c5f2449f13408dab5a0df,DigiCert Inc,198,1,sha256WithRSAEncryption,2048,RSA,1,v3,0,0
mozilla.map.fastly.net,d63824fb153b9f10e6c866f1a46a60aa4ad61786e338feef62165b5266bebe38,GlobalSign nv-sa,396,1,sha256WithRSAEncryption,2048,RSA,1,v3,0,0
launchpad.privacymanager.io,d3057e18534eaad437fe8e097f1c35af8b8cd335f6097b2e5957dceeacf433a8,Amazon,197,1,sha256WithRSAEncryption,2048,RSA,1,v3,0,0
mobile.launchdarkly.com,fd3d7cd580bcd15ed92aaf11e1e6c0cf071a439545221b6ffe67a63e9943a741,Amazon,394,1,ecdsa-with-SHA256,256,EC,1,v3,0,0
socdm.com,4e616318b8eaac670df88dc912c60e8285822eabd9d90d70f8019bff93b48010,GlobalSign nv-sa,392,1,sha256WithRSAEncryption,2048,RSA,1,v3,0,0
atm.common.mira.tm.svc.cloud.microsoft,394e114f9601996c0a534b8d664c906bab7cb6f7f58c5f2449f13408dab5a0df,DigiCert Inc,198,1,sha256WithRSAEncryption,2048,RSA,1,v3,0,0
cadmus2.script.ac,7fc469ba4717aa674803d333b2ff33bfbc00545e6d6a1aae0d3429acf2b781b7,Let's Encrypt,89,1,ecdsa-with-SHA384,256,EC,1,v3,0,0
cdn.indexww.com,8722fae51c712c5e76d2afd039fef489e4e36f0aa0d5f427156dea82aaa5eefd,Google Trust Services,90,1,ecdsa-with-SHA256,256,EC,1,v3,0,0
filescdn.classlink.com,6bed22d71ba4bcc392e4b1c1a237503507d65e03c1a1339820c214597edda8c2,Amazon,394,1,sha256WithRSAEncryption,2048,RSA,1,v3,0,0
www.btd-cmh.tq-tungsten.com,64bf47a28c6b07bf167412a77473152e6534db6c69d7ff317dc8f20b08b0f0a9,Amazon,318,1,ecdsa-with-SHA256,256,EC,1,v3,0,0
ats-wrapper.privacymanager.io,d3057e18534eaad437fe8e097f1c35af8b8cd335f6097b2e5957dceeacf433a8,Amazon,197,1,sha256WithRSAEncryption,2048,RSA,1,v3,0,0
tenable.com,d544e393c9e0d00074649e16b405a720994baf7364863b52a8a41d1280cd10fb,Amazon,394,1,sha256WithRSAEncryption,2048,RSA,1,v3,0,0
login5.spotify.com,d259c071b22ee84523e7b256e4b013aff3c7b4f25eedb1aeb5a82b93588d63c6,DigiCert Inc,365,1,sha256WithRSAEncryption,2048,RSA,1,v3,0,0
fa000000096.resources.office.net,0db841e1575f1366181a40f352366e7c725bc23ec5ece53c42dce4c8d0e5f769,Microsoft Corporation,198,1,ecdsa-with-SHA384,256,EC,1,v3,0,0
canva.com,6bd57a8867a48c7d25f5da702cb2c54ea8f6025b067b5cf32e3b8f76450f1480,Amazon,394,1,sha256WithRSAEncryption,2048,RSA,1,v3,0,0
geo.privacymanager.io,d3057e18534eaad437fe8e097f1c35af8b8cd335f6097b2e5957dceeacf433a8,Amazon,197,1,sha256WithRSAEncryption,2048,RSA,1,v3,0,0
h64.online-metrix.net,a1a9a7f778ffbbcc959b2d7da2d27db91cb3aed5a45dadcd0c54acea66a3f9e0,GlobalSign nv-sa,396,1,sha256WithRSAEncryption,2048,RSA,1,v3,0,0
entitlements-cdn-row.edge-itunes-apple.com.akadns.net,792ce717b665ca8a0aedf9f7a3ba68bd15b7bf81da354e2c7dc4869bf9f22e62,DigiCert Inc,365,1,ecdsa-with-SHA384,256,EC,1,v3,0,0
ocsp.rootg2.amazontrust.com,54ed5cc7fb8a1181b3d408f3d78bba42108978c50f8075a09702aa52ad1a4bf6,Amazon,394,1,sha256WithRSAEncryption,2048,RSA,1,v3,0,0
amd-infra.itunes.g.aaplimg.com,5433701739e6a6d8a0807b280800b47d578ff1add78d1615398cc8ed11481b76,Apple Inc.,88,1,ecdsa-with-SHA256,256,EC,1,v3,0,0
beacon.lynx.cognitivlabs.com,91c609cd5eeb5832ec683b5dd9ba2e20eaa55ab051f7d9d1cd05854790533def,Amazon,197,1,sha256WithRSAEncryption,2048,RSA,1,v3,0,0
c1.eb.us1.thousandeyes.com,f02d6b98ab06f747a8d2c1bf433783a7ad49aae301431898bb9eb52c4c6a20f4,IdenTrust,198,1,sha256WithRSAEncryption,2048,RSA,1,v3,0,0
to-do.microsoft.com,942ae5e84a4320629f7dc7de2db921a70c169779e5f58bf9378f030891e5d6ff,Microsoft Corporation,180,1,sha384WithRSAEncryption,2048,RSA,1,v3,0,0
rtbhouse.com,48d6a2136ef1e7f3212e036af316dde67a54a0f02715e8a1c39732eea92d4cd9,Google Trust Services,90,1,sha256WithRSAEncryption,2048,RSA,1,v3,0,0
esp.rtbhouse.com,b5ad719196ada5cc9a0ed369ee28f30adde3d5dcfe68efd5cd10011e729125ab,Google Trust Services,90,1,sha256WithRSAEncryption,2048,RSA,1,v3,0,0
krushmedia.com,a9b44a25d1c3446be3f0760c52ed6e2094ebd8b606aa17eb46bc106465a316e7,Let's Encrypt,89,1,sha256WithRSAEncryption,2048,RSA,1,v3,0,0
salesforce.com,39d1094c75b8721b8ea543d560fc8ccede5c4a6b51316439f2f009b4884c630d,DigiCert Inc,198,1,ecdsa-with-SHA384,256,EC,1,v3,0,0
api16-core.tiktokv.com,29ab6021e57ef447a9f4de1c613e116b4ba7a5ba0297cd15801abb807d9babc7,DigiCert Inc,198,1,ecdsa-with-SHA256,256,EC,1,v3,0,0
p16-common-sign.tiktokcdn-us.com,c8cc9ef7bc164c116b750eec418ab70feb5a283af5e324d49087101791e2ce67,DigiCert Inc,396,1,ecdsa-with-SHA256,256,EC,1,v3,0,0
ping.chartbeat.net,c70c9bcc5d03bc2186930b5c88316b4f8508b0f4e8e2bd1a24fa3c2b78583978,DigiCert Inc,383,1,sha256WithRSAEncryption,2048,RSA,1,v3,0,0
cs.seedtag.com,810810c99f390755e844588d653573219f90151b80d34835359ded97eda8b8b5,Google Trust Services,90,1,ecdsa-with-SHA256,256,EC,1,v3,0,0
cloud.tenable.com,32549ec33e992612a9809f83aaa26e74e9970494ee9f9695f5b524bf301b557c,Google Trust Services,90,1,ecdsa-with-SHA256,256,EC,1,v3,0,0
prod.roaming1.live.com.akadns.net,394e114f9601996c0a534b8d664c906bab7cb6f7f58c5f2449f13408dab5a0df,DigiCert Inc,198,1,sha256WithRSAEncryption,2048,RSA,1,v3,0,0
sundaysky.com,92d31206b79244c85d376015297a14dda73366524b62963d9117dd63ad6b4048,DigiCert Inc,396,1,sha256WithRSAEncryption,2048,RSA,1,v3,0,0
api22-core.tiktokv.com,08de96d6bdd367b833c92828009f26178bf888d32789a89bb2a3f0342e0b1f4c,DigiCert Inc,364,1,sha256WithRSAEncryption,2048,RSA,1,v3,0,0
media6degrees.com,f2ef0962160531b301856e2e0bef4218d8b33fa57ab476927fd40355dc237b60,Let's Encrypt,89,1,ecdsa-with-SHA384,256,EC,1,v3,0,0
live.primis.tech,7a95a4956d6b89ee2a91eddf27d981d48a122aa4826d18233c58eb793ab97d84,Amazon,394,1,sha256WithRSAEncryption,2048,RSA,1,v3,0,0
accounts.doubleclick.net,0dd73cb67a7737ef8b7d2cecdbb6381e99cec977e83b1ad8ebe0247887bef6ce,Google Trust Services,83,1,ecdsa-with-SHA256,256,EC,1,v3,0,0
array624.prod.do.dsp.mp.microsoft.com,9e08133baf26405d6d8acdfcdb01010d746a3642f550b71ba4dbc0e792e1986c,Microsoft Corporation,365,1,ecdsa-with-SHA384,256,EC,1,v3,0,0
hp.com,2fc35e1a362c8a0a0b2f9e8bd83cfd5f7905e73b07be7ea0b0e14c928797dbc0,DigiCert Inc,364,1,sha256WithRSAEncryption,2048,RSA,1,v3,0,0
bb.lijit.com,cf679b1916f6b221a7d8c26ecdf2352419af88305b398fef397128937e4a7f25,Amazon,394,1,sha256WithRSAEncryption,2048,RSA,1,v3,0,0
vistarsagency.com,c4e8818482533fb970379de0696fbff6a02994fbd07e0264e169aa0ab64f7599,Google Trust Services,90,1,ecdsa-with-SHA256,256,EC,1,v3,0,0
gspe1-ssl.ls.apple.com.edgesuite.net,792ce717b665ca8a0aedf9f7a3ba68bd15b7bf81da354e2c7dc4869bf9f22e62,DigiCert Inc,365,1,ecdsa-with-SHA384,256,EC,1,v3,0,0
updates.g.aaplimg.com,5433701739e6a6d8a0807b280800b47d578ff1add78d1615398cc8ed11481b76,Apple Inc.,88,1,ecdsa-with-SHA256,256,EC,1,v3,0,0
connectid.analytics.yahoo.com,6f85fa3673201581360d7ef3fe820e9dbb3b54cefb6e771f6a721c9602ff3f28,GlobalSign nv-sa,177,1,ecdsa-with-SHA384,256,EC,1,v3,0,0
aggr16-normal.tiktokv.us,63ed78308d110322026efd6786bbbe1c95956e54a15dd9bc406ce3389d32ff46,DigiCert Inc,396,1,ecdsa-with-SHA256,256,EC,1,v3,0,0
array814.prod.do.dsp.mp.microsoft.com,9e08133baf26405d6d8acdfcdb01010d746a3642f550b71ba4dbc0e792e1986c,Microsoft Corporation,365,1,ecdsa-with-SHA384,256,EC,1,v3,0,0
digitalassetlinks.googleapis.com,c96df46cd4d4baab16c15705b3fdf7748c83cb18d221814df697965aa44ced44,Google Trust Services,83,1,ecdsa-with-SHA256,256,EC,1,v3,0,0
adsdkprod.azureedge.net,26c77d49df8ae930639122568cb5e10b6d034b2ff39d05a03b360a21b9993831,Microsoft Corporation,180,1,ecdsa-with-SHA384,256,EC,1,v3,0,0
adotmob.com,34cb2c90800065282ae29696420cef722e9efba0d3087b69a967cb5026a40394,Amazon,197,1,sha256WithRSAEncryption,2048,RSA,1,v3,0,0
cl4.g.aaplimg.com,5433701739e6a6d8a0807b280800b47d578ff1add78d1615398cc8ed11481b76,Apple Inc.,88,1,ecdsa-with-SHA256,256,EC,1,v3,0,0
cdn.hadronid.net,97d66722f38f55eded9b8b29392712f37ae6c57372b88934f0532f4860e94730,Google Trust Services,90,1,ecdsa-with-SHA256,256,EC,1,v3,0,0
sync.adotmob.com,811920a1a97e86cf55f0aab74ac8caa175f063c42221cbe0693bd2811dfb4a4f,Let's Encrypt,89,1,sha256WithRSAEncryption,2048,RSA,1,v3,0,0
us-sandbox-courier-4.push-apple.com.akadns.net,ce99540a9db9795d2968d773829a2b82717a13802d537ba6cd727b1fbc0fd0d6,Apple Inc.,384,1,ecdsa-with-SHA256,256,EC,1,v3,0,0
dsum.casalemedia.com,0a0de9d21710b5a02df8dc3883416f6de87eca1bcd82e8078eec0b38dbf74abf,Let's Encrypt,89,1,ecdsa-with-SHA384,256,EC,1,v3,0,0
rapid7.com,5a19c42213b68410e819c09c7359b3bd1f7a812ac18e210b4e2a83eec68bf77b,Amazon,394,1,sha256WithRSAEncryption,2048,RSA,1,v3,0,0
chartbeat.com,c00c6d8cf7bd05895e2f30a971f69026d19c6d195fb936fa07e0f31f15efa22e,DigiCert Inc,381,1,sha256WithRSAEncryption,2048,RSA,1,v3,0,0
telemetry.mozilla.org,95d3fe458fa5f3a10edf0a9dcfb07c9b5541788c4629ca8a69f65872f4d1a3a1,Let's Encrypt,89,1,sha256WithRSAEncryption,2048,RSA,1,v3,0,0
incoming.telemetry.mozilla.org,f667d32ccb36f734ea8ccb1e0339f1fd301f8e36f37ba6973258b68c4ffa7e42,DigiCert Inc,380,1,sha256WithRSAEncryption,2048,RSA,1,v3,0,0
ow.pubmatic.com,97b6db2d6e8ec06c3605d137728be74beeebe760a444f65b0ebed5799313a0f9,DigiCert Inc,394,1,sha256WithRSAEncryption,2048,RSA,1,v3,0,0
intel.com,2d1a27202016a71a8dffe49368a124f035e2dba454d291a0f9a26f49a38350a0,Sectigo Limited,90,1,sha256WithRSAEncryption,2048,RSA,1,v3,0,0
sdk.iad-01.braze.com,231b561e3f06d957a399000b3ba41bbe38c9a11650ed74bac347039fc29b140c,Google Trust Services,90,1,ecdsa-with-SHA256,256,EC,1,v3,0,0
manutouch.com.cn,2a69222b895c91ded0e0a2f95fbc4dac9c347e5724c0e24af1f94578281c4ea4,GlobalSign nv-sa,396,1,sha256WithRSAEncryption,2048,RSA,1,v3,0,0
zendesk.com,c44e7bdbe3f7faa558b060c88b9eb1d703b5c88dd2abacd50718c67399b2e267,Let's Encrypt,89,1,ecdsa-with-SHA384,256,EC,1,v3,0,0
aptrinsic.com,9f364d220080a6f2be64e9dc231d8c6add653fbb8d8e9e413facff3c4e37cfb1,"GoDaddy.com, Inc.",198,1,sha256WithRSAEncryption,2048,RSA,1,v3,0,0
sync.springserve.com,9a06d47cf11a834422c5d243d999ab39a3cc973c7d4baf51d8677ead3e620710,Amazon,394,1,sha256WithRSAEncryption,2048,RSA,1,v3,0,0
u.4dex.io,302d95bf354e4df4dcf03bfe35bec78368074c8bb71cce22924e50daa30929b4,Google Trust Services,90,1,sha256WithRSAEncryption,2048,RSA,1,v3,0,0
vop.sundaysky.com,92d31206b79244c85d376015297a14dda73366524b62963d9117dd63ad6b4048,DigiCert Inc,396,1,sha256WithRSAEncryption,2048,RSA,1,v3,0,0
query.ess-apple.com.akadns.net,fabc6628248ad275d8553e45e5fbd940ae60d00eba5aae1bf3f82e84b1fb8e67,Apple Inc.,349,1,sha256WithRSAEncryption,2048,RSA,1,v3,0,0
valid-apple.g.aaplimg.com,5433701739e6a6d8a0807b280800b47d578ff1add78d1615398cc8ed11481b76,Apple Inc.,88,1,ecdsa-with-SHA256,256,EC,1,v3,0,0
gateway-asset.icloud-content.com,276dcceb1d9add58529b03b7796a57c7f77ca17f24a7207a945a467acac85a9b,Apple Inc.,394,1,ecdsa-with-SHA256,256,EC,1,v3,0,0
innovid.com,96bdc1af3641f8e71fa977e7953293b847e3a88d197d2eb0bace1b09d43b5ed5,Google Trust Services,90,1,ecdsa-with-SHA256,256,EC,1,v3,0,0
safebrowsing.g.aaplimg.com,5433701739e6a6d8a0807b280800b47d578ff1add78d1615398cc8ed11481b76,Apple Inc.,88,1,ecdsa-with-SHA256,256,EC,1,v3,0,0
google-bidout-d.openx.net,051d71c6ac4191e3b963aa909d25ddbbad046f036695b77bcd4a3baebc007768,DigiCert Inc,372,1,sha256WithRSAEncryption,2048,RSA,1,v3,0,0
gspe19-geo-selector.ls2-apple.com.akadns.net,e16f9c24d828b121579257fcc46baa2c18ae615a337898e2234542dcaedd127b,Apple Inc.,189,1,sha256WithRSAEncryption,2048,RSA,1,v3,0,0
mss.office.com,18177a77cae1a34e66101dc5f6967ba06cc5dd08a9390fd967d0cef6e9631d12,Microsoft Corporation,180,1,sha384WithRSAEncryption,2048,RSA,1,v3,0,0
array514.prod.do.dsp.mp.microsoft.com,9e08133baf26405d6d8acdfcdb01010d746a3642f550b71ba4dbc0e792e1986c,Microsoft Corporation,365,1,ecdsa-with-SHA384,256,EC,1,v3,0,0
usercontent.google.com,09dd2ded113400e58afd5e41b0fd99ad6e736c929e0c372da31e67c98a7e30d7,Google Trust Services,83,1,ecdsa-with-SHA256,256,EC,1,v3,0,0
checkappexec.microsoft.com,f7d67c9a885524171868b01b708f0a87a3b3fd0c3656ac74f150d9e0dc56f602,Microsoft Corporation,180,1,sha384WithRSAEncryption,2048,RSA,1,v3,0,0
tg.socdm.com,52c4e844e17696604475582fb187b56f6efe96832938657ec2ba2829aa7df0c7,GlobalSign nv-sa,390,1,sha256WithRSAEncryption,2048,RSA,1,v3,0,0
goacoustic.com,ff905e2f800b4e6c08e62757b09979ef95da8f0fdb9a5060f48da5142542b73e,Amazon,394,1,sha256WithRSAEncryption,2048,RSA,1,v3,0,0
tr-ooc-acdc.office.com,394e114f9601996c0a534b8d664c906bab7cb6f7f58c5f2449f13408dab5a0df,DigiCert Inc,198,1,sha256WithRSAEncryption,2048,RSA,1,v3,0,0
fpinit-us-e.edge-itunes-apple.com.akadns.net,792ce717b665ca8a0aedf9f7a3ba68bd15b7bf81da354e2c7dc4869bf9f22e62,DigiCert Inc,365,1,ecdsa-with-SHA384,256,EC,1,v3,0,0
i.pinimg.com,d6c938725344ad488a161f50d9fda669fc7bd5906dd72b0ccb30b8b310531220,DigiCert Inc,159,1,sha256WithRSAEncryption,2048,RSA,1,v3,0,0
brand-display.com,df28776919851c347444c8fddef0f59c07eec103197c87c1ebeac620ddc12133,Amazon,393,1,sha256WithRSAEncryption,2048,RSA,1,v3,0,0
tr-ooc-atmv6.office.com,394e114f9601996c0a534b8d664c906bab7cb6f7f58c5f2449f13408dab5a0df,DigiCert Inc,198,1,sha256WithRSAEncryption,2048,RSA,1,v3,0,0
eu-u.openx.net,051d71c6ac4191e3b963aa909d25ddbbad046f036695b77bcd4a3baebc007768,DigiCert Inc,372,1,sha256WithRSAEncryption,2048,RSA,1,v3,0,0
1.courier-sandbox-push-apple.com.akadns.net,ce99540a9db9795d2968d773829a2b82717a13802d537ba6cd727b1fbc0fd0d6,Apple Inc.,384,1,ecdsa-with-SHA256,256,EC,1,v3,0,0
ssum.casalemedia.com,0a0de9d21710b5a02df8dc3883416f6de87eca1bcd82e8078eec0b38dbf74abf,Let's Encrypt,89,1,ecdsa-with-SHA384,256,EC,1,v3,0,0
goguardian.com,09e1775ea554d93f0e47c1932809d5ff289f12ec94b8c3eb397ac5a16b89b28d,Amazon,392,1,sha256WithRSAEncryption,2048,RSA,1,v3,0,0
mmg.whatsapp.net,47cd1cf3e6b7df4cf2197d57ee0df82e0dc12393a4e3dfc17f2681f2e0707fd6,DigiCert Inc,90,1,sha256WithRSAEncryption,256,EC,1,v3,0,0
dmp.brand-display.com,6ff33918f678536e2c807abda205898009c9c6a747ee619c2de274ad8f150abf,DigiCert Inc,380,1,sha256WithRSAEncryption,2048,RSA,1,v3,0,0
content.fe2.apple-dns.net,a0dbdc42640e2b55782dd915df7c3b4f510a743414f28badef8d31b71065f562,Apple Inc.,388,1,sha256WithRSAEncryption,2048,RSA,1,v3,0,0
array508.prod.do.dsp.mp.microsoft.com,9e08133baf26405d6d8acdfcdb01010d746a3642f550b71ba4dbc0e792e1986c,Microsoft Corporation,365,1,ecdsa-with-SHA384,256,EC,1,v3,0,0
endpoint.ingress.rapid7.com,4f00f2b1aed755bd65285c3943fe310394de0f7db74c6e5968ab9305b468df3b,DigiCert Inc,364,1,sha256WithRSAEncryption,2048,RSA,1,v3,0,0
downloads.dell.com,13bbb6948bc7c4ba05d866444a7933be3d0c26b833d728f2b41ac4391b11fc20,DigiCert Inc,396,1,sha256WithRSAEncryption,2048,RSA,1,v3,0,0
2.connectivity-test.static.microsoft,cfd86299c728a8a6a89712819058a32776ca2344856542f3be928d525f90320d,Amazon,394,1,sha256WithRSAEncryption,2048,RSA,1,v3,0,0
segments.company-target.com,01421e73a7aff5295ba536756f8f5fe1ea1ccc1e2c9d0740b5c055d27231b548,Amazon,197,1,sha256WithRSAEncryption,2048,RSA,1,v3,0,0
images-mercury.mzstatic.com,286b78d2a1ce78cfa0e6390c60a6b5ce5e65ccf4137f80c69beeecd0ed39e6ff,Apple Inc.,84,1,sha256WithRSAEncryption,2048,RSA,1,v3,0,0
europe.smartscreen.microsoft.com,4146aec18de7ea82a4dcfe3991fa87eb804a7db4d64357966f1c3e89d5e3cef2,Microsoft Corporation,180,1,sha384WithRSAEncryption,2048,RSA,1,v3,0,0
paa-reporting-advertising.amazon,96425f5a83170a3d0cf300948755ac78eeb52ba6320e79801ae1473304292533,Amazon,394,1,sha256WithRSAEncryption,2048,RSA,1,v3,0,0
ara.paa-reporting-advertising.amazon,9141308549bfbcd6160daeaf012c3be24f633b0d1559fe930208e8a05fe00c82,Amazon,394,1,sha256WithRSAEncryption,2048,RSA,1,v3,0,0
ctnsnet.com,7e454f6c941d73f7e91d964afb07fdddabaa0563f5583427b657636e915b78e4,DigiCert Inc,396,1,sha256WithRSAEncryption,2048,RSA,1,v3,0,0
play.samsungcloud.com,f5ee34482dd3802cdbd92b9145475826a610fd588cbc1aef9f442610a4e0a7f5,Sectigo Limited,198,1,sha256WithRSAEncryption,2048,RSA,1,v3,0,0
insightexpressai.com,d85c9c9c39d06136d0d1813dd1d30b35664e9d167717746642512e37bb743583,"GoDaddy.com, Inc.",396,1,sha256WithRSAEncryption,2048,RSA,1,v3,0,0
secure.insightexpressai.com,37ea7510a57bf8ef83b191b7ce8c35f5d81da10cef06ac3445e3cc9f76be9fe6,DigiCert Inc,366,1,sha256WithRSAEncryption,2048,RSA,1,v3,0,0
oajs.openx.net,051d71c6ac4191e3b963aa909d25ddbbad046f036695b77bcd4a3baebc007768,DigiCert Inc,372,1,sha256WithRSAEncryption,2048,RSA,1,v3,0,0
iqzone.com,5e34382a7b0c146650a9fef3aded6a8416904b802180b8558d95dbaa92ad2e26,"GoDaddy.com, Inc.",397,1,sha256WithRSAEncryption,2048,RSA,1,v3,0,0
metricsedge-continent-wrr.v.aaplimg.com,a0dbdc42640e2b55782dd915df7c3b4f510a743414f28badef8d31b71065f562,Apple Inc.,388,1,sha256WithRSAEncryption,2048,RSA,1,v3,0,0
clouddrivecdn.classlink.com,6bed22d71ba4bcc392e4b1c1a237503507d65e03c1a1339820c214597edda8c2,Amazon,394,1,sha256WithRSAEncryption,2048,RSA,1,v3,0,0
phonedeviceverification-pa.googleapis.com,c96df46cd4d4baab16c15705b3fdf7748c83cb18d221814df697965aa44ced44,Google Trust Services,83,1,ecdsa-with-SHA256,256,EC,1,v3,0,0
typekit.com,a6a6cb88b8cc438dfaee09a042ece5368eb44eed882584b46903c264af1de685,DigiCert Inc,396,1,sha256WithRSAEncryption,2048,RSA,1,v3,0,0
quantummetric.com,03e809c4f5f36abecfffbcced6c63c5ac5ee6d159d6d4078e3c0ffcc5897acde,Let's Encrypt,89,1,sha256WithRSAEncryption,2048,RSA,1,v3,0,0
pbs-cs.yellowblue.io,e304ad3371676c37d45e194a346107494862ebb9c54edaa44573617c829846ba,Google Trust Services,90,1,sha256WithRSAEncryption,2048,RSA,1,v3,0,0
cdn.cambiumtds.com,74c38ed739cfcae7be9ba65b789353427b287e80826c4e5ad0cf0246f9e60cd6,Amazon,394,1,sha256WithRSAEncryption,2048,RSA,1,v3,0,0
monorail-edge.shopifysvc.com,d8b9302885dbb80fcab9f30dbe32f52dc4ac204e609d7d124d1c90ec593fa8a7,Let's Encrypt,89,1,sha256WithRSAEncryption,2048,RSA,1,v3,0,0
hblg.media.net,5f1f28afacb64dec56c9e04a350989c115eee2fa477a79baf7b4ef09f827a7c5,DigiCert Inc,366,1,sha256WithRSAEncryption,2048,RSA,1,v3,0,0
gnar.grammarly.com,0608e5542a5a93e021fb2046d82d6206f21ae65793d78da23e3b7bf4a33c3a26,Amazon,394,1,sha256WithRSAEncryption,2048,RSA,1,v3,0,0
tpsc-video-ue.doubleverify.com,a8f88e2b928a49213726229741eb91604d8821ee27648b35a4f487641dce8594,"Starfield Technologies, Inc.",397,0,sha256WithRSAEncryption,2048,RSA,1,v3,0,0
ic3.events.data.microsoft.com,b77a90af591a51ebddc61440a1a71ac51d32e1c3643233fc0bf0476b50b46253,Microsoft Corporation,180,1,sha384WithRSAEncryption,2048,RSA,1,v3,0,0
msh.amazon.com,88845067ece1cfc1689fb30e3bf4164fc1fe642f796550a3dd65296547ae06bb,Amazon,338,1,sha256WithRSAEncryption,2048,RSA,1,v3,0,0
beachfront-match.dotomi.com,6f9666fb3281f1da33eb16c6c6707f9abbebfecae87d5d83901318e39f895ef0,GlobalSign nv-sa,396,1,sha256WithRSAEncryption,2048,RSA,1,v3,0,0
amazonvideo.com,53be871a0ba03043882cb3a54d2c7b35a6b85053b4e81d27450e7c0b6308ee64,Amazon,197,1,sha256WithRSAEncryption,2048,RSA,1,v3,0,0
cdn-icloud-content.g.aaplimg.com,5433701739e6a6d8a0807b280800b47d578ff1add78d1615398cc8ed11481b76,Apple Inc.,88,1,ecdsa-with-SHA256,256,EC,1,v3,0,0
prg.smartadserver.com,00d4b05c3ab1ca37371d6021fd5864222ac3de1743e41a673b6e1d385ed4da17,DigiCert Inc,371,1,ecdsa-with-SHA384,256,EC,1,v3,0,0
dcg.microsoft.com,2348379fa39999a099767aa9a5c2eabc68e36629c67e8d1ed7d513dfc970d80c,Microsoft Corporation,180,1,sha384WithRSAEncryption,2048,RSA,1,v3,0,0
ca.iadsdk.apple.com,fe8a2fd2f65973723d9143c06c2233dd843981a72263ea4d5c7a01a69146a5b4,Apple Inc.,190,1,sha256WithRSAEncryption,2048,RSA,1,v3,0,0
sslwidget.criteo.com,953e60f15c6eec7a61c7d15cb7e3ae3191dbbbbd7a720e79b373d9d41ddd9b33,DigiCert Inc,92,1,sha256WithRSAEncryption,256,EC,1,v3,0,0
w.inmobi.com,6d6f30700cc2e8945dc6aeb6bdc7f9e2e9533851f95e6dea4645f2e8337b89b1,Sectigo Limited,365,1,sha256WithRSAEncryption,2048,RSA,1,v3,0,0
widget.intercom.io,a651d4cb514eefb9adb69584a13b92c1bf81f52236a350a28e92094a15d07ecc,Amazon,393,1,sha256WithRSAEncryption,2048,RSA,1,v3,0,0
fullstory.com,384aa339f9c6f1d2782d5352b09cd325c3bf755e1efc12b80617f8772f9c48ec,Let's Encrypt,89,1,ecdsa-with-SHA384,256,EC,1,v3,0,0
gemini.google.com,e51c3ce4d70e43c7262da7e20609b3b751d6d98b8b83fed4a3f56fbb05bba54f,Google Trust Services,83,1,ecdsa-with-SHA256,256,EC,1,v3,0,0
teams.office.com,74c30c5ca3c7ff4a568e621aa8a1559555793eca7cfb1aa02004305802606a9f,Microsoft Corporation,360,1,sha384WithRSAEncryption,2048,RSA,1,v3,0,0
locationhistoryplacedetails-pa.googleapis.com,c96df46cd4d4baab16c15705b3fdf7748c83cb18d221814df697965aa44ced44,Google Trust Services,83,1,ecdsa-with-SHA256,256,EC,1,v3,0,0
ads.servenobid.com,95ccad08283bc86f744a1380c3f1684286a1bf61fbd01b743beb152568419423,Let's Encrypt,89,1,sha256WithRSAEncryption,2048,RSA,1,v3,0,0
aws-proxy-gcp.api.sc-gw.com,9610091e7c711204b985f2421360e1cd94645d04a9f668fa11e7443e53c556ce,DigiCert Inc,198,1,sha256WithRSAEncryption,2048,RSA,1,v3,0,0
rumcdn.geoedge.be,de4257507a149b089e897c83f088e5fbd1a9ef785ec4bb00b4c1401ecd21cd4c,Amazon,393,1,sha256WithRSAEncryption,2048,RSA,1,v3,0,0
cdn-v4.amp-endpoint3.com,d4d34998a7e7c6f43a538c30f86946fe6b1a5675a211c38895888f3379efe9aa,DigiCert Inc,345,1,sha256WithRSAEncryption,2048,RSA,1,v3,0,0
z-p42-instagram.c10r.instagram.com,077c4b71dd8f595202247f831a29144244070d7b6b951ac1c90bd77e7c08ecce,DigiCert Inc,90,1,sha256WithRSAEncryption,256,EC,1,v3,0,0
pm.w55c.net,1207e969d576f5566384ce95ccd680a947a2a8a2d645bd35cc1b7182c49023ec,Amazon,394,1,sha256WithRSAEncryption,2048,RSA,1,v3,0,0
sensor.cloud.tenable.com,a813f4a043e6e7f4e6ea2169be9cf2c89af3a1368278038d091d4f916ad69285,Google Trust Services,90,1,ecdsa-with-SHA256,256,EC,1,v3,0,0
logx.optimizely.com,4dd730ed7fff718ef0508de5379d0aef7686c309fe34fdbe4e70e450dadc6dad,Google Trust Services,90,1,sha256WithRSAEncryption,2048,RSA,1,v3,0,0
paypal.com,c93e5b7b18fdfa6d1dcd0708edf66dbd8e6e8457aee69cb3f7db0572c1cba90e,DigiCert Inc,364,1,sha256WithRSAEncryption,2048,RSA,1,v3,0,0
cpm.vistarsagency.com,dcd798e973aaedbfefdc6534e8d1659bba00edbc5877f876a4206daf8765a0d4,Let's Encrypt,89,1,sha256WithRSAEncryption,2048,RSA,1,v3,0,0
oraclecloud.com,d95a7efe291c1784d7c39a20a746c974323472798129b49498c5e17145a788fd,DigiCert Inc,198,1,sha256WithRSAEncryption,2048,RSA,1,v3,0,0
adroll.com,c14ee51ed6723a09f85b69e5eed6919e2c21554167bfd2b08e153f61af7215c1,GlobalSign nv-sa,396,1,sha256WithRSAEncryption,2048,RSA,1,v3,0,0
content-signature-2.cdn.mozilla.net,33e247596db998039427ec1b4317a56de2c0dd482f25227d0e9646a86a3b50f7,Let's Encrypt,89,1,sha256WithRSAEncryption,2048,RSA,1,v3,0,0
amazonalexa.com,760055e2031d7a08c45aa08d0edf343013f44979da705fa2af73d56b9dd45400,Amazon,394,1,sha256WithRSAEncryption,2048,RSA,1,v3,0,0
copper6.com,57d49ad1e2c5d23ceda00fdac51314b8cf00641301d917d488bfb8d51b0deb67,Google Trust Services,90,1,ecdsa-with-SHA256,256,EC,1,v3,0,0
ad-score.com,0b7db20c35dcc4477e5afbc93d7c948ddf8f0f9de74522425e32e0553efe8895,"GoDaddy.com, Inc.",397,1,sha256WithRSAEncryption,2048,RSA,1,v3,0,0
static.chartbeat.com,c00c6d8cf7bd05895e2f30a971f69026d19c6d195fb936fa07e0f31f15efa22e,DigiCert Inc,381,1,sha256WithRSAEncryption,2048,RSA,1,v3,0,0
turing-writingassistance.edge.microsoft.com,215a0d3e4598a1021a60f2a7c51fb5a5dd6213bad5da6aeb1a622ed4533b0fa8,Microsoft Corporation,123,1,sha384WithRSAEncryption,2048,RSA,1,v3,0,0
polka.typekit.com,a6a6cb88b8cc438dfaee09a042ece5368eb44eed882584b46903c264af1de685,DigiCert Inc,396,1,sha256WithRSAEncryption,2048,RSA,1,v3,0,0
rtbwise.com,192ab8452c74d5b002677cc7c6c443be84e0e30a9f671668d6156bfc24874b63,Google Trust Services,90,1,sha256WithRSAEncryption,2048,RSA,1,v3,0,0
us.rtbwise.com,b370c33a7a887bb8bfb6895e1417340822f9d56d1919e5fcd0cb3246dbc02a5e,Google Trust Services,90,1,sha256WithRSAEncryption,2048,RSA,1,v3,0,0
trace.us.rtbwise.com,9cd2d1971af903f44b6d125db002e30148b751f6b158db7b9f69becfe7d82ac3,Google Trust Services,90,1,sha256WithRSAEncryption,2048,RSA,1,v3,0,0
iqm.com,6c5620c4ea1875c4a36e08d425eb23ee1dcb64f15198e9345051d2882ac13473,GlobalSign nv-sa,396,1,sha256WithRSAEncryption,2048,RSA,1,v3,0,0
inst-fs-iad-prod.inscloudgate.net,0ce840bd0e8be72fe9b9babefe3dc3e85352b91ba0c8d3dee7bbd96817edbdb1,Amazon,394,1,sha256WithRSAEncryption,2048,RSA,1,v3,0,0
usc.pptservicescast.officeapps.live.com,8ab746fb2295377998543f30ceaaf5f0796eb22d013cb5befa52842bb516420b,Microsoft Corporation,180,1,sha384WithRSAEncryption,2048,RSA,1,v3,0,0
gdmf-ados.v.aaplimg.com,7181b6c807c1dd22abfaf1a019016cf319651850e41089ec2adc2be86365ff69,Apple Inc.,85,1,sha256WithRSAEncryption,2048,RSA,1,v3,0,0
anycast.adnxs.com,1b360b6dcf02669aad032dad81c81ecba3e063dd52c542ec60d94c0b427180e5,DigiCert Inc,396,1,ecdsa-with-SHA256,256,EC,1,v3,0,0
cdn.segment.com,189c5c43174cc1ea725a8edd37644cdf8399f4518e8520617fa04001dc6f6543,Amazon,394,1,sha256WithRSAEncryption,2048,RSA,1,v3,0,0
pxl.iqm.com,d77e3b3f581863f31cb280a633245d16cc475c589c7283e526c1d5ffe6074b31,Let's Encrypt,89,1,ecdsa-with-SHA384,256,EC,1,v3,0,0
track.activemetering.com,fbe78839de748109ac833b36cd2524ad212490353657f1f5d6a22b1b85242af4,Amazon,392,1,sha256WithRSAEncryption,2048,RSA,1,v3,0,0
idpix.media6degrees.com,27ab7f8bc8776c3696c98c04c8143b4b8e6cc19e49e21f9378b1a8e91f6b4e00,Google Trust Services,90,1,ecdsa-with-SHA256,256,EC,1,v3,0,0
sentry.insops.net,ed6c66741867b859a5e9706706c63f35765b5c1760fed80441d9527efd774c0a,Amazon,393,1,sha256WithRSAEncryption,2048,RSA,1,v3,0,0
px-cloud.net,5f9ccacf5d0eea740c84f021497642167d6a725ed5bc0a2d76344efc7295af49,Google Trust Services,90,1,sha256WithRSAEncryption,2048,RSA,1,v3,0,0
gateway.grammarly.com,c292580ea610488c13cb6e33f6148587b70b645ae38804e30fb2b8fde668ad4d,Amazon,394,1,sha256WithRSAEncryption,2048,RSA,1,v3,0,0
1.connectivity-test.static.microsoft,c1d90b44d66ea21d52dbb17db3e009f8e441a8fc450ccddc7404458ad5cdae95,Let's Encrypt,89,1,ecdsa-with-SHA384,256,EC,1,v3,0,0
mon16-normal-alisg.tiktokv.com,29ab6021e57ef447a9f4de1c613e116b4ba7a5ba0297cd15801abb807d9babc7,DigiCert Inc,198,1,ecdsa-with-SHA256,256,EC,1,v3,0,0
gspe19-2-ssl.ls.apple.com.edgesuite.net,792ce717b665ca8a0aedf9f7a3ba68bd15b7bf81da354e2c7dc4869bf9f22e62,DigiCert Inc,365,1,ecdsa-with-SHA384,256,EC,1,v3,0,0
android-safebrowsing.google.com,e51c3ce4d70e43c7262da7e20609b3b751d6d98b8b83fed4a3f56fbb05bba54f,Google Trust Services,83,1,ecdsa-with-SHA256,256,EC,1,v3,0,0
mid.rkdms.com,f4893b59ee900a791096143ebb1a63968711345fa7b3c2f1a4b6bb948e559875,Amazon,394,1,sha256WithRSAEncryption,2048,RSA,1,v3,0,0
winatp-gw-eus.microsoft.com,9e2b90c580ebc29a8252951d4b56e788be7037e1bad6c14797c2722d14cfa37b,Microsoft Corporation,324,1,sha256WithRSAEncryption,2048,RSA,1,v3,0,0
agents.msua04.manage.microsoft.com,bfa00cb501344140d5d830dd3fda092addf623c67e10338a606b99fe794a3adb,Microsoft Corporation,180,1,sha384WithRSAEncryption,2048,RSA,1,v3,0,0
warp.media.net,5f1f28afacb64dec56c9e04a350989c115eee2fa477a79baf7b4ef09f827a7c5,DigiCert Inc,366,1,sha256WithRSAEncryption,2048,RSA,1,v3,0,0
public-prod-dspcookiematching.dmxleo.com,4f175fc62d8766af9e137dc03f9849d728e0d8893993b0bdfbcb6d48a5690a73,Amazon,394,1,ecdsa-with-SHA256,256,EC,1,v3,0,0
singular.net,c1c321b8b20546b969855a00552d47d5760541739bc4c1603935fb5ad938db94,Let's Encrypt,89,1,ecdsa-with-SHA384,256,EC,1,v3,0,0
unagi.amazon.com,d19c65a3676a1fb1489f7dbd3e9ef06a924df5908dd69ee7e4db67aa3dc484ab,Amazon,323,1,sha256WithRSAEncryption,2048,RSA,1,v3,0,0
mediavine.com,daf52cbab36adadc95d3efe8ad6d1034b896402ca29a5483f77c0e07a7535e68,Let's Encrypt,89,1,sha256WithRSAEncryption,2048,RSA,1,v3,0,0
walkme.com,ccd9ab7a8a97fb0c5c532e07b02ab86b50af767e3c06c29f9c9e87cef3c82d83,Sectigo Limited,396,1,sha256WithRSAEncryption,2048,RSA,1,v3,0,0
intercomcdn.com,c380b4d8b81f216dcffa76e0d48b940316216ee9ebb727d37d40fe7980f80254,Amazon,197,1,sha256WithRSAEncryption,2048,RSA,1,v3,0,0
betweendigital.com,e2909a85d15fe58e8faefccfb6ea7929bdb1f28e2f00de83801c4743839153ed,Sectigo Limited,367,1,sha256WithRSAEncryption,2048,RSA,1,v3,0,0
cdn.amplitude.com,7e15388290396ab80c6492cde483c3b504e6d664eca79fa0a22b794c36668c18,Amazon,394,1,sha256WithRSAEncryption,2048,RSA,1,v3,0,0
beacons3.gvt2.com,0436c71adeab49aa4c006d2576fc1b7d7fe7214ae40cb5f1e15329d025d9cb47,Google Trust Services,83,1,ecdsa-with-SHA256,256,EC,1,v3,0,0
shell.cdn.office.net,b3dd782cb56649169bdcb54b95b73172fad61956f77ed6fb450ab6f269ff23dc,Microsoft Corporation,198,1,ecdsa-with-SHA384,256,EC,1,v3,0,0
testnav.com,77948c2cb0d71dd7e8d00d34969654348309d3d42013998500233b9b7a70235c,Amazon,197,1,sha256WithRSAEncryption,2048,RSA,1,v3,0,0
samplicio.us,878f3588bf2564d693be658d602954e77e09dcf8ddcac63eafb836d6401a0f0d,Amazon,394,1,sha256WithRSAEncryption,2048,RSA,1,v3,0,0
cdn2.inner-active.mobi,69c7f4094048c03ecce90fb1ed5aa451a0a31cd3a7db9fb74da9627ce87f8219,Certainly,29,0,sha256WithRSAEncryption,2048,RSA,1,v3,0,0
nodeapi.classlink.com,6bed22d71ba4bcc392e4b1c1a237503507d65e03c1a1339820c214597edda8c2,Amazon,394,1,sha256WithRSAEncryption,2048,RSA,1,v3,0,0
e13678.dscb.akamaiedge.net,9f17b548f7d24f309dbcaab571576c0ca73b80559ce69f27fe295f6408cc57bf,Microsoft Corporation,360,1,sha384WithRSAEncryption,2048,RSA,1,v3,0,0
news.iadsdk.apple.com,4ba0f5c0f65809f4cbc4c1732569dca2469776f8217b0021d5ee06947183c1cb,Apple Inc.,89,1,ecdsa-with-SHA256,256,EC,1,v3,0,0
ads.betweendigital.com,3b89cc505b8bfaaf613a7e6544a19696ad53dd8c508fa5e436eb086cfc516e0b,Sectigo Limited,369,1,sha256WithRSAEncryption,2048,RSA,1,v3,0,0
ice.360yield.com,875792e1b3cf1de0d69369b31fbd9f849d7bd81c26bca8bd6fa0e0323959a796,Sectigo Limited,390,1,sha256WithRSAEncryption,2048,RSA,1,v3,0,0
e1329.g.akamaiedge.net,dfa04c345034a36a2741cd76c4781324292eb247019ddae3fa1ce2e4ce8300ab,Apple Inc.,187,1,sha256WithRSAEncryption,2048,RSA,1,v3,0,0
secure.gravatar.com,03e154b41d4d63784a2722a124257d02a026ba5af3d8e997f2e87e9a4b939659,Let's Encrypt,89,1,ecdsa-with-SHA384,256,EC,1,v3,0,0
ib.anycast.adnxs.com,1b360b6dcf02669aad032dad81c81ecba3e063dd52c542ec60d94c0b427180e5,DigiCert Inc,396,1,ecdsa-with-SHA256,256,EC,1,v3,0,0
api.onesignal.com,84bacad3a0dad2442668d8beaa6f51d77b721c11da474b7e4b42efbc62d2764e,Google Trust Services,90,1,ecdsa-with-SHA256,256,EC,1,v3,0,0
mobilemaps.googleapis.com,c96df46cd4d4baab16c15705b3fdf7748c83cb18d221814df697965aa44ced44,Google Trust Services,83,1,ecdsa-with-SHA256,256,EC,1,v3,0,0
gcp.api.sc-gw.com,9610091e7c711204b985f2421360e1cd94645d04a9f668fa11e7443e53c556ce,DigiCert Inc,198,1,sha256WithRSAEncryption,2048,RSA,1,v3,0,0
pn.ybp.yahoo.com,4e8b6594fa02b4db31d50e85a703c55329c1a31a7e626ad2b7fc2097468c3091,DigiCert Inc,176,1,sha256WithRSAEncryption,2048,RSA,1,v3,0,0
app-ads-services.com,11f48795e67f884afed2ee1de8abd62e5d7773b2e5d7ff3470dd643c16cdda3a,Google Trust Services,83,1,ecdsa-with-SHA256,256,EC,1,v3,0,0
sync-t1.taboola.com,563b35e76d149b69c2c8ee50a0f206ccf1a4b7425ac577c6fad90558b44c9fee,DigiCert Inc,384,1,ecdsa-with-SHA384,256,EC,1,v3,0,0
a1818.dscw154.akamai.net,792ce717b665ca8a0aedf9f7a3ba68bd15b7bf81da354e2c7dc4869bf9f22e62,DigiCert Inc,365,1,ecdsa-with-SHA384,256,EC,1,v3,0,0
us-central1-gcp.api.sc-gw.com,9610091e7c711204b985f2421360e1cd94645d04a9f668fa11e7443e53c556ce,DigiCert Inc,198,1,sha256WithRSAEncryption,2048,RSA,1,v3,0,0
www.msftncsi.com.edgesuite.net,792ce717b665ca8a0aedf9f7a3ba68bd15b7bf81da354e2c7dc4869bf9f22e62,DigiCert Inc,365,1,ecdsa-with-SHA384,256,EC,1,v3,0,0
whiteboard.microsoft.com,f57842353ed9b789f3a63ea1575f3741c01c5103ee0955305d1d86652bd7f79e,Microsoft Corporation,180,1,sha384WithRSAEncryption,2048,RSA,1,v3,0,0
ocsp2.globalsign.com,a09eaba035e30a2151aae0f4b05a9f4cf253e0033426a8c2611ee56b009aa6c5,GlobalSign nv-sa,396,1,sha256WithRSAEncryption,2048,RSA,1,v3,0,0
download.testnav.com,77948c2cb0d71dd7e8d00d34969654348309d3d42013998500233b9b7a70235c,Amazon,197,1,sha256WithRSAEncryption,2048,RSA,1,v3,0,0
p16-sign-sg.tiktokcdn.com,986095aed6fe57baeb611e061191b1ce22c477f57f0275e2d29d283f328fcc71,DigiCert Inc,364,1,ecdsa-with-SHA256,256,EC,1,v3,0,0
sync.kueezrtb.com,570ed8d7086ebaf7ab457ddba59ce3fbbbc5e81fd32f727a1b08d1d58bdbef77,Sectigo Limited,396,1,sha256WithRSAEncryption,2048,RSA,1,v3,0,0
my.microsoftpersonalcontent.com,2f32d4c5934516685544eb432c126390ebce437bbc9e692ab45852f4b6e12ddf,Microsoft Corporation,180,1,sha384WithRSAEncryption,2048,RSA,1,v3,0,0
speechs3proto2-pa.googleapis.com,c96df46cd4d4baab16c15705b3fdf7748c83cb18d221814df697965aa44ced44,Google Trust Services,83,1,ecdsa-with-SHA256,256,EC,1,v3,0,0
sp.analytics.yahoo.com,6d9cb238aa34b641f18cc1d0e3fd2e20b8019f8d75d13faa1e1379cf77f05e98,DigiCert Inc,176,1,sha256WithRSAEncryption,2048,RSA,1,v3,0,0
location.life360.com,11232136bc046a55e6dfabf32d0e87d8c2af6c45b916017666dfbca3b205c9d5,Let's Encrypt,89,1,ecdsa-with-SHA384,256,EC,1,v3,0,0
du11hjcvx0uqb.cloudfront.net,c6c6d5c7f79211bbd598b6eb4302e5657be832e775cee0a829b0dea35eaf4e02,Amazon,197,1,sha256WithRSAEncryption,2048,RSA,1,v3,0,0
aup.apis.classlink.com,6bed22d71ba4bcc392e4b1c1a237503507d65e03c1a1339820c214597edda8c2,Amazon,394,1,sha256WithRSAEncryption,2048,RSA,1,v3,0,0
ib.3lift.com,a4536edbd253808c0c3ec8f80446cbef412a5b9729d0b28f087f4edcd11e6457,Amazon,393,1,sha256WithRSAEncryption,2048,RSA,1,v3,0,0
applications.apis.classlink.com,6bed22d71ba4bcc392e4b1c1a237503507d65e03c1a1339820c214597edda8c2,Amazon,394,1,sha256WithRSAEncryption,2048,RSA,1,v3,0,0
nearbysharing-pa.googleapis.com,c96df46cd4d4baab16c15705b3fdf7748c83cb18d221814df697965aa44ced44,Google Trust Services,83,1,ecdsa-with-SHA256,256,EC,1,v3,0,0
iphonesubmissions.apple.com,c437fda9ff3f7c60d2e4cc37650177886b163a566659bd635e2c15ef431cf326,Apple Inc.,197,1,sha256WithRSAEncryption,2048,RSA,1,v3,0,0
ags.privatelink.msidentity.com,aed7927dc40ad6f100baca15c9d6987972d3e237b35210dd4a0ae4ee08dd8c72,DigiCert Inc,180,1,sha256WithRSAEncryption,2048,RSA,1,v3,0,0
sdkapi.dsp-api.moloco.com,17bcf8a579734699b3ce9b6fb1e84eda115ec1a8c3f43012591d3adad3f48e70,Sectigo Limited,396,1,sha256WithRSAEncryption,2048,RSA,1,v3,0,0
csgdtm-svc-agent.dell.com,c96c0053b3cbbc8923b0202e3c056f79eb131c83191e91258adce7bb3c9924c6,DigiCert Inc,198,1,ecdsa-with-SHA384,256,EC,1,v3,0,0
ecn.dev.virtualearth.net,9213b479cecff3a04b0ec38e281db257dcf1c0e3c8a2d6d4b6bd84d3519b2b3f,Microsoft Corporation,198,1,ecdsa-with-SHA384,256,EC,1,v3,0,0
ymmobi.com,e9b74d6c61500645e8d29fd15c1d4e38eb5051b32d810cb0d9ca8a2cd0e189f7,DigiCert Inc,365,1,sha256WithRSAEncryption,2048,RSA,1,v3,1,0
gw-iad-bid.ymmobi.com,46c50d24b5ee7fc26693f77b60e39c245bf57b4bc75e7aed2b5938d574e07880,DigiCert Inc,394,1,sha256WithRSAEncryption,2048,RSA,1,v3,0,0
js.intercomcdn.com,e3a551d31977b61b442eab1f879dcfaac871563f4ee470f5f0037e70c2d965bf,Amazon,393,1,sha256WithRSAEncryption,2048,RSA,1,v3,0,0
jwplayer.com,ea0995e23d7d675c773237be929c96f16fc1f077301e09dcdce66290d7a84caf,Google Trust Services,90,1,ecdsa-with-SHA256,256,EC,1,v3,0,0
stocks-data-service.apple.com,3934df03afcc47ab0b8252df53fc94d19863d9b89269cadc743c59b600897fd4,Apple Inc.,86,1,ecdsa-with-SHA256,256,EC,1,v3,0,0
exchange.mediavine.com,1e8cc117676e58d0e831abf13230b8a659cd800aabce0cc247884987d41561ed,Amazon,394,1,sha256WithRSAEncryption,2048,RSA,1,v3,0,0
locus-a.wbx2.com,553a0ef3c0450657a530dbba9859538ae4e440dfb07812adec82f4306bcd9e66,IdenTrust,369,1,sha256WithRSAEncryption,2048,RSA,1,v3,0,0
o-sdk.mediation.unity3d.com,583392c04ca7da6892d0531cd93a76e856213374505786971f45fe8f50fc8b4d,Amazon,394,1,sha256WithRSAEncryption,2048,RSA,1,v3,0,0
auth.grammarly.com,65cac332cd1fe5932555885896ea19f5b1eccb3d2805652a08561509675e60ee,Amazon,394,1,sha256WithRSAEncryption,2048,RSA,1,v3,0,0
is-ssl.mzstatic.com.itunes-apple.com.akadns.net,17051731d6fc0546f4d7bece8641fd3212baf03c50e1199c8ba723444962157a,Apple Inc.,183,1,sha256WithRSAEncryption,2048,RSA,1,v3,0,0
d.adroll.com,86f6038262bf4c6d7f96563df661c0dd10fce1cde3971418afcf0a658a582d0b,Amazon,394,1,sha256WithRSAEncryption,2048,RSA,1,v3,0,0
identity.ess.apple.com,054ce1c0017d5d30906c3aa1b2169408f4baba45eeb8e9433f88948cdfe8831b,Apple Inc.,389,1,sha256WithRSAEncryption,2048,RSA,1,v3,0,0
klaviyo.com,3e5e00ccb0cc0120632e7cdd7b9231d876948a6eec2a078f1d564746b28ee963,Amazon,394,1,sha256WithRSAEncryption,2048,RSA,1,v3,0,0
publicassets.cdn-apple.g.aaplimg.com,5433701739e6a6d8a0807b280800b47d578ff1add78d1615398cc8ed11481b76,Apple Inc.,88,1,ecdsa-with-SHA256,256,EC,1,v3,0,0
tags.srv.stackadapt.com,4cb59f4cfb984401ea9785e58e037a1aae0f5f627bbb5ab3cb9420929896432a,Amazon,393,1,sha256WithRSAEncryption,2048,RSA,1,v3,0,0
id.hadron.ad.gt,b709173b89172a9f0a66cc7a9f8d9aae5a7106646133a778c932585fc6eb01f1,Google Trust Services,90,1,ecdsa-with-SHA256,256,EC,1,v3,0,0
pac.zdxcloud.net,dc8b53165eaf18ebcdbf3370df24011e0fad4f4b24e8d633762f8d85befcf7c8,DigiCert Inc,364,1,sha256WithRSAEncryption,2048,RSA,1,v3,0,0
notifications.apis.classlink.com,6bed22d71ba4bcc392e4b1c1a237503507d65e03c1a1339820c214597edda8c2,Amazon,394,1,sha256WithRSAEncryption,2048,RSA,1,v3,0,0
csync.copper6.com,8106c5ea560bdf48c0f2804adc9b7707e70885c5d3e4dbc703f0a905c4c046f8,"GoDaddy.com, Inc.",397,1,sha256WithRSAEncryption,2048,RSA,1,v3,0,0
mountain.com,677fe836ea70431a17edfee17a380452ab8f8e6b1cb930dbe3e013b1249f7c02,Sectigo Limited,365,1,sha384WithRSAEncryption,2048,RSA,1,v3,0,0
userlocation.googleapis.com,c96df46cd4d4baab16c15705b3fdf7748c83cb18d221814df697965aa44ced44,Google Trust Services,83,1,ecdsa-with-SHA256,256,EC,1,v3,0,0
wikipedia.com,b6b318f54bdaffe75ad55e3f0b569ede3e13295438656dcdddafc48354d4117d,Let's Encrypt,89,1,ecdsa-with-SHA384,256,EC,1,v3,0,0
qsearch-a.akamaihd.net,792ce717b665ca8a0aedf9f7a3ba68bd15b7bf81da354e2c7dc4869bf9f22e62,DigiCert Inc,365,1,ecdsa-with-SHA384,256,EC,1,v3,0,0
force.com,39d1094c75b8721b8ea543d560fc8ccede5c4a6b51316439f2f009b4884c630d,DigiCert Inc,198,1,ecdsa-with-SHA384,256,EC,1,v3,0,0
cc-embed.adobe.com,2c45ec1c1906285773f99f04fdf6f8c9096ca0481578db343bde7ef9908b8651,DigiCert Inc,396,1,sha256WithRSAEncryption,2048,RSA,1,v3,0,0
webcast-frontier16-normal-alisg.tiktokv.com,29ab6021e57ef447a9f4de1c613e116b4ba7a5ba0297cd15801abb807d9babc7,DigiCert Inc,198,1,ecdsa-with-SHA256,256,EC,1,v3,0,0
us-v20.events.endpoint.security.microsoft.com,9ab06be9f2ab873369fc77b88ba58dcc319f1d429c2e98060f468c2dccd120ee,Microsoft Corporation,214,1,sha256WithRSAEncryption,2048,RSA,1,v3,0,0
b.applovin.com,a412c9ff92b45fb260cfbd2319053a2390aaa1303ca12b0830ba42833c6bbb9a,Google Trust Services,90,1,sha256WithRSAEncryption,2048,RSA,1,v3,0,0
webcast-frontier22-normal-alisg.tiktokv.com,08de96d6bdd367b833c92828009f26178bf888d32789a89bb2a3f0342e0b1f4c,DigiCert Inc,364,1,sha256WithRSAEncryption,2048,RSA,1,v3,0,0
excel.officeapps.live.com,36434063ebc97187efadca5b083e1981f0fffbc6f7b40cac91ea0bcbbfd46aa9,Microsoft Corporation,198,1,sha384WithRSAEncryption,2048,RSA,1,v3,0,0
hackaday.com,5c1ac4ad7ea973907b53061e39df79ee0ea620f4a667724d0cdc03a7dfe20054,Let's Encrypt,89,1,ecdsa-with-SHA384,256,EC,1,v3,0,0
lfodown01-gyr-maverick.cloudsink.net,e86ada9896a0b1170a36d5201668d750fe8a48384ca3ba5d0179f5e924d22756,"CrowdStrike, Inc.",364,0,sha256WithRSAEncryption,4096,RSA,1,v3,0,0
navvy.media.net,df0e080b132c8ec16bebf8a1f08e00b8cf9f494479bd91afa91a35aec11d765d,Sectigo Limited,198,1,ecdsa-with-SHA256,256,EC,1,v3,0,0
idp.classlink.com,6bed22d71ba4bcc392e4b1c1a237503507d65e03c1a1339820c214597edda8c2,Amazon,394,1,sha256WithRSAEncryption,2048,RSA,1,v3,0,0
espressif.com,8253ae48b32a82fff4cd932a848f501b070084a8be8b2ebcc1a58f9161144cf6,DigiCert Inc,396,1,sha256WithRSAEncryption,2048,RSA,1,v3,0,0
api.samsungcloud.com,f5ee34482dd3802cdbd92b9145475826a610fd588cbc1aef9f442610a4e0a7f5,Sectigo Limited,198,1,sha256WithRSAEncryption,2048,RSA,1,v3,0,0
e-volution.ai,7b283018052ffd0471359c756da529b15e1edcf3ad15f0018601847f1beb4a04,Sectigo Limited,396,1,sha256WithRSAEncryption,2048,RSA,1,v3,0,0
restrictedapps-pa.googleapis.com,c96df46cd4d4baab16c15705b3fdf7748c83cb18d221814df697965aa44ced44,Google Trust Services,83,1,ecdsa-with-SHA256,256,EC,1,v3,0,0
esxdos.org,02235f39a204d12b243b9f15d985a488dc42ddad2a40ea62c25b8472e3c6bae6,Let's Encrypt,89,1,sha256WithRSAEncryption,2048,RSA,1,v3,0,0
27-courier.push.apple.com,6c44ad3d68fcc8e48e68c613e52c1d48e4026a813784ff57f936585e0804e601,Apple Inc.,385,1,ecdsa-with-SHA256,256,EC,1,v3,0,0
5-courier.push.apple.com,6c44ad3d68fcc8e48e68c613e52c1d48e4026a813784ff57f936585e0804e601,Apple Inc.,385,1,ecdsa-with-SHA256,256,EC,1,v3,0,0
25-courier.push.apple.com,6c44ad3d68fcc8e48e68c613e52c1d48e4026a813784ff57f936585e0804e601,Apple Inc.,385,1,ecdsa-with-SHA256,256,EC,1,v3,0,0
28-courier.push.apple.com,6c44ad3d68fcc8e48e68c613e52c1d48e4026a813784ff57f936585e0804e601,Apple Inc.,385,1,ecdsa-with-SHA256,256,EC,1,v3,0,0
11-courier.push.apple.com,6c44ad3d68fcc8e48e68c613e52c1d48e4026a813784ff57f936585e0804e601,Apple Inc.,385,1,ecdsa-with-SHA256,256,EC,1,v3,0,0
3-courier.push.apple.com,6c44ad3d68fcc8e48e68c613e52c1d48e4026a813784ff57f936585e0804e601,Apple Inc.,385,1,ecdsa-with-SHA256,256,EC,1,v3,0,0
31-courier.push.apple.com,6c44ad3d68fcc8e48e68c613e52c1d48e4026a813784ff57f936585e0804e601,Apple Inc.,385,1,ecdsa-with-SHA256,256,EC,1,v3,0,0
37-courier.push.apple.com,6c44ad3d68fcc8e48e68c613e52c1d48e4026a813784ff57f936585e0804e601,Apple Inc.,385,1,ecdsa-with-SHA256,256,EC,1,v3,0,0
18-courier.push.apple.com,6c44ad3d68fcc8e48e68c613e52c1d48e4026a813784ff57f936585e0804e601,Apple Inc.,385,1,ecdsa-with-SHA256,256,EC,1,v3,0,0
9-courier.push.apple.com,6c44ad3d68fcc8e48e68c613e52c1d48e4026a813784ff57f936585e0804e601,Apple Inc.,385,1,ecdsa-with-SHA256,256,EC,1,v3,0,0
21-courier.push.apple.com,6c44ad3d68fcc8e48e68c613e52c1d48e4026a813784ff57f936585e0804e601,Apple Inc.,385,1,ecdsa-with-SHA256,256,EC,1,v3,0,0
33-courier.push.apple.com,6c44ad3d68fcc8e48e68c613e52c1d48e4026a813784ff57f936585e0804e601,Apple Inc.,385,1,ecdsa-with-SHA256,256,EC,1,v3,0,0
12-courier.push.apple.com,6c44ad3d68fcc8e48e68c613e52c1d48e4026a813784ff57f936585e0804e601,Apple Inc.,385,1,ecdsa-with-SHA256,256,EC,1,v3,0,0
49-courier.push.apple.com,6c44ad3d68fcc8e48e68c613e52c1d48e4026a813784ff57f936585e0804e601,Apple Inc.,385,1,ecdsa-with-SHA256,256,EC,1,v3,0,0
34-courier.push.apple.com,6c44ad3d68fcc8e48e68c613e52c1d48e4026a813784ff57f936585e0804e601,Apple Inc.,385,1,ecdsa-with-SHA256,256,EC,1,v3,0,0
8-courier.push.apple.com,6c44ad3d68fcc8e48e68c613e52c1d48e4026a813784ff57f936585e0804e601,Apple Inc.,385,1,ecdsa-with-SHA256,256,EC,1,v3,0,0
13-courier.push.apple.com,6c44ad3d68fcc8e48e68c613e52c1d48e4026a813784ff57f936585e0804e601,Apple Inc.,385,1,ecdsa-with-SHA256,256,EC,1,v3,0,0
6-courier.push.apple.com,6c44ad3d68fcc8e48e68c613e52c1d48e4026a813784ff57f936585e0804e601,Apple Inc.,385,1,ecdsa-with-SHA256,256,EC,1,v3,0,0
20-courier.push.apple.com,6c44ad3d68fcc8e48e68c613e52c1d48e4026a813784ff57f936585e0804e601,Apple Inc.,385,1,ecdsa-with-SHA256,256,EC,1,v3,0,0
32-courier.push.apple.com,6c44ad3d68fcc8e48e68c613e52c1d48e4026a813784ff57f936585e0804e601,Apple Inc.,385,1,ecdsa-with-SHA256,256,EC,1,v3,0,0
4-courier.push.apple.com,6c44ad3d68fcc8e48e68c613e52c1d48e4026a813784ff57f936585e0804e601,Apple Inc.,385,1,ecdsa-with-SHA256,256,EC,1,v3,0,0
48-courier.push.apple.com,6c44ad3d68fcc8e48e68c613e52c1d48e4026a813784ff57f936585e0804e601,Apple Inc.,385,1,ecdsa-with-SHA256,256,EC,1,v3,0,0
43-courier.push.apple.com,6c44ad3d68fcc8e48e68c613e52c1d48e4026a813784ff57f936585e0804e601,Apple Inc.,385,1,ecdsa-with-SHA256,256,EC,1,v3,0,0
23-courier.push.apple.com,6c44ad3d68fcc8e48e68c613e52c1d48e4026a813784ff57f936585e0804e601,Apple Inc.,385,1,ecdsa-with-SHA256,256,EC,1,v3,0,0
35-courier.push.apple.com,6c44ad3d68fcc8e48e68c613e52c1d48e4026a813784ff57f936585e0804e601,Apple Inc.,385,1,ecdsa-with-SHA256,256,EC,1,v3,0,0
44-courier.push.apple.com,6c44ad3d68fcc8e48e68c613e52c1d48e4026a813784ff57f936585e0804e601,Apple Inc.,385,1,ecdsa-with-SHA256,256,EC,1,v3,0,0
2-courier.push.apple.com,6c44ad3d68fcc8e48e68c613e52c1d48e4026a813784ff57f936585e0804e601,Apple Inc.,385,1,ecdsa-with-SHA256,256,EC,1,v3,0,0
36-courier.push.apple.com,6c44ad3d68fcc8e48e68c613e52c1d48e4026a813784ff57f936585e0804e601,Apple Inc.,385,1,ecdsa-with-SHA256,256,EC,1,v3,0,0
16-courier.push.apple.com,6c44ad3d68fcc8e48e68c613e52c1d48e4026a813784ff57f936585e0804e601,Apple Inc.,385,1,ecdsa-with-SHA256,256,EC,1,v3,0,0
29-courier.push.apple.com,6c44ad3d68fcc8e48e68c613e52c1d48e4026a813784ff57f936585e0804e601,Apple Inc.,385,1,ecdsa-with-SHA256,256,EC,1,v3,0,0
41-courier.push.apple.com,6c44ad3d68fcc8e48e68c613e52c1d48e4026a813784ff57f936585e0804e601,Apple Inc.,385,1,ecdsa-with-SHA256,256,EC,1,v3,0,0
30-courier.push.apple.com,6c44ad3d68fcc8e48e68c613e52c1d48e4026a813784ff57f936585e0804e601,Apple Inc.,385,1,ecdsa-with-SHA256,256,EC,1,v3,0,0
24-courier.push.apple.com,6c44ad3d68fcc8e48e68c613e52c1d48e4026a813784ff57f936585e0804e601,Apple Inc.,385,1,ecdsa-with-SHA256,256,EC,1,v3,0,0
42-courier.push.apple.com,6c44ad3d68fcc8e48e68c613e52c1d48e4026a813784ff57f936585e0804e601,Apple Inc.,385,1,ecdsa-with-SHA256,256,EC,1,v3,0,0
50-courier.push.apple.com,6c44ad3d68fcc8e48e68c613e52c1d48e4026a813784ff57f936585e0804e601,Apple Inc.,385,1,ecdsa-with-SHA256,256,EC,1,v3,0,0
45-courier.push.apple.com,6c44ad3d68fcc8e48e68c613e52c1d48e4026a813784ff57f936585e0804e601,Apple Inc.,385,1,ecdsa-with-SHA256,256,EC,1,v3,0,0
10-courier.push.apple.com,6c44ad3d68fcc8e48e68c613e52c1d48e4026a813784ff57f936585e0804e601,Apple Inc.,385,1,ecdsa-with-SHA256,256,EC,1,v3,0,0
19-courier.push.apple.com,6c44ad3d68fcc8e48e68c613e52c1d48e4026a813784ff57f936585e0804e601,Apple Inc.,385,1,ecdsa-with-SHA256,256,EC,1,v3,0,0
22-courier.push.apple.com,6c44ad3d68fcc8e48e68c613e52c1d48e4026a813784ff57f936585e0804e601,Apple Inc.,385,1,ecdsa-with-SHA256,256,EC,1,v3,0,0
39-courier.push.apple.com,6c44ad3d68fcc8e48e68c613e52c1d48e4026a813784ff57f936585e0804e601,Apple Inc.,385,1,ecdsa-with-SHA256,256,EC,1,v3,0,0
15-courier.push.apple.com,6c44ad3d68fcc8e48e68c613e52c1d48e4026a813784ff57f936585e0804e601,Apple Inc.,385,1,ecdsa-with-SHA256,256,EC,1,v3,0,0
14-courier.push.apple.com,6c44ad3d68fcc8e48e68c613e52c1d48e4026a813784ff57f936585e0804e601,Apple Inc.,385,1,ecdsa-with-SHA256,256,EC,1,v3,0,0
26-courier.push.apple.com,6c44ad3d68fcc8e48e68c613e52c1d48e4026a813784ff57f936585e0804e601,Apple Inc.,385,1,ecdsa-with-SHA256,256,EC,1,v3,0,0
17-courier.push.apple.com,6c44ad3d68fcc8e48e68c613e52c1d48e4026a813784ff57f936585e0804e601,Apple Inc.,385,1,ecdsa-with-SHA256,256,EC,1,v3,0,0
47-courier.push.apple.com,6c44ad3d68fcc8e48e68c613e52c1d48e4026a813784ff57f936585e0804e601,Apple Inc.,385,1,ecdsa-with-SHA256,256,EC,1,v3,0,0
40-courier.push.apple.com,6c44ad3d68fcc8e48e68c613e52c1d48e4026a813784ff57f936585e0804e601,Apple Inc.,385,1,ecdsa-with-SHA256,256,EC,1,v3,0,0
46-courier.push.apple.com,6c44ad3d68fcc8e48e68c613e52c1d48e4026a813784ff57f936585e0804e601,Apple Inc.,385,1,ecdsa-with-SHA256,256,EC,1,v3,0,0
7-courier.push.apple.com,6c44ad3d68fcc8e48e68c613e52c1d48e4026a813784ff57f936585e0804e601,Apple Inc.,385,1,ecdsa-with-SHA256,256,EC,1,v3,0,0
38-courier.push.apple.com,6c44ad3d68fcc8e48e68c613e52c1d48e4026a813784ff57f936585e0804e601,Apple Inc.,385,1,ecdsa-with-SHA256,256,EC,1,v3,0,0
us-east1-aws.api.sc-gw.com,3ab592fd2cfa936fb8e5fa5e2e4b651394f8641917975602c5959cd53aaa02aa,DigiCert Inc,364,1,sha256WithRSAEncryption,2048,RSA,1,v3,0,0
www.canva.com,92553542af0ec5707faa2eb3db11fc10b406c622603f6347ddc825954aefe2f4,Amazon,394,1,sha256WithRSAEncryption,2048,RSA,1,v3,0,0
gspe35-applecdn-cutover.ls-apple.com.akadns.net,5433701739e6a6d8a0807b280800b47d578ff1add78d1615398cc8ed11481b76,Apple Inc.,88,1,ecdsa-with-SHA256,256,EC,1,v3,0,0
gcs-us-00003.content-storage-upload.googleapis.com,e41a73a512fe54c74c6a795d30e246fbee504f2edf31924d82ecc719b96a55d3,Google Trust Services,83,1,ecdsa-with-SHA256,256,EC,1,v3,0,0
tynt.com,a295182c075039018de8d285d854b1d933a452f5e1e63be90d837b4a9d97c7cd,Sectigo Limited,383,1,sha256WithRSAEncryption,2048,RSA,1,v3,0,0
pixel.onaudience.com,7b36a55bb8f1c799c0bb24180078b7ba575d75820f6c931c1e497e07644d6d72,"GoDaddy.com, Inc.",198,1,sha256WithRSAEncryption,2048,RSA,1,v3,0,0
dsp.adkernel.com,44c98c56e048fd9e0ae45818696619fdfc7ce97735d7d90596ccabba67fee99e,GlobalSign nv-sa,396,1,sha256WithRSAEncryption,2048,RSA,1,v3,0,0
featureassets.org,36515f9999f13d97bc97b3e88f0b32a5dc5797f01fca40c40590250eaf07a8a1,Let's Encrypt,89,1,sha256WithRSAEncryption,2048,RSA,1,v3,0,0
assets.clever.com,4a4f17b81a13ea88638c89d82fd36449c9fea20ed3819832f5a92c9fb4ef9fac,Amazon,394,1,sha256WithRSAEncryption,2048,RSA,1,v3,0,0
unlinkability.apple.com,a471bb93618ec90c2acf62a341714c2b0c03234266a344af2e98104ff8016df7,Apple Inc.,393,1,ecdsa-with-SHA256,256,EC,1,v3,0,0
admaster.cc,32e046864bec42000e6a0f41ea7be9e779b6f0f708b48e06edde5b017e3383f5,Let's Encrypt,89,1,sha256WithRSAEncryption,2048,RSA,1,v3,0,0
analytics-log.classlink.io,c2b3958e43a43c4e2130fe61a20bc5a1897e90d6c49ecfb9f3b1e17d99a5d5f6,Amazon,393,1,sha256WithRSAEncryption,2048,RSA,1,v3,0,0
0-courier.push.apple.com,6c44ad3d68fcc8e48e68c613e52c1d48e4026a813784ff57f936585e0804e601,Apple Inc.,385,1,ecdsa-with-SHA256,256,EC,1,v3,0,0
identrust.com,fd015124f0542e4cfe80eeed86e3b3ac1635b955850e959043809e06976ef18e,IdenTrust,364,1,sha256WithRSAEncryption,4096,RSA,1,v3,0,0
telogis.com,e00eb7dae2be60c961a2d23d680a040c543dc9f7d42e03358550372af55c78c5,Amazon,197,1,sha256WithRSAEncryption,2048,RSA,1,v3,0,0
a.ad.gt,a1541e7da0799e812523bad5db569ecf92600c0980b2daedd64bbb363854ed10,Google Trust Services,90,1,ecdsa-with-SHA256,256,EC,1,v3,0,0
adswizz.com,19677dddb42866d7b31ce24cf719148c95665c598b762f16e150c24900849cbe,Sectigo Limited,280,1,sha256WithRSAEncryption,2048,RSA,1,v3,0,0
revenuecat.com,3a8a8d7c0e86710c67e6c4dcd4fcd91372b136297ca6891c3c4f4f8f2a2d7ba3,Amazon,394,1,ecdsa-with-SHA256,256,EC,1,v3,0,0
secure.quantserve.com,afb2bb0355aaf079c8a529e297d4922a20f86448d3c0e250a239cdbe95b7c02f,Let's Encrypt,89,1,sha256WithRSAEncryption,2048,RSA,1,v3,0,0
wu2z-api.samsungcloud.com,f5ee34482dd3802cdbd92b9145475826a610fd588cbc1aef9f442610a4e0a7f5,Sectigo Limited,198,1,sha256WithRSAEncryption,2048,RSA,1,v3,0,0
fmf.fe2.apple-dns.net,a0dbdc42640e2b55782dd915df7c3b4f510a743414f28badef8d31b71065f562,Apple Inc.,388,1,sha256WithRSAEncryption,2048,RSA,1,v3,0,0
sync.pmbmonetize.live,0fdaa6f5bbd929a5043445654cffb3c585e2d744d5f096ba5ddd737ad0b8a749,GlobalSign nv-sa,396,1,sha256WithRSAEncryption,2048,RSA,1,v3,0,0
tasks-pa.googleapis.com,c96df46cd4d4baab16c15705b3fdf7748c83cb18d221814df697965aa44ced44,Google Trust Services,83,1,ecdsa-with-SHA256,256,EC,1,v3,0,0
ay.delivery,84982bacac68b6e0be8b498854af2f8d884e805978069bf6dfa78c46a885491f,Google Trust Services,90,1,ecdsa-with-SHA256,256,EC,1,v3,0,0
a1744.dscw154.akamai.net,792ce717b665ca8a0aedf9f7a3ba68bd15b7bf81da354e2c7dc4869bf9f22e62,DigiCert Inc,365,1,ecdsa-with-SHA384,256,EC,1,v3,0,0
api.revenuecat.com,e06ce13c406cc2eeef12f61f2a103b010bf28db4200211510f3be20149c12d86,Amazon,394,1,ecdsa-with-SHA256,256,EC,1,v3,0,0
syndication.twitter.com,76136867264a97353e9058d6769aaeeff8095ee1657cf96c5f9a48051f3286ad,Let's Encrypt,89,1,ecdsa-with-SHA384,256,EC,1,v3,0,0
frontier.tiktokv.com,f5761a0d74bd3935a5765292dbb7b35b988bf7686519424d81ab840696060357,DigiCert Inc,198,1,sha256WithRSAEncryption,2048,RSA,1,v3,0,0
suggestqueries-clients6.youtube.com,e51c3ce4d70e43c7262da7e20609b3b751d6d98b8b83fed4a3f56fbb05bba54f,Google Trust Services,83,1,ecdsa-with-SHA256,256,EC,1,v3,0,0
dc-genai-access-provisioning-api.adobe.io,536bfae3b0ca8e6c225af07c82a34c19059bec856f8475fba1d974bfb31e9235,DigiCert Inc,89,1,sha256WithRSAEncryption,2048,RSA,1,v3,0,0
lfodown01-b.cloudsink.net,3bcce618720f2b3f9caf5fe7af3e4152cb7907708431108e0988213e2fe95e4e,"CrowdStrike, Inc.",364,0,sha256WithRSAEncryption,4096,RSA,1,v3,0,0
emxdgt.com,4f3b82d446238b7fc5159cde91fd06cf3464b153179315a08a5d75c451f09f01,Amazon,197,1,sha256WithRSAEncryption,2048,RSA,1,v3,0,0
bpi.rtactivate.com,2c629452508b4760bd5454fa5eae480b006d0acf69266a581b435b1d5aecbae1,Amazon,393,1,sha256WithRSAEncryption,2048,RSA,1,v3,0,0
net.globalredir.akadns.net,792ce717b665ca8a0aedf9f7a3ba68bd15b7bf81da354e2c7dc4869bf9f22e62,DigiCert Inc,365,1,ecdsa-with-SHA384,256,EC,1,v3,0,0
wv.inner-active.mobi,c5f3aa110871fce10249ead2eba4df21788e41d3a2a5d340558c5b2411996f5b,Google Trust Services,90,1,sha256WithRSAEncryption,2048,RSA,1,v3,0,0
cm.adgrx.com,9aac978031fd05f8a79398c4eb6899fe8cf957a7d51a888cb6b852b52ddb57de,Sectigo Limited,198,1,sha256WithRSAEncryption,2048,RSA,1,v3,0,0
resources.licenses.adobe.com,31ba8a5e2a81f048b449f0f65918f62794cb53eab7427fc10b6a40c06dc2f70e,DigiCert Inc,396,1,sha256WithRSAEncryption,2048,RSA,1,v3,0,0
launchpad-wrapper.privacymanager.io,d3057e18534eaad437fe8e097f1c35af8b8cd335f6097b2e5957dceeacf433a8,Amazon,197,1,sha256WithRSAEncryption,2048,RSA,1,v3,0,0
forter.com,b61f375365e3cc49e47c5bb5770746080db5e635a35164415542ec9efbe4c91b,Google Trust Services,90,1,ecdsa-with-SHA256,256,EC,1,v3,0,0
krk2.kargo.com,fb5f5eacea1d32eb5063c8cca00cf4ab78927b386e6be91e0076ed68cd815c41,Amazon,394,1,sha256WithRSAEncryption,2048,RSA,1,v3,0,0
dl-edge.smartscreen.microsoft.com,a955fce89c1ae11be219c3a74a67fcd3f644c9abb00fd2ff15af5bd4a01540b0,Microsoft Corporation,180,1,sha384WithRSAEncryption,2048,RSA,1,v3,0,0
wikipedia.org,4720a86f440eb48c9792e5cba9c8fe8b127c806f15ea60750724bf3325497a9b,Let's Encrypt,89,1,ecdsa-with-SHA384,256,EC,1,v3,0,0
gtrace.mediago.io,ee6f4a1a372d555e9650d7183baaa7b09156f82bb6ce45210e7592c056e488c7,Google Trust Services,90,1,sha256WithRSAEncryption,2048,RSA,1,v3,0,0
pat-issuer.cloudflare.com,93f34687bcf40f693fff249d3c7d69865b562edb068095a0b0f79bb794061084,Google Trust Services,90,1,ecdsa-with-SHA256,256,EC,1,v3,0,0
block.opendns.com,ace21e6fa2ba5953469cd97f58339b153baf10aa67402dc7e610bf9a9520e5b9,IdenTrust,198,1,sha256WithRSAEncryption,2048,RSA,1,v3,0,0
subscriptionsfirstparty-pa.googleapis.com,c96df46cd4d4baab16c15705b3fdf7748c83cb18d221814df697965aa44ced44,Google Trust Services,83,1,ecdsa-with-SHA256,256,EC,1,v3,0,0
dap.pat-issuer.cloudflare.com,a9d7d875a643cd06c9480a153ccc3dc8035750b756763b902a1148fd8cef2b9b,Google Trust Services,90,1,ecdsa-with-SHA256,256,EC,1,v3,0,0
iosapps.itunes.g.aaplimg.com,5433701739e6a6d8a0807b280800b47d578ff1add78d1615398cc8ed11481b76,Apple Inc.,88,1,ecdsa-with-SHA256,256,EC,1,v3,0,0
vas.samsungapps.com,4ff516c424f388cdabaf4377e17ccebd812ea81b749b8a11b2ce0b3bc75663d2,Sectigo Limited,396,1,sha256WithRSAEncryption,2048,RSA,1,v3,0,0
todo-ta-g7g.amazon.com,8dbb2d5b819e7e1f848062e457f803252b10790f133ca47878d4b3fb104d96f2,DigiCert Inc,197,1,sha256WithRSAEncryption,2048,RSA,1,v3,0,0
nav.smartscreen.microsoft.com,a955fce89c1ae11be219c3a74a67fcd3f644c9abb00fd2ff15af5bd4a01540b0,Microsoft Corporation,180,1,sha384WithRSAEncryption,2048,RSA,1,v3,0,0
gue1-spclient.spotify.com,d259c071b22ee84523e7b256e4b013aff3c7b4f25eedb1aeb5a82b93588d63c6,DigiCert Inc,365,1,sha256WithRSAEncryption,2048,RSA,1,v3,0,0
pus6-collabhubrtc.officeapps.live.com,f2f84ce30bce3cadc1c670291c2384a1107830422049ee74a6253e24a1ff803f,Microsoft Corporation,360,1,sha384WithRSAEncryption,2048,RSA,1,v3,0,0
de.tynt.com,a295182c075039018de8d285d854b1d933a452f5e1e63be90d837b4a9d97c7cd,Sectigo Limited,383,1,sha256WithRSAEncryption,2048,RSA,1,v3,0,0
api-js.mixpanel.com,fea9f6c935bce6829ab901ab9f25fa5e700472d09c852059e75786fc0a0c86c6,DigiCert Inc,364,1,sha256WithRSAEncryption,2048,RSA,1,v3,0,0
eastus1-mediap.svc.ms,1005fbb0ac7fc37fac514d6553447669bcf1f02d9a9600d389dd17675a7fd56f,Microsoft Corporation,360,1,sha384WithRSAEncryption,2048,RSA,1,v3,0,0
loadm.exelator.com,4636146bc36afb7bd4acaf5fbabaff291cbf7ae36f6acd5bccc1566672743a0b,GlobalSign nv-sa,396,1,sha256WithRSAEncryption,2048,RSA,1,v3,0,0
rules.quantcount.com,afb2bb0355aaf079c8a529e297d4922a20f86448d3c0e250a239cdbe95b7c02f,Let's Encrypt,89,1,sha256WithRSAEncryption,2048,RSA,1,v3,0,0
us.telemetry.zoom.us,fd5496d94fe01e25a40033197d7a951da8a9201bc5aca2d53b8988deb091530d,DigiCert Inc,182,1,sha256WithRSAEncryption,2048,RSA,1,v3,0,0
pixelfnt-us.dsp-api.moloco.com,17bcf8a579734699b3ce9b6fb1e84eda115ec1a8c3f43012591d3adad3f48e70,Sectigo Limited,396,1,sha256WithRSAEncryption,2048,RSA,1,v3,0,0
array811.prod.do.dsp.mp.microsoft.com,9e08133baf26405d6d8acdfcdb01010d746a3642f550b71ba4dbc0e792e1986c,Microsoft Corporation,365,1,ecdsa-with-SHA384,256,EC,1,v3,0,0
static.licdn.com,e881767bf343ef5d48ae4e7643bed0887a91e9cafc6ba3054bae88c50a958c59,DigiCert Inc,364,1,sha256WithRSAEncryption,2048,RSA,1,v3,0,0
filedownload.csw.lenovo.com,0265b924dbcaa4f4de9125b96a0aff33e35e882444fdd9c1201f027548e9b3fe,DigiCert Inc,364,1,sha256WithRSAEncryption,2048,RSA,1,v3,0,0
kinesis.us-east-1.amazonaws.com,08e5cf6cdd0fa61aaa2ed185bf6b82376c5a302c10432ffd432182c955b86f31,Amazon,309,1,sha256WithRSAEncryption,2048,RSA,1,v3,0,0
spoprod-a.akamaihd.net,792ce717b665ca8a0aedf9f7a3ba68bd15b7bf81da354e2c7dc4869bf9f22e62,DigiCert Inc,365,1,ecdsa-with-SHA384,256,EC,1,v3,0,0
moengage.com,853e1975a9d03c1dc0e7aee9cd3d482a5ccd267586dc42d4a41410ec3e0e3345,Google Trust Services,90,1,ecdsa-with-SHA256,256,EC,1,v3,0,0
dls.di.atlas.samsung.com,95356c042bc997711cecdc2e29e4f4b47a9a138eaa8a275c12b59229e05e8a83,Sectigo Limited,198,1,sha256WithRSAEncryption,2048,RSA,1,v3,0,0
service-now.com,29fdadb40a26c137a02656a44842c0e198a549623f6141bed73018c7a3188941,DigiCert Inc,286,1,sha256WithRSAEncryption,2048,RSA,1,v3,1,0
a.rfihub.com,9115e1eaad977d5e5ac7a576072ff27955810c332e3d317a107d5f05cbdbb368,Sectigo Limited,198,1,sha256WithRSAEncryption,2048,RSA,1,v3,0,0
visualwebsiteoptimizer.com,4de209af137159932f66c99d768c5400a0d5a036d69c9aad17858dd0a15e04b1,"Starfield Technologies, Inc.",371,0,sha256WithRSAEncryption,2048,RSA,1,v3,0,0
fa000000014.resources.office.net,0db841e1575f1366181a40f352366e7c725bc23ec5ece53c42dce4c8d0e5f769,Microsoft Corporation,198,1,ecdsa-with-SHA384,256,EC,1,v3,0,0
functional.events.data.microsoft.com,b902b2fd473679b525088481b84dce3f183685ea6f95e52a1aea4e694234208d,Microsoft Corporation,148,1,sha384WithRSAEncryption,2048,RSA,1,v3,0,0
us.creativecdn.com,9937ab25d7f55c63139335b4270c05495f8bedd38f3f6ee6d47e562e63bb5406,DigiCert Inc,198,1,sha256WithRSAEncryption,2048,RSA,1,v3,0,0
yahoo.co.jp,e6949ff0febc5188c0de5b528d0d474036c139904eeabfa5d2d3b8d38e5e321a,"Cybertrust Japan Co., Ltd.",394,0,sha256WithRSAEncryption,2048,RSA,1,v3,0,0
im-apps.net,cfdf79b901f1253e684e5b7f9da4b3bda2984344ce87d54561d11df5ed745e6e,Google Trust Services,90,1,sha256WithRSAEncryption,2048,RSA,1,v3,0,0
login.microsoft.com,d37715da7e0f83cf0b30bf95f43f28e6a1e53c1bbcdf283d5dc9db458e863774,DigiCert Inc,180,1,sha256WithRSAEncryption,2048,RSA,1,v3,0,0
mapbox.com,0a641642487775439d10cb62398848a3d127084ddd9dd5d85cecd9d3b6950736,GlobalSign nv-sa,396,1,sha256WithRSAEncryption,2048,RSA,1,v3,0,0
fid.agkn.com,72379e6ef6dd5676ae5490cc1e13c8900c49606aa73bfb837c8d5c627977597a,DigiCert Inc,364,1,sha256WithRSAEncryption,2048,RSA,1,v3,0,0
privacyportal.onetrust.com,a03235c172a42b30c6e9347169950baa8264c1c13ea1bf42da09a126cf527ee1,Google Trust Services,90,1,ecdsa-with-SHA256,256,EC,1,v3,0,0
a1806.dscw154.akamai.net,792ce717b665ca8a0aedf9f7a3ba68bd15b7bf81da354e2c7dc4869bf9f22e62,DigiCert Inc,365,1,ecdsa-with-SHA384,256,EC,1,v3,0,0
studio.workspace.google.com,bac033a0400c06ca88c18f2fee1aff0696d75821d6b70d904efdd1d352bf8cc9,Google Trust Services,83,1,ecdsa-with-SHA256,256,EC,1,v3,0,0
fp-us-att.rcs.telephony.goog,0ee485c107e2f6e96032f459a1ebaea31f371d4d5b8db4f0e3e34a23f406c6c1,Google Trust Services,69,1,sha256WithRSAEncryption,256,EC,1,v3,0,0
fls-na.amazon.com,cfacf1ab72e035067a2408e680df1d9d887cc91c1a40ae160a32ebc2e76430cb,Amazon,394,1,sha256WithRSAEncryption,2048,RSA,1,v3,0,0
array613.prod.do.dsp.mp.microsoft.com,9e08133baf26405d6d8acdfcdb01010d746a3642f550b71ba4dbc0e792e1986c,Microsoft Corporation,365,1,ecdsa-with-SHA384,256,EC,1,v3,0,0
api.amazonalexa.com,727944f70b145ca6cbc73fa79c0fca45512ea6abe417439a3eb3fa99ceb70fb1,Amazon,335,1,sha256WithRSAEncryption,2048,RSA,1,v3,0,0
pps.adobe.io,893577dee24c8d0fae820e13afdfa1d042e059f1736ad4e872d66c8c13710aac,DigiCert Inc,396,1,sha256WithRSAEncryption,2048,RSA,1,v3,0,0
pubsub.googleapis.com,31877f7d62ce3fb775bde710032382927209fd8cbf4d7f9f25266ec5a87a2cbe,Google Trust Services,83,1,ecdsa-with-SHA256,256,EC,1,v3,0,0
siriusxm.com,2f11303729d7e078847b7026f61705415f78bb4d71a6722d2a597f77706fa7bb,Sectigo Limited,365,1,sha256WithRSAEncryption,2048,RSA,1,v3,0,0
ers.samsungcloud.com,f5ee34482dd3802cdbd92b9145475826a610fd588cbc1aef9f442610a4e0a7f5,Sectigo Limited,198,1,sha256WithRSAEncryption,2048,RSA,1,v3,0,0
dev.visualwebsiteoptimizer.com,c00a51782938fc5cb079e3fd3f7bdc4c4279374dd02cf20338991f7da9a12ef8,Google Trust Services,90,1,sha256WithRSAEncryption,2048,RSA,1,v3,0,0
aus5.mozilla.org,aa6d520890e07908e7d93d2680c651c4968ad45f37a5dea894c6fadfb149bb71,Let's Encrypt,89,1,sha256WithRSAEncryption,2048,RSA,1,v3,0,0
se2.itunes.apple.com,74a420989df151bbbb7945e7e0269061f5e16d5fdafa951f1d2fa5abf721544d,Apple Inc.,188,1,sha256WithRSAEncryption,2048,RSA,1,v3,0,0
signals.urs.microsoft.com,3750df37f48190875d901e51b59e93b0dfc1481feaa9063319f4fece1e79e596,Microsoft Corporation,180,1,sha384WithRSAEncryption,2048,RSA,1,v3,0,0
eip-terr-na.cdp1.digicert.com.akahost.net,792ce717b665ca8a0aedf9f7a3ba68bd15b7bf81da354e2c7dc4869bf9f22e62,DigiCert Inc,365,1,ecdsa-with-SHA384,256,EC,1,v3,0,0
baidu.com,0d822c9a905aefe98f3712c0e02630ee95332c455fe7745df08dbc79f4b0a149,GlobalSign nv-sa,396,1,sha256WithRSAEncryption,2048,RSA,1,v3,0,0
e5871.dscd.akamaiedge.net,edb8a090f35ea4ca80be3be07b545eb5bdca8bfdd4de681aeaa9a8798749040b,Apple Inc.,188,1,sha256WithRSAEncryption,2048,RSA,1,v3,0,0
sync.e-volution.ai,7b283018052ffd0471359c756da529b15e1edcf3ad15f0018601847f1beb4a04,Sectigo Limited,396,1,sha256WithRSAEncryption,2048,RSA,1,v3,0,0
kit.fontawesome.com,2a785bb0ccfac98b5186b1fa62edc7b8bc18153d91fc87539ee0af8c08d1172f,Google Trust Services,90,1,ecdsa-with-SHA256,256,EC,1,v3,0,0
ioc-gw-prod-us-1a.sentinelone.net,10edd258e46376349d67bff6e0c3844f65d5cdfadb9009697468ce756a8d4cf9,Sectigo Limited,365,1,sha256WithRSAEncryption,2048,RSA,1,v3,0,0
cdn.confiant-integrations.net,935039adcc4bde119803fa509943053b12e7cf61c1e1755892e06ee67ba2ad82,Google Trust Services,90,1,ecdsa-with-SHA256,256,EC,1,v3,0,0
ioc-gw-prod-us-1b.sentinelone.net,10edd258e46376349d67bff6e0c3844f65d5cdfadb9009697468ce756a8d4cf9,Sectigo Limited,365,1,sha256WithRSAEncryption,2048,RSA,1,v3,0,0
match.360yield.com,875792e1b3cf1de0d69369b31fbd9f849d7bd81c26bca8bd6fa0e0323959a796,Sectigo Limited,390,1,sha256WithRSAEncryption,2048,RSA,1,v3,0,0
shop.app,976a1d9dd85e7fe39f2cb8a08b584986529d54d05628acd8c299e71451aa2201,Google Trust Services,90,1,ecdsa-with-SHA256,256,EC,1,v3,0,0
otlp-http-production.shopifysvc.com,4d4af39c7cc4b04594217e27d9d42e1730ea0a064a35427c65ec20bbbb719408,Google Trust Services,90,1,sha256WithRSAEncryption,2048,RSA,1,v3,0,0
ids.ad.gt,db2dcfa582bd466904f5f2cf69d99a56a136d53dbfe16101d56e410f0b972d4d,Google Trust Services,90,1,ecdsa-with-SHA256,256,EC,1,v3,0,0
p19-common-sign.tiktokcdn-us.com,3a616fb90e57254c622248d5b2e131f1671c6c4f6e1e4d63e1dff0b3f5dab1df,DigiCert Inc,396,1,sha256WithRSAEncryption,2048,RSA,1,v3,0,0
www.reddit.com,4026117dc787e06ade1c02a778dd486b83e3c9ee2f3d9b1c44a8696df1fdea92,DigiCert Inc,179,1,sha256WithRSAEncryption,2048,RSA,1,v3,0,0
gtracenep.admaster.cc,fb4f0a5c4da2b6a83f3fa042301e7ac69bda29b4a0e4b20a254a3c8c4481a641,Google Trust Services,90,1,sha256WithRSAEncryption,2048,RSA,1,v3,0,0
meraki.com,18e723af2135163f08ad6db3ededbc88be673e85e4e4993a889819c1e72fe1d9,Amazon,197,1,sha256WithRSAEncryption,2048,RSA,1,v3,0,0
e7808.dscg.akamaiedge.net,f04320d8ed30307b920c291b071229ee72b4104c38643c9aadbf70a4dcce5b8e,DigiCert Inc,396,1,sha256WithRSAEncryption,256,EC,1,v3,0,0
ocsp.godaddy.com,7e2299345e6676c77e5a262c0a90b7fdb0e6c085cea30891bd39eafefaa50053,"GoDaddy.com, Inc.",397,1,sha256WithRSAEncryption,2048,RSA,1,v3,0,0
ny4-bid.adsrvr.org,ea25c7602a630c77115f6e1b188a7f3d468ce1b57a5b4a233c288887d49cc7a8,GlobalSign nv-sa,393,1,sha256WithRSAEncryption,2048,RSA,1,v3,0,0
yandex.net,004b73abc7082568a07182924623a26973fb7f4ab4ed30a5f022c3fa17c355eb,GlobalSign nv-sa,181,1,ecdsa-with-SHA384,256,EC,1,v3,0,0
analytics-alv.google.com,e51c3ce4d70e43c7262da7e20609b3b751d6d98b8b83fed4a3f56fbb05bba54f,Google Trust Services,83,1,ecdsa-with-SHA256,256,EC,1,v3,0,0
telemetry-incoming.r53-2.services.mozilla.com,36ff5f7b00cdef089de72f59bb529a7db169df8d662f40987958fdbbbb9df9ef,Google Trust Services,90,1,sha256WithRSAEncryption,2048,RSA,1,v3,0,0
s3-w.us-east-1.amazonaws.com,7ebf42635dc32bcb97f60e383ee1f86339aacea239e156b98d741c7912671436,Amazon,353,1,sha256WithRSAEncryption,2048,RSA,1,v3,0,0
pus3-collabhubrtc.officeapps.live.com,f2f84ce30bce3cadc1c670291c2384a1107830422049ee74a6253e24a1ff803f,Microsoft Corporation,360,1,sha384WithRSAEncryption,2048,RSA,1,v3,0,0
config.office.com,87c1813b0670c6a439de78ea9e88930ea8ea23cb8f055617ccbd8e2eb6f0b12f,Microsoft Corporation,360,1,sha384WithRSAEncryption,2048,RSA,1,v3,0,0
tzm.px-cloud.net,09ad78daf5113fde9fe42ee139a3d30f9172d64ac356ce46da09a3934f85f064,SSL2BUY EMEA LLC,395,0,ecdsa-with-SHA256,256,EC,1,v3,0,0
outlook.live.com,394e114f9601996c0a534b8d664c906bab7cb6f7f58c5f2449f13408dab5a0df,DigiCert Inc,198,1,sha256WithRSAEncryption,2048,RSA,1,v3,0,0
music.apple.com,20030ff7dfafdea1b2b010f56f1fecdbe2ac0a5a94029978e3d674c6a721986c,Apple Inc.,190,1,sha256WithRSAEncryption,2048,RSA,1,v3,0,0
federatedcompute-pa.googleapis.com,c96df46cd4d4baab16c15705b3fdf7748c83cb18d221814df697965aa44ced44,Google Trust Services,83,1,ecdsa-with-SHA256,256,EC,1,v3,0,0
hblg-nv.media.net,5f1f28afacb64dec56c9e04a350989c115eee2fa477a79baf7b4ef09f827a7c5,DigiCert Inc,366,1,sha256WithRSAEncryption,2048,RSA,1,v3,0,0
demandbase.com,7d039ff29095aef92b643dde0b9c08bf163e4efb33eed9701e91e222b8d729cd,Google Trust Services,90,1,ecdsa-with-SHA256,256,EC,1,v3,0,0
sandbox.google.com,75aa10878cebe08b853192bf6815741c90f521dc1f74d757163c0334fc5a82ce,Google Trust Services,83,1,ecdsa-with-SHA256,256,EC,1,v3,0,0
cookies.nextmillmedia.com,38631e96898063bc5acc3fe5af52884d773d1952c717c90a0f466b3505858932,Let's Encrypt,89,1,sha256WithRSAEncryption,4096,RSA,1,v3,0,0
scontent.fallback.xx.fbcdn.net,fc4ced33b2b92e649e1de0dfdc30222aa2337648e25ddd8431b99cc78fb5f5df,DigiCert Inc,90,1,sha256WithRSAEncryption,256,EC,1,v3,0,0
ep7.facebook.com,fc4ced33b2b92e649e1de0dfdc30222aa2337648e25ddd8431b99cc78fb5f5df,DigiCert Inc,90,1,sha256WithRSAEncryption,256,EC,1,v3,0,0
medallia.com,24e2bf9000bf53ee316ae5f220695d71a1f5a9bc24f40b5732e5790daf32c5e4,Amazon,394,1,sha256WithRSAEncryption,2048,RSA,1,v3,0,0
cloudpolicyclientsconfig.originmira.tm.svc.cloud.microsoft,394e114f9601996c0a534b8d664c906bab7cb6f7f58c5f2449f13408dab5a0df,DigiCert Inc,198,1,sha256WithRSAEncryption,2048,RSA,1,v3,0,0
fei.pro-market.net,3b7d401b28a7f6c79b38eac284ec3baa0aa223e2cbccdbc4c1d277f84744a775,"CLOUDFLARE, INC.",89,1,ecdsa-with-SHA256,256,EC,1,v3,0,0
d37unsldgykj8z.cloudfront.net,c6c6d5c7f79211bbd598b6eb4302e5657be832e775cee0a829b0dea35eaf4e02,Amazon,197,1,sha256WithRSAEncryption,2048,RSA,1,v3,0,0
data.ad-score.com,0b7db20c35dcc4477e5afbc93d7c948ddf8f0f9de74522425e32e0553efe8895,"GoDaddy.com, Inc.",397,1,sha256WithRSAEncryption,2048,RSA,1,v3,0,0
relay-iad.sentry.insops.net,3a2f086c6e38967b828ac7d0c72c01c2780a02ecc4c5110b37d9fe5ae112f403,Amazon,197,1,sha256WithRSAEncryption,2048,RSA,1,v3,0,0
products.apis.classlink.com,6bed22d71ba4bcc392e4b1c1a237503507d65e03c1a1339820c214597edda8c2,Amazon,394,1,sha256WithRSAEncryption,2048,RSA,1,v3,0,0
slack.com,67bec37696a804379f9acadbbd75f77392fe157a136b5d37b7bdd3e6696f3f94,Let's Encrypt,89,1,sha256WithRSAEncryption,2048,RSA,1,v3,0,0
androidplatformbackuprestore-pa.googleapis.com,c96df46cd4d4baab16c15705b3fdf7748c83cb18d221814df697965aa44ced44,Google Trust Services,83,1,ecdsa-with-SHA256,256,EC,1,v3,0,0
edge-web.dual-gslb.spotify.com,93afe8f2fe8c15cf3ccb1411664710889fe44a98da4eeddade34fbf3a261a412,DigiCert Inc,36,1,sha256WithRSAEncryption,256,EC,1,v3,0,0
xga-serving-pa.googleapis.com,c96df46cd4d4baab16c15705b3fdf7748c83cb18d221814df697965aa44ced44,Google Trust Services,83,1,ecdsa-with-SHA256,256,EC,1,v3,0,0
cdn.inst-fs-iad-prod.inscloudgate.net,0ce840bd0e8be72fe9b9babefe3dc3e85352b91ba0c8d3dee7bbd96817edbdb1,Amazon,394,1,sha256WithRSAEncryption,2048,RSA,1,v3,0,0
mug.criteo.com,953e60f15c6eec7a61c7d15cb7e3ae3191dbbbbd7a720e79b373d9d41ddd9b33,DigiCert Inc,92,1,sha256WithRSAEncryption,256,EC,1,v3,0,0
consent.config.office.com,81ce887c1b36c508b5afb748f2d76bff2ffe98ff56d2a94b8c1df81c756bbdf7,Microsoft Corporation,180,1,sha384WithRSAEncryption,2048,RSA,1,v3,0,0
calendar-a.wbx2.com,b9836107644053a30318ecb7aa3915fc807d36d601de3766952c769aafd31f4d,IdenTrust,198,1,sha256WithRSAEncryption,2048,RSA,1,v3,0,0
api16-access-wf-sg.pangle.io,41d33de318b8c91d2501c52a4e589afc36b069051608f18bac90701cae077041,DigiCert Inc,364,1,ecdsa-with-SHA256,256,EC,1,v3,0,0
win10-trt.msedge.net,f3477d87dcfddff7d6486c48e9ff26b663614f8d5b7caf43d3ca4209b9cb8401,Microsoft Corporation,180,1,sha384WithRSAEncryption,2048,RSA,1,v3,0,0
fa000000195.resources.office.net,0db841e1575f1366181a40f352366e7c725bc23ec5ece53c42dce4c8d0e5f769,Microsoft Corporation,198,1,ecdsa-with-SHA384,256,EC,1,v3,0,0
usersub-a.wbx2.com,71161f15a7299f63caacfd7f093aa899fa5e81c7faa4f65fa2eb1c6e5ad03353,IdenTrust,369,1,sha256WithRSAEncryption,2048,RSA,1,v3,0,0
capi.grammarly.com,fb4924c593fcc59bdcd157ef07609d5e6f0e9103e72ae4e10a056f7c9d81f854,Amazon,394,1,sha256WithRSAEncryption,2048,RSA,1,v3,0,0
hb.yellowblue.io,e304ad3371676c37d45e194a346107494862ebb9c54edaa44573617c829846ba,Google Trust Services,90,1,sha256WithRSAEncryption,2048,RSA,1,v3,0,0
fp-us-verizon.rcs.telephony.goog,0ee485c107e2f6e96032f459a1ebaea31f371d4d5b8db4f0e3e34a23f406c6c1,Google Trust Services,69,1,sha256WithRSAEncryption,256,EC,1,v3,0,0
browser.sentry-cdn.com,637d8b7a937c10aee86c43b52f69bc7b170d0625aaf6429ff012855850435839,GlobalSign nv-sa,396,1,sha256WithRSAEncryption,2048,RSA,1,v3,0,0
semanticlocation-pa.googleapis.com,c96df46cd4d4baab16c15705b3fdf7748c83cb18d221814df697965aa44ced44,Google Trust Services,83,1,ecdsa-with-SHA256,256,EC,1,v3,0,0
beacon-nf.rubiconproject.com,cf0f7e0d169043255e99a0d497bb120f73f9a2076711b8ae5ed0b4ff8767340f,DigiCert Inc,198,1,sha256WithRSAEncryption,2048,RSA,1,v3,0,0
wikimedia.org,4720a86f440eb48c9792e5cba9c8fe8b127c806f15ea60750724bf3325497a9b,Let's Encrypt,89,1,ecdsa-with-SHA384,256,EC,1,v3,0,0
nam10.safelinks.protection.outlook.com,20ee41fbfd26c1eec6a3ef14d9d846b05068e00b71b36e80aaf380445c02ecdf,Microsoft Corporation,360,1,sha384WithRSAEncryption,2048,RSA,1,v3,0,0
cyberark.com,070f6699a4211eb840e1700770001d32af6a87e090fad6489e444cf6590e893c,Google Trust Services,90,1,ecdsa-with-SHA256,256,EC,1,v3,0,0
config.ads.vungle.com,cf608f4fcd28d23e2571b60d265d6c86a9161c1020d1370e2005979bddfa25bf,Sectigo Limited,394,1,sha256WithRSAEncryption,2048,RSA,1,v3,0,0
adsmoloco.com,034c01f564e81dca87087106138c2cbc2c720a7539d148bc5b90a7c3bf8461c9,Let's Encrypt,89,1,sha256WithRSAEncryption,2048,RSA,1,v3,0,0
cdn.quantummetric.com,b8e29c856dc4d153f1e119aa3a77a9e82dc473b20ed575dd7378fab3ba21200c,DigiCert Inc,395,1,sha256WithRSAEncryption,2048,RSA,1,v3,0,0
escrowproxy.fe2.apple-dns.net,a0dbdc42640e2b55782dd915df7c3b4f510a743414f28badef8d31b71065f562,Apple Inc.,388,1,sha256WithRSAEncryption,2048,RSA,1,v3,0,0
mon-boot.tiktokv.com,29ab6021e57ef447a9f4de1c613e116b4ba7a5ba0297cd15801abb807d9babc7,DigiCert Inc,198,1,ecdsa-with-SHA256,256,EC,1,v3,0,0
ag.innovid.com,431d8dd25f8ea21a7b2916342f2109f6ec34237c393c26d7cf5beb7041328bc4,DigiCert Inc,198,1,sha256WithRSAEncryption,2048,RSA,1,v3,0,0
js.hs-banner.com,0374e0f651c8c45f8674d0d990e9e0c48238c6bf873c6f9bc94916e3007edc99,Google Trust Services,90,1,ecdsa-with-SHA256,256,EC,1,v3,0,0
ipcdn-lb.apple.com.akadns.net,5433701739e6a6d8a0807b280800b47d578ff1add78d1615398cc8ed11481b76,Apple Inc.,88,1,ecdsa-with-SHA256,256,EC,1,v3,0,0
data.eb.us1.thousandeyes.com,9f742f19d7fe07f70158f0c64e7d9424205171f967b859c01dede51ab8c6d3e9,IdenTrust,369,1,sha256WithRSAEncryption,2048,RSA,1,v3,0,0
mail.yahoo.com,a07e9f55c04a5410288c65d3f7c2588b572807e140415cba91b17b87566396a7,DigiCert Inc,51,1,sha256WithRSAEncryption,256,EC,1,v3,0,0
pps.services.adobe.com,d0850805ed171c9833b4b3ec8e19a438011d38d88aa5fce523ba0623b0b80d83,DigiCert Inc,396,1,sha256WithRSAEncryption,2048,RSA,1,v3,0,0
gateway.unityads.unity3d.com,4fa303fa77f2ea669252554f4f68cab87385b21c1eab59f5b4161a1cfe86ff24,Google Trust Services,89,1,sha256WithRSAEncryption,2048,RSA,1,v3,0,0
edge.fullstory.com,194ef674cde161c6bfa83be0152538ee636f58765df288bd3f03e474fb37c731,Google Trust Services,90,1,sha256WithRSAEncryption,2048,RSA,1,v3,0,0
epm.cyberark.com,26a5f5ba4a160f027b74b457ee7d8737212c30ce0d5a5f3355b07fad3da704ad,Google Trust Services,90,1,ecdsa-with-SHA256,256,EC,1,v3,0,0
syncingbridge.com,420650ec7cf6ed75201e830579712476957a375dfe2e78ce80ae01d86c31dcf9,"GoDaddy.com, Inc.",397,1,sha256WithRSAEncryption,2048,RSA,1,v3,0,0
vimeo.com,3787465e7e5f2ba2a8b56714b7f89e634cdad4aac4e2061f3c7f28f69838a62b,Google Trust Services,90,1,ecdsa-with-SHA256,256,EC,1,v3,0,0
array611.prod.do.dsp.mp.microsoft.com,9e08133baf26405d6d8acdfcdb01010d746a3642f550b71ba4dbc0e792e1986c,Microsoft Corporation,365,1,ecdsa-with-SHA384,256,EC,1,v3,0,0
aax-events-cell01-cf.us-east.aps.axp.amazon-adsystem.com,c282b78db906da3675d28bd1bb2bec383a77fe3bc2332bf74e0a9d696e62bca2,Amazon,394,1,sha256WithRSAEncryption,2048,RSA,1,v3,0,0
e10499.dsce9.akamaiedge.net,e16f9c24d828b121579257fcc46baa2c18ae615a337898e2234542dcaedd127b,Apple Inc.,189,1,sha256WithRSAEncryption,2048,RSA,1,v3,0,0
t-0009.t-msedge.net,26c77d49df8ae930639122568cb5e10b6d034b2ff39d05a03b360a21b9993831,Microsoft Corporation,180,1,ecdsa-with-SHA384,256,EC,1,v3,0,0
array816.prod.do.dsp.mp.microsoft.com,9e08133baf26405d6d8acdfcdb01010d746a3642f550b71ba4dbc0e792e1986c,Microsoft Corporation,365,1,ecdsa-with-SHA384,256,EC,1,v3,0,0
js.hs-analytics.net,79f77b444d761efdb650835450c2c30b88a9f0513cb4c5c18f7babd86ba0762b,Google Trust Services,90,1,ecdsa-with-SHA256,256,EC,1,v3,0,0
sid.storygize.net,8b3e34132258fa09cc7c97d07e7da6b83d8e789494796731a71bd6c8a860e528,Let's Encrypt,89,1,sha256WithRSAEncryption,2048,RSA,1,v3,0,0
google.cn,0b4ac2261b6bd8ea82b9e886efceb95b9f6e5435c2d5b73e090ef07decf4cd5b,Google Trust Services,83,1,ecdsa-with-SHA256,256,EC,1,v3,0,0
array511.prod.do.dsp.mp.microsoft.com,9e08133baf26405d6d8acdfcdb01010d746a3642f550b71ba4dbc0e792e1986c,Microsoft Corporation,365,1,ecdsa-with-SHA384,256,EC,1,v3,0,0
static.cdninstagram.com,077c4b71dd8f595202247f831a29144244070d7b6b951ac1c90bd77e7c08ecce,DigiCert Inc,90,1,sha256WithRSAEncryption,256,EC,1,v3,0,0
mobile.zscaler.net,07bb85ed83089385416612dee20563c6bd925dc6e1bd7e552684c36cd2c06ec5,DigiCert Inc,364,1,sha256WithRSAEncryption,2048,RSA,1,v3,0,0
ondevicesafety-pa.googleapis.com,c96df46cd4d4baab16c15705b3fdf7748c83cb18d221814df697965aa44ced44,Google Trust Services,83,1,ecdsa-with-SHA256,256,EC,1,v3,0,0
gspe85-ssl.ls.apple.com,e2aff99bdd7f05e683b039f95e3bcc63d763e19e7393d0d4e3d495f27b1b0dff,Apple Inc.,87,1,ecdsa-with-SHA256,256,EC,1,v3,0,0
shftr.adnxs.net,966a667b7764769eef4988d54c5a99d42b233f73619a3ff6381cff91d853c17c,DigiCert Inc,198,1,sha256WithRSAEncryption,2048,RSA,1,v3,0,0
array612.prod.do.dsp.mp.microsoft.com,9e08133baf26405d6d8acdfcdb01010d746a3642f550b71ba4dbc0e792e1986c,Microsoft Corporation,365,1,ecdsa-with-SHA384,256,EC,1,v3,0,0
acsegateway.fe2.apple-dns.net,a0dbdc42640e2b55782dd915df7c3b4f510a743414f28badef8d31b71065f562,Apple Inc.,388,1,sha256WithRSAEncryption,2048,RSA,1,v3,0,0
sts.applovin.com,4a7995090390fee73c5a3d7344a04852c4b69632cab51317fd56f6669c592c13,Google Trust Services,90,1,sha256WithRSAEncryption,2048,RSA,1,v3,0,0
prod-mediate-events.applovin.com,c5ee7e980f43c7145e136c3efbc1d3308c5417f7717bb5df46560a70a9461add,Google Trust Services,90,1,sha256WithRSAEncryption,2048,RSA,1,v3,0,0
attester.gateway.fe2.apple-dns.net,a0dbdc42640e2b55782dd915df7c3b4f510a743414f28badef8d31b71065f562,Apple Inc.,388,1,sha256WithRSAEncryption,2048,RSA,1,v3,0,0
oec19-normal-useast5.tiktokv.us,c0a92979a116b28732823c212ae77fc8ff032a6f80831fa57ed94e387545cf9c,DigiCert Inc,396,1,sha256WithRSAEncryption,2048,RSA,1,v3,0,0
dclk-match.dotomi.com,6f9666fb3281f1da33eb16c6c6707f9abbebfecae87d5d83901318e39f895ef0,GlobalSign nv-sa,396,1,sha256WithRSAEncryption,2048,RSA,1,v3,0,0
array813.prod.do.dsp.mp.microsoft.com,9e08133baf26405d6d8acdfcdb01010d746a3642f550b71ba4dbc0e792e1986c,Microsoft Corporation,365,1,ecdsa-with-SHA384,256,EC,1,v3,0,0
sharethis.com,490386dbf439466d4444923f79977670e94256112b80efda01efdbe6d786cf3e,Amazon,393,1,sha256WithRSAEncryption,2048,RSA,1,v3,0,0
manage-dogfood.microsoft.com,dacb8f3c9ddf2cdfb517bf9354acdd18a03717905a3986f17d24e30d255e671d,Microsoft Corporation,180,1,sha384WithRSAEncryption,2048,RSA,1,v3,0,0
onedrive.com,6509d9dd11856ba75251570b3c3387b5423ae6ec550badb0447d1d070dea755c,Microsoft Corporation,180,1,sha384WithRSAEncryption,2048,RSA,1,v3,0,0
portal.manage-dogfood.microsoft.com,34dca2282940b4f4e26ddd6477054ab94ec3ff7c8a4b20d83dca23ed6f918d49,Microsoft Corporation,180,1,sha384WithRSAEncryption,2048,RSA,1,v3,0,0
array605.prod.do.dsp.mp.microsoft.com,9e08133baf26405d6d8acdfcdb01010d746a3642f550b71ba4dbc0e792e1986c,Microsoft Corporation,365,1,ecdsa-with-SHA384,256,EC,1,v3,0,0
array616.prod.do.dsp.mp.microsoft.com,9e08133baf26405d6d8acdfcdb01010d746a3642f550b71ba4dbc0e792e1986c,Microsoft Corporation,365,1,ecdsa-with-SHA384,256,EC,1,v3,0,0
tmc-g2.tm-4.office.com,f60432340206699274e86218c2ec6573bdd3831544d0f609bf66baecc55458b7,Microsoft Corporation,180,1,sha384WithRSAEncryption,2048,RSA,1,v3,0,0
spot.im,824e7e17a8294fcd3d635538fdbdd74169f3a9395293bf67cd58e470ecc96ae0,Amazon,197,1,sha256WithRSAEncryption,2048,RSA,1,v3,0,0
fmip.fe2.apple-dns.net,a0dbdc42640e2b55782dd915df7c3b4f510a743414f28badef8d31b71065f562,Apple Inc.,388,1,sha256WithRSAEncryption,2048,RSA,1,v3,0,0
app-analytics-services-att.com,d6a4009ffda7f7d1fd94292c410110ff9146c89f31750e462f61cb024824a81c,Google Trust Services,83,1,ecdsa-with-SHA256,256,EC,1,v3,0,0
i6.liadm.com,61e1137cec029424c8f49db5bdbce5cea95d720b4610618b283293cfa3ab477a,Amazon,393,1,sha256WithRSAEncryption,2048,RSA,1,v3,0,0
rtr.innovid.com,431d8dd25f8ea21a7b2916342f2109f6ec34237c393c26d7cf5beb7041328bc4,DigiCert Inc,198,1,sha256WithRSAEncryption,2048,RSA,1,v3,0,0
optable.co,60035cfef613970663213957de701fd56fe12bd4b731c514fc36718278d304d7,Google Trust Services,90,1,ecdsa-with-SHA256,256,EC,1,v3,0,0
id.crwdcntrl.net,d4255b40f5a3837330f28dcdf45253bbfae511214e8088ed420bf8920e497194,Amazon,394,1,sha256WithRSAEncryption,2048,RSA,1,v3,0,0
assets.nflxext.com,f67dd21fd64bc72b77cd0a064c24ff0ca4303c74eabdd55d23154b4d7f03229a,DigiCert Inc,35,1,ecdsa-with-SHA384,256,EC,1,v3,0,0
cdn.walkme.com,5eccc7d05a2f371cfa42b2221d13be26f947aea5d893c77606b13de587a2c181,DigiCert Inc,110,1,sha256WithRSAEncryption,2048,RSA,1,v3,0,0
maps.google.com,e51c3ce4d70e43c7262da7e20609b3b751d6d98b8b83fed4a3f56fbb05bba54f,Google Trust Services,83,1,ecdsa-with-SHA256,256,EC,1,v3,0,0
player.aniview.com,60256cd9018a0bc264a506f4dcc572645d810deca120c6cad3f3e3ca386b55a8,DigiCert Inc,198,1,ecdsa-with-SHA384,256,EC,1,v3,0,0
adobeid-na1.services.adobe.com,a545012c3805844348e1bfc6207d3dd4f19c48f88683175859952ea9159883fe,DigiCert Inc,396,1,sha256WithRSAEncryption,2048,RSA,1,v3,0,0
dc-api-v2.adobe.io,cf38045b2f3f992ea9b212ef3e2279ea979cb0ddcc46996315836767d226a73b,DigiCert Inc,396,1,sha256WithRSAEncryption,2048,RSA,1,v3,0,0
e3925.dscg.akamaiedge.net,62cfa5c21833069036a7a44aaa02a3b6536f9f938ccb70be8416516604ba9ce8,Apple Inc.,183,1,sha256WithRSAEncryption,2048,RSA,1,v3,0,0
client.aps.amazon-adsystem.com,b58f9a4f9577e678777d55352a51d329c429b9d76ee492c89bfc0c08d3b8259b,Amazon,394,1,sha256WithRSAEncryption,2048,RSA,1,v3,0,0
lcdn-locator-usuqo.apple.com.akadns.net,9073ac9583981d53a2dc1dd74f49d4145b568f414ca289e64724fdfab06784ee,Apple Inc.,393,1,sha256WithRSAEncryption,2048,RSA,1,v3,0,0
cloud.com,f7f5922f2c456f5b7d6b364a49888e5e422d72fe2fe0c42be6e73e422d7fdf2a,DigiCert Inc,364,1,sha256WithRSAEncryption,2048,RSA,1,v3,0,0
pixel.rubiconproject.net.akadns.net,cf0f7e0d169043255e99a0d497bb120f73f9a2076711b8ae5ed0b4ff8767340f,DigiCert Inc,198,1,sha256WithRSAEncryption,2048,RSA,1,v3,0,0
c21lg-d.media.net,5f1f28afacb64dec56c9e04a350989c115eee2fa477a79baf7b4ef09f827a7c5,DigiCert Inc,366,1,sha256WithRSAEncryption,2048,RSA,1,v3,0,0
js.hs-scripts.com,4821e6c994b69c9ae4c7e4d834f27dc48cfdc85c6c959ae2af91c4c0a1de5f0e,Google Trust Services,90,1,ecdsa-with-SHA256,256,EC,1,v3,0,0
lcdn-locator.apple.com.akadns.net,9073ac9583981d53a2dc1dd74f49d4145b568f414ca289e64724fdfab06784ee,Apple Inc.,393,1,sha256WithRSAEncryption,2048,RSA,1,v3,0,0
sync.ingage.tech,e2a2be73e941977734f42c35012d7ec41ec412199c1b08d1f82e2c409a31d3c0,Sectigo Limited,385,1,sha256WithRSAEncryption,2048,RSA,1,v3,0,0
cma.itunes.apple.com,b67f54708d9c5088dcf1bc788b701cab9014b42705b717acaa44ffcfb400f19e,Apple Inc.,174,1,ecdsa-with-SHA256,256,EC,1,v3,0,0
he.lijit.com,2b15ab610705d8b7ecc2153f0804a0045c610fd8be6354e69f58fa6cbf83b640,Amazon,393,1,sha256WithRSAEncryption,2048,RSA,1,v3,0,0
static.zdassets.com,43844d2f2b597a626129a46d78a956cd2f4abe23b5e09a3cc6258f293bc5cb73,Google Trust Services,90,1,ecdsa-with-SHA256,256,EC,1,v3,0,0
a1931.dscgi3.akamai.net,792ce717b665ca8a0aedf9f7a3ba68bd15b7bf81da354e2c7dc4869bf9f22e62,DigiCert Inc,365,1,ecdsa-with-SHA384,256,EC,1,v3,0,0
files.acrobat.com,cf38045b2f3f992ea9b212ef3e2279ea979cb0ddcc46996315836767d226a73b,DigiCert Inc,396,1,sha256WithRSAEncryption,2048,RSA,1,v3,0,0
telem-edge.smartscreen.microsoft.com,a955fce89c1ae11be219c3a74a67fcd3f644c9abb00fd2ff15af5bd4a01540b0,Microsoft Corporation,180,1,sha384WithRSAEncryption,2048,RSA,1,v3,0,0
config.teams.trafficmanager.net,f60432340206699274e86218c2ec6573bdd3831544d0f609bf66baecc55458b7,Microsoft Corporation,180,1,sha384WithRSAEncryption,2048,RSA,1,v3,0,0
copilot.microsoft.com,552f8e78cb0ed30c5b428f06876195848a563dd27d422487ca9755a34816c588,Microsoft Corporation,333,1,sha384WithRSAEncryption,2048,RSA,1,v3,0,0
smadex.com,e90765d99709d1bf8f640cce49b719075aae9f11414432a83b2c38a08184a00f,Amazon,197,1,sha256WithRSAEncryption,2048,RSA,1,v3,0,0
europe.cp.wd.microsoft.com,68439c927303702fd817158c95f24b10406fa104b254fcbd48cb9c1a6aa574e5,Microsoft Corporation,242,1,sha256WithRSAEncryption,2048,RSA,1,v3,0,0
array809.prod.do.dsp.mp.microsoft.com,9e08133baf26405d6d8acdfcdb01010d746a3642f550b71ba4dbc0e792e1986c,Microsoft Corporation,365,1,ecdsa-with-SHA384,256,EC,1,v3,0,0
cs.openwebmp.com,53d9a01f663cd6f8918ae99dd6198fb43fb44af1a90e1132b62bdb66c3b7be79,Google Trust Services,90,1,sha256WithRSAEncryption,2048,RSA,1,v3,0,0
filedownload.lenovo.com,9f4e4f67b327ebd9277439650adea0ab1d35ed8bd0dd6abf9f2c220a3ea821d4,DigiCert Inc,364,1,ecdsa-with-SHA384,256,EC,1,v3,0,0
self-events-data.trafficmanager.net,b902b2fd473679b525088481b84dce3f183685ea6f95e52a1aea4e694234208d,Microsoft Corporation,148,1,sha384WithRSAEncryption,2048,RSA,1,v3,0,0
ecs.office.trafficmanager.net,394e114f9601996c0a534b8d664c906bab7cb6f7f58c5f2449f13408dab5a0df,DigiCert Inc,198,1,sha256WithRSAEncryption,2048,RSA,1,v3,0,0
gateway.zscalerone.net,899a249b16d3b8310e05eac14bddc27c6c9d3bdf3b21a49afd386526c52ab1ed,DigiCert Inc,359,1,sha256WithRSAEncryption,2048,RSA,1,v3,0,0
mr-b01.tm-azurefd.net,26c77d49df8ae930639122568cb5e10b6d034b2ff39d05a03b360a21b9993831,Microsoft Corporation,180,1,ecdsa-with-SHA384,256,EC,1,v3,0,0
rs.fullstory.com,024603e58098c18fb9b1b5cd5afc22c27b814f006905d4db377ec471f6880738,Google Trust Services,90,1,sha256WithRSAEncryption,2048,RSA,1,v3,0,0
unity.com,a5524619d0fe0396be0e435dd6ca26c4d5279cceb60b8ee011ac1aab8a5101eb,DigiCert Inc,365,1,ecdsa-with-SHA384,256,EC,1,v3,0,0
dynamic.criteo.com,953e60f15c6eec7a61c7d15cb7e3ae3191dbbbbd7a720e79b373d9d41ddd9b33,DigiCert Inc,92,1,sha256WithRSAEncryption,256,EC,1,v3,0,0
gspe19-ssl.g.aaplimg.com,e16f9c24d828b121579257fcc46baa2c18ae615a337898e2234542dcaedd127b,Apple Inc.,189,1,sha256WithRSAEncryption,2048,RSA,1,v3,0,0
array606.prod.do.dsp.mp.microsoft.com,9e08133baf26405d6d8acdfcdb01010d746a3642f550b71ba4dbc0e792e1986c,Microsoft Corporation,365,1,ecdsa-with-SHA384,256,EC,1,v3,0,0
fa000000043.resources.office.net,0db841e1575f1366181a40f352366e7c725bc23ec5ece53c42dce4c8d0e5f769,Microsoft Corporation,198,1,ecdsa-with-SHA384,256,EC,1,v3,0,0
tfkc.de,72f0e7ccfd2b226c93b848a1f104ae4395677e8edb1c8c28982ebccf0e78b05e,Let's Encrypt,89,1,sha256WithRSAEncryption,2048,RSA,1,v3,0,0
stx-match.dotomi.com,6f9666fb3281f1da33eb16c6c6707f9abbebfecae87d5d83901318e39f895ef0,GlobalSign nv-sa,396,1,sha256WithRSAEncryption,2048,RSA,1,v3,0,0
iterable.com,da169258d14d90b705a47629a5f5f73180e44193092cd23d4f2c4b3f1fa01ab4,Let's Encrypt,89,1,sha256WithRSAEncryption,2048,RSA,1,v3,0,0
instantmessaging-pa-jms-us.googleapis.com,c96df46cd4d4baab16c15705b3fdf7748c83cb18d221814df697965aa44ced44,Google Trust Services,83,1,ecdsa-with-SHA256,256,EC,1,v3,0,0
reddit.map.fastly.net,4026117dc787e06ade1c02a778dd486b83e3c9ee2f3d9b1c44a8696df1fdea92,DigiCert Inc,179,1,sha256WithRSAEncryption,2048,RSA,1,v3,0,0
config.extension.grammarly.com,13bc457aeca5acf37d01f69d3a84cf5296cb8d14b29b20c359b7c91c4db473ce,Amazon,394,1,sha256WithRSAEncryption,2048,RSA,1,v3,0,0
3.tlu.dl.delivery.mp.microsoft.com,5179857fad24bd3a7c2fd5e259caea0cf3b75b278e57d455fe182780c5d86703,Certainly,29,0,sha256WithRSAEncryption,2048,RSA,1,v3,0,0
firefox.com,fc6ff7e0c76e5ddf034aa2fe4bbd05a9c6cf6fd8e4e56260ad8f222f691d9ce2,Let's Encrypt,89,1,sha256WithRSAEncryption,2048,RSA,1,v3,0,0
apheleia-a.wbx2.com,71161f15a7299f63caacfd7f093aa899fa5e81c7faa4f65fa2eb1c6e5ad03353,IdenTrust,369,1,sha256WithRSAEncryption,2048,RSA,1,v3,0,0
gemini.gstatic.com,7f6d6c97b5ccda62ca3c6d5095a3dc15ac850122f2cbde6888649a17a1979931,Google Trust Services,83,1,ecdsa-with-SHA256,256,EC,1,v3,0,0
word-telemetry.officeapps.live.com,ebb9af7a64ac2ab0bed90088fb40cd06eefe2bcc490c1f574f95d83806d17bfa,Microsoft Corporation,180,1,sha384WithRSAEncryption,2048,RSA,1,v3,0,0
array513.prod.do.dsp.mp.microsoft.com,9e08133baf26405d6d8acdfcdb01010d746a3642f550b71ba4dbc0e792e1986c,Microsoft Corporation,365,1,ecdsa-with-SHA384,256,EC,1,v3,0,0
lens.google.com,e51c3ce4d70e43c7262da7e20609b3b751d6d98b8b83fed4a3f56fbb05bba54f,Google Trust Services,83,1,ecdsa-with-SHA256,256,EC,1,v3,0,0
chat.openai.com,3059dfa9eb8f654362252b36562e7c594a1f101f48ccba33ae1e04c878b6f340,Google Trust Services,90,1,ecdsa-with-SHA256,256,EC,1,v3,0,0
officehub.nel.measure.office.net,bcd8fd0cb8eb81d4f3a39caf11efcd1ab869e9451e3ce417579a863b3187f21a,Microsoft Corporation,180,1,ecdsa-with-SHA384,256,EC,1,v3,0,0
d1ykf07e75w7ss.cloudfront.net,c6c6d5c7f79211bbd598b6eb4302e5657be832e775cee0a829b0dea35eaf4e02,Amazon,197,1,sha256WithRSAEncryption,2048,RSA,1,v3,0,0
resetdigital.co,3dbf9f74119cca05d41f3d6633f773c98fba296545c477cc328407223d81dff8,Sectigo Limited,396,1,sha256WithRSAEncryption,2048,RSA,1,v3,0,0
vpaid.doubleverify.com,8c1b366c1cd43b5878829e2edf60ba10e06d4d0e7e755cb8eabf404d6c077ee5,Google Trust Services,90,1,ecdsa-with-SHA256,256,EC,1,v3,0,0
api.onedrive.com,20a2886cb06e04388c81ec16b36818e1efb88ab9dfdd475b7ff0e135bf6171a6,Microsoft Corporation,360,1,sha384WithRSAEncryption,2048,RSA,1,v3,0,0
oracle.com,d95a7efe291c1784d7c39a20a746c974323472798129b49498c5e17145a788fd,DigiCert Inc,198,1,sha256WithRSAEncryption,2048,RSA,1,v3,0,0
ms4.applovin.com,c5ee7e980f43c7145e136c3efbc1d3308c5417f7717bb5df46560a70a9461add,Google Trust Services,90,1,sha256WithRSAEncryption,2048,RSA,1,v3,0,0
px.mountain.com,5d204be225a36150588c623695bb38c83942e42684768e5e7adeb189af25fc04,Let's Encrypt,89,1,sha256WithRSAEncryption,2048,RSA,1,v3,0,0
ids4.ad.gt,c3e813f2d8bd1bffa1561fd6d5161a3359a06da1b8dfb234bd852d6610f22af0,Amazon,393,1,sha256WithRSAEncryption,2048,RSA,1,v3,0,0
cdn.liftoff-creatives.io,e606c6f1fc7f8edf6c8305e24be84d5ae2cf43a05285e1f1d3bf03964e8c8e99,Let's Encrypt,89,1,ecdsa-with-SHA384,256,EC,1,v3,0,0
workspacevideo-pa.googleapis.com,c96df46cd4d4baab16c15705b3fdf7748c83cb18d221814df697965aa44ced44,Google Trust Services,83,1,ecdsa-with-SHA256,256,EC,1,v3,0,0
dcdiscovery.adobe.io,cf38045b2f3f992ea9b212ef3e2279ea979cb0ddcc46996315836767d226a73b,DigiCert Inc,396,1,sha256WithRSAEncryption,2048,RSA,1,v3,0,0
usc1-gcp-v61.api.snapchat.com,9610091e7c711204b985f2421360e1cd94645d04a9f668fa11e7443e53c556ce,DigiCert Inc,198,1,sha256WithRSAEncryption,2048,RSA,1,v3,0,0
track.hubspot.com,b3f9802c58fbab7ac4d3dab3bee4c0685736d00858fad2e5538e9b96fd4e3659,Google Trust Services,90,1,ecdsa-with-SHA256,256,EC,1,v3,0,0
iadsdk.apple.com.akadns.net,fe8a2fd2f65973723d9143c06c2233dd843981a72263ea4d5c7a01a69146a5b4,Apple Inc.,190,1,sha256WithRSAEncryption,2048,RSA,1,v3,0,0
onenote.net,cb1b37354d1ed0a1ccab8c96129f2447fe391d5d47f6fb74f98ed102153f7da9,Microsoft Corporation,180,1,sha384WithRSAEncryption,2048,RSA,1,v3,0,0
odf.app-ads-services.com,11f48795e67f884afed2ee1de8abd62e5d7773b2e5d7ff3470dd643c16cdda3a,Google Trust Services,83,1,ecdsa-with-SHA256,256,EC,1,v3,0,0
site.com,30807146a0cee1775c5eb31d05291fe603bd61b89d24d28cfeb9effbe47636e2,DigiCert Inc,363,1,ecdsa-with-SHA384,2048,RSA,1,v3,0,0
inquisition.goguardian.com,09e1775ea554d93f0e47c1932809d5ff289f12ec94b8c3eb397ac5a16b89b28d,Amazon,392,1,sha256WithRSAEncryption,2048,RSA,1,v3,0,0
metrics-config.icloud.com,d4b46ddd532d96ab5b9ea39b19ac129bb22795e13a604e497f686057c1c848a7,Apple Inc.,394,1,ecdsa-with-SHA256,256,EC,1,v3,0,0
static.klaviyo.com,bcf7067b9b22effbe777ec86e1b01b7dfbfb6f33c7aefce02cfd8c68123bea09,Let's Encrypt,89,1,sha256WithRSAEncryption,2048,RSA,1,v3,0,0
sq-tungsten-ts.amazon-adsystem.com,ff8ec2d7e7c8a52628bc0cccdc69b118138971d0e33384bad306e821977e67ab,Amazon,361,1,sha256WithRSAEncryption,2048,RSA,1,v3,0,0
cdn.iads.unity3d.com,b162748f0278e6ed4063fcfcc07387f422917febff84f5a03a41ba88d64ab7d5,Amazon,394,1,sha256WithRSAEncryption,2048,RSA,1,v3,0,0
androidpay-users-pa.googleapis.com,c96df46cd4d4baab16c15705b3fdf7748c83cb18d221814df697965aa44ced44,Google Trust Services,83,1,ecdsa-with-SHA256,256,EC,1,v3,0,0
s.innovid.com,431d8dd25f8ea21a7b2916342f2109f6ec34237c393c26d7cf5beb7041328bc4,DigiCert Inc,198,1,sha256WithRSAEncryption,2048,RSA,1,v3,0,0
i-sdk.mediation.unity3d.com,583392c04ca7da6892d0531cd93a76e856213374505786971f45fe8f50fc8b4d,Amazon,394,1,sha256WithRSAEncryption,2048,RSA,1,v3,0,0
cdn.onenote.net,824b941d47f93260d29013235690a9ca2e57332845bc666840b7fcc4eacf9f63,Microsoft Corporation,360,1,ecdsa-with-SHA384,256,EC,1,v3,0,0
digistorm.com,b82629b7899402db90deca6652bb5192fd37e484159981826f98d9ca0166e119,Let's Encrypt,89,1,sha256WithRSAEncryption,4096,RSA,1,v3,0,0
amplitude.life360.com,27788ac3129c9f2f988239ace9ed3c63bb0e9308b2f5c8cc2d319fd49628eb65,Amazon,394,1,sha256WithRSAEncryption,2048,RSA,1,v3,0,0
buy.itunes-apple.com.akadns.net,f9b671efcb88f421a93b4f09d6dc1bd1afebe6e9e82d48e1cb0d1539b26df19e,Apple Inc.,195,1,sha256WithRSAEncryption,2048,RSA,1,v3,0,0
agents.manage.microsoft.com,0fd8ab68766588b154f3a535c2e1c07d06d1b66a5a19545ce39943280ec6b487,Microsoft Corporation,166,1,sha384WithRSAEncryption,2048,RSA,1,v3,0,0
api.pinterest.com,c38e968925b07fa494245db2349b621994f0c1a7ed367fc61650013125573e6f,DigiCert Inc,396,1,sha256WithRSAEncryption,2048,RSA,1,v3,0,0
edgekey.net.globalredir.akadns.net,792ce717b665ca8a0aedf9f7a3ba68bd15b7bf81da354e2c7dc4869bf9f22e62,DigiCert Inc,365,1,ecdsa-with-SHA384,256,EC,1,v3,0,0
is-ssl-cdn.itunes-apple.com.akadns.net,17051731d6fc0546f4d7bece8641fd3212baf03c50e1199c8ba723444962157a,Apple Inc.,183,1,sha256WithRSAEncryption,2048,RSA,1,v3,0,0
ecs.nel.measure.office.net,bcd8fd0cb8eb81d4f3a39caf11efcd1ab869e9451e3ce417579a863b3187f21a,Microsoft Corporation,180,1,ecdsa-with-SHA384,256,EC,1,v3,0,0
cms.analytics.yahoo.com,c85aa2788995ac8889a4a457d131e4d177f8b8473d947bba2e22e7c54b017e7c,DigiCert Inc,51,1,sha256WithRSAEncryption,256,EC,1,v3,0,0
vfw.amazon-adsystem.com,bdf5604be21190ee29797bfa850adf2cf02b63efd601e8bce1654464b137e9b2,Amazon,340,1,sha256WithRSAEncryption,2048,RSA,1,v3,0,0
swscan.apple.com,85e89c84562d52e34eaa96cd0f7731399101ce051bf97b17e9b290ab4649ccaf,Apple Inc.,190,1,sha256WithRSAEncryption,2048,RSA,1,v3,0,0
www.microsoft.com-c-3.edgekey.net,9f17b548f7d24f309dbcaab571576c0ca73b80559ce69f27fe295f6408cc57bf,Microsoft Corporation,360,1,sha384WithRSAEncryption,2048,RSA,1,v3,0,0
travelaudience.com,4cf186503273209dd138315108eaf545a25da9acbca0601cd6bffd0392bc4da2,Let's Encrypt,89,1,sha256WithRSAEncryption,2048,RSA,1,v3,0,0
cdp1.digicert.com.splitter-eip.akadns.net,792ce717b665ca8a0aedf9f7a3ba68bd15b7bf81da354e2c7dc4869bf9f22e62,DigiCert Inc,365,1,ecdsa-with-SHA384,256,EC,1,v3,0,0
liftoff.io,5274dfcba53210e9fe028ff1ed1b952d2a5e248b47db6bede40bbd630cbf74c5,Google Trust Services,90,1,ecdsa-with-SHA256,256,EC,1,v3,0,0
fa000000129.resources.office.net,0db841e1575f1366181a40f352366e7c725bc23ec5ece53c42dce4c8d0e5f769,Microsoft Corporation,198,1,ecdsa-with-SHA384,256,EC,1,v3,0,0
certificates.godaddy.com,7e2299345e6676c77e5a262c0a90b7fdb0e6c085cea30891bd39eafefaa50053,"GoDaddy.com, Inc.",397,1,sha256WithRSAEncryption,2048,RSA,1,v3,0,0
prod-streaming-video-msn-com.akamaized.net,792ce717b665ca8a0aedf9f7a3ba68bd15b7bf81da354e2c7dc4869bf9f22e62,DigiCert Inc,365,1,ecdsa-with-SHA384,256,EC,1,v3,0,0
colossusssp.com,250abc56a0ed4500f445db70fc051aad0621d0ac71022b5ec183bb450ed810b6,"GoDaddy.com, Inc.",397,1,sha256WithRSAEncryption,2048,RSA,1,v3,0,0
drive.usercontent.google.com,09dd2ded113400e58afd5e41b0fd99ad6e736c929e0c372da31e67c98a7e30d7,Google Trust Services,83,1,ecdsa-with-SHA256,256,EC,1,v3,0,0
c.media-amazon.com,c27cb475d310cd6ce95f251128c645f777738d84971ddc6635e2fbe4cc0f7257,DigiCert Inc,197,1,sha256WithRSAEncryption,2048,RSA,1,v3,0,0
cdn2.smoot.apple.com,f55ec6571789341e10670c7c4eb993286b725c021b95f0967444b7b4e3e134ae,Apple Inc.,84,1,ecdsa-with-SHA256,256,EC,1,v3,0,0
traffic-nts-ip-assoc.xz.fbcdn.net,fc4ced33b2b92e649e1de0dfdc30222aa2337648e25ddd8431b99cc78fb5f5df,DigiCert Inc,90,1,sha256WithRSAEncryption,256,EC,1,v3,0,0
mobile.facebook.com,fc4ced33b2b92e649e1de0dfdc30222aa2337648e25ddd8431b99cc78fb5f5df,DigiCert Inc,90,1,sha256WithRSAEncryption,256,EC,1,v3,0,0
fa000000174.resources.office.net,0db841e1575f1366181a40f352366e7c725bc23ec5ece53c42dce4c8d0e5f769,Microsoft Corporation,198,1,ecdsa-with-SHA384,256,EC,1,v3,0,0
edge.adobedc.net,f527e63e8905d11717dd993fa9cb2839c856551cd39ac0e8a7afd321cf4f26f9,DigiCert Inc,396,1,sha256WithRSAEncryption,256,EC,1,v3,0,0
itunes-cdn.itunes-apple.com.akadns.net,20030ff7dfafdea1b2b010f56f1fecdbe2ac0a5a94029978e3d674c6a721986c,Apple Inc.,190,1,sha256WithRSAEncryption,2048,RSA,1,v3,0,0
odin.adobe.com,a3294785d59abfb36a4343787de8ddf94d2777bb2dedc3da5195e42a6b1942fb,DigiCert Inc,396,1,sha256WithRSAEncryption,2048,RSA,1,v3,0,0
notifications-ueeshp-pa.googleapis.com,c96df46cd4d4baab16c15705b3fdf7748c83cb18d221814df697965aa44ced44,Google Trust Services,83,1,ecdsa-with-SHA256,256,EC,1,v3,0,0
prod.odcsm1.live.com.akadns.net,394e114f9601996c0a534b8d664c906bab7cb6f7f58c5f2449f13408dab5a0df,DigiCert Inc,198,1,sha256WithRSAEncryption,2048,RSA,1,v3,0,0
server.events.data.microsoft.com,f39a51b6f6002ba05ebcde0cf8bb80265d175e6c7cd6370cf22b08f2f20835c2,Microsoft Corporation,149,1,sha384WithRSAEncryption,2048,RSA,1,v3,0,0
gw.geoedge.be,141e30432ca30a59ce77d8421d1561752c9deba9c939f0df1404ee4e9df8cf3c,Amazon,394,1,ecdsa-with-SHA256,256,EC,1,v3,0,0
api.intentiq.com,880e940921098ba06cf640006c643e4ea7babb0ed32ea6572612002db4b57140,Amazon,394,1,sha256WithRSAEncryption,2048,RSA,1,v3,0,0
ae.iads.unity3d.com,b162748f0278e6ed4063fcfcc07387f422917febff84f5a03a41ba88d64ab7d5,Amazon,394,1,sha256WithRSAEncryption,2048,RSA,1,v3,0,0
array622.prod.do.dsp.mp.microsoft.com,9e08133baf26405d6d8acdfcdb01010d746a3642f550b71ba4dbc0e792e1986c,Microsoft Corporation,365,1,ecdsa-with-SHA384,256,EC,1,v3,0,0
array805.prod.do.dsp.mp.microsoft.com,9e08133baf26405d6d8acdfcdb01010d746a3642f550b71ba4dbc0e792e1986c,Microsoft Corporation,365,1,ecdsa-with-SHA384,256,EC,1,v3,0,0
sync.colossusssp.com,250abc56a0ed4500f445db70fc051aad0621d0ac71022b5ec183bb450ed810b6,"GoDaddy.com, Inc.",397,1,sha256WithRSAEncryption,2048,RSA,1,v3,0,0
array815.prod.do.dsp.mp.microsoft.com,9e08133baf26405d6d8acdfcdb01010d746a3642f550b71ba4dbc0e792e1986c,Microsoft Corporation,365,1,ecdsa-with-SHA384,256,EC,1,v3,0,0
cdp1.digicert.com.eip.akadns.net,792ce717b665ca8a0aedf9f7a3ba68bd15b7bf81da354e2c7dc4869bf9f22e62,DigiCert Inc,365,1,ecdsa-with-SHA384,256,EC,1,v3,0,0
array604.prod.do.dsp.mp.microsoft.com,9e08133baf26405d6d8acdfcdb01010d746a3642f550b71ba4dbc0e792e1986c,Microsoft Corporation,365,1,ecdsa-with-SHA384,256,EC,1,v3,0,0
stocks-edge.apple.com,65f79e8f46210c60397deab2a36ee12b0b3e2cfd2a5a3becbe592f922e69eee0,Apple Inc.,388,1,ecdsa-with-SHA256,256,EC,1,v3,0,0
dig.tiktokv.us,63ed78308d110322026efd6786bbbe1c95956e54a15dd9bc406ce3389d32ff46,DigiCert Inc,396,1,ecdsa-with-SHA256,256,EC,1,v3,0,0
video.twimg.com,b804bc2046a0cdc56ea0ac363a65c2dd2812e25d1ab6a6fb9dc4ab0792d115f3,Let's Encrypt,89,1,sha256WithRSAEncryption,2048,RSA,1,v3,0,0
sdkopmetrics-us.dsp-api.moloco.com,17bcf8a579734699b3ce9b6fb1e84eda115ec1a8c3f43012591d3adad3f48e70,Sectigo Limited,396,1,sha256WithRSAEncryption,2048,RSA,1,v3,0,0
mira.config.skype.com,25dd148b1be93d8f35c2eb007da75c2ebc9a648a3df9f64a10993e7ca163c323,Microsoft Corporation,360,1,sha384WithRSAEncryption,2048,RSA,1,v3,0,0
graph.fbpigeon.com,40c7897e639d40c8e98e52ab7c4783e44e0a805e95a96100659847211e398afd,DigiCert Inc,90,1,sha256WithRSAEncryption,2048,RSA,1,v3,0,0
adblockplus.org,09d32f7d023cf73344399a5e47735b82b0ed0046dc56ddbdfda11d046b4aa238,Google Trust Services,90,1,sha256WithRSAEncryption,2048,RSA,1,v3,0,0
dt-external-217593033.us-east-1.elb.amazonaws.com,2ee8d437ec79f5d85bb77babdc5951bf67df0c48aa68b0c8631676fd8254a455,Amazon,394,1,sha256WithRSAEncryption,2048,RSA,1,v3,0,0
cs.minutemedia-prebid.com,f751c45e9084f53072ae88d3aea77e78be0470b4e27948061c7de7ef06b3a8fb,Google Trust Services,90,1,sha256WithRSAEncryption,2048,RSA,1,v3,0,0
nrich.ai,c736ec05dd63a95e13291103aaf7cb96e337de1597c95312bb20f0531521f058,ZeroSSL,365,0,sha384WithRSAEncryption,2048,RSA,1,v3,0,0
loadus.exelator.com,4636146bc36afb7bd4acaf5fbabaff291cbf7ae36f6acd5bccc1566672743a0b,GlobalSign nv-sa,396,1,sha256WithRSAEncryption,2048,RSA,1,v3,0,0
m.youtube.com,e51c3ce4d70e43c7262da7e20609b3b751d6d98b8b83fed4a3f56fbb05bba54f,Google Trust Services,83,1,ecdsa-with-SHA256,256,EC,1,v3,0,0
extension.femetrics.grammarly.io,3a2615a17efa6865d089e91a4579da9df8baa981b7d7b451919029c394b9ea87,Amazon,197,1,sha256WithRSAEncryption,2048,RSA,1,v3,0,0
telemetry.canva.com,92553542af0ec5707faa2eb3db11fc10b406c622603f6347ddc825954aefe2f4,Amazon,394,1,sha256WithRSAEncryption,2048,RSA,1,v3,0,0
roaming-prod-weightedww.trafficmanager.net,394e114f9601996c0a534b8d664c906bab7cb6f7f58c5f2449f13408dab5a0df,DigiCert Inc,198,1,sha256WithRSAEncryption,2048,RSA,1,v3,0,0
tr-eop-acdc.office.com,394e114f9601996c0a534b8d664c906bab7cb6f7f58c5f2449f13408dab5a0df,DigiCert Inc,198,1,sha256WithRSAEncryption,2048,RSA,1,v3,0,0
tr-ecs-acdc.office.com,394e114f9601996c0a534b8d664c906bab7cb6f7f58c5f2449f13408dab5a0df,DigiCert Inc,198,1,sha256WithRSAEncryption,2048,RSA,1,v3,0,0
sync.resetdigital.co,3dbf9f74119cca05d41f3d6633f773c98fba296545c477cc328407223d81dff8,Sectigo Limited,396,1,sha256WithRSAEncryption,2048,RSA,1,v3,0,0
mwzeom.zeotap.com,68b0ce49d6b8ec81524239a395c2594cf76c70d98314a7c6af87361a82f7fd98,Let's Encrypt,89,1,ecdsa-with-SHA384,256,EC,1,v3,0,0
secure-gl.imrworldwide.com,e1bccbe50d2a4b7974a54ac8bedb2213e042c6168bf263a26cb8ca865bfab8ba,GlobalSign nv-sa,396,1,sha256WithRSAEncryption,2048,RSA,1,v3,0,0
aax-events-cell02-cf.us-east.3px.axp.amazon-adsystem.com,47e32c595eac6a20530589713146caf31e84693b5d12b4bf411d541084c70616,Amazon,394,1,sha256WithRSAEncryption,2048,RSA,1,v3,0,0
tr-ecs-atm.office.com,394e114f9601996c0a534b8d664c906bab7cb6f7f58c5f2449f13408dab5a0df,DigiCert Inc,198,1,sha256WithRSAEncryption,2048,RSA,1,v3,0,0
cacerts.digicert.com,9b1fcd4a8a09b7f39ac05c64e1dc6f260c1ddee0eeaabebc286751b06bb00008,DigiCert Inc,198,1,sha256WithRSAEncryption,2048,RSA,1,v3,0,0
dsp.nrich.ai,c736ec05dd63a95e13291103aaf7cb96e337de1597c95312bb20f0531521f058,ZeroSSL,365,0,sha384WithRSAEncryption,2048,RSA,1,v3,0,0
js.ad-score.com,0b7db20c35dcc4477e5afbc93d7c948ddf8f0f9de74522425e32e0553efe8895,"GoDaddy.com, Inc.",397,1,sha256WithRSAEncryption,2048,RSA,1,v3,0,0
pixels.ad.gt,78ef7603713279fabd1c4e63a3fd64390429ea13903fd10542bcc6f6b4ab85c1,Google Trust Services,90,1,ecdsa-with-SHA256,256,EC,1,v3,0,0
array509.prod.do.dsp.mp.microsoft.com,9e08133baf26405d6d8acdfcdb01010d746a3642f550b71ba4dbc0e792e1986c,Microsoft Corporation,365,1,ecdsa-with-SHA384,256,EC,1,v3,0,0
easylist-downloads.adblockplus.org,d04d078650e3b9205efd378d634198b3931784df9436e887182a168f5e68e5d3,Let's Encrypt,89,1,sha256WithRSAEncryption,2048,RSA,1,v3,0,0
tr-eop-atm.office.com,394e114f9601996c0a534b8d664c906bab7cb6f7f58c5f2449f13408dab5a0df,DigiCert Inc,198,1,sha256WithRSAEncryption,2048,RSA,1,v3,0,0
help.apple.com,bacc41bcd2dcf81043739ab8d24c79c7f7ee26e5c2c70d724b1ab71c443e81f6,Apple Inc.,87,1,ecdsa-with-SHA256,256,EC,1,v3,0,0
urbanairship.com,6e30f0f7e081345a48fdb43b07ca30289eb3cd31b03203352e0a7f45c4a2732f,DigiCert Inc,371,1,sha256WithRSAEncryption,2048,RSA,1,v3,0,0
array820.prod.do.dsp.mp.microsoft.com,9e08133baf26405d6d8acdfcdb01010d746a3642f550b71ba4dbc0e792e1986c,Microsoft Corporation,365,1,ecdsa-with-SHA384,256,EC,1,v3,0,0
p.ad.gt,f3feae233759aa91952b74dae2f1171e7119dad762354f60a79b723b07eca89a,Google Trust Services,90,1,ecdsa-with-SHA256,256,EC,1,v3,0,0
array804.prod.do.dsp.mp.microsoft.com,9e08133baf26405d6d8acdfcdb01010d746a3642f550b71ba4dbc0e792e1986c,Microsoft Corporation,365,1,ecdsa-with-SHA384,256,EC,1,v3,0,0
teamviewer.com,4cb65ab3fec3665bc7e76b06b11763e4968343a5967f41794b5b41fad50a0218,Sectigo Limited,396,1,sha256WithRSAEncryption,2048,RSA,1,v3,0,0
split.io,1ec033f6351081dc56044941d88840ad713cf8f33b6ef8748f3e5b27ed039987,Let's Encrypt,89,1,ecdsa-with-SHA384,256,EC,1,v3,0,0
admatic.de,6e1ffb8491b253cd3adfd7fa142901f43bee85b8c01bba2beafddaff069ffa32,Let's Encrypt,89,1,ecdsa-with-SHA384,256,EC,1,v3,0,0
prod-zephyr.goguardian.com,09e1775ea554d93f0e47c1932809d5ff289f12ec94b8c3eb397ac5a16b89b28d,Amazon,392,1,sha256WithRSAEncryption,2048,RSA,1,v3,0,0
detectportal.firefox.com,fc443930a870c703de82fbf61c830a010d74aab1adf9c83dfc3fd72be3078718,Let's Encrypt,89,1,sha256WithRSAEncryption,2048,RSA,1,v3,0,0
array520.prod.do.dsp.mp.microsoft.com,9e08133baf26405d6d8acdfcdb01010d746a3642f550b71ba4dbc0e792e1986c,Microsoft Corporation,365,1,ecdsa-with-SHA384,256,EC,1,v3,0,0
conv-a.wbx2.com,88f8fcd1bf9e50edd8194f9637cf0c53f03726103ea77dff54306dc32430c4e5,IdenTrust,198,1,sha256WithRSAEncryption,2048,RSA,1,v3,0,0
player.vimeo.com,3787465e7e5f2ba2a8b56714b7f89e634cdad4aac4e2061f3c7f28f69838a62b,Google Trust Services,90,1,ecdsa-with-SHA256,256,EC,1,v3,0,0
dropbox.com,6b8fb34dc21132c41dccea80426bdcdbb3ed0f5ae4f2608e8f1b80d5a2aa4ade,DigiCert Inc,198,1,ecdsa-with-SHA384,256,EC,1,v3,0,0
www.netflix.com,a5f1682e76b7f050eeca639add23a409f1fed34e0b8a079aa0d9dcd56eb6e0f7,DigiCert Inc,365,1,ecdsa-with-SHA384,256,EC,1,v3,0,0
outlook.ms-acdc.office.com,394e114f9601996c0a534b8d664c906bab7cb6f7f58c5f2449f13408dab5a0df,DigiCert Inc,198,1,sha256WithRSAEncryption,2048,RSA,1,v3,0,0
prod-ext-gateway.goguardian.com,09e1775ea554d93f0e47c1932809d5ff289f12ec94b8c3eb397ac5a16b89b28d,Amazon,392,1,sha256WithRSAEncryption,2048,RSA,1,v3,0,0
t.contentsquare.net,3e1e4af57d7b015cc6b423707e11420aa03755b6a18a4062292ffe21593cf460,Amazon,394,1,sha256WithRSAEncryption,2048,RSA,1,v3,0,0
prod.us-east-1.cxm-bcn.publisher-services.amazon.dev,599b23b5a58a157fc76130571a853276835c0582ecf9481b31205dc6ccc1a8c0,Amazon,394,1,sha256WithRSAEncryption,2048,RSA,1,v3,0,0
dual-spo-0005.spo-msedge.net,f60432340206699274e86218c2ec6573bdd3831544d0f609bf66baecc55458b7,Microsoft Corporation,180,1,sha384WithRSAEncryption,2048,RSA,1,v3,0,0
push.services.mozilla.com,55bcb69105f98cd886d65ca82dd9f8f10d083c893184e7b62519010327b1a1d2,Let's Encrypt,89,1,sha256WithRSAEncryption,2048,RSA,1,v3,0,0
robinfrontend-pa.googleapis.com,c96df46cd4d4baab16c15705b3fdf7748c83cb18d221814df697965aa44ced44,Google Trust Services,83,1,ecdsa-with-SHA256,256,EC,1,v3,0,0
gue1-dealer.g2.spotify.com,f4bf2e32e24c29a2c8d880de606db38d8397c7c7e9656356b2c947cef5f8a5fd,DigiCert Inc,365,1,sha256WithRSAEncryption,256,EC,1,v3,0,0
sf16-static.i18n-pglstatp.com,997caf484589edf63d545b0c704948cbfb22e31636fa262b7c96688b85bf7ce4,DigiCert Inc,364,1,ecdsa-with-SHA256,256,EC,1,v3,0,0
scss.adobesc.com,37e9a5df0e27bcd0fd8f4547142c9e2a5c4fb876a17e7edce500d1ef8cee331a,DigiCert Inc,89,1,sha256WithRSAEncryption,2048,RSA,1,v3,0,0
clean.gg,93e39c58310b662b6463df3c75b103fe0151df1581b4fbe723394fcb687d01c6,Google Trust Services,90,1,sha256WithRSAEncryption,2048,RSA,1,v3,0,0
crazyegg.com,3eaffe6c1637abc1f3bf79587bcf5995595a986991ee048f674841e96dcd5b3c,Amazon,197,1,sha256WithRSAEncryption,2048,RSA,1,v3,0,0
f-log-extension.grammarly.io,70498b3dcf6ba1dfb2f3891bacbd0c9e7234822328fd21eaa9c62df234022948,Amazon,394,1,sha256WithRSAEncryption,2048,RSA,1,v3,0,0
downloaddispatch.g.aaplimg.com,5433701739e6a6d8a0807b280800b47d578ff1add78d1615398cc8ed11481b76,Apple Inc.,88,1,ecdsa-with-SHA256,256,EC,1,v3,0,0
a.klaviyo.com,e3d8925564fcc288cde5594d965042ec21a8df0538616ec981620db52fff3084,Google Trust Services,90,1,ecdsa-with-SHA256,256,EC,1,v3,0,0
identitytoolkit.googleapis.com,c96df46cd4d4baab16c15705b3fdf7748c83cb18d221814df697965aa44ced44,Google Trust Services,83,1,ecdsa-with-SHA256,256,EC,1,v3,0,0
i.clean.gg,93e39c58310b662b6463df3c75b103fe0151df1581b4fbe723394fcb687d01c6,Google Trust Services,90,1,sha256WithRSAEncryption,2048,RSA,1,v3,0,0
h.online-metrix.net,a1a9a7f778ffbbcc959b2d7da2d27db91cb3aed5a45dadcd0c54acea66a3f9e0,GlobalSign nv-sa,396,1,sha256WithRSAEncryption,2048,RSA,1,v3,0,0
kidsmanagement-pa.googleapis.com,c96df46cd4d4baab16c15705b3fdf7748c83cb18d221814df697965aa44ced44,Google Trust Services,83,1,ecdsa-with-SHA256,256,EC,1,v3,0,0
clickagy.com,4f4af901e86ac318824cdc901195039d27df6988ae08b2b8b94054c2de18a782,Amazon,394,1,ecdsa-with-SHA384,384,EC,1,v3,0,0
ds.ciscospark.com,bf880e1fad4ca36d731fbf4a49e846fe7251dcfafb52dbfc018918a4d7cc0f45,IdenTrust,369,1,sha256WithRSAEncryption,2048,RSA,1,v3,0,0
sas.pcms.apple.com,5da386873e765b5e2d68322f18d935b6faaf86d211defe09611fbad5f0d1b3f9,Apple Inc.,86,1,sha256WithRSAEncryption,2048,RSA,1,v3,0,0
service.officepy.svc.usercontent.microsoft,4497f7d1534d146d2423bfe5fe4c66430d3d4b559406aab92e934db699980cb2,Microsoft Corporation,180,1,sha384WithRSAEncryption,2048,RSA,1,v3,0,0
sportradarserving.com,7ae52f4a61d87fb561296bd516c523d52fc52952e8667af115cb0d24916f1a61,DigiCert Inc,88,1,sha256WithRSAEncryption,256,EC,1,v3,0,0
prod.taos-platsvcs.trafficmanager.net,08df17180e2d61733832ba198e5970572ea66c060a5be50b69d04a85ab75c9e5,Microsoft Corporation,360,1,sha384WithRSAEncryption,2048,RSA,1,v3,0,0
direct.quic-core-proxy-gcpsg-v3.gcpsg.byteglb.com,08de96d6bdd367b833c92828009f26178bf888d32789a89bb2a3f0342e0b1f4c,DigiCert Inc,364,1,sha256WithRSAEncryption,2048,RSA,1,v3,0,0
jumpjump.io,f535da6a6ee58053d8132cf151678d29f2b3de27af062e8e5c5f39d787c38a49,Google Trust Services,90,1,ecdsa-with-SHA256,256,EC,1,v3,0,0
a726.dscd.akamai.net,792ce717b665ca8a0aedf9f7a3ba68bd15b7bf81da354e2c7dc4869bf9f22e62,DigiCert Inc,365,1,ecdsa-with-SHA384,256,EC,1,v3,0,0
api3.branch.io,9d355df15a09f77614c796b372b520716a3693c7f14d51ee23517e5553954145,DigiCert Inc,396,1,sha256WithRSAEncryption,2048,RSA,1,v3,0,0
api-h2.tiktokv.com,29ab6021e57ef447a9f4de1c613e116b4ba7a5ba0297cd15801abb807d9babc7,DigiCert Inc,198,1,ecdsa-with-SHA256,256,EC,1,v3,0,0
mobile-collector.newrelic.com,ecd48904319fb29b8afeabdc473fdb66cb17f3779b3708d149985c8296356eca,DigiCert Inc,364,1,sha256WithRSAEncryption,2048,RSA,1,v3,0,0
wdm-a.wbx2.com,9924a8956f0d7dbf898caf8880776a0f5728bdf16d2412d42ace856b21e9ac7e,IdenTrust,369,1,sha256WithRSAEncryption,2048,RSA,1,v3,0,0
a68.dscg4.akamai.net,792ce717b665ca8a0aedf9f7a3ba68bd15b7bf81da354e2c7dc4869bf9f22e62,DigiCert Inc,365,1,ecdsa-with-SHA384,256,EC,1,v3,0,0
pixels.spotify.com,d259c071b22ee84523e7b256e4b013aff3c7b4f25eedb1aeb5a82b93588d63c6,DigiCert Inc,365,1,sha256WithRSAEncryption,2048,RSA,1,v3,0,0
www-alv.google-analytics.com,d6a4009ffda7f7d1fd94292c410110ff9146c89f31750e462f61cb024824a81c,Google Trust Services,83,1,ecdsa-with-SHA256,256,EC,1,v3,0,0
wgcs.skyhigh.cloud,266d8c1c8344f1c9fa432101cfbf3b2aa71754ceee6cbc5ab4b90872f88fc737,Skyhigh Security LLC,30,0,sha256WithRSAEncryption,2048,RSA,1,v3,0,0
tps-dn-ue1.doubleverify.com,a8f88e2b928a49213726229741eb91604d8821ee27648b35a4f487641dce8594,"Starfield Technologies, Inc.",397,0,sha256WithRSAEncryption,2048,RSA,1,v3,0,0
array817.prod.do.dsp.mp.microsoft.com,9e08133baf26405d6d8acdfcdb01010d746a3642f550b71ba4dbc0e792e1986c,Microsoft Corporation,365,1,ecdsa-with-SHA384,256,EC,1,v3,0,0
the-ozone-project.com,d6f66bcb1e4105399a091c9e673f5f61c3dca0638fff96679d4edd81d13fc7df,Google Trust Services,90,1,ecdsa-with-SHA256,256,EC,1,v3,0,0
taboola.map.fastly.net,06321865efe32985c47375c142ad2caeb7db1d64485043176357953ef359dbc4,GlobalSign nv-sa,396,1,sha256WithRSAEncryption,2048,RSA,1,v3,0,0
scripts.mf.webcontentassessor.com,3fd3b2f81aa2fc1b2e8c56158b1804037057f4b009cf12916bbb13e210f07827,Amazon,392,1,sha256WithRSAEncryption,2048,RSA,1,v3,0,0
tls13.taboola.map.fastly.net,d47c9790f81d639ec28d7660f39890f34926ecbfc928147f6b49a41e7cebf10d,DigiCert Inc,386,1,sha256WithRSAEncryption,2048,RSA,1,v3,0,0
aes.us-east.3px.axp.amazon-adsystem.com,386af1de6dcd40a9daaa8874e9b92f8a10c114a5582c0a2f23b15c42ca54020f,Amazon,394,1,sha256WithRSAEncryption,2048,RSA,1,v3,0,0
redd.it,a8d0ac32fa983e55c5f2250f4a3b0702a3787f8ba8d1840de1ab55c4e0ed636e,DigiCert Inc,179,1,sha256WithRSAEncryption,2048,RSA,1,v3,0,0
svc.ha-teams.office.com,394e114f9601996c0a534b8d664c906bab7cb6f7f58c5f2449f13408dab5a0df,DigiCert Inc,198,1,sha256WithRSAEncryption,2048,RSA,1,v3,0,0
sync.ad.cpe.dotomi.com,8fb4df9947ef6c48b4af2e488e20eae7b7cb8e7d58cb5db56a84432b6bd75e65,GlobalSign nv-sa,396,1,sha256WithRSAEncryption,2048,RSA,1,v3,0,0
match.sync.ad.cpe.dotomi.com,8fb4df9947ef6c48b4af2e488e20eae7b7cb8e7d58cb5db56a84432b6bd75e65,GlobalSign nv-sa,396,1,sha256WithRSAEncryption,2048,RSA,1,v3,0,0
trk.pinterest.com,9f06d8bfb38f5b79f39813616acc0455296071316879709896b832e61da79ff6,DigiCert Inc,389,1,sha256WithRSAEncryption,2048,RSA,1,v3,0,0
mobile.adsafeprotected.com,068cba94be0c297ba4b4a6b93753a4a8a350542d82a42b3b6414b224c2a8d5f9,Amazon,394,1,sha256WithRSAEncryption,2048,RSA,1,v3,0,0
public.servenobid.com,8561aa957f98df7730aa2c1f02c00c59a44e7ecbd89c0c2d09294709b40ac020,Amazon,393,1,sha256WithRSAEncryption,2048,RSA,1,v3,0,0
aorta.clickagy.com,7c92c6eb1afdbb3354fa5f3d3a5dff22b044747dffcf64bf620339c693ad8679,Amazon,393,1,sha256WithRSAEncryption,2048,RSA,1,v3,0,0
clienttracing-pa.googleapis.com,c96df46cd4d4baab16c15705b3fdf7748c83cb18d221814df697965aa44ced44,Google Trust Services,83,1,ecdsa-with-SHA256,256,EC,1,v3,0,0
api.github.com,4fede9c4ef53e3ddeec6fec3f31ce0cf918768312a82ea405ca55b88446db8c7,Sectigo Limited,89,1,ecdsa-with-SHA256,256,EC,1,v3,0,0
elb.the-ozone-project.com,d6f66bcb1e4105399a091c9e673f5f61c3dca0638fff96679d4edd81d13fc7df,Google Trust Services,90,1,ecdsa-with-SHA256,256,EC,1,v3,0,0
lcs-ulecs.adobe.io,793ea81fce1ee671ecb932daa499e432d717e79dd34f5f475fcf442c789ebcaf,DigiCert Inc,89,1,sha256WithRSAEncryption,2048,RSA,1,v3,0,0
aws.api.sc-gw.com,3ab592fd2cfa936fb8e5fa5e2e4b651394f8641917975602c5959cd53aaa02aa,DigiCert Inc,364,1,sha256WithRSAEncryption,2048,RSA,1,v3,0,0
captive-cidr.origin-apple.com.akadns.net,5433701739e6a6d8a0807b280800b47d578ff1add78d1615398cc8ed11481b76,Apple Inc.,88,1,ecdsa-with-SHA256,256,EC,1,v3,0,0
trkn.us,d6557891e0413bff73eaedd37c623d6d6d9f6078123ed2ec013bcfe9f419eec1,Let's Encrypt,89,1,sha256WithRSAEncryption,2048,RSA,1,v3,0,0
na.edge.optable.co,4195d93d4537bf53878862924c9df263f073df788960606b30cba7d66bc01076,Google Trust Services,90,1,sha256WithRSAEncryption,2048,RSA,1,v3,0,0
dls-udc.dqa.samsung.com,d9ebdbf04d8e6b8fc9c2ee9b57b54b4287745d4b38a46d6d7d0cb8abfd8ea00a,Sectigo Limited,396,1,sha256WithRSAEncryption,2048,RSA,1,v3,0,0
redirector.gvt1.com,e51c3ce4d70e43c7262da7e20609b3b751d6d98b8b83fed4a3f56fbb05bba54f,Google Trust Services,83,1,ecdsa-with-SHA256,256,EC,1,v3,0,0
ffc-static-cdn.oobesaas.adobe.com,9c9ec1b005071c19e2455c32be8bda715fc28eed56be25202336647929f77b47,DigiCert Inc,198,1,sha256WithRSAEncryption,256,EC,1,v3,0,0
m.sni.global.fastly.net,57aacabcb5cc8ef3c8114b7d014f14d6af0f477f4e1030ee970803697330326b,Certainly,29,0,sha256WithRSAEncryption,2048,RSA,1,v3,0,0
prd-lender.cdp.internal.unity3d.com,367e38855ca6b7402f03318e6242f5b2774132c7a64722ad58bbe936363f924e,Google Trust Services,89,1,sha256WithRSAEncryption,2048,RSA,1,v3,0,0
hubapi.com,9feb9ed05eb4949ebd42833d051385935eded43adec34cd901c753218d7ae90d,Google Trust Services,90,1,ecdsa-with-SHA256,256,EC,1,v3,0,0
js7k.com,bae177f2f924c795a245870b150da054907f47757b827b66398f72ba1b89debd,DigiCert Inc,175,1,sha256WithRSAEncryption,256,EC,1,v3,0,0
array515.prod.do.dsp.mp.microsoft.com,9e08133baf26405d6d8acdfcdb01010d746a3642f550b71ba4dbc0e792e1986c,Microsoft Corporation,365,1,ecdsa-with-SHA384,256,EC,1,v3,0,0
cdn.js7k.com,a07e9f55c04a5410288c65d3f7c2588b572807e140415cba91b17b87566396a7,DigiCert Inc,51,1,sha256WithRSAEncryption,256,EC,1,v3,0,0
teams.live.com,53f055cd566e15a4839906b24005a934afcc327aae500f410eb56be1108d99bc,Microsoft Corporation,360,1,sha384WithRSAEncryption,2048,RSA,1,v3,0,0
eop.mira.tm.svc.cloud.microsoft,394e114f9601996c0a534b8d664c906bab7cb6f7f58c5f2449f13408dab5a0df,DigiCert Inc,198,1,sha256WithRSAEncryption,2048,RSA,1,v3,0,0
buy.itunes.apple.com,f9b671efcb88f421a93b4f09d6dc1bd1afebe6e9e82d48e1cb0d1539b26df19e,Apple Inc.,195,1,sha256WithRSAEncryption,2048,RSA,1,v3,0,0
t-0009.fb-t-msedge.net,26c77d49df8ae930639122568cb5e10b6d034b2ff39d05a03b360a21b9993831,Microsoft Corporation,180,1,ecdsa-with-SHA384,256,EC,1,v3,0,0
continuum.dds.microsoft.com,f5751a0887e0e16e1686e443161acf06485b4dfc23d9fc837b90b49280a4a57c,Microsoft Corporation,180,1,sha384WithRSAEncryption,2048,RSA,1,v3,0,0
array819.prod.do.dsp.mp.microsoft.com,9e08133baf26405d6d8acdfcdb01010d746a3642f550b71ba4dbc0e792e1986c,Microsoft Corporation,365,1,ecdsa-with-SHA384,256,EC,1,v3,0,0
permutive.com,3284b3ad0d6a913c10c5f30f2fa4e6282466aa0a9b9fb3979d31456e9e4362ed,Google Trust Services,90,1,ecdsa-with-SHA256,256,EC,1,v3,0,0
nrb.ybp.yahoo.com,4e8b6594fa02b4db31d50e85a703c55329c1a31a7e626ad2b7fc2097468c3091,DigiCert Inc,176,1,sha256WithRSAEncryption,2048,RSA,1,v3,0,0
go-eu.trouter.teams.microsoft.com,13d445999694bc68fc6308dfc40a8e5ba5879cd03e224911f637cf7ea8d9a77c,Microsoft Corporation,180,1,sha384WithRSAEncryption,2048,RSA,1,v3,0,0
www.tiktok.com,f3a3a1ec8622c4859688b4fb051b11b8f6a0311add3016dcde6b44fb4e72ba90,DigiCert Inc,364,1,ecdsa-with-SHA256,256,EC,1,v3,0,0
a434.dscd.akamai.net,792ce717b665ca8a0aedf9f7a3ba68bd15b7bf81da354e2c7dc4869bf9f22e62,DigiCert Inc,365,1,ecdsa-with-SHA384,256,EC,1,v3,0,0
createjs.com,86dec689a301c2d084a5393f620ac9f0987b8186fb6beb948d65e6eb5c935840,Let's Encrypt,89,1,sha256WithRSAEncryption,2048,RSA,1,v3,0,0
code.createjs.com,9ff36a1d580898ea9e34983c8e7a3e5020f7f992c9cf31352038d26f5d127d44,DigiCert Inc,396,1,sha256WithRSAEncryption,256,EC,1,v3,0,0
tealiumiq.com,1c7a99409a52aeb399ce156af19c95e1846b9fc4b85ee1d31cc5e1d37863e5e8,Amazon,197,1,sha256WithRSAEncryption,2048,RSA,1,v3,0,0
yammer.com,150d7c763840996592c529d28f831b052a819f09fd4c8393650d831499755233,Microsoft Corporation,180,1,sha384WithRSAEncryption,2048,RSA,1,v3,0,0
mobilefuse.com,8b698a792843b92fe678588f4a7e05d85769c585cbf1304e0b900b9c5282f989,Amazon,394,1,sha256WithRSAEncryption,2048,RSA,1,v3,0,0
secure.flashtalking.com,9054575b3d977cbf8ad78da13827ba7c0bdc45167fdda3d81fff265e1e294d42,Let's Encrypt,89,1,sha256WithRSAEncryption,2048,RSA,1,v3,0,0
cdn-cookieyes.com,560413263dcb780c80c95c39f23e8a2784b47a63808508aed371839d815d2011,Google Trust Services,90,1,ecdsa-with-SHA256,256,EC,1,v3,0,0
edge.gycpi.b.yahoodns.net,a07e9f55c04a5410288c65d3f7c2588b572807e140415cba91b17b87566396a7,DigiCert Inc,51,1,sha256WithRSAEncryption,256,EC,1,v3,0,0
connectivitycheck.cbg-app.huawei.com,1ff98007529d309c4a43400fac7e35edbb4542a524656df905947cb8b4f10fce,GlobalSign nv-sa,395,1,ecdsa-with-SHA384,256,EC,1,v3,0,0
roovza.launches.appsflyersdk.com,218e226aa548695000bb8ae1c0ec365d0e84deaf8da0716c9927a6385d907157,Amazon,394,1,sha256WithRSAEncryption,2048,RSA,1,v3,0,0
r.casalemedia.com,0a0de9d21710b5a02df8dc3883416f6de87eca1bcd82e8078eec0b38dbf74abf,Let's Encrypt,89,1,ecdsa-with-SHA384,256,EC,1,v3,0,0
vam-bid.adsrvr.org,ea25c7602a630c77115f6e1b188a7f3d468ce1b57a5b4a233c288887d49cc7a8,GlobalSign nv-sa,393,1,sha256WithRSAEncryption,2048,RSA,1,v3,0,0
cdn-content.ampproject.org,11f48795e67f884afed2ee1de8abd62e5d7773b2e5d7ff3470dd643c16cdda3a,Google Trust Services,83,1,ecdsa-with-SHA256,256,EC,1,v3,0,0
videoamp.com,7eb14c87508f093ad7f5250d51bcf190459991cf0b1bf3732b87256bea8ba893,Let's Encrypt,89,1,ecdsa-with-SHA384,256,EC,1,v3,0,0
ns1p.net,5ac1ddfa9cc47d054762f71beac4444482b18a892364ef5a2cea7f021b0652f3,DigiCert Inc,396,1,sha256WithRSAEncryption,2048,RSA,1,v3,0,0
pixel-eu.rubiconproject.com,cf0f7e0d169043255e99a0d497bb120f73f9a2076711b8ae5ed0b4ff8767340f,DigiCert Inc,198,1,sha256WithRSAEncryption,2048,RSA,1,v3,0,0
chromesyncpasswords-pa.googleapis.com,c96df46cd4d4baab16c15705b3fdf7748c83cb18d221814df697965aa44ced44,Google Trust Services,83,1,ecdsa-with-SHA256,256,EC,1,v3,0,0
ekr.zdassets.com,43844d2f2b597a626129a46d78a956cd2f4abe23b5e09a3cc6258f293bc5cb73,Google Trust Services,90,1,ecdsa-with-SHA256,256,EC,1,v3,0,0
dl.duosecurity.com,3b6bee14fa2718e2c93b8dddb4063ed6afa1f9c9e0a6fb0aab927cd3e8fb96bd,Amazon,393,1,sha256WithRSAEncryption,2048,RSA,1,v3,0,0
nlnetlabs.nl,ef2158d8238ba802ef4ae682aaa4762389ded603d47f250a6ed4ea5b8457c379,Let's Encrypt,89,1,ecdsa-with-SHA384,256,EC,1,v3,0,0
avast.com,bd2b052a4db642586acd9d0b771e5dce16fe01b81fa16cb38e3e4cc58696a1ad,Sectigo Limited,198,1,sha256WithRSAEncryption,2048,RSA,1,v3,0,0
cl3-cdn.origin-apple.com.akadns.net,5433701739e6a6d8a0807b280800b47d578ff1add78d1615398cc8ed11481b76,Apple Inc.,88,1,ecdsa-with-SHA256,256,EC,1,v3,0,0
csp-reporting.cloudflare.com,5f03dee83e8b966d1a8752fdfc3e32232074d079fa8e50d9cc1ef878dd655527,Google Trust Services,90,1,ecdsa-with-SHA256,256,EC,1,v3,0,0
d1gsg05rq1vjdw.cloudfront.net,c6c6d5c7f79211bbd598b6eb4302e5657be832e775cee0a829b0dea35eaf4e02,Amazon,197,1,sha256WithRSAEncryption,2048,RSA,1,v3,0,0
app.digistorm.com,f3d20dbd570d50854e378410930786b2518c76643f658ebc698aaf99014426c4,Amazon,394,1,sha256WithRSAEncryption,2048,RSA,1,v3,0,0
doh-dns-apple-com.v.aaplimg.com,94a8fe54f081aab63d6a62e5f32fe178006bc831d9cd1e979f068f285f34a506,Apple Inc.,85,1,ecdsa-with-SHA256,256,EC,1,v3,0,0
array504.prod.do.dsp.mp.microsoft.com,9e08133baf26405d6d8acdfcdb01010d746a3642f550b71ba4dbc0e792e1986c,Microsoft Corporation,365,1,ecdsa-with-SHA384,256,EC,1,v3,0,0
lamssettings-pa.googleapis.com,c96df46cd4d4baab16c15705b3fdf7748c83cb18d221814df697965aa44ced44,Google Trust Services,83,1,ecdsa-with-SHA256,256,EC,1,v3,0,0
profile.gc.fe2.apple-dns.net,a0dbdc42640e2b55782dd915df7c3b4f510a743414f28badef8d31b71065f562,Apple Inc.,388,1,sha256WithRSAEncryption,2048,RSA,1,v3,0,0
content.googleapis.com,c96df46cd4d4baab16c15705b3fdf7748c83cb18d221814df697965aa44ced44,Google Trust Services,83,1,ecdsa-with-SHA256,256,EC,1,v3,0,0
sync.technoratimedia.com,3e0fbb026eab923ea1b9b99fc1a550a8678bdb6cc128af920954e24ff2a7417b,Sectigo Limited,396,1,ecdsa-with-SHA256,256,EC,1,v3,0,0
countvoncount.goguardian.com,09e1775ea554d93f0e47c1932809d5ff289f12ec94b8c3eb397ac5a16b89b28d,Amazon,392,1,sha256WithRSAEncryption,2048,RSA,1,v3,0,0
zscaler.com,c4fb8f62e6e07dea9a6d31bcebf13479dffa5377f67153812e763b0c225d88aa,DigiCert Inc,393,1,sha256WithRSAEncryption,2048,RSA,1,v3,0,0
lab.amplitude.com,948b6db1a5bd76ab1bf89231ad8bcb6246a6fef2b31c171e63960bfda6909d35,Amazon,197,1,sha256WithRSAEncryption,2048,RSA,1,v3,0,0
southcentralus1-mediap.svc.ms,1005fbb0ac7fc37fac514d6553447669bcf1f02d9a9600d389dd17675a7fd56f,Microsoft Corporation,360,1,sha384WithRSAEncryption,2048,RSA,1,v3,0,0
usercontent.goog,ad52693776d6afc122dbd7303b6492369e13f9209ea848dd4badc84ac0f7e36d,Google Trust Services,83,1,ecdsa-with-SHA256,256,EC,1,v3,0,0
config.inmobi.com,f98606fdae1206f6b095810170b8ed700ed3c06b8ca1bdb27fa0ee268ddd6984,Sectigo Limited,365,1,ecdsa-with-SHA256,256,EC,1,v3,0,0
usc-excel.officeapps.live.com,36434063ebc97187efadca5b083e1981f0fffbc6f7b40cac91ea0bcbbfd46aa9,Microsoft Corporation,198,1,sha384WithRSAEncryption,2048,RSA,1,v3,0,0
save-pa.googleapis.com,c96df46cd4d4baab16c15705b3fdf7748c83cb18d221814df697965aa44ced44,Google Trust Services,83,1,ecdsa-with-SHA256,256,EC,1,v3,0,0
wns.notify.trafficmanager.net,aec2a99e6cf906b02ce705138416d863fe89e58d87a92390f87cd7c3f2dbdd36,Microsoft Corporation,180,1,sha384WithRSAEncryption,2048,RSA,1,v3,0,0
pds-init.ess.apple.com,0d886bd70f516b904bc7dc40a609b7137cec3048467956e8f57be87ea8134fbb,Apple Inc.,187,1,sha256WithRSAEncryption,2048,RSA,1,v3,0,0
cryptauthenrollment.googleapis.com,c96df46cd4d4baab16c15705b3fdf7748c83cb18d221814df697965aa44ced44,Google Trust Services,83,1,ecdsa-with-SHA256,256,EC,1,v3,0,0
rendering.sharethrough.com,b9962f80d204826b2d0c85e6552edc983a0056443caa7681f285742f78e24b59,Amazon,394,1,sha256WithRSAEncryption,2048,RSA,1,v3,0,0
et-eus.w.inmobi.com,6d6f30700cc2e8945dc6aeb6bdc7f9e2e9533851f95e6dea4645f2e8337b89b1,Sectigo Limited,365,1,sha256WithRSAEncryption,2048,RSA,1,v3,0,0
cdn.forter.com,ae5e761aad9247196245c86b6017d655f997ca8d9b3eb180570c62460ecd9afa,DigiCert Inc,373,1,sha256WithRSAEncryption,256,EC,1,v3,0,0
array516.prod.do.dsp.mp.microsoft.com,9e08133baf26405d6d8acdfcdb01010d746a3642f550b71ba4dbc0e792e1986c,Microsoft Corporation,365,1,ecdsa-with-SHA384,256,EC,1,v3,0,0
tp.b16066390-frontier.amazonalexa.com,727944f70b145ca6cbc73fa79c0fca45512ea6abe417439a3eb3fa99ceb70fb1,Amazon,335,1,sha256WithRSAEncryption,2048,RSA,1,v3,0,0
teams-mrc-ww-acdcatm.trafficmanager.net,394e114f9601996c0a534b8d664c906bab7cb6f7f58c5f2449f13408dab5a0df,DigiCert Inc,198,1,sha256WithRSAEncryption,2048,RSA,1,v3,0,0
usr.undertone.com,8c3934f7984a1399b9606b8acb9b0340d3329782e671c81048a205344418ac3b,Amazon,197,1,sha256WithRSAEncryption,2048,RSA,1,v3,0,0
pus7-collabhubrtc.officeapps.live.com,f2f84ce30bce3cadc1c670291c2384a1107830422049ee74a6253e24a1ff803f,Microsoft Corporation,360,1,sha384WithRSAEncryption,2048,RSA,1,v3,0,0
calendarpushsubscription-pa.googleapis.com,c96df46cd4d4baab16c15705b3fdf7748c83cb18d221814df697965aa44ced44,Google Trust Services,83,1,ecdsa-with-SHA256,256,EC,1,v3,0,0
itunes.apple.com.edgesuite.net,792ce717b665ca8a0aedf9f7a3ba68bd15b7bf81da354e2c7dc4869bf9f22e62,DigiCert Inc,365,1,ecdsa-with-SHA384,256,EC,1,v3,0,0
init-p01md-row.push-apple.com.akadns.net,792ce717b665ca8a0aedf9f7a3ba68bd15b7bf81da354e2c7dc4869bf9f22e62,DigiCert Inc,365,1,ecdsa-with-SHA384,256,EC,1,v3,0,0
pay.google.com,e51c3ce4d70e43c7262da7e20609b3b751d6d98b8b83fed4a3f56fbb05bba54f,Google Trust Services,83,1,ecdsa-with-SHA256,256,EC,1,v3,0,0
tnc0-normal-alisg.tiktokv.com,6acad20799fba9e610956f7401eff1d6b9e113b36e4f32e0a1c8e74bb3db7057,DigiCert Inc,364,1,ecdsa-with-SHA256,256,EC,1,v3,0,0
ad.adsrvr.org,ea25c7602a630c77115f6e1b188a7f3d468ce1b57a5b4a233c288887d49cc7a8,GlobalSign nv-sa,393,1,sha256WithRSAEncryption,2048,RSA,1,v3,0,0
p16-sign-va.tiktokcdn.com,986095aed6fe57baeb611e061191b1ce22c477f57f0275e2d29d283f328fcc71,DigiCert Inc,364,1,ecdsa-with-SHA256,256,EC,1,v3,0,0
a.sportradarserving.com,7ae52f4a61d87fb561296bd516c523d52fc52952e8667af115cb0d24916f1a61,DigiCert Inc,88,1,sha256WithRSAEncryption,256,EC,1,v3,0,0
appboot.netflix.com,a8eb8728d0dcf77d739f3e12c1e9bd0fbe62d7f908fffdc578af7c05a15644ce,Netflix Inc,9616,0,sha256WithRSAEncryption,2048,RSA,1,v3,0,0
braze-images.com,32617a4bdf981bd3ad811fb6e03dcf5118c455beb0eb0ea39015beca74b5cc31,Let's Encrypt,89,1,ecdsa-with-SHA384,256,EC,1,v3,0,0
mads.amazon-adsystem.com,cc72229500356bc2b868f2a12070e0bad4c0a741608d8f150347053c21299d47,Amazon,347,1,sha256WithRSAEncryption,2048,RSA,1,v3,0,0
ardownload3.adobe.com,175987d546b9484da6a43b8a1cdd56e83de9e9806f12a0b979cbe99a61e54392,DigiCert Inc,364,1,ecdsa-with-SHA384,256,EC,1,v3,0,0
array623.prod.do.dsp.mp.microsoft.com,9e08133baf26405d6d8acdfcdb01010d746a3642f550b71ba4dbc0e792e1986c,Microsoft Corporation,365,1,ecdsa-with-SHA384,256,EC,1,v3,0,0
vc.hotjar.io,88675510ecf7a45300503b4f4ff29c3cc94aa7fda3d6684d71bb01cbf574f95c,Amazon,394,1,ecdsa-with-SHA256,256,EC,1,v3,0,0
maptiles.apple.map.fastly.net,9a0125b8df9038ef75c517ed0dc899c55eca132fdf9d09e88c933a3b8b0f5cf6,Apple Inc.,188,1,sha256WithRSAEncryption,2048,RSA,1,v3,0,0
criteo-sync.teads.tv,3277d377c2988fe3547349a4d7e513fee6d46fad2c37f62d98c9b569adb8fabf,DigiCert Inc,198,1,sha256WithRSAEncryption,2048,RSA,1,v3,0,0
adobecorp.data.adobedc.net,06c73242ef5eae8fc721a00e0c601a6e30cd56bc90dfc71653515de575f0c9ab,DigiCert Inc,396,1,sha256WithRSAEncryption,256,EC,1,v3,0,0
init.supersonicads.com,5f251ab03e2275a766673c8d4b7047bbdf7ccecc790e406fcc13421652c55709,Amazon,394,1,sha256WithRSAEncryption,2048,RSA,1,v3,0,0
script.crazyegg.com,f85c206c518c40a15f270ae8c129f99059546834a23a57e49467e2c6ef7dec4f,Google Trust Services,90,1,ecdsa-with-SHA256,256,EC,1,v3,0,0
spl.zeotap.com,68b0ce49d6b8ec81524239a395c2594cf76c70d98314a7c6af87361a82f7fd98,Let's Encrypt,89,1,ecdsa-with-SHA384,256,EC,1,v3,0,0
knowbe4.com,8338587470e14e5c52b7ae0386396524868b9ff26671727c54236e10a03bc106,Amazon,197,1,sha256WithRSAEncryption,2048,RSA,1,v3,0,0
nm.push.prod.netflix.com,0aa7c680b322a8de14130d3d9f433d01eaa0100da03ba0e65647c881003a113b,DigiCert Inc,90,1,ecdsa-with-SHA384,256,EC,1,v3,0,0
cdn4.forter.com,4a36a8aa2258e52aefdfb2bbe1ebfc233562dee92cd58aa4b65ec438845db39d,Amazon,197,1,sha256WithRSAEncryption,2048,RSA,1,v3,0,0
ws.prod.cloud.netflix.com,e5dd129c143c4ebd28f47118b98a4fc691c7070c439539bfd12ea8749d6a9a63,DigiCert Inc,180,1,ecdsa-with-SHA384,256,EC,1,v3,0,0
swdist.apple.com,85e89c84562d52e34eaa96cd0f7731399101ce051bf97b17e9b290ab4649ccaf,Apple Inc.,190,1,sha256WithRSAEncryption,2048,RSA,1,v3,0,0
image-cdn-fa.spotifycdn.com,892198875a83d8fd504e48455aa2fe688ca7e7a84bfb63828e9c8ad2783b12bf,GlobalSign nv-sa,396,1,sha256WithRSAEncryption,2048,RSA,1,v3,0,0
adlightning.com,f4cb7c134bf55e01c31c4919d2bbc1276b256ec027b1b8acbb8723c33ae5e493,Amazon,197,1,ecdsa-with-SHA256,256,EC,1,v3,0,0
meeting-container-a.wbx2.com,eabb87e9f91a144017f4b9c2b6f9aa5ec761bf10d3e89a9ea4d2c5e62f79eeca,IdenTrust,198,1,sha256WithRSAEncryption,2048,RSA,1,v3,0,0
array812.prod.do.dsp.mp.microsoft.com,9e08133baf26405d6d8acdfcdb01010d746a3642f550b71ba4dbc0e792e1986c,Microsoft Corporation,365,1,ecdsa-with-SHA384,256,EC,1,v3,0,0
sync.itunes.apple.com,20030ff7dfafdea1b2b010f56f1fecdbe2ac0a5a94029978e3d674c6a721986c,Apple Inc.,190,1,sha256WithRSAEncryption,2048,RSA,1,v3,0,0
a1241.dsct.akamai.net,792ce717b665ca8a0aedf9f7a3ba68bd15b7bf81da354e2c7dc4869bf9f22e62,DigiCert Inc,365,1,ecdsa-with-SHA384,256,EC,1,v3,0,0
z-p42-instagram.fallback.c10r.instagram.com,077c4b71dd8f595202247f831a29144244070d7b6b951ac1c90bd77e7c08ecce,DigiCert Inc,90,1,sha256WithRSAEncryption,256,EC,1,v3,0,0
mira-cmn.tm-4.office.com,394e114f9601996c0a534b8d664c906bab7cb6f7f58c5f2449f13408dab5a0df,DigiCert Inc,198,1,sha256WithRSAEncryption,2048,RSA,1,v3,0,0
google.com.br,bfff23d86e4c876ded2ab77c87d9bb92c7ea6688d823aeda541dacdb60480b49,Google Trust Services,83,1,ecdsa-with-SHA256,256,EC,1,v3,0,0
analytics.rlcdn.com,ea58ce60217f23f798535943120e272f3775b095b16780c10be15da7b9059622,Amazon,197,1,sha256WithRSAEncryption,2048,RSA,1,v3,0,0
tpsc-uw1.doubleverify.com,a8f88e2b928a49213726229741eb91604d8821ee27648b35a4f487641dce8594,"Starfield Technologies, Inc.",397,0,sha256WithRSAEncryption,2048,RSA,1,v3,0,0
gpi3.life360.com,11232136bc046a55e6dfabf32d0e87d8c2af6c45b916017666dfbca3b205c9d5,Let's Encrypt,89,1,ecdsa-with-SHA384,256,EC,1,v3,0,0
agent.api.astra.dell.com,2343269682f730044ef1022ccf5bb55a3021fa2a83feef293d9362c737feb311,DigiCert Inc,396,1,ecdsa-with-SHA384,256,EC,1,v3,0,0
prebid.adnxs.com,664f5dabdf9635538737ce9052f8bec87e07872d846a47eaeed521254fc4e32d,DigiCert Inc,396,1,sha256WithRSAEncryption,2048,RSA,1,v3,0,0
array620.prod.do.dsp.mp.microsoft.com,9e08133baf26405d6d8acdfcdb01010d746a3642f550b71ba4dbc0e792e1986c,Microsoft Corporation,365,1,ecdsa-with-SHA384,256,EC,1,v3,0,0
ad-events.flashtalking.com,7ca4b0086395868b29d704171a2850915a8cc73c4c0e54ab76ca119d21dd53ce,DigiCert Inc,198,1,sha256WithRSAEncryption,2048,RSA,1,v3,0,0
mobile-gtalk.l.google.com,b923c14ef87a0a5aa8b961c18e4e49c97dc5e7829c1f2f41893c884e6fd41ffb,Google Trust Services,83,1,sha256WithRSAEncryption,2048,RSA,1,v3,0,0
x.com,8fee26ab588faaec621425dc35a6878ac1f10c0308e4bfd2bcb42b07f7868d65,Let's Encrypt,89,1,ecdsa-with-SHA384,256,EC,1,v3,0,0
raindrop-a.wbx2.com,6b7261fc1150867222c97bee66d152bb6a8e622ded2dbd71cab0fb879588c54a,IdenTrust,369,1,sha256WithRSAEncryption,2048,RSA,1,v3,0,0
supply.inmobicdn.net,611d47669ca4bc517eabc16cefa7a57e31066a6eeb53c710f93e6f7bcc3fd118,Sectigo Limited,365,1,ecdsa-with-SHA256,256,EC,1,v3,0,0
web-banner.ads.aps.amazon-adsystem.com,60369577d9dfa96bde1daf50ed8ac4f571b062ed1747f95bb872a97e7e9633e0,Amazon,394,1,sha256WithRSAEncryption,2048,RSA,1,v3,0,0
ingest.quantummetric.com,b8e29c856dc4d153f1e119aa3a77a9e82dc473b20ed575dd7378fab3ba21200c,DigiCert Inc,395,1,sha256WithRSAEncryption,2048,RSA,1,v3,0,0
api.iterable.com,903f442457334004451cc8b231ee8ca9c4ccb3a32076e9b709b2173cdd8988ba,Amazon,394,1,sha256WithRSAEncryption,2048,RSA,1,v3,0,0
teams-events-data.trafficmanager.net,b77a90af591a51ebddc61440a1a71ac51d32e1c3643233fc0bf0476b50b46253,Microsoft Corporation,180,1,sha384WithRSAEncryption,2048,RSA,1,v3,0,0
example.org,8f88aec879f1580ef76d7d3de6d01bc6eada1b30770720daefb7a5e8542c21bd,"CLOUDFLARE, INC.",89,1,ecdsa-with-SHA256,256,EC,1,v3,0,0
raw.githubusercontent.com,ea69bc711cb9d45698d2fdaa4854d7dc086acd3a9c350164909b688ac7c0631f,Let's Encrypt,89,1,sha256WithRSAEncryption,2048,RSA,1,v3,0,0
array601.prod.do.dsp.mp.microsoft.com,9e08133baf26405d6d8acdfcdb01010d746a3642f550b71ba4dbc0e792e1986c,Microsoft Corporation,365,1,ecdsa-with-SHA384,256,EC,1,v3,0,0
api-partner.spotify.com,d259c071b22ee84523e7b256e4b013aff3c7b4f25eedb1aeb5a82b93588d63c6,DigiCert Inc,365,1,sha256WithRSAEncryption,2048,RSA,1,v3,0,0
appleid.cdn-apple.com,9e33bd3a4a7c5453f3e59a0bfdf7717f5547d921470fd6a8301c78806a348f48,Apple Inc.,188,1,sha256WithRSAEncryption,2048,RSA,1,v3,0,0
events.ads.vungle.com,cf608f4fcd28d23e2571b60d265d6c86a9161c1020d1370e2005979bddfa25bf,Sectigo Limited,394,1,sha256WithRSAEncryption,2048,RSA,1,v3,0,0
micro.rubiconproject.com,eec79d0288334fe4199e2febdd56eaa1d16c9e3aedca3dce85c2e6b92f929dc7,DigiCert Inc,189,1,sha256WithRSAEncryption,256,EC,1,v3,0,0
array512.prod.do.dsp.mp.microsoft.com,9e08133baf26405d6d8acdfcdb01010d746a3642f550b71ba4dbc0e792e1986c,Microsoft Corporation,365,1,ecdsa-with-SHA384,256,EC,1,v3,0,0
static-tracking.klaviyo.com,414bfc4b5fdf5a99df7e970bfea9ec22035c8efcfd921d475ad8781a4a13f8fb,Let's Encrypt,89,1,sha256WithRSAEncryption,2048,RSA,1,v3,0,0
synchroscript.deliveryengine.adswizz.com,269cbd0d94a84ca646832ded867b2e608ec11217670e676f5ef9ba8d5272e41b,Amazon,197,1,sha256WithRSAEncryption,2048,RSA,1,v3,0,0
use1-wps-prod.apple.com,afc67cdff028bdf92425237036adad000a2b128fb1286de3439696dc78188cde,Apple Inc.,195,1,ecdsa-with-SHA256,256,EC,1,v3,0,0
mobile-data.onetrust.io,64fa2b25f03cc393e2c3eed5efe92cdcc370a24b54fafdf4197a4d8c25ea39b3,Google Trust Services,90,1,ecdsa-with-SHA256,256,EC,1,v3,0,0
bidtheatre.com,0f7d35bb746e1ec80afab2ac241551ee8a2037e585beedcbb26f580fa0c7560c,Google Trust Services,90,1,ecdsa-with-SHA256,256,EC,1,v3,0,0
obs.myhuaweicloud.com,0372b1ad27102680905476ea8e5801e63f147d19b181e05812efe3bcfc80fc19,GlobalSign nv-sa,396,1,sha256WithRSAEncryption,2048,RSA,1,v3,0,0
janus-a.wbx2.com,cc09b92eaec8add60ccd9d62c79b2fc72b7ce74a876006572b23eba4f0bce8b4,IdenTrust,198,1,sha256WithRSAEncryption,2048,RSA,1,v3,0,0
adsby.bidtheatre.com,a5624b948762c135bb6d4c8aa0cd4a051dd9a7089b6e1a01e25dc3b9db4a2602,"GoDaddy.com, Inc.",397,1,sha256WithRSAEncryption,2048,RSA,1,v3,0,0
cabana-server.g.aaplimg.com,5433701739e6a6d8a0807b280800b47d578ff1add78d1615398cc8ed11481b76,Apple Inc.,88,1,ecdsa-with-SHA256,256,EC,1,v3,0,0
dcs.adobedc.net,5f7aa0660a092a52a2b011777d393f2519ae21561b7ec1de6772d6447a6c0842,DigiCert Inc,198,1,sha256WithRSAEncryption,4096,RSA,1,v3,0,0
b.videoamp.com,ed28357aa6aedd56a3f989865dabc8d2f98db7a83a4ca044f505ac3dcf0268d0,Amazon,393,1,sha256WithRSAEncryption,2048,RSA,1,v3,0,0
tagan.adlightning.com,717042a465ea2e3c666ebad3ac6e40828f32df98e1ed139b5c8508ae13434b3b,Amazon,394,1,sha256WithRSAEncryption,2048,RSA,1,v3,0,0
ladsp.com,6e29945c911f0bb97ffb84f37529e3be65af89ad4edc969284b733b947d9f36a,GlobalSign nv-sa,396,1,sha256WithRSAEncryption,2048,RSA,1,v3,0,0
array803.prod.do.dsp.mp.microsoft.com,9e08133baf26405d6d8acdfcdb01010d746a3642f550b71ba4dbc0e792e1986c,Microsoft Corporation,365,1,ecdsa-with-SHA384,256,EC,1,v3,0,0
match.adsby.bidtheatre.com,9ac4e47c982c63be16af2b74e287ab932b7086f79d268e0c9353d7f54db096dd,"GoDaddy.com, Inc.",397,1,sha256WithRSAEncryption,2048,RSA,1,v3,0,0
app.adjust.com,11fadece3e25a32f1c0d4ce6d8eaa73cce2f9f6c9d31d645e2f1131622bd40e6,DigiCert Inc,364,1,sha256WithRSAEncryption,2048,RSA,1,v3,0,0
array505.prod.do.dsp.mp.microsoft.com,9e08133baf26405d6d8acdfcdb01010d746a3642f550b71ba4dbc0e792e1986c,Microsoft Corporation,365,1,ecdsa-with-SHA384,256,EC,1,v3,0,0
clmbtech.com,4f8092ea0e1ea946958bf6574fec732562d35d073a1a67bf8f2601e7f826ba6f,DigiCert Inc,373,1,sha256WithRSAEncryption,2048,RSA,1,v3,0,0
express.adobe.com,65f1767bb6bd44426e8669441fcef96774cf175b5482343ce487b0262659a887,Amazon,197,1,sha256WithRSAEncryption,2048,RSA,1,v3,0,0
mparticle.com,18afd6c1861c098bb79bfe8a78903880b7bff4fded548eb83bf0b3ee262577df,Let's Encrypt,89,1,sha256WithRSAEncryption,2048,RSA,1,v3,0,0
evergage.com,2af983f298677e14142c78e255e2e309325b0fd01fafe07479bc2768e4f4c2f0,Amazon,393,1,sha256WithRSAEncryption,2048,RSA,1,v3,0,0
evidon.com,6223fb253e584a7a9d72dca015d183ee0b337e4b118c33abce11685efef413fd,Let's Encrypt,89,1,sha256WithRSAEncryption,4096,RSA,1,v3,0,0
protechts.net,a83a8501ed84c09da7ed80f701a4433240685488724652742837a410019a1180,Google Trust Services,90,1,sha256WithRSAEncryption,2048,RSA,1,v3,0,0
panther.goguardian.com,09e1775ea554d93f0e47c1932809d5ff289f12ec94b8c3eb397ac5a16b89b28d,Amazon,392,1,sha256WithRSAEncryption,2048,RSA,1,v3,0,0
datadome.co,0a99a51b7f7b100d85073196ae3171dd4af5f7e6bfe18aa4257ebcbb7a7cfd6e,Amazon,394,1,ecdsa-with-SHA256,256,EC,1,v3,0,0
act.org,25fe91d7c698dccc983e5ca88149c1e013a5b1cb8c617ff964a6914e4ad0da6a,Amazon,394,1,sha256WithRSAEncryption,2048,RSA,1,v3,0,0
dsp-service.admatic.de,71c9a22bc04e61a364fcd74bd660ee2cd9f753f73d919f69ff212cfa59acc74e,Let's Encrypt,89,1,ecdsa-with-SHA384,256,EC,1,v3,0,0
adsdk.microsoft.com,8dd0e97779914b53725fee7e8bcd428eab0ec3c36633eab06cece6f53cfd11e9,Microsoft Corporation,180,1,sha384WithRSAEncryption,2048,RSA,1,v3,0,0
paysafecard.com,d48a875710173471ec0f36ccfd5474f2c147403ffb83dd9e87912050239d8b89,Amazon,394,1,sha256WithRSAEncryption,2048,RSA,1,v3,0,0
gslb.goskope.com,bfc522d697b681f7855ef9905b808640b4029b12f01ef48b5fa81b1c0494ad71,GlobalSign nv-sa,396,1,sha256WithRSAEncryption,3072,RSA,1,v3,0,0
array801.prod.do.dsp.mp.microsoft.com,9e08133baf26405d6d8acdfcdb01010d746a3642f550b71ba4dbc0e792e1986c,Microsoft Corporation,365,1,ecdsa-with-SHA384,256,EC,1,v3,0,0
res.cloudinary.com,31ef71c6f9049bc605fda2d3c17a3023c65859634b3aaebae6ae91531d6fabac,"GoDaddy.com, Inc.",395,1,sha256WithRSAEncryption,2048,RSA,1,v3,0,0
r.stripe.com,31437de9c9f2631da1d9c731ad0b5266d5503ff731b2f53a5006a184e902ed49,DigiCert Inc,106,1,ecdsa-with-SHA384,256,EC,1,v3,0,0
www.tm.prd.ags.akadns.net,aed7927dc40ad6f100baca15c9d6987972d3e237b35210dd4a0ae4ee08dd8c72,DigiCert Inc,180,1,sha256WithRSAEncryption,2048,RSA,1,v3,0,0
u-ams.4dex.io,0dea390df9342225f313db07d99985337c1bb181de6d789eed57650a4b5cedf6,Google Trust Services,90,1,sha256WithRSAEncryption,2048,RSA,1,v3,0,0
www.paypal.com,7f40b0f59d88f92ecd351a5781b0c087ce614b938bc684ea4a29c13394fb8166,DigiCert Inc,198,1,sha256WithRSAEncryption,2048,RSA,1,v3,0,0
display.bidder.taboola.com,761d80bc0578569b5f1e04e86fec32746ded845ac27fc00c9dfc7c38256b512a,DigiCert Inc,384,1,sha256WithRSAEncryption,2048,RSA,1,v3,0,0
p.jwpcdn.com,9a01ab4e12f17bfda3cdde0ac5745b56bb1852b84eb26772c457b5d7e3c31d4a,GlobalSign nv-sa,396,1,sha256WithRSAEncryption,2048,RSA,1,v3,0,0
fa000000006.resources.office.net,0db841e1575f1366181a40f352366e7c725bc23ec5ece53c42dce4c8d0e5f769,Microsoft Corporation,198,1,ecdsa-with-SHA384,256,EC,1,v3,0,0
ssl.p.jwpcdn.com,90db100422c507de3be8308afa27ed166b028f9ca72887f5f7de5063752aa18d,GlobalSign nv-sa,198,1,sha256WithRSAEncryption,2048,RSA,1,v3,0,0
api-cloudfront.life360.com,11232136bc046a55e6dfabf32d0e87d8c2af6c45b916017666dfbca3b205c9d5,Let's Encrypt,89,1,ecdsa-with-SHA384,256,EC,1,v3,0,0
www.storygize.net,ac1cc50c59790793d1e685fde0ddac5e6145bd33b0a3d7fe5f396086df511fbc,Amazon,393,1,sha256WithRSAEncryption,2048,RSA,1,v3,0,0
api.unity.com,c0fbf39a08f8ef9bebb0019ac8e834f4d019b01e8c50d32ef7bf03ac3ac0f2dd,DigiCert Inc,366,1,sha256WithRSAEncryption,2048,RSA,1,v3,0,0
send-asr.acrobat.com,cf38045b2f3f992ea9b212ef3e2279ea979cb0ddcc46996315836767d226a73b,DigiCert Inc,396,1,sha256WithRSAEncryption,2048,RSA,1,v3,0,0
sfchecker.goskope.com,932d611b4d9090cf83b487741dbe10fe20b6024f1efa9f4186ac04e6568a6f15,GlobalSign nv-sa,396,1,sha256WithRSAEncryption,3072,RSA,1,v3,0,0
gocm.c.appier.net,0780ee5e0fc5795758d4e9cc689bafb0057b26448352cc351362592c1bc72f0b,Google Trust Services,89,1,sha256WithRSAEncryption,2048,RSA,1,v3,0,0
image-cdn-ak.spotifycdn.com,0c4c83fac814ceadfe9ada254e14dc0c52adc403624a247072a591d9fe96bb8c,DigiCert Inc,396,1,sha256WithRSAEncryption,256,EC,1,v3,0,0
probe.icloud.com,103e6b597d16a366dc375829d6d061356f5a0be106a496cb337f95d95121a6ef,Apple Inc.,383,1,ecdsa-with-SHA256,256,EC,1,v3,0,0
us.bytedance.map.fastly.net,86cea6001fdeb3ddde68bf2831c5b094f9c350c9c85fc0c9fcb4ddef51a69957,DigiCert Inc,198,1,sha256WithRSAEncryption,2048,RSA,1,v3,0,0
default.na.gateway.devices.a2z.com,bbb5e6555bae65d12bb8a9520995a7f407a44a7d2c06ce2e559127d1a46467d5,Amazon,284,1,sha256WithRSAEncryption,2048,RSA,1,v3,0,0
gateway.gslb.goskope.com,bfc522d697b681f7855ef9905b808640b4029b12f01ef48b5fa81b1c0494ad71,GlobalSign nv-sa,396,1,sha256WithRSAEncryption,3072,RSA,1,v3,0,0
ocps.instructure.com,2cfec12ccfb880c8a7bd9e9dc6ea39c50786ef6dd5658a62d19515f999218b16,Amazon,197,1,sha256WithRSAEncryption,2048,RSA,1,v3,0,0
android.l.google.com,b923c14ef87a0a5aa8b961c18e4e49c97dc5e7829c1f2f41893c884e6fd41ffb,Google Trust Services,83,1,sha256WithRSAEncryption,2048,RSA,1,v3,0,0
gateway-asset.ce.apple-dns.net,a0dbdc42640e2b55782dd915df7c3b4f510a743414f28badef8d31b71065f562,Apple Inc.,388,1,sha256WithRSAEncryption,2048,RSA,1,v3,0,0
mobile.zscalerone.net,899a249b16d3b8310e05eac14bddc27c6c9d3bdf3b21a49afd386526c52ab1ed,DigiCert Inc,359,1,sha256WithRSAEncryption,2048,RSA,1,v3,0,0
trial-eum-clienttons-s.akamaihd.net,792ce717b665ca8a0aedf9f7a3ba68bd15b7bf81da354e2c7dc4869bf9f22e62,DigiCert Inc,365,1,ecdsa-with-SHA384,256,EC,1,v3,0,0
mr-z01.tm-azurefd.net,26c77d49df8ae930639122568cb5e10b6d034b2ff39d05a03b360a21b9993831,Microsoft Corporation,180,1,ecdsa-with-SHA384,256,EC,1,v3,0,0
array617.prod.do.dsp.mp.microsoft.com,9e08133baf26405d6d8acdfcdb01010d746a3642f550b71ba4dbc0e792e1986c,Microsoft Corporation,365,1,ecdsa-with-SHA384,256,EC,1,v3,0,0
www.tm.prd.ags.trafficmanager.net,aed7927dc40ad6f100baca15c9d6987972d3e237b35210dd4a0ae4ee08dd8c72,DigiCert Inc,180,1,sha256WithRSAEncryption,2048,RSA,1,v3,0,0
api-emea.flightproxy.teams.microsoft.com,84a4d270ca7f1025d84abffaf69ea41096a90a7b407050f50482f4ad34989198,Microsoft Corporation,180,1,sha384WithRSAEncryption,2048,RSA,1,v3,0,0
trial-eum-clientnsv4-s.akamaihd.net,792ce717b665ca8a0aedf9f7a3ba68bd15b7bf81da354e2c7dc4869bf9f22e62,DigiCert Inc,365,1,ecdsa-with-SHA384,256,EC,1,v3,0,0
i.w55c.net,1207e969d576f5566384ce95ccd680a947a2a8a2d645bd35cc1b7182c49023ec,Amazon,394,1,sha256WithRSAEncryption,2048,RSA,1,v3,0,0
l.clarity.ms,336b9f94186d98a9299ac5906a5bcab4cbf039b576198163316a095347e1a803,Microsoft Corporation,180,1,sha384WithRSAEncryption,2048,RSA,1,v3,0,0
shb-sync.com,731d1474e5feadd4fbc827b7afb650825bc208b9fae49ac465eb3ed65159f9c4,"GoDaddy.com, Inc.",365,1,sha256WithRSAEncryption,2048,RSA,1,v3,0,0
cdn-ffc.oobesaas.adobe.com,2af68d7581cfa1e6379aaa00c1d05890b9d4bdef6dac6c2d05dbfc0ab0b6d322,DigiCert Inc,396,1,sha256WithRSAEncryption,2048,RSA,1,v3,0,0
b.clarity.ms,56b2a0d3cdcde139b62335c449324a75b95004e44258a58f326ce50ab556a447,Microsoft Corporation,180,1,sha384WithRSAEncryption,2048,RSA,1,v3,0,0
gspe21-ssl.ls.apple.com,17c351b5f0ad3ee3f4deb1e16fabc55ed2c3b2cf3f7077637e66f9113d61499f,Apple Inc.,84,1,ecdsa-with-SHA256,256,EC,1,v3,0,0
e.clarity.ms,56b2a0d3cdcde139b62335c449324a75b95004e44258a58f326ce50ab556a447,Microsoft Corporation,180,1,sha384WithRSAEncryption,2048,RSA,1,v3,0,0
shb.richaudience.com,bc4b683e1aec65e2219fe5ae577ece271334ba9654e276fdc169d58f178380fb,Amazon,394,1,ecdsa-with-SHA256,256,EC,1,v3,0,0
api.addins.omex.office.net,2bc17d24a33262934753f818fd272df3e712a59c36ed930cb24fcf9af468b214,Microsoft Corporation,180,1,sha384WithRSAEncryption,2048,RSA,1,v3,0,0
array519.prod.do.dsp.mp.microsoft.com,9e08133baf26405d6d8acdfcdb01010d746a3642f550b71ba4dbc0e792e1986c,Microsoft Corporation,365,1,ecdsa-with-SHA384,256,EC,1,v3,0,0
agents.msua06.manage.microsoft.com,1ab6f418b94a10e0aa8f2c434e86ab759b007dadd26914bf3f10b1ebc9782365,Microsoft Corporation,180,1,sha384WithRSAEncryption,2048,RSA,1,v3,0,0
k.clarity.ms,56b2a0d3cdcde139b62335c449324a75b95004e44258a58f326ce50ab556a447,Microsoft Corporation,180,1,sha384WithRSAEncryption,2048,RSA,1,v3,0,0
ajax.aspnetcdn.com,a90301642367cdeaacea3b5702789da33891276d21c0c6ae7676662750977ccb,Microsoft Corporation,118,1,ecdsa-with-SHA384,256,EC,1,v3,0,0
wayfair.com,ea4b9fa3e60d12b8d1a502fa6dc269bd12f69bb0376667502b2cfbe4c1e08787,Let's Encrypt,89,1,ecdsa-with-SHA384,256,EC,1,v3,0,0
actgateway-extension.act.org,c6016e8335e5dd9e891c9f4a0ed76d916758e1429ad1dc425e3436e86d03aebb,Amazon,393,1,sha256WithRSAEncryption,2048,RSA,1,v3,0,0
i.clarity.ms,56b2a0d3cdcde139b62335c449324a75b95004e44258a58f326ce50ab556a447,Microsoft Corporation,180,1,sha384WithRSAEncryption,2048,RSA,1,v3,0,0
j.clarity.ms,56b2a0d3cdcde139b62335c449324a75b95004e44258a58f326ce50ab556a447,Microsoft Corporation,180,1,sha384WithRSAEncryption,2048,RSA,1,v3,0,0
infinitedata-pa.googleapis.com,c96df46cd4d4baab16c15705b3fdf7748c83cb18d221814df697965aa44ced44,Google Trust Services,83,1,ecdsa-with-SHA256,256,EC,1,v3,0,0
v.clarity.ms,56b2a0d3cdcde139b62335c449324a75b95004e44258a58f326ce50ab556a447,Microsoft Corporation,180,1,sha384WithRSAEncryption,2048,RSA,1,v3,0,0
n.clarity.ms,56b2a0d3cdcde139b62335c449324a75b95004e44258a58f326ce50ab556a447,Microsoft Corporation,180,1,sha384WithRSAEncryption,2048,RSA,1,v3,0,0
ade.clmbtech.com,a16e67ea7d29c024b2a4d0d13bbc1acf45dbab0a0ee06e3f5814de4699823590,Let's Encrypt,89,1,sha256WithRSAEncryption,2048,RSA,1,v3,0,0
feedback-pa.googleapis.com,c96df46cd4d4baab16c15705b3fdf7748c83cb18d221814df697965aa44ced44,Google Trust Services,83,1,ecdsa-with-SHA256,256,EC,1,v3,0,0
fp-us-tmobile.rcs.telephony.goog,0ee485c107e2f6e96032f459a1ebaea31f371d4d5b8db4f0e3e34a23f406c6c1,Google Trust Services,69,1,sha256WithRSAEncryption,256,EC,1,v3,0,0
upload.wikimedia.org,5a21640c229b01a0d2bcca024fe851edbacc51270e876a6ee60d8864abd13f30,Let's Encrypt,89,1,ecdsa-with-SHA384,256,EC,1,v3,0,0
cdn.openai.com,2eb077321a896665aa4e8fd9b86122c5387e96ef355dbc0882426ef3fdea9686,DigiCert Inc,183,1,sha256WithRSAEncryption,2048,RSA,1,v3,0,0
lf19-gecko-source.tiktokcdn-us.com,3a616fb90e57254c622248d5b2e131f1671c6c4f6e1e4d63e1dff0b3f5dab1df,DigiCert Inc,396,1,sha256WithRSAEncryption,2048,RSA,1,v3,0,0
adx.g.doubleclick.net,589bff118181a95643017547ade202bbf098dfdfd3e6a6572b94dea175d4ddf9,Google Trust Services,83,1,ecdsa-with-SHA256,256,EC,1,v3,0,0
citrix.com,f7f5922f2c456f5b7d6b364a49888e5e422d72fe2fe0c42be6e73e422d7fdf2a,DigiCert Inc,364,1,sha256WithRSAEncryption,2048,RSA,1,v3,0,0
features.netscalergateway.net,83b9216d54ccc4629f447df0e3ead78be8e0e72026f97c9df1be9b43179e4284,DigiCert Inc,198,1,sha256WithRSAEncryption,2048,RSA,1,v3,0,0
e7366.dscb.akamaiedge.net,efd87419b0536457772a69a71482f0f42b4bfb828a82d44f97dd0e15a205be8c,Apple Inc.,188,1,sha256WithRSAEncryption,2048,RSA,1,v3,0,0
www.google.cn,0b4ac2261b6bd8ea82b9e886efceb95b9f6e5435c2d5b73e090ef07decf4cd5b,Google Trust Services,83,1,ecdsa-with-SHA256,256,EC,1,v3,0,0
array517.prod.do.dsp.mp.microsoft.com,9e08133baf26405d6d8acdfcdb01010d746a3642f550b71ba4dbc0e792e1986c,Microsoft Corporation,365,1,ecdsa-with-SHA384,256,EC,1,v3,0,0
bounceexchange.com,74072ddfaf4ecdcde50f3a5bda0a2ff4fae3c96c7892fddd9d89cf22fbb45bc7,Let's Encrypt,89,1,sha256WithRSAEncryption,2048,RSA,1,v3,0,0
axon.ai,00d1281cea217cba7b97dac4027eb4e22b7b566d6e5f08455e05deb488dc8c56,Google Trust Services,90,1,sha256WithRSAEncryption,2048,RSA,1,v3,0,0
iosantiabuse-pa.googleapis.com,c96df46cd4d4baab16c15705b3fdf7748c83cb18d221814df697965aa44ced44,Google Trust Services,83,1,ecdsa-with-SHA256,256,EC,1,v3,0,0
t13.io,9d58c56e9bc173923d8c983e257eaf89cc88cc8ffd97488a362b97a599852158,Google Trust Services,90,1,sha256WithRSAEncryption,2048,RSA,1,v3,0,0
init-cdn.itunes-apple.com.akadns.net,20030ff7dfafdea1b2b010f56f1fecdbe2ac0a5a94029978e3d674c6a721986c,Apple Inc.,190,1,sha256WithRSAEncryption,2048,RSA,1,v3,0,0
bobdi-exter-1vqeilnw5zym1-5134ab8e5a874149.elb.us-east-1.amazonaws.com,bbb5e6555bae65d12bb8a9520995a7f407a44a7d2c06ce2e559127d1a46467d5,Amazon,284,1,sha256WithRSAEncryption,2048,RSA,1,v3,0,0
s2s.t13.io,4c41de19d668430e7dfc40d93ce82313fe89e22762cbdeaada9bba6a33332989,Google Trust Services,90,1,sha256WithRSAEncryption,2048,RSA,1,v3,0,0
sandbox-dist.itunes-apple.com.akadns.net,792ce717b665ca8a0aedf9f7a3ba68bd15b7bf81da354e2c7dc4869bf9f22e62,DigiCert Inc,365,1,ecdsa-with-SHA384,256,EC,1,v3,0,0
mediaservices.cdn-apple.com,777237da723128d8ac1620c70c3027b6d023a6720d9a0214b3cdce668015efbf,Apple Inc.,187,1,sha256WithRSAEncryption,2048,RSA,1,v3,0,0
client-upgrade-a.wbx2.com,6276cf6aad2688863e2b48e5b7b5fa84192cf51d816caa002d5b1bcec9770a49,IdenTrust,369,1,sha256WithRSAEncryption,2048,RSA,1,v3,0,0
ec.walkme.com,2d5fc0fc886621d5400d04de92cf126ffd05e883246361a3bbf4676623933981,Sectigo Limited,396,1,sha256WithRSAEncryption,2048,RSA,1,v3,0,0
tapestry.tapad.com,b3304579a2cf685097df6a55655d3a7a0656e2d1862ce7a7fca1b8a2377cc5de,Google Trust Services,90,1,sha256WithRSAEncryption,2048,RSA,1,v3,0,0
api.twitter.com,76136867264a97353e9058d6769aaeeff8095ee1657cf96c5f9a48051f3286ad,Let's Encrypt,89,1,ecdsa-with-SHA384,256,EC,1,v3,0,0
calendarsync-pa.googleapis.com,c96df46cd4d4baab16c15705b3fdf7748c83cb18d221814df697965aa44ced44,Google Trust Services,83,1,ecdsa-with-SHA256,256,EC,1,v3,0,0
firebase.googleapis.com,c96df46cd4d4baab16c15705b3fdf7748c83cb18d221814df697965aa44ced44,Google Trust Services,83,1,ecdsa-with-SHA256,256,EC,1,v3,0,0
api.permutive.com,de77619bb5aad66ae8f2e42087c50a699f8698a37d3df65f9af2026a22440c1c,Let's Encrypt,89,1,sha256WithRSAEncryption,2048,RSA,1,v3,0,0
cookieyes.com,7d42c0d317c0292b2e7baf816527200d141b1362792a801c7dff6f641a588a0c,Google Trust Services,90,1,ecdsa-with-SHA256,256,EC,1,v3,0,0
atlassian.com,d6dcce9c7931cbe5e18d09e369e2ecfa60c67110ebb9d6e3d7e819cd14cf5d68,Amazon,197,1,sha256WithRSAEncryption,2048,RSA,1,v3,0,0
pushmessage.samsung.com,221d5c5cde20e8c0c5b603f6f5b427109b9796c3809b6b6b945d1158a0161e0b,Amazon,394,1,sha256WithRSAEncryption,2048,RSA,1,v3,0,0
nrdp.nm.push.prod.netflix.com,6920b13ffe7da9ea151b6bee4747c59d9412c1450ba1faec776e0c28d6380bb9,DigiCert Inc,90,1,ecdsa-with-SHA384,256,EC,1,v3,0,0
array818.prod.do.dsp.mp.microsoft.com,9e08133baf26405d6d8acdfcdb01010d746a3642f550b71ba4dbc0e792e1986c,Microsoft Corporation,365,1,ecdsa-with-SHA384,256,EC,1,v3,0,0
brandmetrics.com,958e20b4669fba35de789f08a580c95e41a4b7b133f33f8601ffb4979813b58d,Google Trust Services,90,1,ecdsa-with-SHA256,256,EC,1,v3,0,0
sdk.pushmessage.samsung.com,221d5c5cde20e8c0c5b603f6f5b427109b9796c3809b6b6b945d1158a0161e0b,Amazon,394,1,sha256WithRSAEncryption,2048,RSA,1,v3,0,0
permutive.app,ffb7ddfb2c1652125bfde57d6af92d7ffde7e99219434d62e974c930628c7242,Google Trust Services,90,1,ecdsa-with-SHA256,256,EC,1,v3,0,0
north-america-mask.wrr.me.apple-dns.net,a0dbdc42640e2b55782dd915df7c3b4f510a743414f28badef8d31b71065f562,Apple Inc.,388,1,sha256WithRSAEncryption,2048,RSA,1,v3,0,0
s-static.innovid.com,2b923ad2b5fe209d93d77bbaac284220204bf3e5ed1d382c2d1b4b1048547e2c,DigiCert Inc,367,1,sha256WithRSAEncryption,2048,RSA,1,v3,0,0
j.sni.global.fastly.net,c1aa942b4d80715377690c5747fb42633d2ca0baa876d05793325d2a2ebbb1c4,GlobalSign nv-sa,396,1,sha256WithRSAEncryption,2048,RSA,1,v3,0,0
parsely.com,eb827ead7ec795b0d61f352e778aac77996645177c7e040d95e0a0169756927c,Let's Encrypt,89,1,ecdsa-with-SHA384,256,EC,1,v3,0,0
pi.ispot.tv,525da906a371763990f1f1b0e78b0d15b0f9992db93c65437433d0b00e7bb52e,Let's Encrypt,89,1,sha256WithRSAEncryption,2048,RSA,1,v3,0,0
nexx360.io,96483c7690f6e38b6c56cdb127358b7ac35c907df877753c2bd4bd9e53b6a097,Let's Encrypt,89,1,ecdsa-with-SHA384,256,EC,1,v3,0,0
sg.semasio.net,1b325888dd4729648b9f4a3e6173b7f3c1657d5edd40f24df82d8bd6f324ab57,GlobalSign nv-sa,396,1,sha256WithRSAEncryption,256,EC,1,v3,0,0
fast.nexx360.io,da848f23bf65a0b221cad8e17946ade69cec78836f528e5dc12ff428276da375,Google Trust Services,90,1,ecdsa-with-SHA256,256,EC,1,v3,0,0
sdk.split.io,6f924c39065f910f742766caae8a07d100612e348b135f94f3b778e24385862e,GlobalSign nv-sa,396,1,sha256WithRSAEncryption,2048,RSA,1,v3,0,0
rtbc-ue1.doubleverify.com,a8f88e2b928a49213726229741eb91604d8821ee27648b35a4f487641dce8594,"Starfield Technologies, Inc.",397,0,sha256WithRSAEncryption,2048,RSA,1,v3,0,0
bidmachine.io,5e8a5d982af4f84c77ba2f954be6bb0692ea9823a8611d55306b5b98bd05e923,Google Trust Services,90,1,ecdsa-with-SHA256,256,EC,1,v3,0,0
conviva.com,d3b0dad002da25f91c93a1ddebd934fe727e367121a1f7c2eac5b7ef2a9ab8b3,Google Trust Services,90,1,ecdsa-with-SHA256,256,EC,1,v3,0,0
pptsgs.officeapps.live.com,ee83bff42ba401bb69bd8b641dedfff36cccb1b6293ca2342275a7f23bcf9417,Microsoft Corporation,180,1,sha384WithRSAEncryption,2048,RSA,1,v3,0,0
researchnow.com,eed1b3817aef0ca362cf8cc89a6e31a7109300707b5ffb403b0cf2da12472a8e,Amazon,394,1,sha256WithRSAEncryption,2048,RSA,1,v3,0,0
www.yammer.com,150d7c763840996592c529d28f831b052a819f09fd4c8393650d831499755233,Microsoft Corporation,180,1,sha384WithRSAEncryption,2048,RSA,1,v3,0,0
vimeocdn.com,287072927b8fc7abe104cc48f19b1c5db773883d69dba6a465a7581d57a47fdd,GlobalSign nv-sa,396,1,sha256WithRSAEncryption,2048,RSA,1,v3,0,0
slackb.com,48cc8f79289d9ef12a6a8457305082259d2fdd8ab1c6c5a68b88461da45fd497,Let's Encrypt,89,1,sha256WithRSAEncryption,2048,RSA,1,v3,0,0
news-edge.fe2.apple-dns.net,a0dbdc42640e2b55782dd915df7c3b4f510a743414f28badef8d31b71065f562,Apple Inc.,388,1,sha256WithRSAEncryption,2048,RSA,1,v3,0,0
e6603.g.akamaiedge.net,dc9bfebe1e852e018c34d76708851083be2613ebc7d6f3c026d7c689a26bb2e3,DigiCert Inc,364,1,sha256WithRSAEncryption,2048,RSA,1,v3,0,0
prod.uidapi.com,dba8e09295cae1974fa7fc234a3d3972a5bbf6713df232047c96b73b313a3295,Amazon,394,1,sha256WithRSAEncryption,2048,RSA,1,v3,0,0
auth0.com,5f630df100058213c14241b27d1bc8e287f05adcd78546a378498e2b7645de59,Let's Encrypt,89,1,ecdsa-with-SHA384,256,EC,1,v3,0,0
paypalobjects.com,c93e5b7b18fdfa6d1dcd0708edf66dbd8e6e8457aee69cb3f7db0572c1cba90e,DigiCert Inc,364,1,sha256WithRSAEncryption,2048,RSA,1,v3,0,0
cdsassets.apple.com,cc1024c77d10c8fd66cd73fd43de0b4bc5b9775ab90053e42d7ea68198fced82,Apple Inc.,84,1,sha256WithRSAEncryption,2048,RSA,1,v3,0,0
cstat-lb.apple.com.akadns.net,5433701739e6a6d8a0807b280800b47d578ff1add78d1615398cc8ed11481b76,Apple Inc.,88,1,ecdsa-with-SHA256,256,EC,1,v3,0,0
tag.researchnow.com,fbaf87ed1a0ac2f9b3ed5ed332457c977caccdd7755a86727989a6968cc37afd,Amazon,393,1,sha256WithRSAEncryption,2048,RSA,1,v3,0,0
a.clarity.ms,336b9f94186d98a9299ac5906a5bcab4cbf039b576198163316a095347e1a803,Microsoft Corporation,180,1,sha384WithRSAEncryption,2048,RSA,1,v3,0,0
dms.licdn.com,9e3fc5fd00c1e686b9dba262e60bf54b5bd5ca0609e18a618e991809a035b5d5,DigiCert Inc,364,1,sha256WithRSAEncryption,2048,RSA,1,v3,0,0
px.owneriq.net,2329ba9fd76cd702804c4c390ebc0508c22d8f03947e09d0477602ad4eb6c432,"GoDaddy.com, Inc.",365,1,sha256WithRSAEncryption,2048,RSA,1,v3,0,0
c.evidon.com,7d6e71260a411bb57176decd28e6816d41d4a8c3f7c2fed94e670734d0a32c02,Let's Encrypt,89,1,sha256WithRSAEncryption,2048,RSA,1,v3,0,0
mediatek.com,d35daa668a93b5390886aab154b0bbd8f64921cb842d38000f4d3d24ba0de292,GlobalSign nv-sa,396,1,sha256WithRSAEncryption,2048,RSA,1,v3,0,0
api16-normal-c-alisg.tiktokv.com,29ab6021e57ef447a9f4de1c613e116b4ba7a5ba0297cd15801abb807d9babc7,DigiCert Inc,198,1,ecdsa-with-SHA256,256,EC,1,v3,0,0
evt.undertone.com,8c3934f7984a1399b9606b8acb9b0340d3329782e671c81048a205344418ac3b,Amazon,197,1,sha256WithRSAEncryption,2048,RSA,1,v3,0,0
verisign.com,d692509ce0b18700581ca1830b64608b54dea47894faeec93c4c4faf1bf1ac63,DigiCert Inc,364,1,sha256WithRSAEncryption,2048,RSA,1,v3,0,0
region1.google-analytics.com,b48c53a30d7c33e87650591c1bd2328d604e0131a3f4721ab4d1abc28a9a8c74,Google Trust Services,83,1,sha256WithRSAEncryption,256,EC,1,v3,0,0
pd-cdn.itunes-apple.com.akadns.net,20030ff7dfafdea1b2b010f56f1fecdbe2ac0a5a94029978e3d674c6a721986c,Apple Inc.,190,1,sha256WithRSAEncryption,2048,RSA,1,v3,0,0
pghub.io,d4bd1465d05b88318ee9e593a67b87790227ccd7cda8c99fc6996f29cc13b533,Google Trust Services,90,1,sha256WithRSAEncryption,2048,RSA,1,v3,0,0
a13lrv2jf2efa0-ats.iot.us-west-2.amazonaws.com,3adf6ee8bb3efa8f22581fa4ad6d25253f79cc0a3e622f4c2640db1c041290b8,Amazon,285,1,sha256WithRSAEncryption,2048,RSA,1,v3,0,0
1drv.com,f60432340206699274e86218c2ec6573bdd3831544d0f609bf66baecc55458b7,Microsoft Corporation,180,1,sha384WithRSAEncryption,2048,RSA,1,v3,0,0
www.office.com,8f3ac83490b30f63f8ed04893ba88179ee156886f27acc395a5dfdda052563e9,Microsoft Corporation,180,1,sha384WithRSAEncryption,2048,RSA,1,v3,0,0
z.clarity.ms,56b2a0d3cdcde139b62335c449324a75b95004e44258a58f326ce50ab556a447,Microsoft Corporation,180,1,sha384WithRSAEncryption,2048,RSA,1,v3,0,0
wp.pl,b5486296ca058df5deb845d129200781c9ea0398f4aa518dddf70fb7c1c105f1,DigiCert Inc,198,1,sha256WithRSAEncryption,2048,RSA,1,v3,0,0
capi.samsungcloud.com,f5ee34482dd3802cdbd92b9145475826a610fd588cbc1aef9f442610a4e0a7f5,Sectigo Limited,198,1,sha256WithRSAEncryption,2048,RSA,1,v3,0,0
us.ck-ie.com,441d8a001d044f216a67b27a7552222a454c015e0a9e128240741e06b166505e,"GoDaddy.com, Inc.",397,1,sha256WithRSAEncryption,2048,RSA,1,v3,0,0
api19-normal-useast5.tiktokv.us,c0a92979a116b28732823c212ae77fc8ff032a6f80831fa57ed94e387545cf9c,DigiCert Inc,396,1,sha256WithRSAEncryption,2048,RSA,1,v3,0,0
login.dotomi.com,6f9666fb3281f1da33eb16c6c6707f9abbebfecae87d5d83901318e39f895ef0,GlobalSign nv-sa,396,1,sha256WithRSAEncryption,2048,RSA,1,v3,0,0
cdn.jwplayer.com,1d2019084e203e95a5357b10bf2b39a0c7fbbf4de7f7de515972682c8fbbb3d7,Amazon,392,1,sha256WithRSAEncryption,2048,RSA,1,v3,0,0
adscale.de,fe8a9f180d239179b51392ff4aa9d6321ad1d636f10aa12f8cefc4147069a56e,Amazon,197,1,sha256WithRSAEncryption,2048,RSA,1,v3,0,0
t1.gstatic.com,7f6d6c97b5ccda62ca3c6d5095a3dc15ac850122f2cbde6888649a17a1979931,Google Trust Services,83,1,ecdsa-with-SHA256,256,EC,1,v3,0,0
canvaslms.com,1fb8c93f3c9906804ee01fab41b856305644ec58fb726e347930c45df27a68c0,Let's Encrypt,89,1,sha256WithRSAEncryption,2048,RSA,1,v3,0,0
n.sni.global.fastly.net,d63824fb153b9f10e6c866f1a46a60aa4ad61786e338feef62165b5266bebe38,GlobalSign nv-sa,396,1,sha256WithRSAEncryption,2048,RSA,1,v3,0,0
c2shb.pubgw.yahoo.com,4e8b6594fa02b4db31d50e85a703c55329c1a31a7e626ad2b7fc2097468c3091,DigiCert Inc,176,1,sha256WithRSAEncryption,2048,RSA,1,v3,0,0
www.paypalobjects.com,64bb912334c5831cfa852c6d1a14e6e1ab9d8406ae2e45d468b7f4bd6bf250a2,DigiCert Inc,198,1,sha256WithRSAEncryption,2048,RSA,1,v3,0,0
ads.scorecardresearch.com,e47e6a181fa99e281340e9713bb9b9425b41c0be0946de1be6121646ee341500,Sectigo Limited,198,1,sha256WithRSAEncryption,2048,RSA,1,v3,0,0
api19-normal-useast8.tiktokv.us,c0a92979a116b28732823c212ae77fc8ff032a6f80831fa57ed94e387545cf9c,DigiCert Inc,396,1,sha256WithRSAEncryption,2048,RSA,1,v3,0,0
gsp9-ssl.apple.com,4abd3764798e696843dd7e71be95e6ff87482b448f09741bdb2de5537e4116e1,Apple Inc.,84,1,ecdsa-with-SHA256,256,EC,1,v3,0,0
mweb.ck.inmobi.com,ce8d36a69415e606b974988ca4f91de7e5f17a30fb0ce3c5b9667f559e973cdc,Sectigo Limited,365,1,ecdsa-with-SHA256,256,EC,1,v3,0,0
infolinks.com,f27e41266a47621a2482991b20231fece3830e67dcdde8bb4bb8e584e4d7764f,Google Trust Services,90,1,ecdsa-with-SHA256,256,EC,1,v3,0,0
quick-actions.express.adobe.com,84ba5d50681fbc70709fb01e5f96bcb946907e8d41a1a9832cadfad3983f2afa,Amazon,197,1,sha256WithRSAEncryption,2048,RSA,1,v3,0,0
sso.canvaslms.com,4c0deea821e195c51406eadd24e50a82bb4c6be8eb6d9430e747295bff3a2d0e,Amazon,393,1,sha256WithRSAEncryption,2048,RSA,1,v3,0,0
apps.mzstatic.com.g.aaplimg.com,5433701739e6a6d8a0807b280800b47d578ff1add78d1615398cc8ed11481b76,Apple Inc.,88,1,ecdsa-with-SHA256,256,EC,1,v3,0,0
dnacdn.net,c55db7230113caa131b1d3a9fc8162998d76dba28d9fc3b7a74731d7a685e26f,DigiCert Inc,90,1,sha256WithRSAEncryption,256,EC,1,v3,0,0
api.aadrm.com,99b746f38dee41ec42c09f3db2e6df3d74bcf0501b0049826042cdeb95f87af4,Microsoft Corporation,180,1,sha384WithRSAEncryption,2048,RSA,1,v3,0,0
winatp-gw-cus.microsoft.com,9e2b90c580ebc29a8252951d4b56e788be7037e1bad6c14797c2722d14cfa37b,Microsoft Corporation,324,1,sha256WithRSAEncryption,2048,RSA,1,v3,0,0
nam12.safelinks.protection.outlook.com,20ee41fbfd26c1eec6a3ef14d9d846b05068e00b71b36e80aaf380445c02ecdf,Microsoft Corporation,360,1,sha384WithRSAEncryption,2048,RSA,1,v3,0,0
assets-mercury.v.aaplimg.com,5433701739e6a6d8a0807b280800b47d578ff1add78d1615398cc8ed11481b76,Apple Inc.,88,1,ecdsa-with-SHA256,256,EC,1,v3,0,0
xlgmedia.com,0e609cf1f7575618f5892a8df41749e49deb9bd0d833e71c0febc1dd3c36dacc,Let's Encrypt,89,1,ecdsa-with-SHA384,256,EC,1,v3,0,0
s.xlgmedia.com,0e609cf1f7575618f5892a8df41749e49deb9bd0d833e71c0febc1dd3c36dacc,Let's Encrypt,89,1,ecdsa-with-SHA384,256,EC,1,v3,0,0
t.wayfair.com,ea0bf0039fa96e33900f53818fe3cfda821b9ce09b35e137fd6efcf93b04ce7c,Let's Encrypt,89,1,ecdsa-with-SHA384,256,EC,1,v3,0,0
t2.gstatic.com,7f6d6c97b5ccda62ca3c6d5095a3dc15ac850122f2cbde6888649a17a1979931,Google Trust Services,83,1,ecdsa-with-SHA256,256,EC,1,v3,0,0
powerapps.com,fdef6a96a24eb0430ecb3cc1fee2946d567d6019551abec8a4de3d976e5b76d3,Microsoft Corporation,180,1,sha384WithRSAEncryption,2048,RSA,1,v3,0,0
fa000000002.resources.office.net,0db841e1575f1366181a40f352366e7c725bc23ec5ece53c42dce4c8d0e5f769,Microsoft Corporation,198,1,ecdsa-with-SHA384,256,EC,1,v3,0,0
tags.creativecdn.com,a01658e2bb2060835818e0242e3df37963fa564afb03820e07d8eb543cc25371,Let's Encrypt,89,1,ecdsa-with-SHA384,256,EC,1,v3,0,0
ssp.wp.pl,b5486296ca058df5deb845d129200781c9ea0398f4aa518dddf70fb7c1c105f1,DigiCert Inc,198,1,sha256WithRSAEncryption,2048,RSA,1,v3,0,0
geo.yahoo.com,265b3fbdfb21b873d43baf223cccccdc9f46164ba2d074381cd950358aa88094,DigiCert Inc,177,1,sha256WithRSAEncryption,256,EC,1,v3,0,0
edgeapi.slack.com,1d80a4bc446dbc56d98e79e8b7cb8325fc9705d0b1bac5e8834cd1e94368ec50,Let's Encrypt,89,1,sha256WithRSAEncryption,2048,RSA,1,v3,0,0
truoptik.com,9695cc67006ee7036a553428cf807215d887ac591bb382eddbaea99fc5166ed4,Google Trust Services,90,1,ecdsa-with-SHA256,256,EC,1,v3,0,0
liveintent.com,0fb98e2344fb91efe5603ced52618597bf8fe190e8b8f8caa36a93087985b637,Google Trust Services,90,1,ecdsa-with-SHA256,256,EC,1,v3,0,0
dmp.truoptik.com,9695cc67006ee7036a553428cf807215d887ac591bb382eddbaea99fc5166ed4,Google Trust Services,90,1,ecdsa-with-SHA256,256,EC,1,v3,0,0
hb.apis.dell.com,f5b938e52aa73afffb9bec518e84aaa9a523b76aee3f18bf6a9127e545baba73,DigiCert Inc,396,1,ecdsa-with-SHA384,256,EC,1,v3,0,0
log.cookieyes.com,7d42c0d317c0292b2e7baf816527200d141b1362792a801c7dff6f641a588a0c,Google Trust Services,90,1,ecdsa-with-SHA256,256,EC,1,v3,0,0
array603.prod.do.dsp.mp.microsoft.com,9e08133baf26405d6d8acdfcdb01010d746a3642f550b71ba4dbc0e792e1986c,Microsoft Corporation,365,1,ecdsa-with-SHA384,256,EC,1,v3,0,0
api-ssp.spot.im,443374078716132610b5aa6f26edc19e8695d23bdae6221b3d580f1668305b7f,Amazon,394,1,sha256WithRSAEncryption,2048,RSA,1,v3,0,0
guc3-spclient.spotify.com,d259c071b22ee84523e7b256e4b013aff3c7b4f25eedb1aeb5a82b93588d63c6,DigiCert Inc,365,1,sha256WithRSAEncryption,2048,RSA,1,v3,0,0
entitlements.edge-itunes-apple.com.akadns.net,792ce717b665ca8a0aedf9f7a3ba68bd15b7bf81da354e2c7dc4869bf9f22e62,DigiCert Inc,365,1,ecdsa-with-SHA384,256,EC,1,v3,0,0
preview.redd.it,a8d0ac32fa983e55c5f2250f4a3b0702a3787f8ba8d1840de1ab55c4e0ed636e,DigiCert Inc,179,1,sha256WithRSAEncryption,2048,RSA,1,v3,0,0
pm-widget.taboola.com,d47c9790f81d639ec28d7660f39890f34926ecbfc928147f6b49a41e7cebf10d,DigiCert Inc,386,1,sha256WithRSAEncryption,2048,RSA,1,v3,0,0
agents.msua02.manage.microsoft.com,f2ead17f3e3a428a47a68aa73e2a87d3a5f9e5b2457a05d46b661a4616514e5c,Microsoft Corporation,180,1,sha384WithRSAEncryption,2048,RSA,1,v3,0,0
sre.vwapps.io,19a804031c2b81b179047b44b125adcfc17fd4e1c939345faa07b931f83c3eda,Amazon,394,1,ecdsa-with-SHA256,256,EC,1,v3,0,0
ih.adscale.de,dedf846f07f9b0359721ab34bf82d70d83e25dbb022a61da8c6a27fd1246c73c,Amazon,197,1,sha256WithRSAEncryption,2048,RSA,1,v3,0,0
stun.cloudflare.com,1f33cc4f9a27ea368249e04c86b1fb89e39f8aa045ac31094e3a803122a14a68,Google Trust Services,90,1,ecdsa-with-SHA256,256,EC,1,v3,0,0
onedscolprdcus22.centralus.cloudapp.azure.com,47e722e169ba40231ba47435f29e320b18c2573be5702449f0061865ec3316ab,Microsoft Corporation,180,1,sha384WithRSAEncryption,2048,RSA,1,v3,0,0
euc-excel-telemetry.officeapps.live.com,ebb9af7a64ac2ab0bed90088fb40cd06eefe2bcc490c1f574f95d83806d17bfa,Microsoft Corporation,180,1,sha384WithRSAEncryption,2048,RSA,1,v3,0,0
kktlab.ru,9ed3c2b189824205023a106ddcc2d6e647d30d4608d52694215e07e02c2b05ba,Let's Encrypt,89,1,sha256WithRSAEncryption,2048,RSA,1,v3,0,0
onedscolprdcus16.centralus.cloudapp.azure.com,47e722e169ba40231ba47435f29e320b18c2573be5702449f0061865ec3316ab,Microsoft Corporation,180,1,sha384WithRSAEncryption,2048,RSA,1,v3,0,0
dev.kktlab.ru,00f0f262cc5fee43e60750021b642577660fe3261147986f15036f0439d6ade7,GlobalSign nv-sa,396,1,sha256WithRSAEncryption,4096,RSA,1,v3,0,0
onedscolprdcus17.centralus.cloudapp.azure.com,47e722e169ba40231ba47435f29e320b18c2573be5702449f0061865ec3316ab,Microsoft Corporation,180,1,sha384WithRSAEncryption,2048,RSA,1,v3,0,0
onedscolprdcus06.centralus.cloudapp.azure.com,47e722e169ba40231ba47435f29e320b18c2573be5702449f0061865ec3316ab,Microsoft Corporation,180,1,sha384WithRSAEncryption,2048,RSA,1,v3,0,0
api.lab.amplitude.com,6b3d43993c18f73641eb3353542665b9167d4053f734c6c146054ffe65785ff3,GlobalSign nv-sa,396,1,sha256WithRSAEncryption,2048,RSA,1,v3,0,0
init-cdn-lb.ess-apple.com.akadns.net,5433701739e6a6d8a0807b280800b47d578ff1add78d1615398cc8ed11481b76,Apple Inc.,88,1,ecdsa-with-SHA256,256,EC,1,v3,0,0
onedscolprdeus14.eastus.cloudapp.azure.com,b77a90af591a51ebddc61440a1a71ac51d32e1c3643233fc0bf0476b50b46253,Microsoft Corporation,180,1,sha384WithRSAEncryption,2048,RSA,1,v3,0,0
onedscolprdcus01.centralus.cloudapp.azure.com,47e722e169ba40231ba47435f29e320b18c2573be5702449f0061865ec3316ab,Microsoft Corporation,180,1,sha384WithRSAEncryption,2048,RSA,1,v3,0,0
vat-bid.adsrvr.org,ea25c7602a630c77115f6e1b188a7f3d468ce1b57a5b4a233c288887d49cc7a8,GlobalSign nv-sa,393,1,sha256WithRSAEncryption,2048,RSA,1,v3,0,0
onedscolprdcus05.centralus.cloudapp.azure.com,47e722e169ba40231ba47435f29e320b18c2573be5702449f0061865ec3316ab,Microsoft Corporation,180,1,sha384WithRSAEncryption,2048,RSA,1,v3,0,0
grs.dbankcloud.com,05d65a34daed428460eca7a5a489e5b8ff4e03fa9fddffb0b8585ac18d2356b8,Huawei,730,0,sha256WithRSAEncryption,256,EC,1,v3,0,0
beacon-sjc2.rubiconproject.com,cf0f7e0d169043255e99a0d497bb120f73f9a2076711b8ae5ed0b4ff8767340f,DigiCert Inc,198,1,sha256WithRSAEncryption,2048,RSA,1,v3,0,0
onedscolprdcus09.centralus.cloudapp.azure.com,47e722e169ba40231ba47435f29e320b18c2573be5702449f0061865ec3316ab,Microsoft Corporation,180,1,sha384WithRSAEncryption,2048,RSA,1,v3,0,0
onedscolprdeus13.eastus.cloudapp.azure.com,b77a90af591a51ebddc61440a1a71ac51d32e1c3643233fc0bf0476b50b46253,Microsoft Corporation,180,1,sha384WithRSAEncryption,2048,RSA,1,v3,0,0
admixer.net,9675d92029e8972416e33c1fe086f82c8f02fe141d721ffd9a5c7ed9d78c0141,Sectigo Limited,395,1,sha256WithRSAEncryption,2048,RSA,1,v3,0,0
onedscolprdcus11.centralus.cloudapp.azure.com,47e722e169ba40231ba47435f29e320b18c2573be5702449f0061865ec3316ab,Microsoft Corporation,180,1,sha384WithRSAEncryption,2048,RSA,1,v3,0,0
stats.gc.apple.com,4c84a50a95f0b4187363b8bec5e4c4c768bdcb9327e395345c81ebcfb98217b5,Apple Inc.,393,1,ecdsa-with-SHA256,256,EC,1,v3,0,0
onedscolprdcus07.centralus.cloudapp.azure.com,47e722e169ba40231ba47435f29e320b18c2573be5702449f0061865ec3316ab,Microsoft Corporation,180,1,sha384WithRSAEncryption,2048,RSA,1,v3,0,0
onedscolprdcus02.centralus.cloudapp.azure.com,47e722e169ba40231ba47435f29e320b18c2573be5702449f0061865ec3316ab,Microsoft Corporation,180,1,sha384WithRSAEncryption,2048,RSA,1,v3,0,0
pickasso.spotifycdn.com,892198875a83d8fd504e48455aa2fe688ca7e7a84bfb63828e9c8ad2783b12bf,GlobalSign nv-sa,396,1,sha256WithRSAEncryption,2048,RSA,1,v3,0,0
ei.rlcdn.com,bdeaecb4104eb51268e215b85cafcaddc1ed6e6adaec991fd87b642dad30b195,Sectigo Limited,393,1,sha256WithRSAEncryption,2048,RSA,1,v3,0,0
onedscolprdeus10.eastus.cloudapp.azure.com,b77a90af591a51ebddc61440a1a71ac51d32e1c3643233fc0bf0476b50b46253,Microsoft Corporation,180,1,sha384WithRSAEncryption,2048,RSA,1,v3,0,0
onedscolprdcus14.centralus.cloudapp.azure.com,47e722e169ba40231ba47435f29e320b18c2573be5702449f0061865ec3316ab,Microsoft Corporation,180,1,sha384WithRSAEncryption,2048,RSA,1,v3,0,0
safety-alert.apple.com,59ca3e5bafc60cd74eb22cbb94fe3f7f34f1620f2b6e5dd46529c77b6f837faa,Apple Inc.,147,1,ecdsa-with-SHA256,256,EC,1,v3,0,0
atm-settingsfe-prod-geo2.trafficmanager.net,4a92c0bc76754acab9cb8f89e57a7b016b94b302fe99fe9c6308a7ad2e1aa641,Microsoft Corporation,180,1,sha384WithRSAEncryption,2048,RSA,1,v3,0,0
onedscolprdcus19.centralus.cloudapp.azure.com,47e722e169ba40231ba47435f29e320b18c2573be5702449f0061865ec3316ab,Microsoft Corporation,180,1,sha384WithRSAEncryption,2048,RSA,1,v3,0,0
onedscolprdeus19.eastus.cloudapp.azure.com,b77a90af591a51ebddc61440a1a71ac51d32e1c3643233fc0bf0476b50b46253,Microsoft Corporation,180,1,sha384WithRSAEncryption,2048,RSA,1,v3,0,0
onedscolprdeus09.eastus.cloudapp.azure.com,b77a90af591a51ebddc61440a1a71ac51d32e1c3643233fc0bf0476b50b46253,Microsoft Corporation,180,1,sha384WithRSAEncryption,2048,RSA,1,v3,0,0
onedscolprdcus13.centralus.cloudapp.azure.com,47e722e169ba40231ba47435f29e320b18c2573be5702449f0061865ec3316ab,Microsoft Corporation,180,1,sha384WithRSAEncryption,2048,RSA,1,v3,0,0
onedscolprdeus20.eastus.cloudapp.azure.com,b77a90af591a51ebddc61440a1a71ac51d32e1c3643233fc0bf0476b50b46253,Microsoft Corporation,180,1,sha384WithRSAEncryption,2048,RSA,1,v3,0,0
onedscolprdcus03.centralus.cloudapp.azure.com,47e722e169ba40231ba47435f29e320b18c2573be5702449f0061865ec3316ab,Microsoft Corporation,180,1,sha384WithRSAEncryption,2048,RSA,1,v3,0,0
onedscolprdeus21.eastus.cloudapp.azure.com,b77a90af591a51ebddc61440a1a71ac51d32e1c3643233fc0bf0476b50b46253,Microsoft Corporation,180,1,sha384WithRSAEncryption,2048,RSA,1,v3,0,0
onedscolprdcus00.centralus.cloudapp.azure.com,47e722e169ba40231ba47435f29e320b18c2573be5702449f0061865ec3316ab,Microsoft Corporation,180,1,sha384WithRSAEncryption,2048,RSA,1,v3,0,0
onedscolprdeus02.eastus.cloudapp.azure.com,b77a90af591a51ebddc61440a1a71ac51d32e1c3643233fc0bf0476b50b46253,Microsoft Corporation,180,1,sha384WithRSAEncryption,2048,RSA,1,v3,0,0
onedscolprdeus12.eastus.cloudapp.azure.com,b77a90af591a51ebddc61440a1a71ac51d32e1c3643233fc0bf0476b50b46253,Microsoft Corporation,180,1,sha384WithRSAEncryption,2048,RSA,1,v3,0,0
onedscolprdcus23.centralus.cloudapp.azure.com,47e722e169ba40231ba47435f29e320b18c2573be5702449f0061865ec3316ab,Microsoft Corporation,180,1,sha384WithRSAEncryption,2048,RSA,1,v3,0,0
createpdf.acrobat.com,cf38045b2f3f992ea9b212ef3e2279ea979cb0ddcc46996315836767d226a73b,DigiCert Inc,396,1,sha256WithRSAEncryption,2048,RSA,1,v3,0,0
onedscolprdeus07.eastus.cloudapp.azure.com,b77a90af591a51ebddc61440a1a71ac51d32e1c3643233fc0bf0476b50b46253,Microsoft Corporation,180,1,sha384WithRSAEncryption,2048,RSA,1,v3,0,0
onedscolprdeus15.eastus.cloudapp.azure.com,b77a90af591a51ebddc61440a1a71ac51d32e1c3643233fc0bf0476b50b46253,Microsoft Corporation,180,1,sha384WithRSAEncryption,2048,RSA,1,v3,0,0
xiaomi.com,cbddb4da4ba5c41ca4212f8ed8fe243790cd2ce5908733bed5ca64d0a81dfc1d,DigiCert Inc,396,1,sha256WithRSAEncryption,2048,RSA,1,v3,0,0
onedscolprdeus08.eastus.cloudapp.azure.com,b77a90af591a51ebddc61440a1a71ac51d32e1c3643233fc0bf0476b50b46253,Microsoft Corporation,180,1,sha384WithRSAEncryption,2048,RSA,1,v3,0,0
proximity-a.wbx2.com,1088d114c15e4e1f4fdf6b7ca0a96b0107f199193d238a0c79b3fad20dcff926,IdenTrust,198,1,sha256WithRSAEncryption,2048,RSA,1,v3,0,0
valid.origin-apple.com.akadns.net,5433701739e6a6d8a0807b280800b47d578ff1add78d1615398cc8ed11481b76,Apple Inc.,88,1,ecdsa-with-SHA256,256,EC,1,v3,0,0
pub.doubleverify.com,1c9dd9c31820861309290992e4e218a2e9a33718f70b1a2da65ac8e96efb6049,Google Trust Services,90,1,ecdsa-with-SHA256,256,EC,1,v3,0,0
onedscolprdeus22.eastus.cloudapp.azure.com,b77a90af591a51ebddc61440a1a71ac51d32e1c3643233fc0bf0476b50b46253,Microsoft Corporation,180,1,sha384WithRSAEncryption,2048,RSA,1,v3,0,0
onedscolprdcus12.centralus.cloudapp.azure.com,47e722e169ba40231ba47435f29e320b18c2573be5702449f0061865ec3316ab,Microsoft Corporation,180,1,sha384WithRSAEncryption,2048,RSA,1,v3,0,0
array807.prod.do.dsp.mp.microsoft.com,9e08133baf26405d6d8acdfcdb01010d746a3642f550b71ba4dbc0e792e1986c,Microsoft Corporation,365,1,ecdsa-with-SHA384,256,EC,1,v3,0,0
a.c.appier.net,0780ee5e0fc5795758d4e9cc689bafb0057b26448352cc351362592c1bc72f0b,Google Trust Services,89,1,sha256WithRSAEncryption,2048,RSA,1,v3,0,0
onedscolprdcus08.centralus.cloudapp.azure.com,47e722e169ba40231ba47435f29e320b18c2573be5702449f0061865ec3316ab,Microsoft Corporation,180,1,sha384WithRSAEncryption,2048,RSA,1,v3,0,0
tubemogul.com,99b15e7d5080396c327260f415d436d4bf4b757f561e1c440e5f57afb1298747,GlobalSign nv-sa,396,1,sha256WithRSAEncryption,2048,RSA,1,v3,0,0
onedscolprdcus10.centralus.cloudapp.azure.com,47e722e169ba40231ba47435f29e320b18c2573be5702449f0061865ec3316ab,Microsoft Corporation,180,1,sha384WithRSAEncryption,2048,RSA,1,v3,0,0
onedscolprdcus20.centralus.cloudapp.azure.com,47e722e169ba40231ba47435f29e320b18c2573be5702449f0061865ec3316ab,Microsoft Corporation,180,1,sha384WithRSAEncryption,2048,RSA,1,v3,0,0
onedscolprdeus17.eastus.cloudapp.azure.com,b77a90af591a51ebddc61440a1a71ac51d32e1c3643233fc0bf0476b50b46253,Microsoft Corporation,180,1,sha384WithRSAEncryption,2048,RSA,1,v3,0,0
onedscolprdeus03.eastus.cloudapp.azure.com,b77a90af591a51ebddc61440a1a71ac51d32e1c3643233fc0bf0476b50b46253,Microsoft Corporation,180,1,sha384WithRSAEncryption,2048,RSA,1,v3,0,0
rtd-tm.everesttech.net,75828155d6db3fcca56f3a3037f8450dd67296b6a405666e14baed52f5856a99,GlobalSign nv-sa,396,1,sha256WithRSAEncryption,2048,RSA,1,v3,0,0
eu-west-1-cs-rtb.openwebmp.com,53d9a01f663cd6f8918ae99dd6198fb43fb44af1a90e1132b62bdb66c3b7be79,Google Trust Services,90,1,sha256WithRSAEncryption,2048,RSA,1,v3,0,0
onedscolprdcus04.centralus.cloudapp.azure.com,47e722e169ba40231ba47435f29e320b18c2573be5702449f0061865ec3316ab,Microsoft Corporation,180,1,sha384WithRSAEncryption,2048,RSA,1,v3,0,0
onedscolprdeus01.eastus.cloudapp.azure.com,b77a90af591a51ebddc61440a1a71ac51d32e1c3643233fc0bf0476b50b46253,Microsoft Corporation,180,1,sha384WithRSAEncryption,2048,RSA,1,v3,0,0
onedscolprdeus05.eastus.cloudapp.azure.com,b77a90af591a51ebddc61440a1a71ac51d32e1c3643233fc0bf0476b50b46253,Microsoft Corporation,180,1,sha384WithRSAEncryption,2048,RSA,1,v3,0,0
mfx.mobilefuse.com,ca27d8b22167cf7e0c27e072c5c380fca90241f86b808f38dfa4d9bbb609ea3a,Amazon,394,1,sha256WithRSAEncryption,2048,RSA,1,v3,0,0
onedscolprdeus23.eastus.cloudapp.azure.com,b77a90af591a51ebddc61440a1a71ac51d32e1c3643233fc0bf0476b50b46253,Microsoft Corporation,180,1,sha384WithRSAEncryption,2048,RSA,1,v3,0,0
streamingapi-ford-soa-24-prod-360.mountain.siriusxm.com,9a7a2a1f0f58870dfa49d5c107ecf14e500a997f4302ff53437dec42d82cfcaa,"GoDaddy.com, Inc.",198,1,sha256WithRSAEncryption,2048,RSA,1,v3,0,0
cdn.optable.co,0fc4cbc45b7499b044a32279fbeaeb6a1912fd1aab8965042860d2581e425a1a,Google Trust Services,90,1,sha256WithRSAEncryption,2048,RSA,1,v3,0,0
check.analytics.rlcdn.com,a83dfc01f7d2f5e3896728597937dfaedb1601caecb59c179f4c057baf24bca4,Amazon,394,1,sha256WithRSAEncryption,2048,RSA,1,v3,0,0
onedscolprdeus06.eastus.cloudapp.azure.com,b77a90af591a51ebddc61440a1a71ac51d32e1c3643233fc0bf0476b50b46253,Microsoft Corporation,180,1,sha384WithRSAEncryption,2048,RSA,1,v3,0,0
onedscolprdeus11.eastus.cloudapp.azure.com,b77a90af591a51ebddc61440a1a71ac51d32e1c3643233fc0bf0476b50b46253,Microsoft Corporation,180,1,sha384WithRSAEncryption,2048,RSA,1,v3,0,0
api16-dual-event-sg2.pangle.io,41d33de318b8c91d2501c52a4e589afc36b069051608f18bac90701cae077041,DigiCert Inc,364,1,ecdsa-with-SHA256,256,EC,1,v3,0,0
onedscolprdeus16.eastus.cloudapp.azure.com,b77a90af591a51ebddc61440a1a71ac51d32e1c3643233fc0bf0476b50b46253,Microsoft Corporation,180,1,sha384WithRSAEncryption,2048,RSA,1,v3,0,0
onedscolprdeus18.eastus.cloudapp.azure.com,b77a90af591a51ebddc61440a1a71ac51d32e1c3643233fc0bf0476b50b46253,Microsoft Corporation,180,1,sha384WithRSAEncryption,2048,RSA,1,v3,0,0
tracker.samplicio.us,878f3588bf2564d693be658d602954e77e09dcf8ddcac63eafb836d6401a0f0d,Amazon,394,1,sha256WithRSAEncryption,2048,RSA,1,v3,0,0
createpdf-asr.acrobat.com,cf38045b2f3f992ea9b212ef3e2279ea979cb0ddcc46996315836767d226a73b,DigiCert Inc,396,1,sha256WithRSAEncryption,2048,RSA,1,v3,0,0
sf16-ies-music-sg.tiktokcdn.com,a6ab6ddf5871c8dc0842be350b4ff4ac95f4b2525697ea18bfecb033280d80dd,DigiCert Inc,198,1,ecdsa-with-SHA256,256,EC,1,v3,0,0
uts-api.itunes.apple.com,74a420989df151bbbb7945e7e0269061f5e16d5fdafa951f1d2fa5abf721544d,Apple Inc.,188,1,sha256WithRSAEncryption,2048,RSA,1,v3,0,0
amp-api.music.apple.com,72ca15416ce3be68edbc64b012628953a17078f4c91e69a767fcdc2983c4ce67,Apple Inc.,189,1,sha256WithRSAEncryption,2048,RSA,1,v3,0,0
jwpltx.com,d1645cf35aafd75f2e912fc7b1e4f2913c5a1eb9c2e910177e59cfece6a0805d,Amazon,394,1,sha256WithRSAEncryption,2048,RSA,1,v3,0,0
onedscolprdeus04.eastus.cloudapp.azure.com,b77a90af591a51ebddc61440a1a71ac51d32e1c3643233fc0bf0476b50b46253,Microsoft Corporation,180,1,sha384WithRSAEncryption,2048,RSA,1,v3,0,0
onedscolprdeus00.eastus.cloudapp.azure.com,b77a90af591a51ebddc61440a1a71ac51d32e1c3643233fc0bf0476b50b46253,Microsoft Corporation,180,1,sha384WithRSAEncryption,2048,RSA,1,v3,0,0
solutions.cdn.optable.co,9c5e9357adc86f28fec897ca51482f37135f5b2675a2f5e49f17c8e5c0cb7854,Google Trust Services,90,1,sha256WithRSAEncryption,2048,RSA,1,v3,0,0
pull-f5-tt01.tiktokcdn-us.com,a288f93fed597e34ea5906dd23bbc45c7a3749ffbce3ddaf3a025f70dd12cb20,DigiCert Inc,396,1,sha256WithRSAEncryption,2048,RSA,1,v3,0,0
entitlements.jwplayer.com,ca81aca91d643327cac6601f4d6717e51ed1a2168b32f1e501835f8c7e544f67,Amazon,394,1,sha256WithRSAEncryption,2048,RSA,1,v3,0,0
dualstack.reddit.map.fastly.net,4026117dc787e06ade1c02a778dd486b83e3c9ee2f3d9b1c44a8696df1fdea92,DigiCert Inc,179,1,sha256WithRSAEncryption,2048,RSA,1,v3,0,0
adtelligent.com,2f7be68dfc4c9a6b476b3539434e454fb4f2b19dc70736f8382b0c72f5c3d1af,Sectigo Limited,396,1,sha256WithRSAEncryption,2048,RSA,1,v3,0,0
performancematters.com,ea0f50a15436386f6b58fb483e8b23dc949cebc65430e822454cab7b4b716a9c,Let's Encrypt,89,1,sha256WithRSAEncryption,2048,RSA,1,v3,0,0
di.rlcdn.com,bdeaecb4104eb51268e215b85cafcaddc1ed6e6adaec991fd87b642dad30b195,Sectigo Limited,393,1,sha256WithRSAEncryption,2048,RSA,1,v3,0,0
ln-0002.ln-msedge.net,f60432340206699274e86218c2ec6573bdd3831544d0f609bf66baecc55458b7,Microsoft Corporation,180,1,sha384WithRSAEncryption,2048,RSA,1,v3,0,0
postnav-edge.smartscreen.microsoft.com,f7d67c9a885524171868b01b708f0a87a3b3fd0c3656ac74f150d9e0dc56f602,Microsoft Corporation,180,1,sha384WithRSAEncryption,2048,RSA,1,v3,0,0
y.clarity.ms,336b9f94186d98a9299ac5906a5bcab4cbf039b576198163316a095347e1a803,Microsoft Corporation,180,1,sha384WithRSAEncryption,2048,RSA,1,v3,0,0
pull-f5-tt02.tiktokcdn-us.com,a288f93fed597e34ea5906dd23bbc45c7a3749ffbce3ddaf3a025f70dd12cb20,DigiCert Inc,396,1,sha256WithRSAEncryption,2048,RSA,1,v3,0,0
router.infolinks.com,f27e41266a47621a2482991b20231fece3830e67dcdde8bb4bb8e584e4d7764f,Google Trust Services,90,1,ecdsa-with-SHA256,256,EC,1,v3,0,0
api.company-target.com,9fbb06dcf211ab6bcb13a0a5ac31ab774e5d68fcf0405a6cd3c5674977db8828,Amazon,394,1,sha256WithRSAEncryption,2048,RSA,1,v3,0,0
js-cdn.dynatrace.com,c22ff72e27f6c1b08521ed850b4f02e75f950768473220136afa5f1c7251001d,Amazon,393,1,sha256WithRSAEncryption,2048,RSA,1,v3,0,0
array618.prod.do.dsp.mp.microsoft.com,9e08133baf26405d6d8acdfcdb01010d746a3642f550b71ba4dbc0e792e1986c,Microsoft Corporation,365,1,ecdsa-with-SHA384,256,EC,1,v3,0,0
hbrcv.adobe.com,3dcdbf369e2e3a61251183064c6b45ee20f98ac009f7549fb1e3c33e43ae3de1,DigiCert Inc,396,1,sha256WithRSAEncryption,4096,RSA,1,v3,0,0
api.stores.us-east-1.prod.paets.advertising.amazon.dev,6124fabbbbcd8f38cc01684fbfcbbefc08b6f0f5f4aeaa644ad2d0096873511b,Amazon,197,1,sha256WithRSAEncryption,2048,RSA,1,v3,0,0
s.tribalfusion.com,22aa308d9d100a4749d8d85d74f629193cbd3f7e600f298a4b05859844dddccb,Google Trust Services,90,1,ecdsa-with-SHA256,256,EC,1,v3,0,0
people-companion.public.onecdn.static.microsoft,55810265291dac13189d973bdf51d9a028da0b04fe47a2d8108ce670fd4a965c,Microsoft Corporation,360,1,sha384WithRSAEncryption,2048,RSA,1,v3,0,0
sandbox.itunes-apple.com.akadns.net,792ce717b665ca8a0aedf9f7a3ba68bd15b7bf81da354e2c7dc4869bf9f22e62,DigiCert Inc,365,1,ecdsa-with-SHA384,256,EC,1,v3,0,0
bazaarvoice.com,146547cddc3112f365a1e72f7d1ee3b1640419aa4c697d2d3c4627fd4cc3bcd7,Let's Encrypt,89,1,sha256WithRSAEncryption,2048,RSA,1,v3,0,0
salesforce-scrt.com,30807146a0cee1775c5eb31d05291fe603bd61b89d24d28cfeb9effbe47636e2,DigiCert Inc,363,1,ecdsa-with-SHA384,2048,RSA,1,v3,0,0
nam02.safelinks.protection.outlook.com,20ee41fbfd26c1eec6a3ef14d9d846b05068e00b71b36e80aaf380445c02ecdf,Microsoft Corporation,360,1,sha384WithRSAEncryption,2048,RSA,1,v3,0,0
app.link,a277f692b0a68e6f4224d42c7879a75a6d1b23c59f4fb489690756d52012394f,Amazon,393,1,sha256WithRSAEncryption,2048,RSA,1,v3,0,0
device-api.urbanairship.com,6e30f0f7e081345a48fdb43b07ca30289eb3cd31b03203352e0a7f45c4a2732f,DigiCert Inc,371,1,sha256WithRSAEncryption,2048,RSA,1,v3,0,0
mediarithmics.com,e8750a194d8d1d53993170e6f6156abd78024ff3fec172ddd3f472ea40dd7227,Gandi SAS,379,0,sha256WithRSAEncryption,2048,RSA,1,v3,0,0
cdn.evgnet.com,7123ac72164b9f442006c36d7a6fd9e17291d6b3f3ed87892528911ef573072b,DigiCert Inc,146,1,sha256WithRSAEncryption,2048,RSA,1,v3,0,0
hangouts.clients6.google.com,368322a003a6b9f08065139b1ef9e13e6469a65169c8003fdd2f5f536d236360,Google Trust Services,83,1,ecdsa-with-SHA256,256,EC,1,v3,0,0
amp-api-apps-akam.itunes-apple.com.akadns.net,17051731d6fc0546f4d7bece8641fd3212baf03c50e1199c8ba723444962157a,Apple Inc.,183,1,sha256WithRSAEncryption,2048,RSA,1,v3,0,0
usercentrics.eu,2a13cc9681fba0dbfe1138e8eb625977d108a302f4e5f62fc500f5cc835d273d,Google Trust Services,90,1,sha256WithRSAEncryption,2048,RSA,1,v3,0,0
cl2-cdn.origin-apple.com.akadns.net,5433701739e6a6d8a0807b280800b47d578ff1add78d1615398cc8ed11481b76,Apple Inc.,88,1,ecdsa-with-SHA256,256,EC,1,v3,0,0
cognito-identity.us-east-1.amazonaws.com,0a487fae39bf83729d83dbe9b4f759538d23fb1a8a8c350e7ee2a8184a26abb2,Amazon,394,1,sha256WithRSAEncryption,2048,RSA,1,v3,0,0
public-cdn.cloud.unity3d.com,2912731e1dd2274c8aa131ebbf4d8337c02282b946928f077a158d34e0fecb45,DigiCert Inc,367,1,ecdsa-with-SHA384,256,EC,1,v3,0,0
engagements.appsflyer.com,c93d2b20225945712e04714d19950eab7ecbe468204a3acc098847403524a995,Amazon,394,1,sha256WithRSAEncryption,2048,RSA,1,v3,0,0
array503.prod.do.dsp.mp.microsoft.com,9e08133baf26405d6d8acdfcdb01010d746a3642f550b71ba4dbc0e792e1986c,Microsoft Corporation,365,1,ecdsa-with-SHA384,256,EC,1,v3,0,0
jsdelivr.map.fastly.net,d0e68d0811057e0c2a0dc7e0edae9e18c87432123d56439862cda2086f645bb0,GlobalSign nv-sa,396,1,sha256WithRSAEncryption,2048,RSA,1,v3,0,0
content-storage-download.googleapis.com,e41a73a512fe54c74c6a795d30e246fbee504f2edf31924d82ecc719b96a55d3,Google Trust Services,83,1,ecdsa-with-SHA256,256,EC,1,v3,0,0
usync.ingage.tech,e2a2be73e941977734f42c35012d7ec41ec412199c1b08d1f82e2c409a31d3c0,Sectigo Limited,385,1,sha256WithRSAEncryption,2048,RSA,1,v3,0,0
discord.com,7a993b081d0fa29c6da59532cebe5b2006731ad476bd5795fa6341b67016b819,Google Trust Services,90,1,ecdsa-with-SHA256,256,EC,1,v3,0,0
v16m.tiktokcdn.com,a6ab6ddf5871c8dc0842be350b4ff4ac95f4b2525697ea18bfecb033280d80dd,DigiCert Inc,198,1,ecdsa-with-SHA256,256,EC,1,v3,0,0
wordonline.nel.measure.office.net,bcd8fd0cb8eb81d4f3a39caf11efcd1ab869e9451e3ce417579a863b3187f21a,Microsoft Corporation,180,1,ecdsa-with-SHA384,256,EC,1,v3,0,0
auth.services.adobe.com,bd169e94e787140f4ab915bf7506e2b611b88b886c592c90b1d659ded4b04d76,DigiCert Inc,396,1,sha256WithRSAEncryption,2048,RSA,1,v3,0,0
census-app.scorecardresearch.com,e47e6a181fa99e281340e9713bb9b9425b41c0be0946de1be6121646ee341500,Sectigo Limited,198,1,sha256WithRSAEncryption,2048,RSA,1,v3,0,0
www.google.com.br,bfff23d86e4c876ded2ab77c87d9bb92c7ea6688d823aeda541dacdb60480b49,Google Trust Services,83,1,ecdsa-with-SHA256,256,EC,1,v3,0,0
update.adsrvr.org,3d490787af0f627de2c0b0670de0d6b4a3ad97444dbeaf81a3776702ba0841a7,Let's Encrypt,89,1,ecdsa-with-SHA384,256,EC,1,v3,0,0
fa000000128.resources.office.net,0db841e1575f1366181a40f352366e7c725bc23ec5ece53c42dce4c8d0e5f769,Microsoft Corporation,198,1,ecdsa-with-SHA384,256,EC,1,v3,0,0
mp.4dex.io,9da7bebed608a1e75574c95c7004453ed6e4ae6aa9480e4dfedf56be1a0d7d9a,Google Trust Services,90,1,ecdsa-with-SHA256,256,EC,1,v3,0,0
api-apac.flightproxy.teams.microsoft.com,84a4d270ca7f1025d84abffaf69ea41096a90a7b407050f50482f4ad34989198,Microsoft Corporation,180,1,sha384WithRSAEncryption,2048,RSA,1,v3,0,0
s.update.adsrvr.org,3d490787af0f627de2c0b0670de0d6b4a3ad97444dbeaf81a3776702ba0841a7,Let's Encrypt,89,1,ecdsa-with-SHA384,256,EC,1,v3,0,0
rakuten.com,fc08d430ead8cf5e9463ebf893581e7d525629354832ab9074f9b0ef66b6113e,DigiCert Inc,385,1,sha256WithRSAEncryption,2048,RSA,1,v3,0,0
meetings.clients6.google.com,368322a003a6b9f08065139b1ef9e13e6469a65169c8003fdd2f5f536d236360,Google Trust Services,83,1,ecdsa-with-SHA256,256,EC,1,v3,0,0
impression.appsflyer.com,b8dace39cb3636e8a4e5e5e8bde8ab40bf521ea3747b8173c35efdef76f69973,Amazon,394,1,sha256WithRSAEncryption,2048,RSA,1,v3,0,0
ocps.webex.com,415f4f8f8f553092a5085eee4a6a27114f4cb8c0db6f2c63f599ce94b6e42b96,IdenTrust,74,1,sha256WithRSAEncryption,2048,RSA,1,v3,0,0
adingo.jp,43797000b906310a502a79ab4bdf57cf3254159b21ab5f9be52cce6275ffb5e7,Amazon,197,1,sha256WithRSAEncryption,2048,RSA,1,v3,0,0
tr-ofc-atm.office.com,ebb9af7a64ac2ab0bed90088fb40cd06eefe2bcc490c1f574f95d83806d17bfa,Microsoft Corporation,180,1,sha384WithRSAEncryption,2048,RSA,1,v3,0,0
widgets.outbrain.com,35a549f441d5e0eeb614fda48f1759fa4241daa342df9366f94c997124ca1513,DigiCert Inc,367,1,sha256WithRSAEncryption,2048,RSA,1,v3,0,0
tr-ofc-mira.office.com,394e114f9601996c0a534b8d664c906bab7cb6f7f58c5f2449f13408dab5a0df,DigiCert Inc,198,1,sha256WithRSAEncryption,2048,RSA,1,v3,0,0
osano.com,40e78674406f85c11716a99b44049c02dc24bd8bd80b525e586f4e5a01425166,Google Trust Services,90,1,ecdsa-with-SHA256,256,EC,1,v3,0,0
portal.office.com,7c6e4a3efbd154ed2a47884547f4d6229564814c55f4cc8df6408c8634e30bef,Microsoft Corporation,180,1,sha384WithRSAEncryption,2048,RSA,1,v3,0,0
known-issues.apple.com,b1284cad77c95138e15a589512de47b6b79ad7b04d7e3f8e0d249a764ea34be9,Apple Inc.,86,1,ecdsa-with-SHA256,256,EC,1,v3,0,0
idportal-cdn-prd.unity.com,05307ee93955b3002703bc819160731ecd9af745988a8a8f6fa191b98a43c1fd,DigiCert Inc,368,1,ecdsa-with-SHA384,256,EC,1,v3,0,0
id.rtb.mx,c8f015ea0efe7a4b642c61ed16bff6f5b3c568475c08ddbc8c8f5b45db10b6c3,Let's Encrypt,89,1,ecdsa-with-SHA384,256,EC,1,v3,0,0
cookie-matching.mediarithmics.com,e8750a194d8d1d53993170e6f6156abd78024ff3fec172ddd3f472ea40dd7227,Gandi SAS,379,0,sha256WithRSAEncryption,2048,RSA,1,v3,0,0
ax-0002.ax-msedge.net,f60432340206699274e86218c2ec6573bdd3831544d0f609bf66baecc55458b7,Microsoft Corporation,180,1,sha384WithRSAEncryption,2048,RSA,1,v3,0,0
pull-flv-f77-tt01.tiktokcdn-us.com,855bb386c423dfa9dfb3ac824ff1d521ff6e916a41cbd3d7557207233ead973f,Let's Encrypt,89,1,ecdsa-with-SHA384,256,EC,1,v3,0,0
vidstat.taboola.com,d47c9790f81d639ec28d7660f39890f34926ecbfc928147f6b49a41e7cebf10d,DigiCert Inc,386,1,sha256WithRSAEncryption,2048,RSA,1,v3,0,0
acsegateway.icloud.com,4d60fc3e06566f486750e3117490e7febf3eeb18cafabdd80e483c6b05f3b605,Apple Inc.,388,1,ecdsa-with-SHA256,256,EC,1,v3,0,0
firebaseappcheck.googleapis.com,c96df46cd4d4baab16c15705b3fdf7748c83cb18d221814df697965aa44ced44,Google Trust Services,83,1,ecdsa-with-SHA256,256,EC,1,v3,0,0
pac.zscalerone.net,c7583e5759aacd774ffba5fb8f2ee36333321659deda01708238acf6ff600b19,DigiCert Inc,364,1,sha256WithRSAEncryption,2048,RSA,1,v3,0,0
s.c.appier.net,0780ee5e0fc5795758d4e9cc689bafb0057b26448352cc351362592c1bc72f0b,Google Trust Services,89,1,sha256WithRSAEncryption,2048,RSA,1,v3,0,0
avs-alexa-14-na.amazon.com,bbb5e6555bae65d12bb8a9520995a7f407a44a7d2c06ce2e559127d1a46467d5,Amazon,284,1,sha256WithRSAEncryption,2048,RSA,1,v3,0,0
pull-flv-f77-tt02.tiktokcdn-us.com,fac6aaf0e67aa855ff1a5b376ff57e5b2b0881565f8d511a874ce60f0ef894ec,Let's Encrypt,89,1,ecdsa-with-SHA384,256,EC,1,v3,0,0
pubmatic-match.dotomi.com,6f9666fb3281f1da33eb16c6c6707f9abbebfecae87d5d83901318e39f895ef0,GlobalSign nv-sa,396,1,sha256WithRSAEncryption,2048,RSA,1,v3,0,0
aiinfrastructure.static.microsoft,50c82e27f8ec7161dc9f287a8ac40fb4fd71492982b578e7dceaed10b1c89c2b,Microsoft Corporation,180,1,sha384WithRSAEncryption,2048,RSA,1,v3,0,0
balena-cloud.com,c8dc1f421792935afdbce02285fa0008960aa8e6314a82072fadbeb6ac0ac1fb,Google Trust Services,90,1,ecdsa-with-SHA256,256,EC,1,v3,0,0
static.cdn.admatic.de,037903934807b1c437079e787ad90ab39bca5662ea33c4527d460a38fd6ff70e,Let's Encrypt,89,1,ecdsa-with-SHA384,256,EC,1,v3,0,0
aka.ms,8e99274d73984b8934f491c795228dddbf48794c16b49fc0d9169948e362db42,Microsoft Corporation,360,1,sha384WithRSAEncryption,2048,RSA,1,v3,0,0
onelink.me,f24584310d1d4e613a92aebe534a8cca5d13a5de8cf779c830d43c97e550b384,Amazon,197,1,sha256WithRSAEncryption,2048,RSA,1,v3,0,0
mc.yandex.ru,4f2346510df1fad99c390bb03caa3b1ee71a561824bdba2deadb4a87eb438686,GlobalSign nv-sa,162,1,ecdsa-with-SHA384,256,EC,1,v3,0,0
conn-service-us-04.allawnos.com,69093b5bbe824cc16ae438e1c31df5b0c9b5d766c9b1e9da39e29ef4dd604c77,DigiCert Inc,198,1,ecdsa-with-SHA384,256,EC,1,v3,0,0
nvidia.com,296058041dd8ebbaec2c119a4064fc353bde839cd054adef99377246f99f0bbd,Amazon,197,1,sha256WithRSAEncryption,2048,RSA,1,v3,0,0
bouncex.net,bc3a8134c21a842e64ea34d488826dd2ba50f59a3bcbaed1e6b71a4242de1478,DigiCert Inc,396,1,sha256WithRSAEncryption,256,EC,1,v3,0,0
tzm.protechts.net,267cc2d3a8bfccf605b38a74e10c0ee2b7cbbac49a79d96de95a8746db9f7d65,SSL2BUY EMEA LLC,395,0,ecdsa-with-SHA256,256,EC,1,v3,0,0
aidc.apple.com,db44dd54dfe258122ac287d5cba28f83093762808a45e6a206bb4924df5e91cc,Apple Inc.,195,1,sha256WithRSAEncryption,2048,RSA,1,v3,0,0
partners.paysafecard.com,0c25cb0064b81469587f18e3d911a34ca10fad3d761c59c4c1f5428d0a1ed93b,Amazon,394,1,sha256WithRSAEncryption,2048,RSA,1,v3,0,0
dataservice.protection.outlook.com,55370c959c34278001da0b3645f837daea27e4cebae643e11f70f55b61f6fd86,Microsoft Corporation,360,1,sha384WithRSAEncryption,2048,RSA,1,v3,0,0
fa000000136.resources.office.net,0db841e1575f1366181a40f352366e7c725bc23ec5ece53c42dce4c8d0e5f769,Microsoft Corporation,198,1,ecdsa-with-SHA384,256,EC,1,v3,0,0
2.tlu.dl.delivery.mp.microsoft.com,792ce717b665ca8a0aedf9f7a3ba68bd15b7bf81da354e2c7dc4869bf9f22e62,DigiCert Inc,365,1,ecdsa-with-SHA384,256,EC,1,v3,0,0
dmp.im-apps.net,38ee8211244bfc836019297713baad4d26a4ed37be0801006bf3e1b61a6ef8e0,DigiCert Inc,365,1,ecdsa-with-SHA384,256,EC,1,v3,0,0
assets.bounceexchange.com,8958753199eff26479e9d038fd6bbf758a0d3b7c99a1f2a1dfc2e28c83b3e87c,Google Trust Services,90,1,sha256WithRSAEncryption,2048,RSA,1,v3,0,0
edge-chat.facebook.com,fc4ced33b2b92e649e1de0dfdc30222aa2337648e25ddd8431b99cc78fb5f5df,DigiCert Inc,90,1,sha256WithRSAEncryption,256,EC,1,v3,0,0
static-forms.klaviyo.com,4fdf5142a8f7677febfb1f634741c3117aa7f776c79e43361dd01614e62fc46b,Let's Encrypt,89,1,sha256WithRSAEncryption,2048,RSA,1,v3,0,0
datadoghq.com,e2d0073507b93a41ce83cf18884cb3e30043a499eb119d6fbec4fb45598e7abd,DigiCert Inc,198,1,sha256WithRSAEncryption,2048,RSA,1,v3,0,0
tr-ofc-afdwac.office.com,36434063ebc97187efadca5b083e1981f0fffbc6f7b40cac91ea0bcbbfd46aa9,Microsoft Corporation,198,1,sha384WithRSAEncryption,2048,RSA,1,v3,0,0
cdn.brandmetrics.com,958e20b4669fba35de789f08a580c95e41a4b7b133f33f8601ffb4979813b58d,Google Trust Services,90,1,ecdsa-with-SHA256,256,EC,1,v3,0,0
array501.prod.do.dsp.mp.microsoft.com,9e08133baf26405d6d8acdfcdb01010d746a3642f550b71ba4dbc0e792e1986c,Microsoft Corporation,365,1,ecdsa-with-SHA384,256,EC,1,v3,0,0
ads.travelaudience.com,e5ce5ed22e26e3f1f1bb9ed02e76b0d38b842043891bb879a405d67d054ad31a,Let's Encrypt,89,1,sha256WithRSAEncryption,2048,RSA,1,v3,0,0
events.goskope.com,c85da983d18d4fe30b9406695e07589e657655ff92e0d2463db195ac21e6f33a,GlobalSign nv-sa,199,1,sha256WithRSAEncryption,3072,RSA,1,v3,0,0
api.bidmachine.io,9e0f70285b5b6b3f3b0e3d60f5de8de05f9c07bbdc680e7e5828e0783af3573c,Google Trust Services,90,1,ecdsa-with-SHA256,256,EC,1,v3,0,0
api.mapbox.com,dcf2dda0037e7cc8c4d9d6436a514ec23f0d8159ba820f87fc291ed18b174484,Amazon,393,1,sha256WithRSAEncryption,2048,RSA,1,v3,0,0
bat-bing-com.ax-0001.ax-msedge.net,f60432340206699274e86218c2ec6573bdd3831544d0f609bf66baecc55458b7,Microsoft Corporation,180,1,sha384WithRSAEncryption,2048,RSA,1,v3,0,0
adrta.com,76d2bfca5f9e1375753390d655b6113a2339eb0ecc9d31a049098a0afe656f5f,DigiCert Inc,394,1,sha256WithRSAEncryption,2048,RSA,1,v3,0,0
rokt.com,bfca1c28e245842f40d6302f9b4f2cb21221e855d666dc32f1626c5c89f8571b,Google Trust Services,90,1,ecdsa-with-SHA256,256,EC,1,v3,0,0
cksync.yahoo.co.jp,677373163b2ff600f23b34ac85effc03412baa62299d50d17154a23a0153531f,"Cybertrust Japan Co., Ltd.",395,0,sha256WithRSAEncryption,2048,RSA,1,v3,0,0
gspx-ssl.ls.apple.com,ac5753dc6ef7f498535fcaf796054d2335ef95c8fc68f3d7c11925bcff637277,Apple Inc.,85,1,ecdsa-with-SHA256,256,EC,1,v3,0,0
fl.cambiumtds.com,74c38ed739cfcae7be9ba65b789353427b287e80826c4e5ad0cf0246f9e60cd6,Amazon,394,1,sha256WithRSAEncryption,2048,RSA,1,v3,0,0
www.apple.com.edgekey.net,04183fea3b7dbc238985724a8b1d8fcb61bf5bb1007551250dbf3a4cf8c2c565,Apple Inc.,187,1,sha256WithRSAEncryption,2048,RSA,1,v3,0,0
adobe.net,0918984b65b1cbfc0a1170d82c8dd002b63846da506115a05ca4007aee101368,DigiCert Inc,396,1,sha256WithRSAEncryption,2048,RSA,1,v3,0,0
www.dropbox.com,6b8fb34dc21132c41dccea80426bdcdbb3ed0f5ae4f2608e8f1b80d5a2aa4ade,DigiCert Inc,198,1,ecdsa-with-SHA384,256,EC,1,v3,0,0
config.uca.cloud.unity3d.com,51df9742fd01f2a7a68ab64e36c625f3ef7f11b68757888930d12b813043a001,Google Trust Services,90,1,sha256WithRSAEncryption,2048,RSA,1,v3,0,0
b.ns1p.net,5ac1ddfa9cc47d054762f71beac4444482b18a892364ef5a2cea7f021b0652f3,DigiCert Inc,396,1,sha256WithRSAEncryption,2048,RSA,1,v3,0,0
heapanalytics.com,d2fbeb21e031acda9eda8232ee884342508699984c9cab4b680fa112ebb28678,Amazon,394,1,sha256WithRSAEncryption,2048,RSA,1,v3,0,0
js.hubspot.com,b3f9802c58fbab7ac4d3dab3bee4c0685736d00858fad2e5538e9b96fd4e3659,Google Trust Services,90,1,ecdsa-with-SHA256,256,EC,1,v3,0,0
att.launches.appsflyersdk.com,218e226aa548695000bb8ae1c0ec365d0e84deaf8da0716c9927a6385d907157,Amazon,394,1,sha256WithRSAEncryption,2048,RSA,1,v3,0,0
bat.bing.net,18d9b32cfa832373b36ea7e42e070007ccfa404dfcaddda16081ea77744c1976,Microsoft Corporation,130,1,sha384WithRSAEncryption,2048,RSA,1,v3,0,0
id.unity.com,116b3d8184398a6b18215e98a38d8e719dc2f8cf65ca555313243830ae162dac,Google Trust Services,90,1,sha256WithRSAEncryption,2048,RSA,1,v3,0,0
exchange.kueezrtb.com,570ed8d7086ebaf7ab457ddba59ce3fbbbc5e81fd32f727a1b08d1d58bdbef77,Sectigo Limited,396,1,sha256WithRSAEncryption,2048,RSA,1,v3,0,0
aes.us-east.ono.axp.amazon-adsystem.com,e523cca35f2319dc5de22d9a389a435e09653a2cd7f5e524746ee2c69695b169,Amazon,394,1,sha256WithRSAEncryption,2048,RSA,1,v3,0,0
versatranshosting.tylerhost.net,4469d50b795249c50669762ee29d72c3c651f0df9970c20529f5d102d77417fb,Sectigo Limited,365,1,sha256WithRSAEncryption,2048,RSA,1,v3,0,0
learningbeyondpaper.com,ea29c4a209f5501a7bf2a912b003f5ab77d53347926fb1d305d79fc6a406f84f,Let's Encrypt,89,1,sha256WithRSAEncryption,4096,RSA,1,v3,0,0
lms-cdn.learningbeyondpaper.com,dd1fb58427562fe5c6342c799c9f15a30d8fac0ce2d6b92d31d5e0cd47a8146d,Amazon,393,1,sha256WithRSAEncryption,2048,RSA,1,v3,0,0
cdp1.digicert.com.akamaized.net,792ce717b665ca8a0aedf9f7a3ba68bd15b7bf81da354e2c7dc4869bf9f22e62,DigiCert Inc,365,1,ecdsa-with-SHA384,256,EC,1,v3,0,0
mediagotechnology.com,93bdc95022044d240a473d15f1c9b0bef1eb107a54b875907394fffa53838e58,DigiCert Inc,364,1,sha256WithRSAEncryption,2048,RSA,1,v3,1,0
a124.dscd.akamai.net,792ce717b665ca8a0aedf9f7a3ba68bd15b7bf81da354e2c7dc4869bf9f22e62,DigiCert Inc,365,1,ecdsa-with-SHA384,256,EC,1,v3,0,0
ads.rubiconproject.com,eec79d0288334fe4199e2febdd56eaa1d16c9e3aedca3dce85c2e6b92f929dc7,DigiCert Inc,189,1,sha256WithRSAEncryption,256,EC,1,v3,0,0
t.teads.tv,3277d377c2988fe3547349a4d7e513fee6d46fad2c37f62d98c9b569adb8fabf,DigiCert Inc,198,1,sha256WithRSAEncryption,2048,RSA,1,v3,0,0
publishers.advertising.a2z.com,826f575d4b552b53d759768929e324ce6010e7c20f94c95f29e784ee18771fac,Amazon,197,1,sha256WithRSAEncryption,2048,RSA,1,v3,0,0
rtlog22-normal-alisg.tiktokv.com,08de96d6bdd367b833c92828009f26178bf888d32789a89bb2a3f0342e0b1f4c,DigiCert Inc,364,1,sha256WithRSAEncryption,2048,RSA,1,v3,0,0
array518.prod.do.dsp.mp.microsoft.com,9e08133baf26405d6d8acdfcdb01010d746a3642f550b71ba4dbc0e792e1986c,Microsoft Corporation,365,1,ecdsa-with-SHA384,256,EC,1,v3,0,0
marketiq.com,59085b2a4c449c6890facd0434212a04c9680eb0ccd9809a5934e5d3771dadf7,Let's Encrypt,89,1,sha256WithRSAEncryption,2048,RSA,1,v3,0,0
trendmicro.com,f5de98663a6ed202b0d00869732d216eea080f4437f755e23c2703eeb07ad876,Sectigo Limited,198,1,ecdsa-with-SHA256,256,EC,1,v3,0,0
apc.loki.delve.office.com,0c2b30f75d215f522786ab0f304dde2ddf14df3f26f7f4a84f8d6775002c9782,Microsoft Corporation,360,1,sha384WithRSAEncryption,2048,RSA,1,v3,0,0
discordapp.com,e813c553a0d3f7ca9ba49b20b2a9dfebcbef72fae4ff01f41716e5596159c7a6,Google Trust Services,90,1,ecdsa-with-SHA256,256,EC,1,v3,0,0
links.tospotify.com,531bfa23e1263aaf6473348f4bec2c76f0071c00df3522c2c267e6ff5ff6161e,Amazon,394,1,sha256WithRSAEncryption,2048,RSA,1,v3,0,0
gamepass.com,cb1b37354d1ed0a1ccab8c96129f2447fe391d5d47f6fb74f98ed102153f7da9,Microsoft Corporation,180,1,sha384WithRSAEncryption,2048,RSA,1,v3,0,0
axonix.com,fbcc8b0fec20774c998f351d7c4dc51415209d3c6e18dc7716a500d4d5f36cc6,Amazon,394,1,sha256WithRSAEncryption,2048,RSA,1,v3,0,0
lifecycle.office.com,f60432340206699274e86218c2ec6573bdd3831544d0f609bf66baecc55458b7,Microsoft Corporation,180,1,sha384WithRSAEncryption,2048,RSA,1,v3,0,0
messaging.lifecycle.office.com,d4b69fcd70d5d7d9f7127cf42bca69147c623b59ac8961808f4f4547d223aab7,Microsoft Corporation,180,1,sha384WithRSAEncryption,2048,RSA,1,v3,0,0
array507.prod.do.dsp.mp.microsoft.com,9e08133baf26405d6d8acdfcdb01010d746a3642f550b71ba4dbc0e792e1986c,Microsoft Corporation,365,1,ecdsa-with-SHA384,256,EC,1,v3,0,0
p16-sg.tiktokcdn.com,a6ab6ddf5871c8dc0842be350b4ff4ac95f4b2525697ea18bfecb033280d80dd,DigiCert Inc,198,1,ecdsa-with-SHA256,256,EC,1,v3,0,0
array621.prod.do.dsp.mp.microsoft.com,9e08133baf26405d6d8acdfcdb01010d746a3642f550b71ba4dbc0e792e1986c,Microsoft Corporation,365,1,ecdsa-with-SHA384,256,EC,1,v3,0,0
prd.jwpltx.com,d1645cf35aafd75f2e912fc7b1e4f2913c5a1eb9c2e910177e59cfece6a0805d,Amazon,394,1,sha256WithRSAEncryption,2048,RSA,1,v3,0,0
p16-common.tiktokcdn-us.com,c8cc9ef7bc164c116b750eec418ab70feb5a283af5e324d49087101791e2ce67,DigiCert Inc,396,1,ecdsa-with-SHA256,256,EC,1,v3,0,0
catalog.gamepass.com,68845ed6afb5d237515c0301696aaabef3969fd3fd3edc86abb9a8170123033e,Microsoft Corporation,360,1,ecdsa-with-SHA384,256,EC,1,v3,0,0
apac.cc.skype.com,31810a6905c6d858effe3467eed008ed4ecab70350eafeb32586197c9b96d67e,Microsoft Corporation,180,1,sha384WithRSAEncryption,2048,RSA,1,v3,0,0
prebid-a.rubiconproject.com,cf0f7e0d169043255e99a0d497bb120f73f9a2076711b8ae5ed0b4ff8767340f,DigiCert Inc,198,1,sha256WithRSAEncryption,2048,RSA,1,v3,0,0
api.taboola.com,d47c9790f81d639ec28d7660f39890f34926ecbfc928147f6b49a41e7cebf10d,DigiCert Inc,386,1,sha256WithRSAEncryption,2048,RSA,1,v3,0,0
google.co.in,3654d6a324ffac76b57ca0ed008b15996917ee60fd526b3dfd17d3ac33afd9f5,Google Trust Services,83,1,ecdsa-with-SHA256,256,EC,1,v3,0,0
stackpath.bootstrapcdn.com,22950af120e2d160173f96bf263a90ba3884380430527daeea748d581ef7c70b,Google Trust Services,90,1,ecdsa-with-SHA256,256,EC,1,v3,0,0
pixel.quantcount.com,afb2bb0355aaf079c8a529e297d4922a20f86448d3c0e250a239cdbe95b7c02f,Let's Encrypt,89,1,sha256WithRSAEncryption,2048,RSA,1,v3,0,0
directory-search-a.wbx2.com,ddb8078d131cde45d85704ce496e0a32427f1690fb5fead4350fba9385fd078b,IdenTrust,369,1,sha256WithRSAEncryption,2048,RSA,1,v3,0,0
www.tm.v4.a.prd.aadg.akadns.net,5f1713522f9831326534240262a331e17cd0975c9f7f0c92c511ff3b5ab11122,DigiCert Inc,180,1,sha256WithRSAEncryption,2048,RSA,1,v3,0,0
remoteprovisioning.googleapis.com,c96df46cd4d4baab16c15705b3fdf7748c83cb18d221814df697965aa44ced44,Google Trust Services,83,1,ecdsa-with-SHA256,256,EC,1,v3,0,0
gcos.adobe.io,893577dee24c8d0fae820e13afdfa1d042e059f1736ad4e872d66c8c13710aac,DigiCert Inc,396,1,sha256WithRSAEncryption,2048,RSA,1,v3,0,0
pay-users-pa.googleapis.com,c96df46cd4d4baab16c15705b3fdf7748c83cb18d221814df697965aa44ced44,Google Trust Services,83,1,ecdsa-with-SHA256,256,EC,1,v3,0,0
p1.parsely.com,373982cffd6c2e2d1ecee22974bc40015ea36dca329a954a61a9d82ac72c3502,Amazon,394,1,sha256WithRSAEncryption,2048,RSA,1,v3,0,0
cs-rtb.minutemedia-prebid.com,f751c45e9084f53072ae88d3aea77e78be0470b4e27948061c7de7ef06b3a8fb,Google Trust Services,90,1,sha256WithRSAEncryption,2048,RSA,1,v3,0,0
pagead2.googleadservices.com,0a0b75c0bb953332d24fa3e0368ca13cd730dd266bb73fa8f2c5527678285353,Google Trust Services,83,1,ecdsa-with-SHA256,256,EC,1,v3,0,0
prod.tahoe-analytics.publishers.advertising.a2z.com,741e1dada37afecd0c690925fdb6181868dd7da7acd55b57576cdcb0454e8937,Amazon,394,1,sha256WithRSAEncryption,2048,RSA,1,v3,0,0
us-east-eb2.3lift.com,a4536edbd253808c0c3ec8f80446cbef412a5b9729d0b28f087f4edcd11e6457,Amazon,393,1,sha256WithRSAEncryption,2048,RSA,1,v3,0,0
calliope-anycast.prod.infra.webex.com,800b798b028ddee21595ea59649a4a8987e34fd0f0211a055521080d8d86a622,IdenTrust,369,1,sha256WithRSAEncryption,2048,RSA,1,v3,0,0
onedriveclubproddm20002.blob.core.windows.net,602b6c58208bc527dbd9836e60c984198af7daa1700e25bb403a49a4b976333b,Microsoft Corporation,180,1,sha384WithRSAEncryption,2048,RSA,1,v3,0,0
t3.gstatic.com,7f6d6c97b5ccda62ca3c6d5095a3dc15ac850122f2cbde6888649a17a1979931,Google Trust Services,83,1,ecdsa-with-SHA256,256,EC,1,v3,0,0
sf16.tiktokcdn-us.com,c8cc9ef7bc164c116b750eec418ab70feb5a283af5e324d49087101791e2ce67,DigiCert Inc,396,1,ecdsa-with-SHA256,256,EC,1,v3,0,0
sdk.privacy-center.org,5bb5de5d98993203159faea41d2320e81451fee708d057918b7d7c616d84cabd,Amazon,393,1,sha256WithRSAEncryption,2048,RSA,1,v3,0,0
onedriveclubproddm20001.blob.core.windows.net,6740144118e69c642effcc955fe40a9933283bed8584b7848fd81f15d493c0d3,Microsoft Corporation,180,1,sha384WithRSAEncryption,2048,RSA,1,v3,0,0
onedriveclubproddm20022.blob.core.windows.net,fac8d1a2ea8c8f9b23b197c567d8e8b4b88cebf878ced926e88d5c913d9ac1c6,Microsoft Corporation,180,1,sha384WithRSAEncryption,2048,RSA,1,v3,0,0
dcs-ups.g03.yahoodns.net,a07e9f55c04a5410288c65d3f7c2588b572807e140415cba91b17b87566396a7,DigiCert Inc,51,1,sha256WithRSAEncryption,256,EC,1,v3,0,0
duolingo.com,a05caad9f59e9b730c598eceb5217a4d2992adf71b45c6f0307dc1ac07c4fc4b,Amazon,394,1,sha256WithRSAEncryption,2048,RSA,1,v3,0,0
conn-service-us-05.allawnos.com,69093b5bbe824cc16ae438e1c31df5b0c9b5d766c9b1e9da39e29ef4dd604c77,DigiCert Inc,198,1,ecdsa-with-SHA384,256,EC,1,v3,0,0
onedriveclubproddm20007.blob.core.windows.net,e5a9a83ae1a0bd0b3c94af22bfdaece0e626f35e15e0b0caf522d4550a7cdd1f,Microsoft Corporation,180,1,sha384WithRSAEncryption,2048,RSA,1,v3,0,0
onedriveclubproddm20006.blob.core.windows.net,41514a1c7b0538afdfc018a9b1512171eb61a778459eaadea590c44df1ed4572,Microsoft Corporation,180,1,sha384WithRSAEncryption,2048,RSA,1,v3,0,0
unif-id.ssp.inmobi.com,d4ac0534f610214fa4ceaad7288c42a9d01d2962b88c9a1d4fa8ef3a1e15a0df,Sectigo Limited,365,1,ecdsa-with-SHA256,256,EC,1,v3,0,0
aax-events-cell02-cf.us-west.3px.axp.amazon-adsystem.com,ab1b169f574fb525b95d7e4f451eb8a533fee15cfdc2e589427289e41aac5f1f,Amazon,394,1,sha256WithRSAEncryption,2048,RSA,1,v3,0,0
onedriveclubproddm20024.blob.core.windows.net,17040c5e3bafae467ad638d80251db07e9154b646411be3fe42fc1cbfbaf9faa,Microsoft Corporation,180,1,sha384WithRSAEncryption,2048,RSA,1,v3,0,0
onedriveclubproddm20009.blob.core.windows.net,664340981b59436b4d65fade96bab3e25f0fb1afdbd26565c78b408a40a467a1,Microsoft Corporation,180,1,sha384WithRSAEncryption,2048,RSA,1,v3,0,0
onedriveclubproddm20026.blob.core.windows.net,77aeff17a6d1a0482090c4bbca9250c87e4cae62fcb68be3935bdcaf20f2dbcc,Microsoft Corporation,180,1,sha384WithRSAEncryption,2048,RSA,1,v3,0,0
gsp57-ssl-locus.ls.apple.com,83f178ff071d46de891be21e9d6e7b1c697141858a59e8e06f7444e0e417984e,Apple Inc.,85,1,ecdsa-with-SHA256,256,EC,1,v3,0,0
consent.trustarc.com,0a1947123d0d9dc7ee9a36b0b273e69d5246b48030a1ff1d4e60833211407409,Amazon,393,1,sha256WithRSAEncryption,2048,RSA,1,v3,0,0
onedriveclubproddm20018.blob.core.windows.net,e78489ecbd1a230d200504a579a228a67dcbb0a28a86ccce2692c034e2294173,Microsoft Corporation,180,1,sha384WithRSAEncryption,2048,RSA,1,v3,0,0
sendgrid.net,d3b40a910f3198d02f368deb93621695252146e372c8df02447d4ef35e825133,"GoDaddy.com, Inc.",397,1,sha256WithRSAEncryption,2048,RSA,1,v3,0,0
match.marketiq.com,fcc65d14c56c91a0eeb6fd6babb10bdaddf4f40fa4b0d17424649981c78ed974,Let's Encrypt,89,1,ecdsa-with-SHA384,384,EC,1,v3,0,0
onedriveclubproddm20008.blob.core.windows.net,d9bc83d210d66d0a7b5f9817df69b2a72946124515bcfb5fcb6a5857d653f390,Microsoft Corporation,180,1,sha384WithRSAEncryption,2048,RSA,1,v3,0,0
sse-ws-p189.apple.com,2174b21c045969eaee1024da8d05d9d095cc2dd15bc6538d5a4116e16cb59f9e,Apple Inc.,87,1,sha256WithRSAEncryption,2048,RSA,1,v3,0,0
us-auth2.samsungosp.com,8f6f60381152afc3c531af793e4367c6e9051b48240b7aef33177e44ba3d777e,DigiCert Inc,392,1,sha256WithRSAEncryption,2048,RSA,1,v3,0,0
telemetry.sdk.inmobi.com,10cb26e095d1ee3c6618cb1f2ceb833dd108183a0b6f50df14d0c14ef6d16b28,Sectigo Limited,365,1,ecdsa-with-SHA256,256,EC,1,v3,0,0
oath.com,0a545d960eb72c3d5dbc41a8c7fd3b66a300729502122f2fd2a51357aa7481c7,DigiCert Inc,175,1,sha256WithRSAEncryption,256,EC,1,v3,0,0
protected-by.clarium.io,86e2fc5f67a03fdcab2ccf3c11b46cc17d0b79b51cb6a5841f8a9412d05c9e5e,Amazon,394,1,sha256WithRSAEncryption,2048,RSA,1,v3,0,0
exchange.postrelease.com,1771b56875c18aa6ae0b77c64653bed74d61d6f1898b52543c26f9bda319b06d,Amazon,394,1,sha256WithRSAEncryption,2048,RSA,1,v3,0,0
fpinit-us-w.edge-itunes-apple.com.akadns.net,792ce717b665ca8a0aedf9f7a3ba68bd15b7bf81da354e2c7dc4869bf9f22e62,DigiCert Inc,365,1,ecdsa-with-SHA384,256,EC,1,v3,0,0
sdk.iad-05.braze.com,9144d2092733a230fc80880b47c2559ab72e02c8277d6e517b4f1a35f084bf86,Google Trust Services,90,1,ecdsa-with-SHA256,256,EC,1,v3,0,0
stats.wp.com,4a0dd194fcf923bbb349b6ef30952c62921ddf1094895d41135f17d3a968ec4f,Let's Encrypt,89,1,ecdsa-with-SHA384,256,EC,1,v3,0,0
cs.ns1p.net,5ac1ddfa9cc47d054762f71beac4444482b18a892364ef5a2cea7f021b0652f3,DigiCert Inc,396,1,sha256WithRSAEncryption,2048,RSA,1,v3,0,0
cs.ingage.tech,e2a2be73e941977734f42c35012d7ec41ec412199c1b08d1f82e2c409a31d3c0,Sectigo Limited,385,1,sha256WithRSAEncryption,2048,RSA,1,v3,0,0
appboycdn.com,c16d3bd6772d6eab1278d4df4f090eb5ebe983e77887349862af4b5c3fc82f04,Google Trust Services,90,1,ecdsa-with-SHA256,256,EC,1,v3,0,0
js.appboycdn.com,c16d3bd6772d6eab1278d4df4f090eb5ebe983e77887349862af4b5c3fc82f04,Google Trust Services,90,1,ecdsa-with-SHA256,256,EC,1,v3,0,0
cdn-f.adsmoloco.com,ade74f7d83285ef05df966321ebcb0d9d5e6fc5d764904f15709e81486a31b6e,GlobalSign nv-sa,396,1,sha256WithRSAEncryption,2048,RSA,1,v3,0,0
sf16-teko.tiktokcdn.com,a6ab6ddf5871c8dc0842be350b4ff4ac95f4b2525697ea18bfecb033280d80dd,DigiCert Inc,198,1,ecdsa-with-SHA256,256,EC,1,v3,0,0
static.canva.com,92553542af0ec5707faa2eb3db11fc10b406c622603f6347ddc825954aefe2f4,Amazon,394,1,sha256WithRSAEncryption,2048,RSA,1,v3,0,0
ottadvisors.com,07e48e76acba3dc2a797ca3f31b2635afc277247477d2f45c3cd2a37b83599a5,Let's Encrypt,89,1,ecdsa-with-SHA384,256,EC,1,v3,0,0
sync.ottadvisors.com,2380ec55743f04fa07889e446ee5244b31ed0604f90c8ee7b015ee19daba4fff,"GoDaddy.com, Inc.",397,1,sha256WithRSAEncryption,2048,RSA,1,v3,0,0
bidder.criteo.com,953e60f15c6eec7a61c7d15cb7e3ae3191dbbbbd7a720e79b373d9d41ddd9b33,DigiCert Inc,92,1,sha256WithRSAEncryption,256,EC,1,v3,0,0
gbc.criteo.com,77078f79345f4147c7ae1bb44ac20a9d2dd1c0acdb28eaf89feb0e80160adff3,DigiCert Inc,93,1,sha256WithRSAEncryption,256,EC,1,v3,0,0
openrtb-us-east-1.axonix.com,4c3e34ab48852ed629a5a6f7d3d76db2647a46c88666b74aa33c74f71749a1f2,"GoDaddy.com, Inc.",397,1,sha256WithRSAEncryption,2048,RSA,1,v3,0,0
winatp-gw-eus3.microsoft.com,9e2b90c580ebc29a8252951d4b56e788be7037e1bad6c14797c2722d14cfa37b,Microsoft Corporation,324,1,sha256WithRSAEncryption,2048,RSA,1,v3,0,0
cta-service-cms2.hubspot.com,b3f9802c58fbab7ac4d3dab3bee4c0685736d00858fad2e5538e9b96fd4e3659,Google Trust Services,90,1,ecdsa-with-SHA256,256,EC,1,v3,0,0
l.evidon.com,a8d5bd1d153d5901a1e845a94d171a98e6b51d02bfba817e7fe383c35eb91fa7,Amazon,393,1,sha256WithRSAEncryption,2048,RSA,1,v3,0,0
e6449.a.akamaiedge.net,c38e968925b07fa494245db2349b621994f0c1a7ed367fc61650013125573e6f,DigiCert Inc,396,1,sha256WithRSAEncryption,2048,RSA,1,v3,0,0
onedriveclubprodbn20005.blob.core.windows.net,0d52ef121f70f471b76a32783a75adf9bc82f0d50fe8de3352f6e472459e81ea,Microsoft Corporation,130,1,sha384WithRSAEncryption,2048,RSA,1,v3,0,0
wac-0003.wac-msedge.net,f60432340206699274e86218c2ec6573bdd3831544d0f609bf66baecc55458b7,Microsoft Corporation,180,1,sha384WithRSAEncryption,2048,RSA,1,v3,0,0
revcontent.com,2d0f56fea3aa2e026b1ddd687275dfe826b4de02612123e89f6549c1a147d18d,Let's Encrypt,89,1,sha256WithRSAEncryption,2048,RSA,1,v3,0,0
onedriveclubprodbn20040.blob.core.windows.net,ac1ac348fca225faa65041ecce3a7410c074a9985f0d5dc0ae6b67c19b3fcc4b,Microsoft Corporation,130,1,sha384WithRSAEncryption,2048,RSA,1,v3,0,0
browser-intake-us5-datadoghq.com,f9d84a629c3f009e4abc55230ecaf71da4eb4c179477de5e070f0f4f470cae62,DigiCert Inc,371,1,sha256WithRSAEncryption,2048,RSA,1,v3,0,0
uci.cdn.office.net,d9a8d352dd4b87cfb9b6ed1480e70b72db0b6bc542dd8bf7acc0f097f3a7c1f9,Microsoft Corporation,360,1,ecdsa-with-SHA384,256,EC,1,v3,0,0
s.ns1p.net,5ac1ddfa9cc47d054762f71beac4444482b18a892364ef5a2cea7f021b0652f3,DigiCert Inc,396,1,sha256WithRSAEncryption,2048,RSA,1,v3,0,0
cp-rp16-normal-alisg.tiktokv.com,6acad20799fba9e610956f7401eff1d6b9e113b36e4f32e0a1c8e74bb3db7057,DigiCert Inc,364,1,ecdsa-with-SHA256,256,EC,1,v3,0,0
fast.a.klaviyo.com,3eaf70c948a17e4e295d2c8c977d44272d32aef6f418034f2b564446c36ff2dc,Let's Encrypt,89,1,sha256WithRSAEncryption,2048,RSA,1,v3,0,0
go.mediagotechnology.com,2be19edb0c7c56926c15067799d384af6bb0fa08da988acdfe2cb7766bd43323,Google Trust Services,90,1,sha256WithRSAEncryption,2048,RSA,1,v3,0,0
vcs-sg.tiktokv.com,29ab6021e57ef447a9f4de1c613e116b4ba7a5ba0297cd15801abb807d9babc7,DigiCert Inc,198,1,ecdsa-with-SHA256,256,EC,1,v3,0,0
discovery-prod-weightedww.trafficmanager.net,394e114f9601996c0a534b8d664c906bab7cb6f7f58c5f2449f13408dab5a0df,DigiCert Inc,198,1,sha256WithRSAEncryption,2048,RSA,1,v3,0,0
o13855.ingest.sentry.io,7873f73dee581bf89a1e17aba370008676ea4eafabf47b345ffa39d83b5df4b5,DigiCert Inc,396,1,sha256WithRSAEncryption,2048,RSA,1,v3,0,0
chunk-composing.canva.com,92553542af0ec5707faa2eb3db11fc10b406c622603f6347ddc825954aefe2f4,Amazon,394,1,sha256WithRSAEncryption,2048,RSA,1,v3,0,0
beacons4.gvt2.com,f90a001e3df45985a1c0692438f85f63606219c337c88a4795549d6f0cc254cc,Google Trust Services,83,1,sha256WithRSAEncryption,2048,RSA,1,v3,0,0
onedriveclubprodbn20009.blob.core.windows.net,eff030b811d15c669820abbfa66f00b0dfc3e09230fc04561dbb7435e2ef2d5a,Microsoft Corporation,130,1,sha384WithRSAEncryption,2048,RSA,1,v3,0,0
search.namequery.com,7cd17adc2e70d0928425ae146e874a96a3802011cbb3ccf27936557a429ef8f4,SSL Corporation,365,0,sha256WithRSAEncryption,4096,RSA,1,v3,0,0
nym2-ib.adnxs.com,1b360b6dcf02669aad032dad81c81ecba3e063dd52c542ec60d94c0b427180e5,DigiCert Inc,396,1,ecdsa-with-SHA256,256,EC,1,v3,0,0
mr-b02.tm-azurefd.net,26c77d49df8ae930639122568cb5e10b6d034b2ff39d05a03b360a21b9993831,Microsoft Corporation,180,1,ecdsa-with-SHA384,256,EC,1,v3,0,0
kochava.com,eb1947330091fa34219708b43c71be263c5fe09fdf6908327b98a510b1e02f04,Sectigo Limited,391,1,sha256WithRSAEncryption,2048,RSA,1,v3,0,0
onedriveclubprodbn20015.blob.core.windows.net,123aa49aeb94306e2ba2e375bacb89769846b11f33269c7d463e2655a683baf0,Microsoft Corporation,130,1,sha384WithRSAEncryption,2048,RSA,1,v3,0,0
prod-rel-ffc-ccm.oobesaas.adobe.com,893577dee24c8d0fae820e13afdfa1d042e059f1736ad4e872d66c8c13710aac,DigiCert Inc,396,1,sha256WithRSAEncryption,2048,RSA,1,v3,0,0
pixel.byspotify.com,a97dedc709d595f855ab0d86cf829ff9fc0b45c7baea107c15130803fb4c757f,Google Trust Services,90,1,sha256WithRSAEncryption,2048,RSA,1,v3,0,0
a1988.dscg1.akamai.net,792ce717b665ca8a0aedf9f7a3ba68bd15b7bf81da354e2c7dc4869bf9f22e62,DigiCert Inc,365,1,ecdsa-with-SHA384,256,EC,1,v3,0,0
impression-east.liftoff.io,9e4d6e853f6784f471d616ea7bf4eeb2af59a8e8b19cd87d1cdc3c6842b5e904,Let's Encrypt,89,1,ecdsa-with-SHA384,256,EC,1,v3,0,0
prod.configsvc1.live.com.akadns.net,394e114f9601996c0a534b8d664c906bab7cb6f7f58c5f2449f13408dab5a0df,DigiCert Inc,198,1,sha256WithRSAEncryption,2048,RSA,1,v3,0,0
onedriveclubprodbn20043.blob.core.windows.net,e528dfaf381e03e2fab672f286a8e4f3f3a8edbf4c8db48fab69f1e325d95023,Microsoft Corporation,130,1,sha384WithRSAEncryption,2048,RSA,1,v3,0,0
onedriveclubprodbn20052.blob.core.windows.net,6f96844bb8cf7dcf017cc6a77a06067378f03a976548c2e02e9d64676ff57cb7,Microsoft Corporation,130,1,sha384WithRSAEncryption,2048,RSA,1,v3,0,0
s3-1-w.amazonaws.com,7ebf42635dc32bcb97f60e383ee1f86339aacea239e156b98d741c7912671436,Amazon,353,1,sha256WithRSAEncryption,2048,RSA,1,v3,0,0
cs-ob.yellowblue.io,e304ad3371676c37d45e194a346107494862ebb9c54edaa44573617c829846ba,Google Trust Services,90,1,sha256WithRSAEncryption,2048,RSA,1,v3,0,0
1.datadog.pool.ntp.org,38897340ef7dd82f236c44890e2075d1ac90a76376333c9848d53774889c606c,Let's Encrypt,89,1,ecdsa-with-SHA384,256,EC,1,v3,0,0
cmp.osano.com,4aefb1898944992ffe183870692ba82686bcf7f4358cf32ad88014982c1c61ac,Amazon,394,1,sha256WithRSAEncryption,2048,RSA,1,v3,0,0
api.stripe.com,e99f2255ffbefb5c2afb5b774a044826da941fe9412efd1452b7b1b0f072139a,"DigiCert, Inc.",106,1,sha256WithRSAEncryption,2048,RSA,1,v3,0,0
onedriveclubprodbn20016.blob.core.windows.net,eff030b811d15c669820abbfa66f00b0dfc3e09230fc04561dbb7435e2ef2d5a,Microsoft Corporation,130,1,sha384WithRSAEncryption,2048,RSA,1,v3,0,0
xplosion.de,ad01d2435157d1714a9762fb634cfc847b9b516c081826a2f3d5d7c48d58aca5,Let's Encrypt,89,1,sha256WithRSAEncryption,2048,RSA,1,v3,0,0
criteo-partners.tremorhub.com,9a504ab9de29f64f051deda4e2b55391d3eb1ffdb28e8967345f88aeba5e74a3,Amazon,394,1,sha256WithRSAEncryption,2048,RSA,1,v3,0,0
humb.apple.com,1d8550093659152bc7020d55c9586dbeca995c1cf8d3c39b8c4283bb9428ae1e,Apple Inc.,392,1,ecdsa-with-SHA256,256,EC,1,v3,0,0
nam04.safelinks.protection.outlook.com,20ee41fbfd26c1eec6a3ef14d9d846b05068e00b71b36e80aaf380445c02ecdf,Microsoft Corporation,360,1,sha384WithRSAEncryption,2048,RSA,1,v3,0,0
cws.conviva.com,84fe63957d71305151eb1e05c679a5e6957d31545ec044719a8b9939d665a1c2,Sectigo Limited,385,1,sha256WithRSAEncryption,2048,RSA,1,v3,0,0
p.alcmpn.com,47d3658dd66466b37312ad97ada569fa849e1ad5adb32d3bca58ca8843a0e3d5,Google Trust Services,90,1,sha256WithRSAEncryption,2048,RSA,1,v3,0,0
cchome.adobe.io,793ea81fce1ee671ecb932daa499e432d717e79dd34f5f475fcf442c789ebcaf,DigiCert Inc,89,1,sha256WithRSAEncryption,2048,RSA,1,v3,0,0
locationhistoryaggregates-pa.googleapis.com,c96df46cd4d4baab16c15705b3fdf7748c83cb18d221814df697965aa44ced44,Google Trust Services,83,1,ecdsa-with-SHA256,256,EC,1,v3,0,0
policy.samsungcloud.com,f5ee34482dd3802cdbd92b9145475826a610fd588cbc1aef9f442610a4e0a7f5,Sectigo Limited,198,1,sha256WithRSAEncryption,2048,RSA,1,v3,0,0
eu-prod.asyncgw.teams.microsoft.com,0cd7789479b3b29512b211eec10ec62833c2de1e37130cc49dc88e2920e757ff,Microsoft Corporation,180,1,sha384WithRSAEncryption,2048,RSA,1,v3,0,0
adsdk.bing.net,2cd4b07e79b90eac1132a9bfa03c64f40766c62d9c9a422277c02dd29c00d067,Microsoft Corporation,180,1,sha384WithRSAEncryption,2048,RSA,1,v3,0,0
alexa-14.na.gateway.devices.a2z.com,bbb5e6555bae65d12bb8a9520995a7f407a44a7d2c06ce2e559127d1a46467d5,Amazon,284,1,sha256WithRSAEncryption,2048,RSA,1,v3,0,0
api.amplitude.com,999cff3778c03d4d12aa49ad701bec4abccf76464bcdc0cea486f43046b8c0af,Amazon,393,1,sha256WithRSAEncryption,2048,RSA,1,v3,0,0
definitionupdates.microsoft.com,32c59e644554ed1144aab2277e3f3c03e62ec7a667790b5285200712e31933f0,Microsoft Corporation,360,1,sha384WithRSAEncryption,2048,RSA,1,v3,0,0
ox-rtb-us-east1.openx.net,051d71c6ac4191e3b963aa909d25ddbbad046f036695b77bcd4a3baebc007768,DigiCert Inc,372,1,sha256WithRSAEncryption,2048,RSA,1,v3,0,0
poll.gras.samsungdm.com,3bd7b05ecceca9862dad6c7d9548bfb29c40880ab45e73ed7278ca6a942e39f8,Amazon,393,1,sha256WithRSAEncryption,2048,RSA,1,v3,0,0
a1994.dscr.akamai.net,792ce717b665ca8a0aedf9f7a3ba68bd15b7bf81da354e2c7dc4869bf9f22e62,DigiCert Inc,365,1,ecdsa-with-SHA384,256,EC,1,v3,0,0
gsp36-ssl.ls.apple.com,8dbecedad1011f510c8821909478b6200c8184d3cb92bd66ce96f22c0296f9f6,Apple Inc.,85,1,sha256WithRSAEncryption,2048,RSA,1,v3,0,0
ex.co,d44e20a7f185602a5aaae6485c99bc3a401b181cf145e2617b35fccca8ee5901,Let's Encrypt,89,1,ecdsa-with-SHA384,256,EC,1,v3,0,0
superbet.ro,61d4f998aed58c3e689996906d1ca60d6058aad0634ee1ac063733f11df0b029,Amazon,394,1,sha256WithRSAEncryption,2048,RSA,1,v3,0,0
redditmedia.com,f3764fee7da5311362f0d0f6aca308c7ba3281eb048a4c7ad5bbae605fca2530,DigiCert Inc,179,1,sha256WithRSAEncryption,2048,RSA,1,v3,0,0
cjs.diagnostics.office.com,2abe73e823097b3be912cf4d7f41f8e603cad0eea53dc18dcdc9d8ddcc95ea85,DigiCert Inc,180,1,sha256WithRSAEncryption,2048,RSA,1,v3,0,0
device.autopatch.microsoft.com,1340a98ccfc6c8ca6786906a20a1e35262c87b254459d8913442dd6f7da78ce3,DigiCert Inc,181,1,sha256WithRSAEncryption,2048,RSA,1,v3,0,0
autodesk.com,7045d003ecea3e5218a95653807e366baa9f4d26ee62e2c5ffa9172b7df6028b,Amazon,394,1,sha256WithRSAEncryption,2048,RSA,1,v3,0,0
feed.pghub.io,6bceab3e01df35716d2d1ea2d0f74c5d86ef903de8e5fca15475107709991fa8,Google Trust Services,90,1,sha256WithRSAEncryption,2048,RSA,1,v3,0,0
sadownload.mcafee.com,5e561ca37527d177c413e2c1d1f717ff1e60a41c67175f2f217c32856d4cb34b,"McAfee, Inc.",365,0,sha256WithRSAEncryption,256,EC,1,v3,0,0
walmart.com,e25ca325fc3222863840239f57aae3abe417d1c737c0ea8c880f574e2fd4e5b9,GlobalSign nv-sa,396,1,ecdsa-with-SHA384,256,EC,1,v3,0,0
events.mapbox.com,86fb10fabbeb87ecc2083c32bd14dbcb611e586b47bc7750b497bbb1b14dc628,DigiCert Inc,198,1,sha256WithRSAEncryption,2048,RSA,1,v3,0,0
papi.walkme.com,5eccc7d05a2f371cfa42b2221d13be26f947aea5d893c77606b13de587a2c181,DigiCert Inc,110,1,sha256WithRSAEncryption,2048,RSA,1,v3,0,0
us-east1-aws.duplex.sc-gw.com,8a3201487b8c4e1c0c97288af23dfaee57437b19b0a8edbbfbe2524c9eeb82a5,DigiCert Inc,364,1,sha256WithRSAEncryption,2048,RSA,1,v3,0,0
pps.whatsapp.net,47cd1cf3e6b7df4cf2197d57ee0df82e0dc12393a4e3dfc17f2681f2e0707fd6,DigiCert Inc,90,1,sha256WithRSAEncryption,256,EC,1,v3,0,0
events.bouncex.net,2e934a8ccd53c6bf9cef69a30a3c8f84bf04e1a7a1d3127c08c879315262528f,Let's Encrypt,89,1,sha256WithRSAEncryption,2048,RSA,1,v3,0,0
na1e-acc.services.adobe.com,4ef619d72d9a334fb0e1d9ee34f4aededf5d18cc9c9cc71955821aff9525069d,DigiCert Inc,198,1,sha256WithRSAEncryption,2048,RSA,1,v3,0,0
commerce.itunes.apple.com.edgesuite.net,792ce717b665ca8a0aedf9f7a3ba68bd15b7bf81da354e2c7dc4869bf9f22e62,DigiCert Inc,365,1,ecdsa-with-SHA384,256,EC,1,v3,0,0
messages.google.com,e51c3ce4d70e43c7262da7e20609b3b751d6d98b8b83fed4a3f56fbb05bba54f,Google Trust Services,83,1,ecdsa-with-SHA256,256,EC,1,v3,0,0
global.telemetry.insights.video.a2z.com,659cf8a0f654649fee7e508d2db92e927612869833a7df2ab983c31cdb81ce5d,Amazon,197,1,sha256WithRSAEncryption,2048,RSA,1,v3,0,0
retail.offer-display.live.superbet.ro,de0b4a58c82c33319e07497b5a43ba17ef0e4957aad31917412b84672be7f792,Amazon,394,1,sha256WithRSAEncryption,2048,RSA,1,v3,0,0
app.pendo.io,df8d801e0745d5ee8de03ec51e2008c2f01d40622495af4b59244e6c07945d9c,Google Trust Services,90,1,sha256WithRSAEncryption,2048,RSA,1,v3,0,0
js.hsadspixel.net,6eeca3aa08379db8ed53234595e98bfec019e46bf1d75f0517dc3e4c14967ab8,Google Trust Services,90,1,ecdsa-with-SHA256,256,EC,1,v3,0,0
ketchcdn.com,ff67a05527e236b813e71f785b44516153fb81bdeb48595645c0e6d28278f27c,Certainly,29,0,sha256WithRSAEncryption,2048,RSA,1,v3,0,0
global.ketchcdn.com,5266a20816eacff2f883efd1c7b69d4fcdac662228d28e04a9d45f25e0be40f6,Certainly,29,0,sha256WithRSAEncryption,2048,RSA,1,v3,0,0
atm.eop.mira.tm.svc.cloud.microsoft,394e114f9601996c0a534b8d664c906bab7cb6f7f58c5f2449f13408dab5a0df,DigiCert Inc,198,1,sha256WithRSAEncryption,2048,RSA,1,v3,0,0
accuweather.com,fc39c2a19ad44075850f4b6bb128802312db957bcdd86b7aaa5187b7256d89ed,DigiCert Inc,395,1,sha256WithRSAEncryption,256,EC,1,v3,0,0
in1-gw2-04-3d6c3051.eastus2.cloudapp.azure.com,811ff1f71be05203d9073e425a355c62a6672eb3e083db7f971c886bf1f31980,Microsoft Corporation,178,1,sha384WithRSAEncryption,2048,RSA,1,v3,0,0
www.fbsbx.com,fc4ced33b2b92e649e1de0dfdc30222aa2337648e25ddd8431b99cc78fb5f5df,DigiCert Inc,90,1,sha256WithRSAEncryption,256,EC,1,v3,0,0
logging.diagnostics.office.com,4ed5171635a6198b792ec645b0753a5966abe39192582880b6c36d90c4587dac,DigiCert Inc,180,1,sha256WithRSAEncryption,2048,RSA,1,v3,0,0
perf-na1.hsforms.com,79e12c6213c2e87d269c3bc71e644c4df1ee18257026e10d3377df36d4440c6f,Google Trust Services,90,1,ecdsa-with-SHA256,256,EC,1,v3,0,0
reqhfg-launches.appsflyersdk.com,c93d2b20225945712e04714d19950eab7ecbe468204a3acc098847403524a995,Amazon,394,1,sha256WithRSAEncryption,2048,RSA,1,v3,0,0
ocsp.pki.goog,6e108cecdbe1d1f7578d75e17ffef4ada2ff9aacf90b2079f5819697fe3b9668,Google Trust Services,83,1,ecdsa-with-SHA256,256,EC,1,v3,0,0
analytics.pangle-ads.com,59326a141478e53a5786d4c1b445cb337620c735a14b1042adb5b2ba918c96a9,DigiCert Inc,396,1,ecdsa-with-SHA256,256,EC,1,v3,0,0
d5p.de17a.com,5d84a1dd613ebe9c52d3a0b06621da180323398be414660c9d7f71954da6bc4b,Amazon,394,1,sha256WithRSAEncryption,2048,RSA,1,v3,0,0
secure-us.imrworldwide.com,e1bccbe50d2a4b7974a54ac8bedb2213e042c6168bf263a26cb8ca865bfab8ba,GlobalSign nv-sa,396,1,sha256WithRSAEncryption,2048,RSA,1,v3,0,0
cdn.discordapp.com,e813c553a0d3f7ca9ba49b20b2a9dfebcbef72fae4ff01f41716e5596159c7a6,Google Trust Services,90,1,ecdsa-with-SHA256,256,EC,1,v3,0,0
arcticwolf.net,1b419715bbd1e22b23ff5f88f73779a25692162144e8fe45b1fdc1c795f24e6e,DigiCert Inc,396,1,sha256WithRSAEncryption,2048,RSA,1,v3,0,0
lenovosoftware.com,98ccdfa3a0d3dd3f0b1eab6a4ad7f9b9635a4c9271e32494a98e51fbb641ab9a,Let's Encrypt,89,1,sha256WithRSAEncryption,2048,RSA,1,v3,0,0
log22-normal-alisg.tiktokv.com,08de96d6bdd367b833c92828009f26178bf888d32789a89bb2a3f0342e0b1f4c,DigiCert Inc,364,1,sha256WithRSAEncryption,2048,RSA,1,v3,0,0
uber.com,96b57f0fc1da412a47e45bd9d3d762bbb2ff18045cf0bbd152b0912f3bea709a,DigiCert Inc,366,1,sha256WithRSAEncryption,2048,RSA,1,v3,0,0
wa2-bid.adsrvr.org,ea25c7602a630c77115f6e1b188a7f3d468ce1b57a5b4a233c288887d49cc7a8,GlobalSign nv-sa,393,1,sha256WithRSAEncryption,2048,RSA,1,v3,0,0
in2-gw2-05-3d6c3051.eastus2.cloudapp.azure.com,811ff1f71be05203d9073e425a355c62a6672eb3e083db7f971c886bf1f31980,Microsoft Corporation,178,1,sha384WithRSAEncryption,2048,RSA,1,v3,0,0
onedriveclubprodbn20004.blob.core.windows.net,dd457d473b1652c441efcc1925ab800df6533c5210cbf753419872112b00d6bf,Microsoft Corporation,130,1,sha384WithRSAEncryption,2048,RSA,1,v3,0,0
uss.xplosion.de,ad01d2435157d1714a9762fb634cfc847b9b516c081826a2f3d5d7c48d58aca5,Let's Encrypt,89,1,sha256WithRSAEncryption,2048,RSA,1,v3,0,0
weather-edge.fe2.apple-dns.net,a0dbdc42640e2b55782dd915df7c3b4f510a743414f28badef8d31b71065f562,Apple Inc.,388,1,sha256WithRSAEncryption,2048,RSA,1,v3,0,0
cookiebot.com,76ad68612fff2e69dde6053f3a81d4c13a718cd0d5caef8577c11a120ed86d62,Google Trust Services,90,1,ecdsa-with-SHA256,256,EC,1,v3,0,0
platform.twitter.map.fastly.net,b804bc2046a0cdc56ea0ac363a65c2dd2812e25d1ab6a6fb9dc4ab0792d115f3,Let's Encrypt,89,1,sha256WithRSAEncryption,2048,RSA,1,v3,0,0
dc.dqa.samsung.com,d9ebdbf04d8e6b8fc9c2ee9b57b54b4287745d4b38a46d6d7d0cb8abfd8ea00a,Sectigo Limited,396,1,sha256WithRSAEncryption,2048,RSA,1,v3,0,0
iphonesubmissions.v.aaplimg.com,c437fda9ff3f7c60d2e4cc37650177886b163a566659bd635e2c15ef431cf326,Apple Inc.,197,1,sha256WithRSAEncryption,2048,RSA,1,v3,0,0
e5977.dsce9.akamaiedge.net,85e89c84562d52e34eaa96cd0f7731399101ce051bf97b17e9b290ab4649ccaf,Apple Inc.,190,1,sha256WithRSAEncryption,2048,RSA,1,v3,0,0
a-0003.a-msedge.net,f60432340206699274e86218c2ec6573bdd3831544d0f609bf66baecc55458b7,Microsoft Corporation,180,1,sha384WithRSAEncryption,2048,RSA,1,v3,0,0
apnx-match.dotomi.com,6f9666fb3281f1da33eb16c6c6707f9abbebfecae87d5d83901318e39f895ef0,GlobalSign nv-sa,396,1,sha256WithRSAEncryption,2048,RSA,1,v3,0,0
in1-gw2-05-3d6c3051.eastus2.cloudapp.azure.com,811ff1f71be05203d9073e425a355c62a6672eb3e083db7f971c886bf1f31980,Microsoft Corporation,178,1,sha384WithRSAEncryption,2048,RSA,1,v3,0,0
prod.client.wosc.services.microsoft.com,14e435af60f16ec7ed3c34a2c91a54bb90bff37604b0a06cb90ff2ce309c015a,DigiCert Inc,181,1,sha256WithRSAEncryption,2048,RSA,1,v3,0,0
a2047.mm3.akamai.net,792ce717b665ca8a0aedf9f7a3ba68bd15b7bf81da354e2c7dc4869bf9f22e62,DigiCert Inc,365,1,ecdsa-with-SHA384,256,EC,1,v3,0,0
c-bing-com.ax-0001.ax-msedge.net,f60432340206699274e86218c2ec6573bdd3831544d0f609bf66baecc55458b7,Microsoft Corporation,180,1,sha384WithRSAEncryption,2048,RSA,1,v3,0,0
nam11.safelinks.protection.outlook.com,20ee41fbfd26c1eec6a3ef14d9d846b05068e00b71b36e80aaf380445c02ecdf,Microsoft Corporation,360,1,sha384WithRSAEncryption,2048,RSA,1,v3,0,0
mobileadmin.zscalerone.net,4741c2c3e24df02d172e2a0b3313cad7a102740425584ef9c7fb76710b3d2058,DigiCert Inc,353,1,sha256WithRSAEncryption,2048,RSA,1,v3,0,0
onedriveclubprodbn20003.blob.core.windows.net,bd2c4e93ffe6b00e237c45a8c96955b38224b373a8b02935b246e318c3b00317,Microsoft Corporation,130,1,sha384WithRSAEncryption,2048,RSA,1,v3,0,0
media.canva.com,92553542af0ec5707faa2eb3db11fc10b406c622603f6347ddc825954aefe2f4,Amazon,394,1,sha256WithRSAEncryption,2048,RSA,1,v3,0,0
e8960.b.akamaiedge.net,eec79d0288334fe4199e2febdd56eaa1d16c9e3aedca3dce85c2e6b92f929dc7,DigiCert Inc,189,1,sha256WithRSAEncryption,256,EC,1,v3,0,0
www.google.co.in,3654d6a324ffac76b57ca0ed008b15996917ee60fd526b3dfd17d3ac33afd9f5,Google Trust Services,83,1,ecdsa-with-SHA256,256,EC,1,v3,0,0
login.okta.com,9280c5116a43c58f211017831bcea0b8de8d5de421c5b21696633d3a3a485fc2,Amazon,394,1,sha256WithRSAEncryption,2048,RSA,1,v3,0,0
ocso.com,0838d0b074d4dfa842c93555408e9639f195c28486d641586e190ddb7f2684f8,Let's Encrypt,89,1,ecdsa-with-SHA384,256,EC,1,v3,0,0
files-asr.acrobat.com,cf38045b2f3f992ea9b212ef3e2279ea979cb0ddcc46996315836767d226a73b,DigiCert Inc,396,1,sha256WithRSAEncryption,2048,RSA,1,v3,0,0
i.l-new.inmobicdn.net,049fc9e38f2c77b0f9dc000bc3e46fba2088ff95c6a90c3bd3da8a7a7bc2216a,Sectigo Limited,365,1,sha256WithRSAEncryption,2048,RSA,1,v3,0,0
v77.tiktokcdn.com,cf8ebf2034331c4f3d21faf913df1b5a49e2421ff58e90f2a78a270ca97314e1,Let's Encrypt,89,1,ecdsa-with-SHA384,256,EC,1,v3,0,0
merchant-ui-api.stripe.com,31437de9c9f2631da1d9c731ad0b5266d5503ff731b2f53a5006a184e902ed49,DigiCert Inc,106,1,ecdsa-with-SHA384,256,EC,1,v3,0,0
b79c66077e27a1c100292a6aa5da291cfa7da7ef982a7d0d2708be38d76b31f.us-east-1.prod.service.minerva.devices.a2z.com,5e6429e4427ed83a47587a4f27398e8703627e9196a6cab7956318e3ab012972,Amazon,197,1,sha256WithRSAEncryption,2048,RSA,1,v3,0,0
casale-match.dotomi.com,6f9666fb3281f1da33eb16c6c6707f9abbebfecae87d5d83901318e39f895ef0,GlobalSign nv-sa,396,1,sha256WithRSAEncryption,2048,RSA,1,v3,0,0
gem.gbc.criteo.com,77078f79345f4147c7ae1bb44ac20a9d2dd1c0acdb28eaf89feb0e80160adff3,DigiCert Inc,93,1,sha256WithRSAEncryption,256,EC,1,v3,0,0
array609.prod.do.dsp.mp.microsoft.com,9e08133baf26405d6d8acdfcdb01010d746a3642f550b71ba4dbc0e792e1986c,Microsoft Corporation,365,1,ecdsa-with-SHA384,256,EC,1,v3,0,0
edge-microsoft-com.ax-0002.ax-msedge.net,f60432340206699274e86218c2ec6573bdd3831544d0f609bf66baecc55458b7,Microsoft Corporation,180,1,sha384WithRSAEncryption,2048,RSA,1,v3,0,0
mab.chartbeat.com,75a9ffd808208d15ba82da00afb758e8a518ae6a448913cdf0bb682ebde408be,GlobalSign nv-sa,396,1,sha256WithRSAEncryption,2048,RSA,1,v3,0,0
ag.gbc.criteo.com,77078f79345f4147c7ae1bb44ac20a9d2dd1c0acdb28eaf89feb0e80160adff3,DigiCert Inc,93,1,sha256WithRSAEncryption,256,EC,1,v3,0,0
data-edge.smartscreen.microsoft.com,a955fce89c1ae11be219c3a74a67fcd3f644c9abb00fd2ff15af5bd4a01540b0,Microsoft Corporation,180,1,sha384WithRSAEncryption,2048,RSA,1,v3,0,0
in2-gw2-03-3d6c3051.eastus2.cloudapp.azure.com,811ff1f71be05203d9073e425a355c62a6672eb3e083db7f971c886bf1f31980,Microsoft Corporation,178,1,sha384WithRSAEncryption,2048,RSA,1,v3,0,0
posthog.com,878af4cd97d0f0b0a8e625c7247f58512cccb19bfda1bcff0bf66110f288b3ee,Let's Encrypt,89,1,sha256WithRSAEncryption,2048,RSA,1,v3,0,0
v45.tiktokcdn-us.com,a6d97bd8fa731ad39b94efff9fe71657d7a99e7151bdbef7ab8d204923f1e11c,DigiCert Inc,396,1,sha256WithRSAEncryption,2048,RSA,1,v3,0,0
onenote.com,824b941d47f93260d29013235690a9ca2e57332845bc666840b7fcc4eacf9f63,Microsoft Corporation,360,1,ecdsa-with-SHA384,256,EC,1,v3,0,0
bluecava.com,b00130d7a1c5c9e70eb2ab6737025e6d570324fdf825564c0639ee33ea3c8d47,Google Trust Services,90,1,sha256WithRSAEncryption,2048,RSA,1,v3,0,0
graph.whatsapp.net,47cd1cf3e6b7df4cf2197d57ee0df82e0dc12393a4e3dfc17f2681f2e0707fd6,DigiCert Inc,90,1,sha256WithRSAEncryption,256,EC,1,v3,0,0
api.x.com,8fee26ab588faaec621425dc35a6878ac1f10c0308e4bfd2bcb42b07f7868d65,Let's Encrypt,89,1,ecdsa-with-SHA384,256,EC,1,v3,0,0
occ.a.nflxso.net,1aac49139e4a361773795c089044f50cfd92b89b74ff7c0a70c32c1bf25e1a90,DigiCert Inc,36,1,ecdsa-with-SHA384,256,EC,1,v3,0,0
open.spotify.com,59181d1bc21fe947994c7b90c9d05b6b4457d231578dae6f3bf1cba7c3eb698b,Certainly,29,0,sha256WithRSAEncryption,2048,RSA,1,v3,0,0
oneget.org,e7eb8a9829e4135a65019937884e18e6a2c80d86931ca817c9d2bbde01f60fec,DigiCert Inc,181,1,sha256WithRSAEncryption,2048,RSA,1,v3,0,0
chromesyncentities-pa.googleapis.com,c96df46cd4d4baab16c15705b3fdf7748c83cb18d221814df697965aa44ced44,Google Trust Services,83,1,ecdsa-with-SHA256,256,EC,1,v3,0,0
miui.com,42c5eec4b71e691b682a971983f09b2233152be443dcdc92492f541bd5ba8d40,DigiCert Inc,396,1,sha256WithRSAEncryption,2048,RSA,1,v3,0,0
cdn.oneget.org,28cfff20b007ded54db729f40fe17ae199e7501d1ed4d53ee31fa893e15b919d,DigiCert Inc,183,1,sha256WithRSAEncryption,2048,RSA,1,v3,0,0
in2-gw2-04-3d6c3051.eastus2.cloudapp.azure.com,811ff1f71be05203d9073e425a355c62a6672eb3e083db7f971c886bf1f31980,Microsoft Corporation,178,1,sha384WithRSAEncryption,2048,RSA,1,v3,0,0
userway.org,76941f101c922f657828927afd9d5c06b9b655d1f330396e4015b2d37486107e,Amazon,394,1,sha256WithRSAEncryption,2048,RSA,1,v3,0,0
fonts.shopifycdn.com,8ef9c10cf8e3733dc234f3361119b1dff6e2ee2765318ce419a38fa68c1e4da1,Google Trust Services,90,1,ecdsa-with-SHA256,256,EC,1,v3,0,0
bg.microsoft.map.fastly.net,5179857fad24bd3a7c2fd5e259caea0cf3b75b278e57d455fe182780c5d86703,Certainly,29,0,sha256WithRSAEncryption,2048,RSA,1,v3,0,0
lh2.l.google.com,b923c14ef87a0a5aa8b961c18e4e49c97dc5e7829c1f2f41893c884e6fd41ffb,Google Trust Services,83,1,sha256WithRSAEncryption,2048,RSA,1,v3,0,0
liftdsp.com,0dc2539dde89304fc65d3e4f0c2c914e69fcd561eac571529d984f0d5aea6edb,Let's Encrypt,89,1,sha256WithRSAEncryption,2048,RSA,1,v3,0,0
e1.emxdgt.com,730feb99955cbc96988ed600d3770a18be3e933782b756b741f742a9b5af5071,Google Trust Services,90,1,sha256WithRSAEncryption,2048,RSA,1,v3,0,0
v19.tiktokcdn-us.com,3a616fb90e57254c622248d5b2e131f1671c6c4f6e1e4d63e1dff0b3f5dab1df,DigiCert Inc,396,1,sha256WithRSAEncryption,2048,RSA,1,v3,0,0
onedscolprdcus21.centralus.cloudapp.azure.com,47e722e169ba40231ba47435f29e320b18c2573be5702449f0061865ec3316ab,Microsoft Corporation,180,1,sha384WithRSAEncryption,2048,RSA,1,v3,0,0
trc-events.taboola.com,563b35e76d149b69c2c8ee50a0f206ccf1a4b7425ac577c6fad90558b44c9fee,DigiCert Inc,384,1,ecdsa-with-SHA384,256,EC,1,v3,0,0
pool.liftdsp.com,45a8f204bc984ca8e19ab1a03fcf0a6a432cb4d6cc5c262e59fdfcb1aeae5826,Amazon,394,1,sha256WithRSAEncryption,2048,RSA,1,v3,0,0
sync6.im-apps.net,38ee8211244bfc836019297713baad4d26a4ed37be0801006bf3e1b61a6ef8e0,DigiCert Inc,365,1,ecdsa-with-SHA384,256,EC,1,v3,0,0
apis.mcafee.com,daff3e3f70d6cb84e2cd2c886c3ca50ff9f39384a3a296c96a36d78541711dd5,Amazon,197,1,sha256WithRSAEncryption,2048,RSA,1,v3,0,0
a1802.dscw154.akamai.net,792ce717b665ca8a0aedf9f7a3ba68bd15b7bf81da354e2c7dc4869bf9f22e62,DigiCert Inc,365,1,ecdsa-with-SHA384,256,EC,1,v3,0,0
onedscolprdcus18.centralus.cloudapp.azure.com,47e722e169ba40231ba47435f29e320b18c2573be5702449f0061865ec3316ab,Microsoft Corporation,180,1,sha384WithRSAEncryption,2048,RSA,1,v3,0,0
ib.msn.com,fb062cbeb729a6335174d60c783c235e339282ff888dea8982ded17a02bff58f,Microsoft Corporation,180,1,ecdsa-with-SHA384,256,EC,1,v3,0,0
p19-common-sign-useastred.tiktokcdn-eu.com,b84727eb4df272aa4ed42bc62a0217075622af80d64902cfbec604795c41f5e1,DigiCert Inc,396,1,sha256WithRSAEncryption,2048,RSA,1,v3,0,0
rtb-trk4.linkedin.com,93562fd0ea77577aac16a78ffdfa4ae3f355db8d639d4d57b1b90022e33df53f,DigiCert Inc,184,1,sha256WithRSAEncryption,2048,RSA,1,v3,0,0
www.samsung.com,05209e47fd8f96d2f39a79828677288eccca3cef245f128711cc2d53d71f42f7,DigiCert Inc,198,1,sha256WithRSAEncryption,2048,RSA,1,v3,0,0
ka-p.fontawesome.com,2a785bb0ccfac98b5186b1fa62edc7b8bc18153d91fc87539ee0af8c08d1172f,Google Trust Services,90,1,ecdsa-with-SHA256,256,EC,1,v3,0,0
api.samsungconsent.com,0093623cfc5dfd71d8509ff9bca4f4d33b5a87c6051f0954823459762f36cab6,Amazon,393,1,sha256WithRSAEncryption,2048,RSA,1,v3,0,0
onedscolprdwus03.westus.cloudapp.azure.com,f39a51b6f6002ba05ebcde0cf8bb80265d175e6c7cd6370cf22b08f2f20835c2,Microsoft Corporation,149,1,sha384WithRSAEncryption,2048,RSA,1,v3,0,0
myworkday.com,4f83cab55d5b0e903414de6c84348a2dc8824e476031bc16a9316f13e1ee6ffb,DigiCert Inc,396,1,sha256WithRSAEncryption,2048,RSA,1,v3,0,0
pixel.wp.com,4a0dd194fcf923bbb349b6ef30952c62921ddf1094895d41135f17d3a968ec4f,Let's Encrypt,89,1,ecdsa-with-SHA384,256,EC,1,v3,0,0
mtp.sag.us-ashburn-1.oci.oraclecloud.com,48e2b29953b54745ddc8790d9ffedcd833f615e6fac00e622c52f908604f5465,DigiCert Inc,364,1,sha256WithRSAEncryption,2048,RSA,1,v3,0,0
config.mtp.sag.us-ashburn-1.oci.oraclecloud.com,55a8f498e51941b32f862bdd0aa8a69bb677476c7965532ab64c52cebe1ef8f1,DigiCert Inc,366,1,ecdsa-with-SHA384,256,EC,1,v3,0,0
onedscolprdcus15.centralus.cloudapp.azure.com,47e722e169ba40231ba47435f29e320b18c2573be5702449f0061865ec3316ab,Microsoft Corporation,180,1,sha384WithRSAEncryption,2048,RSA,1,v3,0,0
a874.b.akamai.net,792ce717b665ca8a0aedf9f7a3ba68bd15b7bf81da354e2c7dc4869bf9f22e62,DigiCert Inc,365,1,ecdsa-with-SHA384,256,EC,1,v3,0,0
tagged-by.rubiconproject.net.akadns.net,cf0f7e0d169043255e99a0d497bb120f73f9a2076711b8ae5ed0b4ff8767340f,DigiCert Inc,198,1,sha256WithRSAEncryption,2048,RSA,1,v3,0,0
agents.msua01.manage.microsoft.com,43504294e987003ea5dda464e49340962737dcb5f84332a0fd68b7848bad2f1d,Microsoft Corporation,117,1,sha384WithRSAEncryption,2048,RSA,1,v3,0,0
images-eds-ssl.xboxlive.com,fcf632c13781f4d96ff3fed0a0144d184e2161228c9c5c1d53817c68745620aa,Microsoft Corporation,360,1,ecdsa-with-SHA384,256,EC,1,v3,0,0
onedscolprdwus22.westus.cloudapp.azure.com,f39a51b6f6002ba05ebcde0cf8bb80265d175e6c7cd6370cf22b08f2f20835c2,Microsoft Corporation,149,1,sha384WithRSAEncryption,2048,RSA,1,v3,0,0
ghent-gce-sc.bidswitch.net,c07b8d9967e9e4cec245e615e2980de420eed1e00f01f0daca9820cc7c074668,DigiCert Inc,90,1,sha256WithRSAEncryption,256,EC,1,v3,0,0
download.lenovo.com,9f4e4f67b327ebd9277439650adea0ab1d35ed8bd0dd6abf9f2c220a3ea821d4,DigiCert Inc,364,1,ecdsa-with-SHA384,256,EC,1,v3,0,0
sdk-events.inner-active.mobi,1aa7fde471850b1baf470b4eac4fa90f412e519cbbfd2a405584e26ab9a2b7ff,Google Trust Services,90,1,sha256WithRSAEncryption,2048,RSA,1,v3,0,0
onedscolprdwus12.westus.cloudapp.azure.com,f39a51b6f6002ba05ebcde0cf8bb80265d175e6c7cd6370cf22b08f2f20835c2,Microsoft Corporation,149,1,sha384WithRSAEncryption,2048,RSA,1,v3,0,0
onedscolprdwus18.westus.cloudapp.azure.com,f39a51b6f6002ba05ebcde0cf8bb80265d175e6c7cd6370cf22b08f2f20835c2,Microsoft Corporation,149,1,sha384WithRSAEncryption,2048,RSA,1,v3,0,0
d-code.liadm.com,340a18818301460e957eb437d6c9fccc93c1ebdab12bbe0ac0f3eaafece66b2f,Amazon,393,1,sha256WithRSAEncryption,2048,RSA,1,v3,0,0
msft-ssp-useast.adnxs.com,1b360b6dcf02669aad032dad81c81ecba3e063dd52c542ec60d94c0b427180e5,DigiCert Inc,396,1,ecdsa-with-SHA256,256,EC,1,v3,0,0
sync.graph.bluecava.com,7ca81e9d14f16efd4868265a0023be80eabda628788a565f40f2d9f2fedc74da,Google Trust Services,90,1,sha256WithRSAEncryption,2048,RSA,1,v3,0,0
ssl.sc.omtrdc.net,eeae9d2ea02ca79faae2663685000810cebbea3ec47e4b40c822460913ba8d8b,DigiCert Inc,396,1,sha256WithRSAEncryption,256,EC,1,v3,0,0
merchant-center-analytics.goog,4e72169fc0193395edacb7e5491d4b7ecf453543f86c39045d21c033ffafac1b,Google Trust Services,83,1,ecdsa-with-SHA256,256,EC,1,v3,0,0
res1.applovin.com,ada022ed30d110292cab77fbbfd30cef2a8ae5846e28eefae99524bcc6fb1893,Google Trust Services,90,1,sha256WithRSAEncryption,2048,RSA,1,v3,0,0
www.merchant-center-analytics.goog,4e72169fc0193395edacb7e5491d4b7ecf453543f86c39045d21c033ffafac1b,Google Trust Services,83,1,ecdsa-with-SHA256,256,EC,1,v3,0,0
onedscolprdwus04.westus.cloudapp.azure.com,f39a51b6f6002ba05ebcde0cf8bb80265d175e6c7cd6370cf22b08f2f20835c2,Microsoft Corporation,149,1,sha384WithRSAEncryption,2048,RSA,1,v3,0,0
onedscolprdwus21.westus.cloudapp.azure.com,f39a51b6f6002ba05ebcde0cf8bb80265d175e6c7cd6370cf22b08f2f20835c2,Microsoft Corporation,149,1,sha384WithRSAEncryption,2048,RSA,1,v3,0,0
www.baidu.com,0d822c9a905aefe98f3712c0e02630ee95332c455fe7745df08dbc79f4b0a149,GlobalSign nv-sa,396,1,sha256WithRSAEncryption,2048,RSA,1,v3,0,0
onedscolprdwus23.westus.cloudapp.azure.com,f39a51b6f6002ba05ebcde0cf8bb80265d175e6c7cd6370cf22b08f2f20835c2,Microsoft Corporation,149,1,sha384WithRSAEncryption,2048,RSA,1,v3,0,0
i.ctnsnet.com,7e454f6c941d73f7e91d964afb07fdddabaa0563f5583427b657636e915b78e4,DigiCert Inc,396,1,sha256WithRSAEncryption,2048,RSA,1,v3,0,0
onedscolprdwus11.westus.cloudapp.azure.com,f39a51b6f6002ba05ebcde0cf8bb80265d175e6c7cd6370cf22b08f2f20835c2,Microsoft Corporation,149,1,sha384WithRSAEncryption,2048,RSA,1,v3,0,0
javadl-esd-secure.oracle.com,38e205770609417fd205b8c780b24609204f2084c9d4dabf4e02f9359d0c255e,DigiCert Inc,364,1,sha256WithRSAEncryption,2048,RSA,1,v3,0,0
cadmus.script.ac,fd20fede687ed075c2f24ab2b9c06949fdb4f697571a94e6160d7cff1acdc595,Let's Encrypt,89,1,ecdsa-with-SHA384,256,EC,1,v3,0,0
onedscolprdwus07.westus.cloudapp.azure.com,f39a51b6f6002ba05ebcde0cf8bb80265d175e6c7cd6370cf22b08f2f20835c2,Microsoft Corporation,149,1,sha384WithRSAEncryption,2048,RSA,1,v3,0,0
onedscolprdwus01.westus.cloudapp.azure.com,f39a51b6f6002ba05ebcde0cf8bb80265d175e6c7cd6370cf22b08f2f20835c2,Microsoft Corporation,149,1,sha384WithRSAEncryption,2048,RSA,1,v3,0,0
onedscolprdwus16.westus.cloudapp.azure.com,f39a51b6f6002ba05ebcde0cf8bb80265d175e6c7cd6370cf22b08f2f20835c2,Microsoft Corporation,149,1,sha384WithRSAEncryption,2048,RSA,1,v3,0,0
onedscolprdwus08.westus.cloudapp.azure.com,f39a51b6f6002ba05ebcde0cf8bb80265d175e6c7cd6370cf22b08f2f20835c2,Microsoft Corporation,149,1,sha384WithRSAEncryption,2048,RSA,1,v3,0,0
onedscolprdwus05.westus.cloudapp.azure.com,f39a51b6f6002ba05ebcde0cf8bb80265d175e6c7cd6370cf22b08f2f20835c2,Microsoft Corporation,149,1,sha384WithRSAEncryption,2048,RSA,1,v3,0,0
onedscolprdwus17.westus.cloudapp.azure.com,f39a51b6f6002ba05ebcde0cf8bb80265d175e6c7cd6370cf22b08f2f20835c2,Microsoft Corporation,149,1,sha384WithRSAEncryption,2048,RSA,1,v3,0,0
identify.prod.nam.csc.cisco.com,0cc3198bcc9e27ca5d73f37fe7079d5ffac23748d52a7152b0e796a0719563a5,IdenTrust,369,1,sha256WithRSAEncryption,2048,RSA,1,v3,0,0
onedscolprdwus14.westus.cloudapp.azure.com,f39a51b6f6002ba05ebcde0cf8bb80265d175e6c7cd6370cf22b08f2f20835c2,Microsoft Corporation,149,1,sha384WithRSAEncryption,2048,RSA,1,v3,0,0
onedscolprdwus15.westus.cloudapp.azure.com,f39a51b6f6002ba05ebcde0cf8bb80265d175e6c7cd6370cf22b08f2f20835c2,Microsoft Corporation,149,1,sha384WithRSAEncryption,2048,RSA,1,v3,0,0
onedscolprdwus20.westus.cloudapp.azure.com,f39a51b6f6002ba05ebcde0cf8bb80265d175e6c7cd6370cf22b08f2f20835c2,Microsoft Corporation,149,1,sha384WithRSAEncryption,2048,RSA,1,v3,0,0
onedscolprdwus09.westus.cloudapp.azure.com,f39a51b6f6002ba05ebcde0cf8bb80265d175e6c7cd6370cf22b08f2f20835c2,Microsoft Corporation,149,1,sha384WithRSAEncryption,2048,RSA,1,v3,0,0
tiktokglobalshopv.com,6442e0de1ab62614eb75f4e3bcbeadefc58894f4cb8c12ec48c47e83b6f2e95e,DigiCert Inc,198,1,ecdsa-with-SHA256,256,EC,1,v3,0,0
images.ctfassets.net,acea371054c291b504b8b4cacd35484dd09278f6e28bd9577820d674fe1416a9,Amazon,393,1,sha256WithRSAEncryption,2048,RSA,1,v3,0,0
ts.itunes.apple.com,011d6054f9ba66413fbbffc3fc68bf16ef85b1bb321cf4b6bc3e71dbe1816a52,Apple Inc.,90,1,ecdsa-with-SHA256,256,EC,1,v3,0,0
onedscolprdwus06.westus.cloudapp.azure.com,f39a51b6f6002ba05ebcde0cf8bb80265d175e6c7cd6370cf22b08f2f20835c2,Microsoft Corporation,149,1,sha384WithRSAEncryption,2048,RSA,1,v3,0,0
login.msa.msidentity.com,d37715da7e0f83cf0b30bf95f43f28e6a1e53c1bbcdf283d5dc9db458e863774,DigiCert Inc,180,1,sha256WithRSAEncryption,2048,RSA,1,v3,0,0
onedscolprdwus10.westus.cloudapp.azure.com,f39a51b6f6002ba05ebcde0cf8bb80265d175e6c7cd6370cf22b08f2f20835c2,Microsoft Corporation,149,1,sha384WithRSAEncryption,2048,RSA,1,v3,0,0
onedscolprdwus19.westus.cloudapp.azure.com,f39a51b6f6002ba05ebcde0cf8bb80265d175e6c7cd6370cf22b08f2f20835c2,Microsoft Corporation,149,1,sha384WithRSAEncryption,2048,RSA,1,v3,0,0
cs.adingo.jp,4de58263d4ba3416f3992166e8867fa37df51706cd0b662d3fb777748003c49c,Amazon,197,1,sha256WithRSAEncryption,2048,RSA,1,v3,0,0
onedscolprdwus13.westus.cloudapp.azure.com,f39a51b6f6002ba05ebcde0cf8bb80265d175e6c7cd6370cf22b08f2f20835c2,Microsoft Corporation,149,1,sha384WithRSAEncryption,2048,RSA,1,v3,0,0
onedscolprdwus02.westus.cloudapp.azure.com,f39a51b6f6002ba05ebcde0cf8bb80265d175e6c7cd6370cf22b08f2f20835c2,Microsoft Corporation,149,1,sha384WithRSAEncryption,2048,RSA,1,v3,0,0
eur.loki.delve.office.com,0c2b30f75d215f522786ab0f304dde2ddf14df3f26f7f4a84f8d6775002c9782,Microsoft Corporation,360,1,sha384WithRSAEncryption,2048,RSA,1,v3,0,0
p16-common-ipv6-sign.tiktokcdn-us.com,c8cc9ef7bc164c116b750eec418ab70feb5a283af5e324d49087101791e2ce67,DigiCert Inc,396,1,ecdsa-with-SHA256,256,EC,1,v3,0,0
p19-common-ipv6-sign.tiktokcdn-us.com,3a616fb90e57254c622248d5b2e131f1671c6c4f6e1e4d63e1dff0b3f5dab1df,DigiCert Inc,396,1,sha256WithRSAEncryption,2048,RSA,1,v3,0,0
yandex.com,004b73abc7082568a07182924623a26973fb7f4ab4ed30a5f022c3fa17c355eb,GlobalSign nv-sa,181,1,ecdsa-with-SHA384,256,EC,1,v3,0,0
w.org,2769f1cd6bdfbd13bd0b4e053fef23a07cf3fe4238abe0ac78ce769ef086f267,Let's Encrypt,89,1,ecdsa-with-SHA384,256,EC,1,v3,0,0
dart.l.doubleclick.net,2f715db0f8d3a511230d60a851f77fa6905dce62b5e80af2a1849a1b72a27937,Google Trust Services,83,1,sha256WithRSAEncryption,2048,RSA,1,v3,0,0
sf-ssp.tiktokcdn.com,a6ab6ddf5871c8dc0842be350b4ff4ac95f4b2525697ea18bfecb033280d80dd,DigiCert Inc,198,1,ecdsa-with-SHA256,256,EC,1,v3,0,0
array810.prod.do.dsp.mp.microsoft.com,9e08133baf26405d6d8acdfcdb01010d746a3642f550b71ba4dbc0e792e1986c,Microsoft Corporation,365,1,ecdsa-with-SHA384,256,EC,1,v3,0,0
media.tenor.com,58b88f521518c4d116b51cf9e99ef0626e08667da42666228193adaeb3cba447,Google Trust Services,83,1,ecdsa-with-SHA256,256,EC,1,v3,0,0
api-lsa.lenovosoftware.com,cf89dca91afc6072074bf1ee61eb6b4ab705e423c6c66ac75574d2847b9c29b7,Amazon,197,1,sha256WithRSAEncryption,2048,RSA,1,v3,0,0
onedscolprdwus00.westus.cloudapp.azure.com,f39a51b6f6002ba05ebcde0cf8bb80265d175e6c7cd6370cf22b08f2f20835c2,Microsoft Corporation,149,1,sha384WithRSAEncryption,2048,RSA,1,v3,0,0
b-code.liadm.com,340a18818301460e957eb437d6c9fccc93c1ebdab12bbe0ac0f3eaafece66b2f,Amazon,393,1,sha256WithRSAEncryption,2048,RSA,1,v3,0,0
accounts.spotify.com,d259c071b22ee84523e7b256e4b013aff3c7b4f25eedb1aeb5a82b93588d63c6,DigiCert Inc,365,1,sha256WithRSAEncryption,2048,RSA,1,v3,0,0
client-side-metrics.us5.us.criteo.net,d52e5235a93738c3610a6812207973036f433b842d4c35e963f6d8a1cbcd9007,DigiCert Inc,93,1,sha256WithRSAEncryption,256,EC,1,v3,0,0
cdn.auth0.com,23d9cb59732c993da5233ec8cfc66608ecf8a3fec513053cc50360d3d2b725b9,Amazon,393,1,sha256WithRSAEncryption,2048,RSA,1,v3,0,0
csync-global.smartadserver.com,b5e6ab7ea1e6261def83c5d6f046cc2e8cef1c6103a4883acffa9dbd947c0b81,DigiCert Inc,365,1,ecdsa-with-SHA384,256,EC,1,v3,0,0
scripts.webcontentassessor.com,25265ab606c6d79c2834cd9fbdc907e2ea3ce5d8104ef6c04f2af2773e0da104,Amazon,393,1,sha256WithRSAEncryption,2048,RSA,1,v3,0,0
rl.quantummetric.com,b2daee677fc84f1d68d5ddd954af8ee28664d70a95eae1b2d75b69a880271189,Sectigo Limited,394,1,sha256WithRSAEncryption,2048,RSA,1,v3,0,0
browserleaks.org,ec559d8308c069643e81dcce8cbdc643064575ef526b335f2a86101753538e02,Google Trust Services,90,1,ecdsa-with-SHA256,256,EC,1,v3,0,0
pips.taboola.com,d47c9790f81d639ec28d7660f39890f34926ecbfc928147f6b49a41e7cebf10d,DigiCert Inc,386,1,sha256WithRSAEncryption,2048,RSA,1,v3,0,0
grs.dbankcloud.cn,05d65a34daed428460eca7a5a489e5b8ff4e03fa9fddffb0b8585ac18d2356b8,Huawei,730,0,sha256WithRSAEncryption,256,EC,1,v3,0,0
downloads.hpdaas.com,b6639b84e6466849aae83b85868b4a3e9234b612b7ec0b115791f244777c1da2,DigiCert Inc,364,1,sha256WithRSAEncryption,2048,RSA,1,v3,0,0
s.w.org,ec0e743e5388cfe85e13e64d301c54a337e0b52314d4a0545476d98f227f1521,Let's Encrypt,89,1,ecdsa-with-SHA384,256,EC,1,v3,0,0
clevertap-prod.com,e485b1acbae434427ad270a8f240d1e45d510cb80b432f7a9e676402b366e63c,Amazon,394,1,sha256WithRSAEncryption,2048,RSA,1,v3,0,0
teams-cloud-microsoft.s-0005.dual-s-msedge.net,f60432340206699274e86218c2ec6573bdd3831544d0f609bf66baecc55458b7,Microsoft Corporation,180,1,sha384WithRSAEncryption,2048,RSA,1,v3,0,0
commerce.microsoft.com,1aba22b5e85e5e720f08e4027b9d09f6d78387ee6a5c94f1918c40a47c691be5,Microsoft Corporation,180,1,sha384WithRSAEncryption,2048,RSA,1,v3,0,0
array602.prod.do.dsp.mp.microsoft.com,9e08133baf26405d6d8acdfcdb01010d746a3642f550b71ba4dbc0e792e1986c,Microsoft Corporation,365,1,ecdsa-with-SHA384,256,EC,1,v3,0,0
cdn.mxpnl.com,3bd0d6d426663245ecb42db7faf0ede266e33191ec17cc87e3d653c07f4b9c87,DigiCert Inc,396,1,sha256WithRSAEncryption,2048,RSA,1,v3,0,0
prod.pinterest.global.map.fastly.net,df782a841f26c2991682dbda898efd2c12bafcc1c5aa2ae5e990744f40b14910,GlobalSign nv-sa,396,1,sha256WithRSAEncryption,2048,RSA,1,v3,0,0
sync.adtelligent.com,b7aca6079b9190f62ef194e4439530a8dfe16dbe72eea7a452147aa09d87ea4b,ZeroSSL,90,0,ecdsa-with-SHA384,256,EC,1,v3,0,0
pandg.tapad.com,04951068158bf34e7488347e3a5c5fca50d586413490ec7ea5bd4eeaab375958,Google Trust Services,90,1,sha256WithRSAEncryption,2048,RSA,1,v3,0,0
friend.gc.apple.com,4c84a50a95f0b4187363b8bec5e4c4c768bdcb9327e395345c81ebcfb98217b5,Apple Inc.,393,1,ecdsa-with-SHA256,256,EC,1,v3,0,0
i0.wp.com,4a0dd194fcf923bbb349b6ef30952c62921ddf1094895d41135f17d3a968ec4f,Let's Encrypt,89,1,ecdsa-with-SHA384,256,EC,1,v3,0,0
guc3-dealer.g2.spotify.com,f4bf2e32e24c29a2c8d880de606db38d8397c7c7e9656356b2c947cef5f8a5fd,DigiCert Inc,365,1,sha256WithRSAEncryption,256,EC,1,v3,0,0
pbr1-collabhubrtc.officeapps.live.com,c397682b30183e8cfb79d9d282352115650f7cd254cdfb74da100ec5423676bc,Microsoft Corporation,180,1,sha384WithRSAEncryption,2048,RSA,1,v3,0,0
gecko31-normal-alisg.tiktokv.com,564fabb9426f2fb83f9aec14a9cd886ee6fb9f0be30549a5600dd2acdca6a50d,DigiCert Inc,364,1,sha256WithRSAEncryption,2048,RSA,1,v3,0,0
cma.itunes-apple.com.akadns.net,f06ac97c6df9f2a2a3ce9882ecb6d310702fa6f48b6bbf8fbaf3de061df74a1b,Apple Inc.,173,1,ecdsa-with-SHA256,256,EC,1,v3,0,0
sf16-ies-music-va.tiktokcdn.com,a6ab6ddf5871c8dc0842be350b4ff4ac95f4b2525697ea18bfecb033280d80dd,DigiCert Inc,198,1,ecdsa-with-SHA256,256,EC,1,v3,0,0
nytimes.com,0780fe78243e6b0cd494e716658089c0d6075306e97df65e5c44298aa4708421,DigiCert Inc,198,1,sha256WithRSAEncryption,2048,RSA,1,v3,0,0
groovinads.com,0cdef9390f3afd13107b0e22fd4caa78e801b8f79a02b6c72374a194f1283312,Sectigo Limited,198,1,sha256WithRSAEncryption,2048,RSA,1,v3,0,0
styles.redditmedia.com,f3764fee7da5311362f0d0f6aca308c7ba3281eb048a4c7ad5bbae605fca2530,DigiCert Inc,179,1,sha256WithRSAEncryption,2048,RSA,1,v3,0,0
iponweb.net,7c87d8717dcfef6beb667a99880dc020de166884b1a5bb36fc0430d91530ca85,DigiCert Inc,93,1,sha256WithRSAEncryption,256,EC,1,v3,0,0
profile.gc-apple.com.akadns.net,a0dbdc42640e2b55782dd915df7c3b4f510a743414f28badef8d31b71065f562,Apple Inc.,388,1,sha256WithRSAEncryption,2048,RSA,1,v3,0,0
prebid.admatic.de,8cefeb953459255a7203818ef3b85068831568d6a3687b8291652d74feba82fe,Let's Encrypt,89,1,ecdsa-with-SHA384,256,EC,1,v3,0,0
gpi2.life360.com,11232136bc046a55e6dfabf32d0e87d8c2af6c45b916017666dfbca3b205c9d5,Let's Encrypt,89,1,ecdsa-with-SHA384,256,EC,1,v3,0,0
tanium.com,00d2ac14286c0aeb92e807a2b3d264dd2c5f15f1c57376e8f1c80cf7b0479f2c,DigiCert Inc,379,1,sha256WithRSAEncryption,2048,RSA,1,v3,0,0
collect.ureca-lab.com,67c66f2ca8f6071cf877e554f5189b9940079b07fa9869671812a541ce381e5e,Sectigo Limited,396,1,sha256WithRSAEncryption,2048,RSA,1,v3,0,0
collector.brandmetrics.com,958e20b4669fba35de789f08a580c95e41a4b7b133f33f8601ffb4979813b58d,Google Trust Services,90,1,ecdsa-with-SHA256,256,EC,1,v3,0,0
eu-api.asm.skype.com,947b3c8177823085d2e7bebcb1f8b75e3142d33ec17436930b2c4cf29a04bd43,Microsoft Corporation,180,1,sha384WithRSAEncryption,2048,RSA,1,v3,0,0
collections.mp.microsoft.com,316221f3b39301ce8dc1596ec8f7626fd16a72ac433cffa64551dcf8e8e21df7,Microsoft Corporation,180,1,sha384WithRSAEncryption,2048,RSA,1,v3,0,0
report.appmetrica.yandex.net,9ff51e72b02b6b8f49ee9bd4d40d5c47f1115dab94bfd1df49ba419c2d28e3d4,GlobalSign nv-sa,181,1,ecdsa-with-SHA384,256,EC,1,v3,0,0
adx.ads.vungle.com,cf608f4fcd28d23e2571b60d265d6c86a9161c1020d1370e2005979bddfa25bf,Sectigo Limited,394,1,sha256WithRSAEncryption,2048,RSA,1,v3,0,0
eu-v10c.events.data.microsoft.com,eb6c4486db1b40c2b55fd48769494bf9b2f544bc619a6286100ad914b786f722,Microsoft Corporation,214,1,sha256WithRSAEncryption,2048,RSA,1,v3,0,0
ex.ingage.tech,e2a2be73e941977734f42c35012d7ec41ec412199c1b08d1f82e2c409a31d3c0,Sectigo Limited,385,1,sha256WithRSAEncryption,2048,RSA,1,v3,0,0
lax1-ib.adnxs.com,1b360b6dcf02669aad032dad81c81ecba3e063dd52c542ec60d94c0b427180e5,DigiCert Inc,396,1,ecdsa-with-SHA256,256,EC,1,v3,0,0
nrdp.nccp.netflix.com,3e55d557dc197a62bf1ff934087127b616a7ceade1c239c6431ba3579de84aa4,Netflix Inc,9616,0,sha256WithRSAEncryption,2048,RSA,1,v3,0,0
ip-api.com,cda61777062770f387d9ad87f9c22a0f633a76cb2ad8a5438d51f1c56e5d4989,Sectigo Limited,396,1,sha256WithRSAEncryption,2048,RSA,1,v3,0,0
browser.events.data.trafficmanager.net,f39a51b6f6002ba05ebcde0cf8bb80265d175e6c7cd6370cf22b08f2f20835c2,Microsoft Corporation,149,1,sha384WithRSAEncryption,2048,RSA,1,v3,0,0
youtube-nocookie.com,b923c14ef87a0a5aa8b961c18e4e49c97dc5e7829c1f2f41893c884e6fd41ffb,Google Trust Services,83,1,sha256WithRSAEncryption,2048,RSA,1,v3,0,0
api.mshop.bdtelemetry.amazon,0dc139f2806af1981b9a73ec9e1c3f782e1fd2c37711a56da4e0c0780f2f7a2c,Amazon,394,1,sha256WithRSAEncryption,2048,RSA,1,v3,0,0
view.adjust.com,c409f0fecef037760c56a87bc08af9724d051931ef1536186e755dd5a3869713,DigiCert Inc,198,1,sha256WithRSAEncryption,2048,RSA,1,v3,0,0
cdn.permutive.com,ae773a992439e57511efaebd0bce65dcaef015b918eb313fe847aec781e1eeab,Google Trust Services,90,1,ecdsa-with-SHA256,256,EC,1,v3,0,0
qvdt3feo.com,27e100713c600dba49228528a3d5d34365e730ff006f5f3a427ef4284331f38a,Amazon,394,1,sha256WithRSAEncryption,2048,RSA,1,v3,0,0
i.l.inmobicdn.net,049fc9e38f2c77b0f9dc000bc3e46fba2088ff95c6a90c3bd3da8a7a7bc2216a,Sectigo Limited,365,1,sha256WithRSAEncryption,2048,RSA,1,v3,0,0
logs.dradis.netflix.com,25dd5d401bc82276244539e5ee32789b6bd8f31996e61cd9570da4d8b85eb2ab,Netflix Inc,7,0,ecdsa-with-SHA256,256,EC,1,v3,0,0
www.youtube-nocookie.com,e51c3ce4d70e43c7262da7e20609b3b751d6d98b8b83fed4a3f56fbb05bba54f,Google Trust Services,83,1,ecdsa-with-SHA256,256,EC,1,v3,0,0
metrics.rapidedge.io,65d6a7320fc94cf5a2c56c70448c89eb79f0641fdd39f2aac47787589861918b,Google Trust Services,90,1,ecdsa-with-SHA256,256,EC,1,v3,0,0
content.powerapps.com,352217e028ff8286e9195824791a7183598d04a7c4248c9bdbe73db1f57f1ec8,Microsoft Corporation,180,1,sha384WithRSAEncryption,2048,RSA,1,v3,0,0
tile-service.weather.microsoft.com,3dc9b775ae033a460196689a5b41a8370134b455d5b4040a9559c5c50acb6f5e,Microsoft Corporation,180,1,ecdsa-with-SHA384,256,EC,1,v3,1,0
pin1-collabhubrtc.officeapps.live.com,c397682b30183e8cfb79d9d282352115650f7cd254cdfb74da100ec5423676bc,Microsoft Corporation,180,1,sha384WithRSAEncryption,2048,RSA,1,v3,0,0
k8s1-event-tracker-va.lb.indexww.com,bd5c3428444546deb238ac75e4ae2fbb52a055baebb192264a99dc9aafea6983,Sectigo Limited,365,1,sha256WithRSAEncryption,2048,RSA,1,v3,0,0
config-edge-skype.ln-0007.ln-msedge.net,f60432340206699274e86218c2ec6573bdd3831544d0f609bf66baecc55458b7,Microsoft Corporation,180,1,sha384WithRSAEncryption,2048,RSA,1,v3,0,0
cdn.ketchjs.com,c2171006197ae38d8d8ebc8e30200e509535aeb1054cf4f73f14e60d68a86263,Certainly,29,0,sha256WithRSAEncryption,2048,RSA,1,v3,0,0
rtb.gamoshi.io,217cc53a4c733c81b44ba8af8b383f6bc37f81bbc97a4aee0e891473bf728a22,Amazon,393,1,sha256WithRSAEncryption,2048,RSA,1,v3,0,0
checkip.amazonaws.com,8083eb519867573093f108303398c00634702b6ac69fb4c82cf39e901885370c,Amazon,394,1,sha256WithRSAEncryption,2048,RSA,1,v3,0,0
discord.gg,d8a8302587a01fe441531fd267f4b0de84899bd690ac4c9d7fa7a94b4e0599db,Google Trust Services,90,1,ecdsa-with-SHA256,256,EC,1,v3,0,0
0rtt.us.bytedance.map.fastly.net,86cea6001fdeb3ddde68bf2831c5b094f9c350c9c85fc0c9fcb4ddef51a69957,DigiCert Inc,198,1,sha256WithRSAEncryption,2048,RSA,1,v3,0,0
c-msn-afd.trafficmanager.net,26c77d49df8ae930639122568cb5e10b6d034b2ff39d05a03b360a21b9993831,Microsoft Corporation,180,1,ecdsa-with-SHA384,256,EC,1,v3,0,0
a.usbrowserspeed.com,f4becf1464e7a40cdee6d2eee987551fc60033cdf7c4e7d454f8766cb9806cbd,Amazon,394,1,sha256WithRSAEncryption,2048,RSA,1,v3,0,0
syndicatedsearch.goog,deb59051e8ff3f639f03191f6210af599441e48899c7b0779b9fc85332e00a65,Google Trust Services,83,1,ecdsa-with-SHA256,256,EC,1,v3,0,0
www.onenote.com,76953ca94cafdf2463ce31b4127d0f9eeeeafafa80635012e845deda3d1f5653,Microsoft Corporation,180,1,sha384WithRSAEncryption,2048,RSA,1,v3,0,0
pjp1-collabhubrtc.officeapps.live.com,c397682b30183e8cfb79d9d282352115650f7cd254cdfb74da100ec5423676bc,Microsoft Corporation,180,1,sha384WithRSAEncryption,2048,RSA,1,v3,0,0
playdigo.com,6a9600f769358de57c9ed8f491b8dee206ae1b12d6f97d71731342b06bddfcb9,Let's Encrypt,89,1,sha256WithRSAEncryption,2048,RSA,1,v3,0,0
fsu.edu,b10fa41623a3d7a3300a9e992abc0306faa5e38676a0273ec782dc16a44d0abb,Sectigo Limited,198,1,sha256WithRSAEncryption,2048,RSA,1,v3,0,0
events.split.io,7af96dcd92289c4b716d36a9928176962c4e008d41eea29ef07003e2ee6eff5e,Amazon,197,1,sha256WithRSAEncryption,2048,RSA,1,v3,0,0
manage.microsoft.us,ce8b7a0d9d388b62c28d8f85b8efc9b2d59efed968d8eff818cbe0901bbffe70,DigiCert Inc,180,1,sha256WithRSAEncryption,2048,RSA,1,v3,0,0
qualys.com,6179f4265160d514375fce514bfa2b0f678f469a0a668cb282e9a12e407cd420,Google Trust Services,90,1,sha256WithRSAEncryption,2048,RSA,1,v3,0,0
instructure-uploads.s3.amazonaws.com,7ebf42635dc32bcb97f60e383ee1f86339aacea239e156b98d741c7912671436,Amazon,353,1,sha256WithRSAEncryption,2048,RSA,1,v3,0,0
photos.googleapis.com,c96df46cd4d4baab16c15705b3fdf7748c83cb18d221814df697965aa44ced44,Google Trust Services,83,1,ecdsa-with-SHA256,256,EC,1,v3,0,0
a1666.dscr.akamai.net,792ce717b665ca8a0aedf9f7a3ba68bd15b7bf81da354e2c7dc4869bf9f22e62,DigiCert Inc,365,1,ecdsa-with-SHA384,256,EC,1,v3,0,0
bam.cell.nr-data.net,40404c0429cdd8a6dfdb3d64e99cf7b7ab60110f89f160567658e3040d305bc2,DigiCert Inc,364,1,sha256WithRSAEncryption,2048,RSA,1,v3,0,0
aks-prod-southeastasia.access-point.cloudmessaging.edge.microsoft.com,92e3cbefa49b80c6db2fbcc03fb17b50bf77a041320b6a19287225aabf5f557d,Microsoft Corporation,180,1,sha384WithRSAEncryption,2048,RSA,1,v3,0,0
hybrid.ai,c9209a531efa35c729641fc37b1e3473c8158743ea3506b88d86e511192a60fc,Sectigo Limited,377,1,sha256WithRSAEncryption,2048,RSA,1,v3,0,0
trends.revcontent.com,6803b7982b6aed169afdd0d01c7b3833e5752ebed005885fa6530b91d3e2857a,Let's Encrypt,89,1,sha256WithRSAEncryption,2048,RSA,1,v3,0,0
ittpx-us-e.eskimi.com,3d48b6cdf34cd6eee0e8beb657f7279f2ff4d69af0c8c7d5b3b8ffa045cd3874,DigiCert Inc,396,1,sha256WithRSAEncryption,2048,RSA,1,v3,0,0
identity.ess-apple.com.akadns.net,fabc6628248ad275d8553e45e5fbd940ae60d00eba5aae1bf3f82e84b1fb8e67,Apple Inc.,349,1,sha256WithRSAEncryption,2048,RSA,1,v3,0,0
collect.tealiumiq.com,5cb796b797db40ff42f2bb6a641928b93806c673ef5519f55f6b5c234745ae05,Amazon,393,1,sha256WithRSAEncryption,2048,RSA,1,v3,0,0
reminder-a.wbx2.com,a512122803f46e97048b63de3eec93526c4c28c83c4087d96d5b1e3835ab19ef,IdenTrust,198,1,sha256WithRSAEncryption,2048,RSA,1,v3,0,0
e4518.dscapi7.akamaiedge.net,3ce12a7b0704894a2c9d2e0c6d696f11e35e3aa0c38bb95b5dc3a493fb9e3ead,DigiCert Inc,198,1,ecdsa-with-SHA384,256,EC,1,v3,0,0
calendars.icloud.com,c3767a111705e533f17dee2a209beb80260b574fee9540b7bff46f39c16c2ac9,Apple Inc.,393,1,ecdsa-with-SHA256,256,EC,1,v3,0,0
media.amazon.map.fastly.net,0a9d5219b745fed5889a73f4b9780277894451836d901810e74975a01845bd99,DigiCert Inc,349,1,sha256WithRSAEncryption,2048,RSA,1,v3,0,0
app.slack.com,67bec37696a804379f9acadbbd75f77392fe157a136b5d37b7bdd3e6696f3f94,Let's Encrypt,89,1,sha256WithRSAEncryption,2048,RSA,1,v3,0,0
a1013.dsct.akamai.net,792ce717b665ca8a0aedf9f7a3ba68bd15b7bf81da354e2c7dc4869bf9f22e62,DigiCert Inc,365,1,ecdsa-with-SHA384,256,EC,1,v3,0,0
prod.detectportal.prod.cloudops.mozgcp.net,fc443930a870c703de82fbf61c830a010d74aab1adf9c83dfc3fd72be3078718,Let's Encrypt,89,1,sha256WithRSAEncryption,2048,RSA,1,v3,0,0
connectad.io,60e51103f23cf47296fecfd7b6a04dbbb347316f0c207f8b43d4a4bfde1c166e,Google Trust Services,90,1,ecdsa-with-SHA256,256,EC,1,v3,0,0
meta-ohttp-relay-prod.fastly-edge.com,588dd00bff70ba2ad54107d07e14eef504b8f5c462013e34f2bb3ae38146a440,Certainly,29,0,sha256WithRSAEncryption,2048,RSA,1,v3,0,0
ai-asm-api.wyzecam.com,97cf08856be2a037514f8b0a5b15e0e47ae57c9b92904ee44458cc54020c771b,DigiCert Inc,198,1,sha256WithRSAEncryption,2048,RSA,1,v3,0,0
myphonenumbers-pa.googleapis.com,c96df46cd4d4baab16c15705b3fdf7748c83cb18d221814df697965aa44ced44,Google Trust Services,83,1,ecdsa-with-SHA256,256,EC,1,v3,0,0
2.au.download.windowsupdate.com,792ce717b665ca8a0aedf9f7a3ba68bd15b7bf81da354e2c7dc4869bf9f22e62,DigiCert Inc,365,1,ecdsa-with-SHA384,256,EC,1,v3,0,0
api.bounceexchange.com,2e934a8ccd53c6bf9cef69a30a3c8f84bf04e1a7a1d3127c08c879315262528f,Let's Encrypt,89,1,sha256WithRSAEncryption,2048,RSA,1,v3,0,0
fa000000116.resources.office.net,0db841e1575f1366181a40f352366e7c725bc23ec5ece53c42dce4c8d0e5f769,Microsoft Corporation,198,1,ecdsa-with-SHA384,256,EC,1,v3,0,0
b.sharethrough.com,f0cf09999427b92fb16df17a1b285635311cad0696aac1900ca71af0e6aea8bf,Amazon,197,1,sha256WithRSAEncryption,2048,RSA,1,v3,0,0
region1.analytics.google.com,b48c53a30d7c33e87650591c1bd2328d604e0131a3f4721ab4d1abc28a9a8c74,Google Trust Services,83,1,sha256WithRSAEncryption,256,EC,1,v3,0,0
unlinkability.fe2.apple-dns.net,a0dbdc42640e2b55782dd915df7c3b4f510a743414f28badef8d31b71065f562,Apple Inc.,388,1,sha256WithRSAEncryption,2048,RSA,1,v3,0,0
scontent.whatsapp.net,47cd1cf3e6b7df4cf2197d57ee0df82e0dc12393a4e3dfc17f2681f2e0707fd6,DigiCert Inc,90,1,sha256WithRSAEncryption,256,EC,1,v3,0,0
udmserve.net,846e111c8860382b1b358d1911d86eda295779102deb57ae371036add6a74374,Sectigo Limited,365,1,sha256WithRSAEncryption,2048,RSA,1,v3,0,0
analytics.apis.mcafee.com,633b76ff1262198bed59ab71e9d054befeff0c4a0261ac71cee115868551dc53,Amazon,197,1,sha256WithRSAEncryption,2048,RSA,1,v3,0,0
aw.sc-cdn.net,b105251fbc431a21416dee8342e899f5605bf32e91a5e0d812ff9a22a3bf47f8,DigiCert Inc,364,1,sha256WithRSAEncryption,2048,RSA,1,v3,0,0
aks-prod-westus2.access-point.cloudmessaging.edge.microsoft.com,92e3cbefa49b80c6db2fbcc03fb17b50bf77a041320b6a19287225aabf5f557d,Microsoft Corporation,180,1,sha384WithRSAEncryption,2048,RSA,1,v3,0,0
event.clientgear.com,b3e8816a80ebd0f946ec1d477f372c8e2d7d987e5077e64b2d79a3b601ac8fe2,DigiCert Inc,394,1,sha256WithRSAEncryption,2048,RSA,1,v3,0,0
quake-pa.googleapis.com,c96df46cd4d4baab16c15705b3fdf7748c83cb18d221814df697965aa44ced44,Google Trust Services,83,1,ecdsa-with-SHA256,256,EC,1,v3,0,0
gameswhitelisted.googleapis.com,c96df46cd4d4baab16c15705b3fdf7748c83cb18d221814df697965aa44ced44,Google Trust Services,83,1,ecdsa-with-SHA256,256,EC,1,v3,0,0
exch.quantcount.com,afb2bb0355aaf079c8a529e297d4922a20f86448d3c0e250a239cdbe95b7c02f,Let's Encrypt,89,1,sha256WithRSAEncryption,2048,RSA,1,v3,0,0
tag.tapad.com,b24297f952241b94711833c638e659f0534d5b63cb37d040e9a12044c9333864,Google Trust Services,90,1,sha256WithRSAEncryption,2048,RSA,1,v3,0,0
dcape-na.amazon.com,0cf35a1c099f76bbfb3196a3a1dce2de63cfd91785a3cefb8fae6c57a6b3bf84,DigiCert Inc,197,1,sha256WithRSAEncryption,2048,RSA,1,v3,0,0
track.adform.net,0835aa23748d2995d5b036f04010c6e4d08894138ef491f1368c0218ac911710,DigiCert Inc,396,1,sha256WithRSAEncryption,2048,RSA,1,v3,0,0
auth.split.io,7af96dcd92289c4b716d36a9928176962c4e008d41eea29ef07003e2ee6eff5e,Amazon,197,1,sha256WithRSAEncryption,2048,RSA,1,v3,0,0
sync.sharethis.com,3cf25d5bca6ab6b3aea7153aa03f2015501c04348174af1cd4a2f95bc4161e60,Amazon,197,1,sha256WithRSAEncryption,2048,RSA,1,v3,0,0
global.ib-ibi.com,ff0778042deaf60b2c74d22194e7d7e4dc56328133a4b1e724f7728acba82007,Let's Encrypt,89,1,ecdsa-with-SHA384,256,EC,1,v3,0,0
siteintercept.qualtrics.com.cdn.cloudflare.net,7d4865f2aed80802f7c84736a2ad6920846d850ea20290e156724a906cd5404a,DigiCert Inc,363,1,sha256WithRSAEncryption,2048,RSA,1,v3,0,0
www.pinterest.com,c38e968925b07fa494245db2349b621994f0c1a7ed367fc61650013125573e6f,DigiCert Inc,396,1,sha256WithRSAEncryption,2048,RSA,1,v3,0,0
prodlb.siteintercept.qualtrics.com.cdn.cloudflare.net,7d4865f2aed80802f7c84736a2ad6920846d850ea20290e156724a906cd5404a,DigiCert Inc,363,1,sha256WithRSAEncryption,2048,RSA,1,v3,0,0
cdn.privacy-mgmt.com,bac239506398d677570fd5481037b83e262bcefd4f50e0e2d809788d89f87518,Amazon,394,1,sha256WithRSAEncryption,2048,RSA,1,v3,0,0
drafts-a.wbx2.com,d60e48790fd7c85ac16ec73bf892614d1e25375af166e2918077a938c4219d88,IdenTrust,369,1,sha256WithRSAEncryption,2048,RSA,1,v3,0,0
array806.prod.do.dsp.mp.microsoft.com,9e08133baf26405d6d8acdfcdb01010d746a3642f550b71ba4dbc0e792e1986c,Microsoft Corporation,365,1,ecdsa-with-SHA384,256,EC,1,v3,0,0
ltwebstatic.com,6180f19e1ff5cfae3e537d5cdb1b33a6de3b08e690eca3371fc9733c3c171c5c,"DigiCert, Inc.",396,1,sha256WithRSAEncryption,2048,RSA,1,v3,0,0
equativ-match.dotomi.com,6f9666fb3281f1da33eb16c6c6707f9abbebfecae87d5d83901318e39f895ef0,GlobalSign nv-sa,396,1,sha256WithRSAEncryption,2048,RSA,1,v3,0,0
dualstack.tls13.taboola.map.fastly.net,d47c9790f81d639ec28d7660f39890f34926ecbfc928147f6b49a41e7cebf10d,DigiCert Inc,386,1,sha256WithRSAEncryption,2048,RSA,1,v3,0,0
pt.ispot.tv,525da906a371763990f1f1b0e78b0d15b0f9992db93c65437433d0b00e7bb52e,Let's Encrypt,89,1,sha256WithRSAEncryption,2048,RSA,1,v3,0,0
ims-prod07.adobelogin.com,0f1f6ca8967205c615cb1dd7c5d4790bb3b3f7474305b2bb4a52edf5377b5767,DigiCert Inc,396,1,sha256WithRSAEncryption,2048,RSA,1,v3,0,0
consent.cookiebot.com,5816d7cc467ddfa43275ad7f1d37c88db179dfa21e40154c1413c3b01c5e1489,DigiCert Inc,366,1,ecdsa-with-SHA384,256,EC,1,v3,0,0
beacon.taboola.com,d47c9790f81d639ec28d7660f39890f34926ecbfc928147f6b49a41e7cebf10d,DigiCert Inc,386,1,sha256WithRSAEncryption,2048,RSA,1,v3,0,0
rum.hlx.page,0aef13a9720de24b82e1d2815b9be712206b9ff780f112eefbbb65a47a3aca04,Let's Encrypt,89,1,sha256WithRSAEncryption,2048,RSA,1,v3,0,0
shared-usttp-api-spread.bytewlb.akadns.net,792ce717b665ca8a0aedf9f7a3ba68bd15b7bf81da354e2c7dc4869bf9f22e62,DigiCert Inc,365,1,ecdsa-with-SHA384,256,EC,1,v3,0,0
prdv4a.aadg.msidentity.com,5f1713522f9831326534240262a331e17cd0975c9f7f0c92c511ff3b5ab11122,DigiCert Inc,180,1,sha256WithRSAEncryption,2048,RSA,1,v3,0,0
arc.trafficmanager.net,7176cadd1fa61d9779a92995e4e39f85dc2d1833ab52720e01e725367b3cfba0,Microsoft Corporation,180,1,sha384WithRSAEncryption,2048,RSA,1,v3,0,0
digitalaudience.io,5a6252187368a02181d0ef3ad03d808bd3201ce0953484cb6f87eb05e9f1b600,Let's Encrypt,89,1,ecdsa-with-SHA384,256,EC,1,v3,0,0
target.digitalaudience.io,f354f34865ef3b8b03aa59521ede5b71b4f2ee90ae2fe38597893e01d63090ab,Amazon,394,1,sha256WithRSAEncryption,2048,RSA,1,v3,0,0
newassets.hcaptcha.com,b0b691dbebdc7ad2a3ed02710c54bfbe294b6639658443530db1be57d0d77fc9,Google Trust Services,90,1,ecdsa-with-SHA256,256,EC,1,v3,0,0
choices-or.trustarc.com,0a1947123d0d9dc7ee9a36b0b273e69d5246b48030a1ff1d4e60833211407409,Amazon,393,1,sha256WithRSAEncryption,2048,RSA,1,v3,0,0
com.dual-spo-0005.spo-msedge.net,f60432340206699274e86218c2ec6573bdd3831544d0f609bf66baecc55458b7,Microsoft Corporation,180,1,sha384WithRSAEncryption,2048,RSA,1,v3,0,0
array510.prod.do.dsp.mp.microsoft.com,9e08133baf26405d6d8acdfcdb01010d746a3642f550b71ba4dbc0e792e1986c,Microsoft Corporation,365,1,ecdsa-with-SHA384,256,EC,1,v3,0,0
rt.udmserve.net,846e111c8860382b1b358d1911d86eda295779102deb57ae371036add6a74374,Sectigo Limited,365,1,sha256WithRSAEncryption,2048,RSA,1,v3,0,0
manage-pe.trafficmanager.net,e8ba5f300caba7a2fc3936a071a984147f90644bb77dc728e49fb1c8b3c9d2b1,Microsoft Corporation,166,1,sha384WithRSAEncryption,2048,RSA,1,v3,0,0
scs-config-use2.bixbyllm.com,11a7dfdf637b0ca26843ca2f8423c718e68b2d0c93197dcb8e6284954bd31639,Google Trust Services,90,1,sha256WithRSAEncryption,2048,RSA,1,v3,0,0
aax-us-east-retail-direct.amazon.com,38a515de26d2c26213adca297c9032b9e64051aa1018237ec9735325b0d10e92,Amazon,394,1,sha256WithRSAEncryption,2048,RSA,1,v3,0,0
sync.visx.net,c55bb0e0be0edff7d22302f4b6177f3e71f80bd476c0813e61099cb05f953802,"Starfield Technologies, Inc.",395,0,sha256WithRSAEncryption,2048,RSA,1,v3,0,0
box.com,9ff1bc28a4f99a1a138ebfc87b7aa8cf90f1bb2448c7bcf25b9e5928b3ebf39a,DigiCert Inc,367,1,sha256WithRSAEncryption,2048,RSA,1,v3,0,0
vafwlb.adsafeprotected.com,ec864186b218d5d0350c39714d86f0807d33462e7a1646498c1ee96d20b6c15a,Sectigo Limited,396,1,ecdsa-with-SHA256,384,EC,1,v3,0,0
e673.dscx.akamaiedge.net,20030ff7dfafdea1b2b010f56f1fecdbe2ac0a5a94029978e3d674c6a721986c,Apple Inc.,190,1,sha256WithRSAEncryption,2048,RSA,1,v3,0,0
powerbi.com,f5201460c9ef19135b8bdd3d5342a6cd829f059fb414854e8e15532fde1cac0f,Microsoft Corporation,180,1,sha384WithRSAEncryption,2048,RSA,1,v3,0,0
mapsmobilesdks-pa.googleapis.com,c96df46cd4d4baab16c15705b3fdf7748c83cb18d221814df697965aa44ced44,Google Trust Services,83,1,ecdsa-with-SHA256,256,EC,1,v3,0,0
fa000000111.resources.office.net,0db841e1575f1366181a40f352366e7c725bc23ec5ece53c42dce4c8d0e5f769,Microsoft Corporation,198,1,ecdsa-with-SHA384,256,EC,1,v3,0,0
tether.edge.apple,5433701739e6a6d8a0807b280800b47d578ff1add78d1615398cc8ed11481b76,Apple Inc.,88,1,ecdsa-with-SHA256,256,EC,1,v3,0,0
usw-ca2.adsrvr.org,ea25c7602a630c77115f6e1b188a7f3d468ce1b57a5b4a233c288887d49cc7a8,GlobalSign nv-sa,393,1,sha256WithRSAEncryption,2048,RSA,1,v3,0,0
signalr.net,e86844b7a721209c8b7af739294bfaa3afc61d4a5afc8420c0e19136f8593f94,Microsoft Corporation,180,1,sha384WithRSAEncryption,2048,RSA,1,v3,0,0
smartclip.net,03bbf22fb5d9a27f9e97fde3e0fd4eb46ae1ff14ea5f222e56426b5a8bb35b25,Amazon,393,1,sha256WithRSAEncryption,2048,RSA,1,v3,0,0
sb.teams.static.microsoft,3bc0d39e56b922835005cd746d2ddcecd986f8895db26d5b2fb3cc72ec8f6a60,Microsoft Corporation,180,1,sha384WithRSAEncryption,2048,RSA,1,v3,0,0
rtb-oveeo.com,42d9f9a463c1552d2369acd26d0d8164a144461410440f4eeeb93e60365af907,Sectigo Limited,365,1,ecdsa-with-SHA256,384,EC,1,v3,0,0
ccext-cdn.adobecces.com,f90dde819e8058bfb265aed9414052e9f92c8628273883fb6b2078857137b877,DigiCert Inc,396,1,sha256WithRSAEncryption,2048,RSA,1,v3,0,0
config-prod-weightedww.trafficmanager.net,394e114f9601996c0a534b8d664c906bab7cb6f7f58c5f2449f13408dab5a0df,DigiCert Inc,198,1,sha256WithRSAEncryption,2048,RSA,1,v3,0,0
media.akamai.odsp.cdn.office.net,c2614eaff5a30e6f3b88cf9d9b0c9d76da22ff3bacfd0edf22e18324870902a3,DigiCert Inc,180,1,ecdsa-with-SHA384,256,EC,1,v3,0,0
gsp9-ssl.ls-apple.com.akadns.net,12016a5eab2f3247f77ef7b495a8e3c9a0323898b73de797090a9858048f64d8,Apple Inc.,85,1,ecdsa-with-SHA256,256,EC,1,v3,0,0
mail.ru,00bcb5313b559c6861db158027db36a7d8423e59d5b2d964989881a2fab471ed,GlobalSign nv-sa,396,1,sha256WithRSAEncryption,2048,RSA,1,v3,0,0
e.serverbid.com,e5a2c6255c3c8e7f5a0781f0e3ef4ad6eadc49033694d72ef6b454de9044af90,Let's Encrypt,89,1,ecdsa-with-SHA384,256,EC,1,v3,0,0
cdn-settings.segment.com,189c5c43174cc1ea725a8edd37644cdf8399f4518e8520617fa04001dc6f6543,Amazon,394,1,sha256WithRSAEncryption,2048,RSA,1,v3,0,0
sharepoint.com.dual-spo-0005.spo-msedge.net,f60432340206699274e86218c2ec6573bdd3831544d0f609bf66baecc55458b7,Microsoft Corporation,180,1,sha384WithRSAEncryption,2048,RSA,1,v3,0,0
array607.prod.do.dsp.mp.microsoft.com,9e08133baf26405d6d8acdfcdb01010d746a3642f550b71ba4dbc0e792e1986c,Microsoft Corporation,365,1,ecdsa-with-SHA384,256,EC,1,v3,0,0
sxp.smartclip.net,f6f7ada7b6c8f69c776b779fde4ac810fe3d5f5d1b00fa5ad6f2746d33a9c5d0,Let's Encrypt,89,1,sha256WithRSAEncryption,2048,RSA,1,v3,0,0
na.api.amazonvideo.com,ef80b18b020cee023e6ad9d32da9778412cfad6660e087b33d38cd375f90bab0,DigiCert Inc,197,1,sha256WithRSAEncryption,2048,RSA,1,v3,0,0
data.amazon.com,8b49285fb002f7b8aa01af0ea27c8b52aaf1025994cbdd7cc062ed69d59b761a,Amazon,364,1,sha256WithRSAEncryption,2048,RSA,1,v3,0,0
tracker.rtb-oveeo.com,42d9f9a463c1552d2369acd26d0d8164a144461410440f4eeeb93e60365af907,Sectigo Limited,365,1,ecdsa-with-SHA256,384,EC,1,v3,0,0
collector-pxdojv695v.protechts.net,a83a8501ed84c09da7ed80f701a4433240685488724652742837a410019a1180,Google Trust Services,90,1,sha256WithRSAEncryption,2048,RSA,1,v3,0,0
tsyndicate.com,0e714ac8aeb4b590297c998a2c9ff48322849c715ab9b9e67b4aaff83ce381e1,Let's Encrypt,89,1,ecdsa-with-SHA384,256,EC,1,v3,0,0
v16m.tiktokcdn-us.com,c8cc9ef7bc164c116b750eec418ab70feb5a283af5e324d49087101791e2ce67,DigiCert Inc,396,1,ecdsa-with-SHA256,256,EC,1,v3,0,0
api.hubapi.com,9feb9ed05eb4949ebd42833d051385935eded43adec34cd901c753218d7ae90d,Google Trust Services,90,1,ecdsa-with-SHA256,256,EC,1,v3,0,0
consentcdn.cookiebot.com,e4d53f67e2a904dc6d7eb168c7dfbd136e6cc154eef24119680bd0e2657bbc68,DigiCert Inc,366,1,ecdsa-with-SHA384,256,EC,1,v3,0,0
api16-normal-useast5.tiktokv.us,63ed78308d110322026efd6786bbbe1c95956e54a15dd9bc406ce3389d32ff46,DigiCert Inc,396,1,ecdsa-with-SHA256,256,EC,1,v3,0,0
tasks-pa.clients6.google.com,368322a003a6b9f08065139b1ef9e13e6469a65169c8003fdd2f5f536d236360,Google Trust Services,83,1,ecdsa-with-SHA256,256,EC,1,v3,0,0
login.windows.net,555ed77bfdbeaf209c099971fb76c3677d98b13c99f63535a53a12d3e007937f,DigiCert Inc,180,1,sha256WithRSAEncryption,2048,RSA,1,v3,0,0
sf16-website-login.neutral.ttwstatic.com,c92b7c67292c87e425d8c71d7f3fb482c31e8e0ef83f3a653d942ec247e79e6d,DigiCert Inc,198,1,sha256WithRSAEncryption,2048,RSA,1,v3,0,0
configv2.unityads.unity3d.com,4b9a100a610543ed041b0451094e3729017941288ecdb05baf6b7b2eafeeee23,Google Trust Services,89,1,sha256WithRSAEncryption,2048,RSA,1,v3,0,0
abs.twimg.com,b804bc2046a0cdc56ea0ac363a65c2dd2812e25d1ab6a6fb9dc4ab0792d115f3,Let's Encrypt,89,1,sha256WithRSAEncryption,2048,RSA,1,v3,0,0
msedgeextensions.sf.tlu.dl.delivery.mp.microsoft.com,ba0bba492cee2d477b98c89c145cbafbf1cebc66cff5406ad42858d5093001fc,Microsoft Corporation,360,1,sha384WithRSAEncryption,2048,RSA,1,v3,0,0
idsync.reson8.com,ea9a21c48b4d7f91b362d4f45731130a7629c6af3d539be510c3e782146824d5,Google Trust Services,90,1,ecdsa-with-SHA256,256,EC,1,v3,0,0
li.protechts.net,22b8dbac2c96411d02d2bb381f3088dae547465a4f2c25ee0fa0a03579a83124,GlobalSign nv-sa,396,1,sha256WithRSAEncryption,2048,RSA,1,v3,0,0
loudecho.ai,c013c088e5e4a611d054f4fe0a5cc60cf1852440c7c8d3490ecf1e604902f710,Google Trust Services,90,1,ecdsa-with-SHA256,256,EC,1,v3,0,0
pacman.prod.nam.csc.cisco.com,c253cef2b826bf3d0728f6535126f25404d0bc8072e50ca255121ee73677aee2,IdenTrust,369,1,sha256WithRSAEncryption,2048,RSA,1,v3,0,0
atlassian.net,1bb9fb0cf88a11da494cda67e7282481301f18223e4856bf7d78e3e846559668,Amazon,394,1,sha256WithRSAEncryption,2048,RSA,1,v3,0,0
cs.loudecho.ai,a6d18e32c2b1c87a9bd718ba4b5aec297034443daffdd05a8be43944c4aa47fa,Let's Encrypt,89,1,sha256WithRSAEncryption,2048,RSA,1,v3,0,0
ocsp.verisign.com,792ce717b665ca8a0aedf9f7a3ba68bd15b7bf81da354e2c7dc4869bf9f22e62,DigiCert Inc,365,1,ecdsa-with-SHA384,256,EC,1,v3,0,0
e8960.e2.akamaiedge.net,eec79d0288334fe4199e2febdd56eaa1d16c9e3aedca3dce85c2e6b92f929dc7,DigiCert Inc,189,1,sha256WithRSAEncryption,256,EC,1,v3,0,0
taobao.com,37a2b70eae7d633e2d5d6bd7b7f0d444c59c811fc5be9c2c675861fb2789a540,GlobalSign nv-sa,396,1,sha256WithRSAEncryption,256,EC,1,v3,0,0
services.bingapis.com,11094d21c488e2329bdc87659e47aa97ca32657cd206261f26555d90a253779c,Microsoft Corporation,165,1,sha384WithRSAEncryption,2048,RSA,1,v3,0,0
tm-clarity-tag.trafficmanager.net,6ac962eac5f16bd77fb45c26fc83d3d15b9912ccebe9bd7a2516a3bd8f0fcbd0,Microsoft Corporation,180,1,sha384WithRSAEncryption,2048,RSA,1,v3,0,0
a1520.dscc.akamai.net,792ce717b665ca8a0aedf9f7a3ba68bd15b7bf81da354e2c7dc4869bf9f22e62,DigiCert Inc,365,1,ecdsa-with-SHA384,256,EC,1,v3,0,0
assets-msn-com-world-atm-default.trafficmanager.net,792ce717b665ca8a0aedf9f7a3ba68bd15b7bf81da354e2c7dc4869bf9f22e62,DigiCert Inc,365,1,ecdsa-with-SHA384,256,EC,1,v3,0,0
firebaseinappmessaging.googleapis.com,c96df46cd4d4baab16c15705b3fdf7748c83cb18d221814df697965aa44ced44,Google Trust Services,83,1,ecdsa-with-SHA256,256,EC,1,v3,0,0
et-c-ash.33across.com,ce4c2efbadacc82aa20a91fded5795b78c5429eb79f12a9ac65f48ff1ce4fa6b,Sectigo Limited,383,1,sha256WithRSAEncryption,2048,RSA,1,v3,0,0
wyze-firmware-upgrade-service.wyzecam.com,4c1fe59607df79f4c56159a23d1231b28e608905cce539481816a1a237d0b702,DigiCert Inc,186,1,sha256WithRSAEncryption,2048,RSA,1,v3,0,0
adtarget.com.tr,c9cb98fa06cdcaba9e8fb1f1e056b8ea32770f1282b599c632932ce9c8ab6812,Google Trust Services,90,1,ecdsa-with-SHA256,256,EC,1,v3,0,0
cs.emxdgt.com,730feb99955cbc96988ed600d3770a18be3e933782b756b741f742a9b5af5071,Google Trust Services,90,1,sha256WithRSAEncryption,2048,RSA,1,v3,0,0
cdn.userway.org,631edc257787affbb27b0055f80ec60f944039c8224cf21055381f865b60e6a4,Let's Encrypt,89,1,ecdsa-with-SHA384,256,EC,1,v3,0,0
cf.47cf2c8c9-frontier.amazon.com,ab1fe26963731abd166a55c3657277db884d4c2493510eff078a0170586fe565,Amazon,357,1,sha256WithRSAEncryption,2048,RSA,1,v3,0,0
esp-us2.aptrinsic.com,dd747c02fb8abae398cfd12227920cf61cb586ee1cb0d8af51673b3b2b324f7d,DigiCert Inc,396,1,sha256WithRSAEncryption,2048,RSA,1,v3,0,0
d32a6ru7mhaq0c.cloudfront.net,c6c6d5c7f79211bbd598b6eb4302e5657be832e775cee0a829b0dea35eaf4e02,Amazon,197,1,sha256WithRSAEncryption,2048,RSA,1,v3,0,0
amp-api-edge.music.apple.com,72ca15416ce3be68edbc64b012628953a17078f4c91e69a767fcdc2983c4ce67,Apple Inc.,189,1,sha256WithRSAEncryption,2048,RSA,1,v3,0,0
aa-rt.sharepoint.com.dual-spo-0005.spo-msedge.net,f60432340206699274e86218c2ec6573bdd3831544d0f609bf66baecc55458b7,Microsoft Corporation,180,1,sha384WithRSAEncryption,2048,RSA,1,v3,0,0
ipinfo.io,744a0724c9da4cba4e1dc11d2d9d6bad65553e088978b2e036df143db17ebd21,Let's Encrypt,89,1,sha256WithRSAEncryption,2048,RSA,1,v3,0,0
sync.dxtech.ai,772ecb37a024bb6ae78a2e920b0d24d025874cd766bc95dba2a8adff38959758,Google Trust Services,90,1,ecdsa-with-SHA256,256,EC,1,v3,0,0
pull-f5-tt04.tiktokcdn-us.com,a288f93fed597e34ea5906dd23bbc45c7a3749ffbce3ddaf3a025f70dd12cb20,DigiCert Inc,396,1,sha256WithRSAEncryption,2048,RSA,1,v3,0,0
cdn.sapphire.microsoftapp.net,5e97c770aeaefd71471028b6fa028da5788995eef3120327d6a5bfb8926cb163,Microsoft Corporation,122,1,sha384WithRSAEncryption,2048,RSA,1,v3,0,0
img.ltwebstatic.com,e39b13748b1461d96f4501929f3837a2fb7049ed9d462389c1cbf9cf580c88ad,"DigiCert, Inc.",183,1,sha256WithRSAEncryption,2048,RSA,1,v3,0,0
api.diagnostics.office.com,226591f0af6db120f8b6618a7693e0b359b7c3539b3c3856624c4085384614dd,DigiCert Inc,180,1,sha256WithRSAEncryption,2048,RSA,1,v3,0,0
remote-data.urbanairship.com,6e30f0f7e081345a48fdb43b07ca30289eb3cd31b03203352e0a7f45c4a2732f,DigiCert Inc,371,1,sha256WithRSAEncryption,2048,RSA,1,v3,0,0
userreport.com,44b62c400cf1bb2018b0ca482f10d719da7b5c9689bc025d189a287efe44d7fd,Google Trust Services,89,1,sha256WithRSAEncryption,256,EC,1,v3,0,0
i.vimeocdn.com,44996620d69aa2f73dc36b30ad7a0476764cdbd53ac455dd212ab41049eb9d8a,GlobalSign nv-sa,396,1,sha256WithRSAEncryption,2048,RSA,1,v3,0,0
prod-go-x3-predictor.goguardian.com,09e1775ea554d93f0e47c1932809d5ff289f12ec94b8c3eb397ac5a16b89b28d,Amazon,392,1,sha256WithRSAEncryption,2048,RSA,1,v3,0,0
search22-normal-c-alisg.tiktokv.com,08de96d6bdd367b833c92828009f26178bf888d32789a89bb2a3f0342e0b1f4c,DigiCert Inc,364,1,sha256WithRSAEncryption,2048,RSA,1,v3,0,0
a2047.w184.akamai.net,792ce717b665ca8a0aedf9f7a3ba68bd15b7bf81da354e2c7dc4869bf9f22e62,DigiCert Inc,365,1,ecdsa-with-SHA384,256,EC,1,v3,0,0
xandrpme-g-geo.trafficmanager.net,1b360b6dcf02669aad032dad81c81ecba3e063dd52c542ec60d94c0b427180e5,DigiCert Inc,396,1,ecdsa-with-SHA256,256,EC,1,v3,0,0
ichnaea.netflix.com,a5784561b8805930deafb8da7cf14c8bad97151ca051a18737289ec881a1603d,Netflix,92,0,sha256WithRSAEncryption,2048,RSA,1,v3,0,0
augloop-prod.trafficmanager.net,d6e53da65fcb1256bc6284a2c5ac92eb38999a8509d1ffb9ab84523a59e20822,Microsoft Corporation,180,1,sha384WithRSAEncryption,2048,RSA,1,v3,0,0
api.hcaptcha.com,b0b691dbebdc7ad2a3ed02710c54bfbe294b6639658443530db1be57d0d77fc9,Google Trust Services,90,1,ecdsa-with-SHA256,256,EC,1,v3,0,0
addtoany.com,e71788d6a3f429f348e465c91b5da34de32bd8eb5a45c0af4ddf1f7a3488faac,Google Trust Services,90,1,ecdsa-with-SHA256,256,EC,1,v3,0,0
munchkin.marketo.net,5d55e3ade551594a5d7e2ddce695b776ff872cf5cb7445b1bf346df5b6a0b1c1,DigiCert Inc,364,1,sha256WithRSAEncryption,2048,RSA,1,v3,0,0
nrdp51-appboot.netflix.com,a8eb8728d0dcf77d739f3e12c1e9bd0fbe62d7f908fffdc578af7c05a15644ce,Netflix Inc,9616,0,sha256WithRSAEncryption,2048,RSA,1,v3,0,0
ads.creative-serving.com,e5761e498571c56e95fa46367501f10cbd449c5ff965d9ec7a6c9f3db72c7876,DigiCert Inc,87,1,sha256WithRSAEncryption,256,EC,1,v3,0,0
config.me.apple-dns.net,a0dbdc42640e2b55782dd915df7c3b4f510a743414f28badef8d31b71065f562,Apple Inc.,388,1,sha256WithRSAEncryption,2048,RSA,1,v3,0,0
static.ess.apple.com,5d3b50dafa074211ee927756e80392a32ae638c9b18a24824d5d6dfd065662a0,Apple Inc.,90,1,ecdsa-with-SHA256,256,EC,1,v3,0,0
api.userway.org,12925d1744154c2e3f72525726710ec86eed7675c4f572d4568dcb4d3339fadf,Amazon,393,1,sha256WithRSAEncryption,2048,RSA,1,v3,0,0
itunes.apple.com.edgekey.net,20030ff7dfafdea1b2b010f56f1fecdbe2ac0a5a94029978e3d674c6a721986c,Apple Inc.,190,1,sha256WithRSAEncryption,2048,RSA,1,v3,0,0
aliyun.com,12e3f06a9859275902d48b216338c894bd4f7857d34d595cd5433932cea056f4,GlobalSign nv-sa,396,1,sha256WithRSAEncryption,256,EC,1,v3,0,0
static.addtoany.com,e7f824b6d639ca5589b311192882f1ce1f93f93d3ef3aaad4e21db48324e5acc,Google Trust Services,90,1,ecdsa-with-SHA256,256,EC,1,v3,0,0
utt.impactcdn.com,03897f0b4e0d3f90bdbc8b5106ca53f77a23196ffcb1c88960a0a0ace50777d6,Google Trust Services,90,1,sha256WithRSAEncryption,2048,RSA,1,v3,0,0
rubicon-match.dotomi.com,6f9666fb3281f1da33eb16c6c6707f9abbebfecae87d5d83901318e39f895ef0,GlobalSign nv-sa,396,1,sha256WithRSAEncryption,2048,RSA,1,v3,0,0
hola.org,906f00db6b491c3873a77fed397ab94866df0e86dc4fff6a564169a86aee8d38,Sectigo Limited,55,1,sha256WithRSAEncryption,2048,RSA,1,v3,0,0
i.sng.link,a36b60048f05d4453686ca4b48cb03f94c8de22b6813310f7726908d0e5fef30,Amazon,394,1,sha256WithRSAEncryption,2048,RSA,1,v3,0,0
azure.net,1519622490b6e7c8547fdd259133dd61e48ae35614c955fbbe180c82c91b674b,Microsoft Corporation,180,1,sha384WithRSAEncryption,2048,RSA,1,v3,0,0
com-c-3.edgekey.net.globalredir.akadns.net,792ce717b665ca8a0aedf9f7a3ba68bd15b7bf81da354e2c7dc4869bf9f22e62,DigiCert Inc,365,1,ecdsa-with-SHA384,256,EC,1,v3,0,0
ocps-xfer.kronos.net,d32b35055ed8dcd3ea6e380504f52247b6ab24e4eb6363f516920040244c971d,DigiCert Inc,364,1,sha256WithRSAEncryption,2048,RSA,1,v3,0,0
mgmt-file-upload-us-east-1-prod.sentinelone.net,10edd258e46376349d67bff6e0c3844f65d5cdfadb9009697468ce756a8d4cf9,Sectigo Limited,365,1,sha256WithRSAEncryption,2048,RSA,1,v3,0,0
c.contentsquare.net,9301130ef6b53ddc478d12be80cd1ff489f8eae8599ca3410168354e32921470,Let's Encrypt,89,1,sha256WithRSAEncryption,2048,RSA,1,v3,0,0
mr-afd-azuredge-reserved-p01.tm-azurefd.net,26c77d49df8ae930639122568cb5e10b6d034b2ff39d05a03b360a21b9993831,Microsoft Corporation,180,1,ecdsa-with-SHA384,256,EC,1,v3,0,0
jivox.com,0472750bc6687a20f784a4b90fb874b78a3503fe84dc4b5d4c7485ba2260b829,DigiCert Inc,396,1,sha256WithRSAEncryption,2048,RSA,1,v3,0,0
smartytech.io,7207a235c2c382a85e4b615a5a0d77108277806cb41de1b1a0dbeebbabcc3e9f,Let's Encrypt,89,1,sha256WithRSAEncryption,2048,RSA,1,v3,0,0
devicetrust.com,f6ba10dc03ed6283f20bf2eb4918e80fc31605d1b2e6bb84d8c0a19b16409daa,DigiCert Inc,364,1,sha256WithRSAEncryption,2048,RSA,1,v3,0,0
img.kwcdn.com,d8d103c7052436c362f78ee4f616ea43acb4b4fc63d1c3309babadec6662f8cc,"GoDaddy.com, Inc.",396,1,sha256WithRSAEncryption,2048,RSA,1,v3,0,0
server.smartytech.io,d3ff8bffea8c8ac794632d642863b7746e925322092654f4280d6145900ab0bc,Let's Encrypt,89,1,ecdsa-with-SHA384,256,EC,1,v3,0,0
o167200.ingest.sentry.io,7873f73dee581bf89a1e17aba370008676ea4eafabf47b345ffa39d83b5df4b5,DigiCert Inc,396,1,sha256WithRSAEncryption,2048,RSA,1,v3,0,0
archive-digger.com,cc98bfc906357e991be13937898a9e7630447139006e6f2f17730187ee600da0,DigiCert Inc,383,1,sha256WithRSAEncryption,2048,RSA,1,v3,0,0
customerevents.netflix.com,447e32716c914ee297fc48dcf193bdc25dba3b9c8c2a86987122e810131cfb99,DigiCert Inc,90,1,sha256WithRSAEncryption,2048,RSA,1,v3,0,0
msg.csw.lenovo.com,0265b924dbcaa4f4de9125b96a0aff33e35e882444fdd9c1201f027548e9b3fe,DigiCert Inc,364,1,sha256WithRSAEncryption,2048,RSA,1,v3,0,0
transcend-cdn.com,e1e137970fb06816669dd4b1408465a888812f4ce958395e18b28d27a0102d39,Google Trust Services,90,1,ecdsa-with-SHA256,256,EC,1,v3,0,0
rmp.rakuten.com,db71c5e08dc6a79a98fecd25d3ed1a455bae6ff620f0ea5c9487e1c21a12e3ce,DigiCert Inc,198,1,sha256WithRSAEncryption,2048,RSA,1,v3,0,0
a1916.dscg2.akamai.net,792ce717b665ca8a0aedf9f7a3ba68bd15b7bf81da354e2c7dc4869bf9f22e62,DigiCert Inc,365,1,ecdsa-with-SHA384,256,EC,1,v3,0,0
array608.prod.do.dsp.mp.microsoft.com,9e08133baf26405d6d8acdfcdb01010d746a3642f550b71ba4dbc0e792e1986c,Microsoft Corporation,365,1,ecdsa-with-SHA384,256,EC,1,v3,0,0
cdn-0.nflximg.com,792ce717b665ca8a0aedf9f7a3ba68bd15b7bf81da354e2c7dc4869bf9f22e62,DigiCert Inc,365,1,ecdsa-with-SHA384,256,EC,1,v3,0,0
riskified.com,924c4986eefe11bb1fe5c8e7227c4a0390f26ab1dac0837b21eb098a174a1ad5,DigiCert Inc,376,1,sha256WithRSAEncryption,2048,RSA,1,v3,0,0
manage-ppe.microsoft.us,67345566777a816ff2eed4e3e2dfae0128e8e4f8dfc3e19460a698ccef4badea,DigiCert Inc,180,1,sha256WithRSAEncryption,2048,RSA,1,v3,0,0
portal.manage-ppe.microsoft.us,7772db9a08ff44b37d2b9f5a4f621407f7bf82cc16d63e5ddf14c08895fb838b,DigiCert Inc,180,1,sha256WithRSAEncryption,2048,RSA,1,v3,0,0
sprig.com,3955db86bdf998fdb92671abe959d4ea61193e7554e4c1118d7935397eb134af,Amazon,394,1,sha256WithRSAEncryption,2048,RSA,1,v3,0,0
portal.manage.microsoft.us,d9bc7a5a65041153dff4a636ad8029a170e058c93a17eca2f0c039bb4dfaed28,DigiCert Inc,180,1,sha256WithRSAEncryption,2048,RSA,1,v3,0,0
gslb-2.demdex.net,d121e74498f02949d6a4f1bae3e59e993929e0546f2ca36aef56379c176dc740,DigiCert Inc,396,1,sha256WithRSAEncryption,2048,RSA,1,v3,0,0
claude.ai,2863d224bc7718d7cb3d947768da7fcff3f9587148926ace94856019b8c9e3ba,Let's Encrypt,89,1,ecdsa-with-SHA384,256,EC,1,v3,0,0
ads.mozilla.org,02c434956e25d163b1a10380c4e8a5d69f32250f576810912d143ce40cb470bf,Let's Encrypt,89,1,sha256WithRSAEncryption,2048,RSA,1,v3,0,0
locate-europe-west-azure-1.devicetrust.com,c453afeaad25b165bce78f220fe048dfb0b6ca6baa81be95eacfbe22a70a6211,DigiCert Inc,184,1,sha256WithRSAEncryption,2048,RSA,1,v3,0,0
ebay.com,5b9031d73ae27d7ec13f4c9cbee38c55e53d6c1cdf216c0bb570fe2c80bb4b5f,Sectigo Limited,198,1,sha256WithRSAEncryption,2048,RSA,1,v3,0,0
us.api.endpoint.ingress.rapid7.com,57c7b97996dd6c4ebf85406ea3b95c5297a2fe1b029e1be631e08f40d0e04555,Amazon,393,1,sha256WithRSAEncryption,2048,RSA,1,v3,0,0
array610.prod.do.dsp.mp.microsoft.com,9e08133baf26405d6d8acdfcdb01010d746a3642f550b71ba4dbc0e792e1986c,Microsoft Corporation,365,1,ecdsa-with-SHA384,256,EC,1,v3,0,0
pds.ess.apple.com,6f2a6487f14c8edfdd6534b840d70a7d6ce54f43b053c3714f287afa8c5d0d6a,Apple Inc.,384,1,sha256WithRSAEncryption,2048,RSA,1,v3,0,0
sync.ex.co,da0765f3aef245f2aa0920e505cd670aeacbc8ad0c51f600c9ad54d8ba1dfe1e,"GoDaddy.com, Inc.",397,1,sha256WithRSAEncryption,2048,RSA,1,v3,0,0
us.main.endpoint.ingress.rapid7.com,342a2a1234526a3d340b500906856610afc174a2f661301de2022d7cee54d440,DigiCert Inc,364,1,sha256WithRSAEncryption,2048,RSA,1,v3,0,0
fa000000113.resources.office.net,0db841e1575f1366181a40f352366e7c725bc23ec5ece53c42dce4c8d0e5f769,Microsoft Corporation,198,1,ecdsa-with-SHA384,256,EC,1,v3,0,0
pgammedia.com,c30f3ecf175370a468905e1d9acb2a7a0bd5bc84bbaa0d8a7ce80c88a8c00194,Let's Encrypt,89,1,sha256WithRSAEncryption,2048,RSA,1,v3,0,0
tse1.mm.bing.net,f8c7f064a90f66dbb545c8caa872a10a8a68929d6f460247a22d244561f5c82e,Microsoft Corporation,180,1,sha384WithRSAEncryption,2048,RSA,1,v3,0,0
bendingspoons.com,65afa4c24432b5391478b2facbb7a6b815c0c531069c698eafe1d3554925b569,Google Trust Services,90,1,sha256WithRSAEncryption,2048,RSA,1,v3,0,0
clientstream-ga.launchdarkly.com,27cd260877d357823d9ddfb71aa158bb74fab6c33cafa3dc0e97bbfe37eb6da2,Amazon,197,1,sha256WithRSAEncryption,2048,RSA,1,v3,0,0
paloaltonetworks.com,54941f9be841ac49525cfd3c8312c2e64573c3ca28e1cc115c75b1c3c92992a5,DigiCert Inc,198,1,sha256WithRSAEncryption,2048,RSA,1,v3,0,0
s.yimg.jp,e6949ff0febc5188c0de5b528d0d474036c139904eeabfa5d2d3b8d38e5e321a,"Cybertrust Japan Co., Ltd.",394,0,sha256WithRSAEncryption,2048,RSA,1,v3,0,0
trustpilot.com,59f559d95d2bf626f8f14345cebdea19f965dddec788d43b2e4b230635437ffa,Amazon,393,1,sha256WithRSAEncryption,2048,RSA,1,v3,0,0
prebid.smilewanted.com,629df445ee868184ad0061b97fc877bf0e4def22b95724b8de2e0b5fbd02350a,Google Trust Services,90,1,ecdsa-with-SHA256,256,EC,1,v3,0,0
analytics.adjust.com,c409f0fecef037760c56a87bc08af9724d051931ef1536186e755dd5a3869713,DigiCert Inc,198,1,sha256WithRSAEncryption,2048,RSA,1,v3,0,0
fa000000132.resources.office.net,0db841e1575f1366181a40f352366e7c725bc23ec5ece53c42dce4c8d0e5f769,Microsoft Corporation,198,1,ecdsa-with-SHA384,256,EC,1,v3,0,0
iad-07.braze.com,a09eaba035e30a2151aae0f4b05a9f4cf253e0033426a8c2611ee56b009aa6c5,GlobalSign nv-sa,396,1,sha256WithRSAEncryption,2048,RSA,1,v3,0,0
device-provisioning.googleapis.com,c96df46cd4d4baab16c15705b3fdf7748c83cb18d221814df697965aa44ced44,Google Trust Services,83,1,ecdsa-with-SHA256,256,EC,1,v3,0,0
sf-ssp.tiktokcdn-us.com,c8cc9ef7bc164c116b750eec418ab70feb5a283af5e324d49087101791e2ce67,DigiCert Inc,396,1,ecdsa-with-SHA256,256,EC,1,v3,0,0
redirect.prod.experiment.routing.cloudfront.aws.a2z.com,4c53a423b5b63af2491b8e58fbae965432d0faa343d5e746a4202de52c0b7b84,Amazon,393,1,sha256WithRSAEncryption,2048,RSA,1,v3,0,0
onedscolprduks03.uksouth.cloudapp.azure.com,dbd2dcfb5771609a6b940f7d9cdf0424b49bde05426a395133f851194cdf495f,Microsoft Corporation,180,1,sha384WithRSAEncryption,2048,RSA,1,v3,0,0
ars.oobesaas.adobe.com,893577dee24c8d0fae820e13afdfa1d042e059f1736ad4e872d66c8c13710aac,DigiCert Inc,396,1,sha256WithRSAEncryption,2048,RSA,1,v3,0,0
emea.cc.skype.com,95e3a3c3a2466d113549f5f69b5e98e1ea508ce2f6c69c6e527d8135740c69cb,Microsoft Corporation,180,1,sha384WithRSAEncryption,2048,RSA,1,v3,0,0
logincdn.msauth.net,09ed1c9023d8b0e20a24a516ad4cd7db5709a79cc40946cbdb885a04dfb7c404,Microsoft Corporation,180,1,sha384WithRSAEncryption,2048,RSA,1,v3,0,0
onedscolprduks00.uksouth.cloudapp.azure.com,dbd2dcfb5771609a6b940f7d9cdf0424b49bde05426a395133f851194cdf495f,Microsoft Corporation,180,1,sha384WithRSAEncryption,2048,RSA,1,v3,0,0
lf16-geckocdn.tiktokcdn-us.com,c8cc9ef7bc164c116b750eec418ab70feb5a283af5e324d49087101791e2ce67,DigiCert Inc,396,1,ecdsa-with-SHA256,256,EC,1,v3,0,0
jadserve.postrelease.com.akadns.net,1771b56875c18aa6ae0b77c64653bed74d61d6f1898b52543c26f9bda319b06d,Amazon,394,1,sha256WithRSAEncryption,2048,RSA,1,v3,0,0
xiaomi.net,2f00db5936475f6bc3d33fb8a5ccba0313ba96ef7396ae869db25e1932f43fe1,DigiCert Inc,395,1,sha256WithRSAEncryption,2048,RSA,1,v3,0,0
att.net,64b4411a0d820c60e0a86fa28511a03f87d31ff2ec46b0c2a6fd87cc72652b75,DigiCert Inc,396,1,sha256WithRSAEncryption,2048,RSA,1,v3,0,0
a239.gi3.akamai.net,792ce717b665ca8a0aedf9f7a3ba68bd15b7bf81da354e2c7dc4869bf9f22e62,DigiCert Inc,365,1,ecdsa-with-SHA384,256,EC,1,v3,0,0
platform.linkedin.com,89b7761e0d5e4f49342e5d774280aeb28227c84ee096ebe5bd239369961066f7,DigiCert Inc,364,1,sha256WithRSAEncryption,2048,RSA,1,v3,0,0
onedscolprduks02.uksouth.cloudapp.azure.com,dbd2dcfb5771609a6b940f7d9cdf0424b49bde05426a395133f851194cdf495f,Microsoft Corporation,180,1,sha384WithRSAEncryption,2048,RSA,1,v3,0,0
microsoft.com-c-3.edgekey.net.globalredir.akadns.net,792ce717b665ca8a0aedf9f7a3ba68bd15b7bf81da354e2c7dc4869bf9f22e62,DigiCert Inc,365,1,ecdsa-with-SHA384,256,EC,1,v3,0,0
create.microsoft.com,f8fcb6c988612016810b47887ce8dd083a4faac1baf16fe213a1580d88dff035,Microsoft Corporation,180,1,sha384WithRSAEncryption,2048,RSA,1,v3,0,0
cdn.create.microsoft.com,0db30bd63837ed4edbf5969bbdd91d7e811e9e4edbeab2b42b8efa59820f4703,Microsoft Corporation,198,1,ecdsa-with-SHA384,256,EC,1,v3,0,0
limited-mbz200-ext-prod.giphy.map.fastly.net,159b70943073db394f21890af16c7a23a8cc8f1e0f01d35b48c948e307674bc7,Certainly,29,0,sha256WithRSAEncryption,2048,RSA,1,v3,0,0
roblox.com,fcea4975809b88e8f95daa31235bee3803454959ca7038e47a228fdfebd91781,Sectigo Limited,365,1,sha256WithRSAEncryption,2048,RSA,1,v3,0,0
tiles.virtualearth.net,9213b479cecff3a04b0ec38e281db257dcf1c0e3c8a2d6d4b6bd84d3519b2b3f,Microsoft Corporation,198,1,ecdsa-with-SHA384,256,EC,1,v3,0,0
profile.ess.apple.com,054ce1c0017d5d30906c3aa1b2169408f4baba45eeb8e9433f88948cdfe8831b,Apple Inc.,389,1,sha256WithRSAEncryption,2048,RSA,1,v3,0,0
mobilesupport.zscaler.com,677b9b7b5a417900e97f102c72e39c4060a5c967ebd77a3e1d24d7d85c8d87c3,DigiCert Inc,362,1,sha256WithRSAEncryption,2048,RSA,1,v3,0,0
tizen.org,06bfd03e841c840f6ae3bd7e1ea86ba46c60bdd565c38238125fe685f50a879a,Amazon,393,1,sha256WithRSAEncryption,2048,RSA,1,v3,0,0
ext.goguardian.com,09e1775ea554d93f0e47c1932809d5ff289f12ec94b8c3eb397ac5a16b89b28d,Amazon,392,1,sha256WithRSAEncryption,2048,RSA,1,v3,0,0
wss-primary.slack.com,67bec37696a804379f9acadbbd75f77392fe157a136b5d37b7bdd3e6696f3f94,Let's Encrypt,89,1,sha256WithRSAEncryption,2048,RSA,1,v3,0,0
prod-rel-ffc.oobesaas.adobe.com,893577dee24c8d0fae820e13afdfa1d042e059f1736ad4e872d66c8c13710aac,DigiCert Inc,396,1,sha256WithRSAEncryption,2048,RSA,1,v3,0,0
www.tizen.org,06bfd03e841c840f6ae3bd7e1ea86ba46c60bdd565c38238125fe685f50a879a,Amazon,393,1,sha256WithRSAEncryption,2048,RSA,1,v3,0,0
portal.manage.microsoft.com,b4e1f2bac62d663af735d8fe07a2c69e5fdb99f30a2ba83255e6524178fbd84d,Microsoft Corporation,180,1,sha384WithRSAEncryption,2048,RSA,1,v3,0,0
www.microsoft.com-c-3.edgekey.net.globalredir.akadns.net,9f17b548f7d24f309dbcaab571576c0ca73b80559ce69f27fe295f6408cc57bf,Microsoft Corporation,360,1,sha384WithRSAEncryption,2048,RSA,1,v3,0,0
wf.taboola.com,d47c9790f81d639ec28d7660f39890f34926ecbfc928147f6b49a41e7cebf10d,DigiCert Inc,386,1,sha256WithRSAEncryption,2048,RSA,1,v3,0,0
ipds.adrta.com,76d2bfca5f9e1375753390d655b6113a2339eb0ecc9d31a049098a0afe656f5f,DigiCert Inc,394,1,sha256WithRSAEncryption,2048,RSA,1,v3,0,0
cxense.com,4cedb09c2af2431964dfa48bb9c721cde5b81dd15a1d74053f8b3af5b9f2fa70,Let's Encrypt,89,1,sha256WithRSAEncryption,2048,RSA,1,v3,0,0
fa000000080.resources.office.net,0db841e1575f1366181a40f352366e7c725bc23ec5ece53c42dce4c8d0e5f769,Microsoft Corporation,198,1,ecdsa-with-SHA384,256,EC,1,v3,0,0
onedscolprduks01.uksouth.cloudapp.azure.com,dbd2dcfb5771609a6b940f7d9cdf0424b49bde05426a395133f851194cdf495f,Microsoft Corporation,180,1,sha384WithRSAEncryption,2048,RSA,1,v3,0,0
b-api.facebook.com,fc4ced33b2b92e649e1de0dfdc30222aa2337648e25ddd8431b99cc78fb5f5df,DigiCert Inc,90,1,sha256WithRSAEncryption,256,EC,1,v3,0,0
waa-pa.googleapis.com,c96df46cd4d4baab16c15705b3fdf7748c83cb18d221814df697965aa44ced44,Google Trust Services,83,1,ecdsa-with-SHA256,256,EC,1,v3,0,0
gspe19-multi-cdn.ls2-apple.com.akadns.net,e16f9c24d828b121579257fcc46baa2c18ae615a337898e2234542dcaedd127b,Apple Inc.,189,1,sha256WithRSAEncryption,2048,RSA,1,v3,0,0
sdk.iad-07.braze.com,3825c1afa1969d65233dff3ee604e5319a7738828a54c5fb879a0d2558f4c95c,Let's Encrypt,89,1,ecdsa-with-SHA384,256,EC,1,v3,0,0
net.wac-0003.wac-msedge.net,f60432340206699274e86218c2ec6573bdd3831544d0f609bf66baecc55458b7,Microsoft Corporation,180,1,sha384WithRSAEncryption,2048,RSA,1,v3,0,0
google.ca,c3aa5e53f4f53d15f9dbe365a4acee1b18e95989d2f8c7a9942b2439d45c9bfe,Google Trust Services,83,1,ecdsa-with-SHA256,256,EC,1,v3,0,0
tnc16-normal-useast5.tiktokv.us,63ed78308d110322026efd6786bbbe1c95956e54a15dd9bc406ce3389d32ff46,DigiCert Inc,396,1,ecdsa-with-SHA256,256,EC,1,v3,0,0
apps.bazaarvoice.com,4c7fc441e9e2365a6d8e5e55c8403b86a6bb77a08b71443287ea2c1fca283010,DigiCert Inc,198,1,sha256WithRSAEncryption,2048,RSA,1,v3,0,0
tnc16-normal-useast8.tiktokv.us,63ed78308d110322026efd6786bbbe1c95956e54a15dd9bc406ce3389d32ff46,DigiCert Inc,396,1,ecdsa-with-SHA256,256,EC,1,v3,0,0
dualstack.h2.bytedance.map.fastly.net,86cea6001fdeb3ddde68bf2831c5b094f9c350c9c85fc0c9fcb4ddef51a69957,DigiCert Inc,198,1,sha256WithRSAEncryption,2048,RSA,1,v3,0,0
a47b.com,c6c6d5c7f79211bbd598b6eb4302e5657be832e775cee0a829b0dea35eaf4e02,Amazon,197,1,sha256WithRSAEncryption,2048,RSA,1,v3,0,0
log16-normal-alisg.tiktokv.com,29ab6021e57ef447a9f4de1c613e116b4ba7a5ba0297cd15801abb807d9babc7,DigiCert Inc,198,1,ecdsa-with-SHA256,256,EC,1,v3,0,0
ib.mookie1.com,3b7d1610cb06849bc3b615afa9c195c0258f8e530c6f76c4ec7f1e5b2ebc681f,Let's Encrypt,89,1,ecdsa-with-SHA384,256,EC,1,v3,0,0
triplelift-match.dotomi.com,6f9666fb3281f1da33eb16c6c6707f9abbebfecae87d5d83901318e39f895ef0,GlobalSign nv-sa,396,1,sha256WithRSAEncryption,2048,RSA,1,v3,0,0
wac-dc-msedge.net.wac-0003.wac-msedge.net,f60432340206699274e86218c2ec6573bdd3831544d0f609bf66baecc55458b7,Microsoft Corporation,180,1,sha384WithRSAEncryption,2048,RSA,1,v3,0,0
mozilla-ohttp.fastly-edge.com,60ab9cae9b31787b1d196802bf4fbc90fd473f303e54a3888aa1d50bd0b70442,Let's Encrypt,89,1,sha256WithRSAEncryption,2048,RSA,1,v3,0,0
cdn-gl.imrworldwide.com,e1bccbe50d2a4b7974a54ac8bedb2213e042c6168bf263a26cb8ca865bfab8ba,GlobalSign nv-sa,396,1,sha256WithRSAEncryption,2048,RSA,1,v3,0,0
encryption-a.wbx2.com,b5606a553a84240bba104778f88289401ced8cf212ff74b263cf4fa9176c24a5,IdenTrust,198,1,sha256WithRSAEncryption,2048,RSA,1,v3,0,0
us.tvsquared.com,d2eb5d18995e61324ea6c12107408696bd7cbf9bcb494c6d9aaaa1a4f2edc337,Amazon,197,1,sha256WithRSAEncryption,2048,RSA,1,v3,0,0
sdk.iad-03.braze.com,842b6707c6bc17509f2de756a6b7336d33400422094781af59398571ad196932,Let's Encrypt,89,1,ecdsa-with-SHA384,256,EC,1,v3,0,0
roku.com,b7d56d289ca161e6ddabee82cdd86a00a5bb1ef2bdeb56fdad58059ae442a05f,Google Trust Services,90,1,ecdsa-with-SHA256,256,EC,1,v3,0,0
cs.pgammedia.com,4b0b3c598d413389a837a8fe72935f2ac5961765c01d2e08f0613c3409c3e376,DigiCert Inc,364,1,sha256WithRSAEncryption,2048,RSA,1,v3,0,0
beacons5.gvt2.com,f90a001e3df45985a1c0692438f85f63606219c337c88a4795549d6f0cc254cc,Google Trust Services,83,1,sha256WithRSAEncryption,2048,RSA,1,v3,0,0
en.wikipedia.org,4720a86f440eb48c9792e5cba9c8fe8b127c806f15ea60750724bf3325497a9b,Let's Encrypt,89,1,ecdsa-with-SHA384,256,EC,1,v3,0,0
wac-0003.wac-dc-msedge.net.wac-0003.wac-msedge.net,f60432340206699274e86218c2ec6573bdd3831544d0f609bf66baecc55458b7,Microsoft Corporation,180,1,sha384WithRSAEncryption,2048,RSA,1,v3,0,0
tr.iadsdk.apple.com,fe8a2fd2f65973723d9143c06c2233dd843981a72263ea4d5c7a01a69146a5b4,Apple Inc.,190,1,sha256WithRSAEncryption,2048,RSA,1,v3,0,0
us-east-sync.bidswitch.net,c07b8d9967e9e4cec245e615e2980de420eed1e00f01f0daca9820cc7c074668,DigiCert Inc,90,1,sha256WithRSAEncryption,256,EC,1,v3,0,0
a1894.dscb.akamai.net,792ce717b665ca8a0aedf9f7a3ba68bd15b7bf81da354e2c7dc4869bf9f22e62,DigiCert Inc,365,1,ecdsa-with-SHA384,256,EC,1,v3,0,0
app.printercloud.com,dc74e7b8ea4b4175c91bf52d14b8482a5ef97a81f6f9a73370475ce552a2f384,Amazon,394,1,sha256WithRSAEncryption,2048,RSA,1,v3,0,0
manage-beta.microsoft.com,73897218a04cac4770c2d04351126b8624000c92b35b81733a89e8b768a838c8,Microsoft Corporation,180,1,sha384WithRSAEncryption,2048,RSA,1,v3,0,0
sylvan.apple.com,ab8b83c3848da770943ccfe3f15642c8430d2cc9ddc138a32e81d8051368fed8,Apple Inc.,188,1,sha256WithRSAEncryption,2048,RSA,1,v3,0,0
www.groovinads.com,0cdef9390f3afd13107b0e22fd4caa78e801b8f79a02b6c72374a194f1283312,Sectigo Limited,198,1,sha256WithRSAEncryption,2048,RSA,1,v3,0,0
lciapi.ninthdecimal.com,8dd9b34626f7c777da16cbb92928441e42eb8fbab96d512875f679a9a84c004e,Let's Encrypt,89,1,sha256WithRSAEncryption,2048,RSA,1,v3,0,0
swdist.g.aaplimg.com,5433701739e6a6d8a0807b280800b47d578ff1add78d1615398cc8ed11481b76,Apple Inc.,88,1,ecdsa-with-SHA256,256,EC,1,v3,0,0
www.tm.lg.prod.aadmsa.trafficmanager.net,d37715da7e0f83cf0b30bf95f43f28e6a1e53c1bbcdf283d5dc9db458e863774,DigiCert Inc,180,1,sha256WithRSAEncryption,2048,RSA,1,v3,0,0
statuspage.io,ba5800aaa17273401d85ea3a42eb7fa67e339f253823455aad8943655e50e859,DigiCert Inc,394,1,sha256WithRSAEncryption,256,EC,1,v3,0,0
pull-flv-l1-sg01.tiktokcdn.com,8e88fb985739323c2fa2d27ea09f2b6588991efc42be46fd01299e52cd278ece,DigiCert Inc,198,1,sha256WithRSAEncryption,2048,RSA,1,v3,0,0
p11.techlab-cdn.com,4a7d3aa42cffc9e65936236411a450451ec75a6aa4be861446590ed9c2e3af83,Let's Encrypt,89,1,sha256WithRSAEncryption,2048,RSA,1,v3,0,0
logincdn.msftauth.net,260665fc258b050ec176c6e23cff76a2a3524e8dfc2d48d0747e6e33da494a3d,Microsoft Corporation,360,1,ecdsa-with-SHA384,256,EC,1,v3,0,0
sdk.iad-06.braze.com,501f7f5cc8e88b0ae903fceac8f795ed373fa9cb6dfbf7779a94b68eca4fd091,Let's Encrypt,89,1,ecdsa-with-SHA384,256,EC,1,v3,0,0
combine.urbanairship.com,6e30f0f7e081345a48fdb43b07ca30289eb3cd31b03203352e0a7f45c4a2732f,DigiCert Inc,371,1,sha256WithRSAEncryption,2048,RSA,1,v3,0,0
g.bing.com,f3477d87dcfddff7d6486c48e9ff26b663614f8d5b7caf43d3ca4209b9cb8401,Microsoft Corporation,180,1,sha384WithRSAEncryption,2048,RSA,1,v3,0,0
radarsubmissions.apple.com,b5bb83a74cd86d53e7e4b5fad345d7d0b9655c00ee5debe29c261ed0a59ca9ac,Apple Inc.,87,1,sha256WithRSAEncryption,2048,RSA,1,v3,0,0
rewards.bing.com,f3477d87dcfddff7d6486c48e9ff26b663614f8d5b7caf43d3ca4209b9cb8401,Microsoft Corporation,180,1,sha384WithRSAEncryption,2048,RSA,1,v3,0,0
idaas-ext.cph.liveintent.com,2a2eea38642e44b1ecd64cec27786639de22afb09f2707ca3de6808677d21cdc,Amazon,393,1,sha256WithRSAEncryption,2048,RSA,1,v3,0,0
ecs-office.s-0005.dual-s-msedge.net,f60432340206699274e86218c2ec6573bdd3831544d0f609bf66baecc55458b7,Microsoft Corporation,180,1,sha384WithRSAEncryption,2048,RSA,1,v3,0,0
img.doppiocdn.com,bfcd040e200370e8bed9281490bec63c47e62ad58257ee26dd0395892bf424b0,Google Trust Services,90,1,ecdsa-with-SHA256,256,EC,1,v3,0,0
portal.manage-beta.microsoft.com,2e5862ecdbdfa82f270d9128dda3732450bcf7ce1537d5c61e10d3dd22492911,Microsoft Corporation,180,1,sha384WithRSAEncryption,2048,RSA,1,v3,0,0
cdn.p-n.io,8f8d0477ee50da78e086452d5f38c60b6ccd4f51f2e1293f08e970e771b21931,Amazon,393,1,sha256WithRSAEncryption,2048,RSA,1,v3,0,0
tps-ue1.doubleverify.com,a8f88e2b928a49213726229741eb91604d8821ee27648b35a4f487641dce8594,"Starfield Technologies, Inc.",397,0,sha256WithRSAEncryption,2048,RSA,1,v3,0,0
celtra.com,ffb30d454a3be8b3d54110015539b6cda8312f8b81c2b65ff603355b3207d41a,Let's Encrypt,89,1,ecdsa-with-SHA384,256,EC,1,v3,0,0
cdn.winget.microsoft.com,fd412e600f6b46b301132f73f60748a0a71124508edd80909d167269905c214e,Microsoft Corporation,180,1,sha384WithRSAEncryption,2048,RSA,1,v3,0,0
f.vimeocdn.com,44996620d69aa2f73dc36b30ad7a0476764cdbd53ac455dd212ab41049eb9d8a,GlobalSign nv-sa,396,1,sha256WithRSAEncryption,2048,RSA,1,v3,0,0
sync-use.1rx.io,477c4b6e02fb56117959fd586611bd258582d34f82bafdfdf19b32a4da421647,Sectigo Limited,396,1,sha256WithRSAEncryption,2048,RSA,1,v3,0,0
training.knowbe4.com,03d85b846770e108237313d78b092eb517e8a4b9e3920a6eeb60f064069b377a,Amazon,393,1,sha256WithRSAEncryption,2048,RSA,1,v3,0,0
onedscolprduks05.uksouth.cloudapp.azure.com,dbd2dcfb5771609a6b940f7d9cdf0424b49bde05426a395133f851194cdf495f,Microsoft Corporation,180,1,sha384WithRSAEncryption,2048,RSA,1,v3,0,0
digitaloceanspaces.com,e84dbc88470cebd02733757587b943baafed71c08527485046c0b6743de493d1,Google Trust Services,90,1,ecdsa-with-SHA256,256,EC,1,v3,0,0
cloudidentity.googleapis.com,c96df46cd4d4baab16c15705b3fdf7748c83cb18d221814df697965aa44ced44,Google Trust Services,83,1,ecdsa-with-SHA256,256,EC,1,v3,0,0
sparteo.com,2e500a712998cf2ab5a23d11c1bcd6e092ac6192c7e79048e722cc4cbf835b6f,Let's Encrypt,89,1,sha256WithRSAEncryption,2048,RSA,1,v3,0,0
wcpstatic.microsoft.com,21c9082bfa3ebe43ac54bda345ad8f389828cde174171f5de0c8238b6ee0e005,DigiCert Inc,181,1,sha256WithRSAEncryption,2048,RSA,1,v3,0,0
frontier.tiktokv.us,63ed78308d110322026efd6786bbbe1c95956e54a15dd9bc406ce3389d32ff46,DigiCert Inc,396,1,ecdsa-with-SHA256,256,EC,1,v3,0,0
pxdrop.lijit.com,3f47436a1fb2ad887c97e11722dfc220e2ba9cf07a251330fb39e208efcd9532,Let's Encrypt,89,1,sha256WithRSAEncryption,2048,RSA,1,v3,0,0
ctldl.windowsupdate.com.delivery.microsoft.com,792ce717b665ca8a0aedf9f7a3ba68bd15b7bf81da354e2c7dc4869bf9f22e62,DigiCert Inc,365,1,ecdsa-with-SHA384,256,EC,1,v3,0,0
espn.com,dd779a75dd1dee204671f511091cda82ec0e52f125176ef5ce4683c374407904,Sectigo Limited,365,1,sha256WithRSAEncryption,2048,RSA,1,v3,0,0
carrierbundle.itunes.apple.com,6e25089dbd8b6d388cbd7906fb861d5dc4c2fd31f7b67c089cff0679251b0ff9,Apple Inc.,84,1,ecdsa-with-SHA256,256,EC,1,v3,0,0
app-site-association.cdn-apple.com.akadns.net,5433701739e6a6d8a0807b280800b47d578ff1add78d1615398cc8ed11481b76,Apple Inc.,88,1,ecdsa-with-SHA256,256,EC,1,v3,0,0
pulse-event-service.beta.clever.com,d928b160e9a9954d0ad1dc9c963b3b00241ab966d9a957f18cd87cc700c9abb5,Amazon,394,1,sha256WithRSAEncryption,2048,RSA,1,v3,0,0
ccext-static.adobecces.com,f90dde819e8058bfb265aed9414052e9f92c8628273883fb6b2078857137b877,DigiCert Inc,396,1,sha256WithRSAEncryption,2048,RSA,1,v3,0,0
oec-im-tt-sg.tiktokglobalshopv.com,07693d6df04b9e0ff58b661aee8b59de06f864a5b655745f452b52aa1deacba1,DigiCert Inc,364,1,sha256WithRSAEncryption,2048,RSA,1,v3,0,0
adobe.tt.omtrdc.net,6f4de0fb0a4f9d8aed971bb90453f1428b3167216c300fccebdf6676ccc1088d,DigiCert Inc,396,1,sha256WithRSAEncryption,2048,RSA,1,v3,0,0
ninjarmm.com,dcb1a0a467837cb6921e130749a29b4e5a28c75727449ca03b8365331cd0a0a0,Let's Encrypt,89,1,ecdsa-with-SHA384,256,EC,1,v3,0,0
ftp.hp.com,305332c72afc9297ebd7616ba4a93967778691718928f578ca64da8a84f0d839,DigiCert Inc,364,1,sha256WithRSAEncryption,2048,RSA,1,v3,0,0
manage-selfhost.microsoft.com,f856dd983596d9b77ea53775d099c04e6874595d7c7365ae7e203bc12ef37dcf,Microsoft Corporation,180,1,sha384WithRSAEncryption,2048,RSA,1,v3,0,0
portal.manage-selfhost.microsoft.com,499c50d3682fb7f0a9326d0bfb63a9db6552b0c195242b07edece75484ae8368,Microsoft Corporation,180,1,sha384WithRSAEncryption,2048,RSA,1,v3,0,0
grs.dbankcloud.asia,05d65a34daed428460eca7a5a489e5b8ff4e03fa9fddffb0b8585ac18d2356b8,Huawei,730,0,sha256WithRSAEncryption,256,EC,1,v3,0,0
q.clarity.ms,eaa75684b67507a7280072e025e97ffd6457e7c45b3f11cac01965cff5257414,Microsoft Corporation,180,1,sha384WithRSAEncryption,2048,RSA,1,v3,0,0
a339.dscgi3.akamai.net,792ce717b665ca8a0aedf9f7a3ba68bd15b7bf81da354e2c7dc4869bf9f22e62,DigiCert Inc,365,1,ecdsa-with-SHA384,256,EC,1,v3,0,0
cdn-lb.vungle.com,c2d958b11d160a737e5cf42f17f539dae39eacbd332406d86892f30d8e2ab23d,Let's Encrypt,89,1,sha256WithRSAEncryption,2048,RSA,1,v3,0,0
wnrtm-a-0.prod.infra.webex.com,55e99a50d66c4e18d9e288255b51778cb6aa86962e44b370d2d11eb5ec0473f6,Acme Co,365,0,sha256WithRSAEncryption,2048,RSA,1,v3,0,0
idbroker.webex.com,ac257f7e22973cc2b1e2adeb3e9bcd23e11ebd559b97e689c66ad35462c825d8,IdenTrust,369,1,sha256WithRSAEncryption,2048,RSA,1,v3,0,0
client.protechts.net,22b8dbac2c96411d02d2bb381f3088dae547465a4f2c25ee0fa0a03579a83124,GlobalSign nv-sa,396,1,sha256WithRSAEncryption,2048,RSA,1,v3,0,0
public.wnrtm-a-0.prod.infra.webex.com,0dbff7b0486c5b0173a22d8c862480fa5cb337affe0e4b511f9ff8b23a48533a,Acme Co,365,0,sha256WithRSAEncryption,2048,RSA,1,v3,0,0
fmipmobile.fe2.apple-dns.net,a0dbdc42640e2b55782dd915df7c3b4f510a743414f28badef8d31b71065f562,Apple Inc.,388,1,sha256WithRSAEncryption,2048,RSA,1,v3,0,0
lyr.pubmatic.com,97b6db2d6e8ec06c3605d137728be74beeebe760a444f65b0ebed5799313a0f9,DigiCert Inc,394,1,sha256WithRSAEncryption,2048,RSA,1,v3,0,0
e11271.dscg.akamaiedge.net,0db841e1575f1366181a40f352366e7c725bc23ec5ece53c42dce4c8d0e5f769,Microsoft Corporation,198,1,ecdsa-with-SHA384,256,EC,1,v3,0,0
anthropic.com,7fb5422247b562ced4e39aaf020dd440af695fafd848efc85a3d08261e41d78f,Let's Encrypt,89,1,ecdsa-with-SHA384,256,EC,1,v3,0,0
cse.google.com,e51c3ce4d70e43c7262da7e20609b3b751d6d98b8b83fed4a3f56fbb05bba54f,Google Trust Services,83,1,ecdsa-with-SHA256,256,EC,1,v3,0,0
track.adformnet.akadns.net,0835aa23748d2995d5b036f04010c6e4d08894138ef491f1368c0218ac911710,DigiCert Inc,396,1,sha256WithRSAEncryption,2048,RSA,1,v3,0,0
zoominfo.com,b0f91a052b276bb3fcc7f4f0870d1054689f731d2535caecffcc618add1dd423,Let's Encrypt,89,1,ecdsa-with-SHA384,256,EC,1,v3,0,0
array802.prod.do.dsp.mp.microsoft.com,9e08133baf26405d6d8acdfcdb01010d746a3642f550b71ba4dbc0e792e1986c,Microsoft Corporation,365,1,ecdsa-with-SHA384,256,EC,1,v3,0,0
g-msn-afd.trafficmanager.net,26c77d49df8ae930639122568cb5e10b6d034b2ff39d05a03b360a21b9993831,Microsoft Corporation,180,1,ecdsa-with-SHA384,256,EC,1,v3,0,0
fyber.com,548616ee22db4ff6ce3b5a4a21d99a273d74dad38c7e01c2741c17c7690620f4,DigiCert Inc,374,1,sha256WithRSAEncryption,2048,RSA,1,v3,0,0
cloud-asr.acrobat.com,cf38045b2f3f992ea9b212ef3e2279ea979cb0ddcc46996315836767d226a73b,DigiCert Inc,396,1,sha256WithRSAEncryption,2048,RSA,1,v3,0,0
winatp-gw-weu.microsoft.com,9e2b90c580ebc29a8252951d4b56e788be7037e1bad6c14797c2722d14cfa37b,Microsoft Corporation,324,1,sha256WithRSAEncryption,2048,RSA,1,v3,0,0
cdn3.forter.com,88cba1c97dd0e404c0ebcdc1aab26f08f2b1fa316442e471aea63a87ad156c36,Amazon,197,1,sha256WithRSAEncryption,2048,RSA,1,v3,0,0
appswaldo-pa.clients6.google.com,368322a003a6b9f08065139b1ef9e13e6469a65169c8003fdd2f5f536d236360,Google Trust Services,83,1,ecdsa-with-SHA256,256,EC,1,v3,0,0
kinesisvideo.us-west-2.amazonaws.com,ae681ba7232cf54cb230f6a1cf841902f5b1eeb3cb26b704097c1f7642672cde,Amazon,335,1,sha256WithRSAEncryption,2048,RSA,1,v3,0,0
identity.mparticle.com,5a3bf2e44b9d5e42163f98f6f7030d42f3ddd982427d113bd898949f3dfea771,"GoDaddy.com, Inc.",397,1,sha256WithRSAEncryption,2048,RSA,1,v3,0,0
a.slack-edge.com,c16a9718503000f6f0b5988780d2c8711ea7575af130a8e0afc29c4b3a6e9908,Let's Encrypt,89,1,sha256WithRSAEncryption,2048,RSA,1,v3,0,0
pau2-collabhubrtc.officeapps.live.com,c397682b30183e8cfb79d9d282352115650f7cd254cdfb74da100ec5423676bc,Microsoft Corporation,180,1,sha384WithRSAEncryption,2048,RSA,1,v3,0,0
pull-q5-va01.tiktokcdn-us.com,a288f93fed597e34ea5906dd23bbc45c7a3749ffbce3ddaf3a025f70dd12cb20,DigiCert Inc,396,1,sha256WithRSAEncryption,2048,RSA,1,v3,0,0
api.sprig.com,7a3ab0213abf1bb92f5b5733cb786ace1d9d89f3ce01e8667ae0cca6ab61725a,Amazon,394,1,sha256WithRSAEncryption,2048,RSA,1,v3,0,0
pull-w5-va01.tiktokcdn-us.com,a288f93fed597e34ea5906dd23bbc45c7a3749ffbce3ddaf3a025f70dd12cb20,DigiCert Inc,396,1,sha256WithRSAEncryption,2048,RSA,1,v3,0,0
yieldlab.net,b186cc05d8c230de343760b2b5ec08ab7ec8562f6f5846db4af42259ec2f2c01,Let's Encrypt,89,1,sha256WithRSAEncryption,2048,RSA,1,v3,0,0
plus.l.google.com,b923c14ef87a0a5aa8b961c18e4e49c97dc5e7829c1f2f41893c884e6fd41ffb,Google Trust Services,83,1,sha256WithRSAEncryption,2048,RSA,1,v3,0,0
arclight.vimeo.com,84e9f27d4269761f3d0d409140f4e15b9749e1cf7339385f961770454529c53d,Google Trust Services,90,1,sha256WithRSAEncryption,2048,RSA,1,v3,0,0
e-planning.net,6ab1663436174e92d53493f8972c901d8246b578045982cf44b895a076b96d1e,Let's Encrypt,89,1,sha256WithRSAEncryption,2048,RSA,1,v3,0,0
w3-reporting.reddit.com,ead606d1ff18a9766815574cdbb1c6fdfeadcf74d81395693990d7ecdc636000,Google Trust Services,90,1,ecdsa-with-SHA256,256,EC,1,v3,0,0
duckduckgo.com,c280828b6bf22be29c600d03245cd2f893a567aa1123eb38dedaca7e1376d0f3,DigiCert Inc,396,1,sha256WithRSAEncryption,2048,RSA,1,v3,0,0
enterprise-eudb.activity.windows.com,09bf77f316fa4390f151c8e752a538c2517ece196ee604d245fae3fc540bd3db,Microsoft Corporation,180,1,sha384WithRSAEncryption,2048,RSA,1,v3,0,0
pull-f5-sg01.tiktokcdn.com,8e88fb985739323c2fa2d27ea09f2b6588991efc42be46fd01299e52cd278ece,DigiCert Inc,198,1,sha256WithRSAEncryption,2048,RSA,1,v3,0,0
client-api-cdn.itunes-apple.com.akadns.net,792ce717b665ca8a0aedf9f7a3ba68bd15b7bf81da354e2c7dc4869bf9f22e62,DigiCert Inc,365,1,ecdsa-with-SHA384,256,EC,1,v3,0,0
public-cdn.sharepointonline.com,f7ab599e2505f43864ca4e5fc452ba2bbef525f235aac193d5cf31d72f55634c,Microsoft Corporation,360,1,sha384WithRSAEncryption,2048,RSA,1,v3,0,0
cdn.parsely.com,b4816077eb56b9717286fcff96ce0500597be31d0c3388a28521e76ba26f175a,Let's Encrypt,89,1,ecdsa-with-SHA384,256,EC,1,v3,0,0
lf-static.tiktokpangle-cdn-us.com,64380101b474042ca597cd498b6aa74ff11cef8747629071953d3fce60102897,DigiCert Inc,396,1,ecdsa-with-SHA256,256,EC,1,v3,0,0
ad.yieldlab.net,f8f23ce19712e060c1be68189649687c2a529123cffdc30d35e652e2e854ad70,DigiCert Inc,364,1,sha256WithRSAEncryption,2048,RSA,1,v3,0,0
nrdp.ws.prod.cloud.netflix.com,b5039a7ee01e52c4b36e7ebc647bd5c418ca260b9d781d71b085dadd9fbc015e,DigiCert Inc,90,1,ecdsa-with-SHA384,256,EC,1,v3,0,0
pinklion.io,ca409a0648c439207755d1411680efa9d2175398b434cc84fdbcb4edc07f680a,Google Trust Services,90,1,ecdsa-with-SHA256,256,EC,1,v3,0,0
cdn.fbsbx.com,a1063a69ed2c989a4e78a3cfd275c1231d1cf492b1d9eb208d14159c824d0ad9,DigiCert Inc,90,1,sha256WithRSAEncryption,2048,RSA,1,v3,0,0
logs.datadoghq.com,ea42e411eefd3a8a57aec24a6b5a46299bd47b24fc926600e84ea859e1fdfeb8,DigiCert Inc,369,1,sha256WithRSAEncryption,2048,RSA,1,v3,0,0
clienttoken.spotify.com,d259c071b22ee84523e7b256e4b013aff3c7b4f25eedb1aeb5a82b93588d63c6,DigiCert Inc,365,1,sha256WithRSAEncryption,2048,RSA,1,v3,0,0
us-east4-gcp.api.sc-gw.com,9610091e7c711204b985f2421360e1cd94645d04a9f668fa11e7443e53c556ce,DigiCert Inc,198,1,sha256WithRSAEncryption,2048,RSA,1,v3,0,0
pull-flv-f77-tt04.tiktokcdn-us.com,b5e2bef90084d4d145cbef28172caa746d8b2fd6695b247f3ccc05c182b8eba9,Let's Encrypt,89,1,ecdsa-with-SHA384,256,EC,1,v3,0,0
acdcatm.eop.mira.tm.svc.cloud.microsoft,394e114f9601996c0a534b8d664c906bab7cb6f7f58c5f2449f13408dab5a0df,DigiCert Inc,198,1,sha256WithRSAEncryption,2048,RSA,1,v3,0,0
samba.tv,f474df5caa003219974c086d20749147ebf52a63930f7892ccdeda44a6d06842,Google Trust Services,90,1,ecdsa-with-SHA256,256,EC,1,v3,0,0
crl.globalsign.com,542f755cb43dc5cc8e7a7e718c98e1591946f7b4568cadb5a29ee8217b9c975e,GlobalSign nv-sa,396,1,sha256WithRSAEncryption,2048,RSA,1,v3,0,0
t.mookie1.com,27b6b0df3b0585edf896f33c69e1257e0b79ef7860510bbf220c74652a72eeb9,Google Trust Services,90,1,sha256WithRSAEncryption,2048,RSA,1,v3,0,0
gos-api.gos-gsp.io,0b9146a6e06efc07c64fe7ef3bff5bcc4db42619e9191e776fd6c55768d0a74f,Amazon,393,1,sha256WithRSAEncryption,2048,RSA,1,v3,0,0
tvpixel.com,0ec2d48aa81093729313ed7faeedd54f80461c076c8611fc8d211c867255e7ce,DigiCert Inc,386,1,sha256WithRSAEncryption,2048,RSA,1,v3,0,0
fa000000112.mro1cdnstorage.public.onecdn.static.microsoft,0ecff08500fca46ee4cee251f013955450ef4d5ad887061a379bace387279cbf,Microsoft Corporation,198,1,ecdsa-with-SHA384,256,EC,1,v3,0,0
a2047.mm2.akamai.net,792ce717b665ca8a0aedf9f7a3ba68bd15b7bf81da354e2c7dc4869bf9f22e62,DigiCert Inc,365,1,ecdsa-with-SHA384,256,EC,1,v3,0,0
external-preview.redd.it,a8d0ac32fa983e55c5f2250f4a3b0702a3787f8ba8d1840de1ab55c4e0ed636e,DigiCert Inc,179,1,sha256WithRSAEncryption,2048,RSA,1,v3,0,0
oneocsp-microsoft-com.a-0003.a-msedge.net,f60432340206699274e86218c2ec6573bdd3831544d0f609bf66baecc55458b7,Microsoft Corporation,180,1,sha384WithRSAEncryption,2048,RSA,1,v3,0,0
main.vscode-cdn.net,b526eb4a4d18ff1a85ad917a692364b87c8eed126d3ff390a55d1354ab591b52,Microsoft Corporation,180,1,sha384WithRSAEncryption,2048,RSA,1,v3,0,0
normandy.cdn.mozilla.net,d9516b130dc4569859f93ce3ab91a500bf79f93753a519f8d569f42c08a12809,Let's Encrypt,89,1,sha256WithRSAEncryption,2048,RSA,1,v3,0,0
frontier-ttp2.tiktokv.us,63ed78308d110322026efd6786bbbe1c95956e54a15dd9bc406ce3389d32ff46,DigiCert Inc,396,1,ecdsa-with-SHA256,256,EC,1,v3,0,0
e8652.dscx.akamaiedge.net,b2a7eeb8016dd7511dab65c056371cf35bcd599fc10c3d2f999265a95557b112,Let's Encrypt,89,1,sha256WithRSAEncryption,2048,RSA,1,v3,0,0
tp.47cf2c8c9-frontier.amazon.com,ab1fe26963731abd166a55c3657277db884d4c2493510eff078a0170586fe565,Amazon,357,1,sha256WithRSAEncryption,2048,RSA,1,v3,0,0
stocks-data-service.v.aaplimg.com,792ce717b665ca8a0aedf9f7a3ba68bd15b7bf81da354e2c7dc4869bf9f22e62,DigiCert Inc,365,1,ecdsa-with-SHA384,256,EC,1,v3,0,0
gboxlab.com,407da073f98807c30974b86a233cfb341565061e9efbedf929428bf8ce97aca0,Google Trust Services,90,1,ecdsa-with-SHA256,256,EC,1,v3,0,0
pixad.com.tr,51d1101e83fe283ca84a5c7ea4ab62495c2bda572a997d173337c006bbc31984,Let's Encrypt,89,1,ecdsa-with-SHA384,256,EC,1,v3,0,0
s.adroll.com,021828e5dd9b03c0155a319685051b203a2ade07f1e160cb2a3c0c753b764056,Amazon,197,1,sha256WithRSAEncryption,2048,RSA,1,v3,0,0
pinterest.map.fastly.net,2e69232e93681fe002950f2de73cf46c422805c10eabebbd81e7bcb39ac47278,DigiCert Inc,391,1,sha256WithRSAEncryption,2048,RSA,1,v3,0,0
dualstack.pinterest.map.fastly.net,2e69232e93681fe002950f2de73cf46c422805c10eabebbd81e7bcb39ac47278,DigiCert Inc,391,1,sha256WithRSAEncryption,2048,RSA,1,v3,0,0
e4686.dsce9.akamaiedge.net,ff4e967b1b5cbd87817f104cfd4ded0b686fb5b6222b6b4c490fa75d65ead9d3,Apple Inc.,148,1,ecdsa-with-SHA256,256,EC,1,v3,0,0
d1.sc.omtrdc.net,eeae9d2ea02ca79faae2663685000810cebbea3ec47e4b40c822460913ba8d8b,DigiCert Inc,396,1,sha256WithRSAEncryption,256,EC,1,v3,0,0
pki-goog.l.google.com,054f1c560f4ad4c2dce10be87da857db12041f1922bf83da11c34d956b3b2b1c,Google Trust Services,83,1,sha256WithRSAEncryption,2048,RSA,1,v3,0,0
api19-core-useast5.tiktokv.us,c0a92979a116b28732823c212ae77fc8ff032a6f80831fa57ed94e387545cf9c,DigiCert Inc,396,1,sha256WithRSAEncryption,2048,RSA,1,v3,0,0
int08h.com,f352f21a641eb61d8186ff5619426e0b3f45ae1c57e7c65820f0eb8a481969a5,Google Trust Services,90,1,sha256WithRSAEncryption,2048,RSA,1,v3,0,0
ch-trc-events.taboola.com,563b35e76d149b69c2c8ee50a0f206ccf1a4b7425ac577c6fad90558b44c9fee,DigiCert Inc,384,1,ecdsa-with-SHA384,256,EC,1,v3,0,0
skadsdk.appsflyersdk.com,ca53362422f2a021c6fdaa5022cbdd82c4c7669cad9fd4a8be4ef60b80157149,Amazon,394,1,sha256WithRSAEncryption,2048,RSA,1,v3,0,0
arttrk.com,ccdf702e0bcf2962535fa3a940274b25726fd477048c29442027400c95269e15,Amazon,394,1,sha256WithRSAEncryption,2048,RSA,1,v3,0,0
sync.pinklion.io,17e6929e3e239505f72370b305d0ea9ee430dd6c069da0d25f65cbc75fb9c047,Let's Encrypt,89,1,sha256WithRSAEncryption,2048,RSA,1,v3,0,0
bidder.smartytouch.co,0aa75b9ec5c23d018bd4f3b555bf9af04e61a11c8e47e0b36b21fe614d0265be,Let's Encrypt,89,1,ecdsa-with-SHA384,256,EC,1,v3,0,0
graph.windows.net,d37715da7e0f83cf0b30bf95f43f28e6a1e53c1bbcdf283d5dc9db458e863774,DigiCert Inc,180,1,sha256WithRSAEncryption,2048,RSA,1,v3,0,0
steampowered.com,87dfc322b03551778ee136715be4cbb8d80c55c4a374812315eaf6e9ac38bfef,Let's Encrypt,89,1,sha256WithRSAEncryption,2048,RSA,1,v3,0,0
config.officeapps.live.com,09601c65a5d74bd791e2749374226ea739397bbc9020fe89a93a8e98a7bf17ad,Microsoft Corporation,360,1,sha384WithRSAEncryption,2048,RSA,1,v3,0,0
x15.adv.lijit.com,bf85de7df2839ced8dfbb0428cad003f5a6499c900079b8e8ef2b7be5f5f31ea,Let's Encrypt,89,1,ecdsa-with-SHA384,256,EC,1,v3,0,0
webcast19-normal-useast5.tiktokv.us,c0a92979a116b28732823c212ae77fc8ff032a6f80831fa57ed94e387545cf9c,DigiCert Inc,396,1,sha256WithRSAEncryption,2048,RSA,1,v3,0,0
webtp.whatsapp.net,47cd1cf3e6b7df4cf2197d57ee0df82e0dc12393a4e3dfc17f2681f2e0707fd6,DigiCert Inc,90,1,sha256WithRSAEncryption,256,EC,1,v3,0,0
dg2iu7dxxehbo.cloudfront.net,c6c6d5c7f79211bbd598b6eb4302e5657be832e775cee0a829b0dea35eaf4e02,Amazon,197,1,sha256WithRSAEncryption,2048,RSA,1,v3,0,0
reach-pa.googleapis.com,c96df46cd4d4baab16c15705b3fdf7748c83cb18d221814df697965aa44ced44,Google Trust Services,83,1,ecdsa-with-SHA256,256,EC,1,v3,0,0
webcast19-normal-useast8.tiktokv.us,c0a92979a116b28732823c212ae77fc8ff032a6f80831fa57ed94e387545cf9c,DigiCert Inc,396,1,sha256WithRSAEncryption,2048,RSA,1,v3,0,0
global.px.quantserve.com,afb2bb0355aaf079c8a529e297d4922a20f86448d3c0e250a239cdbe95b7c02f,Let's Encrypt,89,1,sha256WithRSAEncryption,2048,RSA,1,v3,0,0
ncsi-geo.trafficmanager.net,792ce717b665ca8a0aedf9f7a3ba68bd15b7bf81da354e2c7dc4869bf9f22e62,DigiCert Inc,365,1,ecdsa-with-SHA384,256,EC,1,v3,0,0
e-0014.e-msedge.net,f60432340206699274e86218c2ec6573bdd3831544d0f609bf66baecc55458b7,Microsoft Corporation,180,1,sha384WithRSAEncryption,2048,RSA,1,v3,0,0
bip.com,3d347342ca1a9ba066839ecb925a7311ac2d57b8372ab7212425b2dbf9691191,GlobalSign nv-sa,377,1,sha256WithRSAEncryption,2048,RSA,1,v3,0,0
ws-goguardian.pusher.com,b0caf738229b7e9cd3e3b72dca7cbe03500c911870950fbf9154714ec417ce37,Amazon,197,1,sha256WithRSAEncryption,2048,RSA,1,v3,0,0
log16-normal-useast5.tiktokv.us,63ed78308d110322026efd6786bbbe1c95956e54a15dd9bc406ce3389d32ff46,DigiCert Inc,396,1,ecdsa-with-SHA256,256,EC,1,v3,0,0
connectivitycheck.android.com,e51c3ce4d70e43c7262da7e20609b3b751d6d98b8b83fed4a3f56fbb05bba54f,Google Trust Services,83,1,ecdsa-with-SHA256,256,EC,1,v3,0,0
fmfmobile.fe2.apple-dns.net,a0dbdc42640e2b55782dd915df7c3b4f510a743414f28badef8d31b71065f562,Apple Inc.,388,1,sha256WithRSAEncryption,2048,RSA,1,v3,0,0
xmpp.bip.com,3d347342ca1a9ba066839ecb925a7311ac2d57b8372ab7212425b2dbf9691191,GlobalSign nv-sa,377,1,sha256WithRSAEncryption,2048,RSA,1,v3,0,0
addons.mozilla.org,f8bb0ccf013c18e1a14869ae29309fba5d879943527601cbb7adfcf0e29f263a,Let's Encrypt,89,1,sha256WithRSAEncryption,2048,RSA,1,v3,0,0
tsa.webex.com,b0efa147798a4a19dc36f9291716baf69a928e1c15e4466abc8c7bf7af3b6cfe,IdenTrust,198,1,sha256WithRSAEncryption,2048,RSA,1,v3,0,0
api19-core-useast8.tiktokv.us,c0a92979a116b28732823c212ae77fc8ff032a6f80831fa57ed94e387545cf9c,DigiCert Inc,396,1,sha256WithRSAEncryption,2048,RSA,1,v3,0,0
braze.eu,10f3a2314e238eff820ac8edf23ab159efa545061762a21e619c8004b28943c4,GlobalSign nv-sa,396,1,sha256WithRSAEncryption,2048,RSA,1,v3,0,0
linewize.net,05f57589435d042fa617297b26b4592dff4e3cdb7434a4a22751e8c00db631bb,Google Trust Services,90,1,sha256WithRSAEncryption,2048,RSA,1,v3,0,0
cdn.undertone.com,3ba6b6fee486be7c9e8aacefac6005aff86c5075369458fc7196e029d365d12e,Amazon,393,1,sha256WithRSAEncryption,2048,RSA,1,v3,0,0
winatp-gw-neu.microsoft.com,9e2b90c580ebc29a8252951d4b56e788be7037e1bad6c14797c2722d14cfa37b,Microsoft Corporation,324,1,sha256WithRSAEncryption,2048,RSA,1,v3,0,0
perimeterx.net,e29ebd6ffd7274343541cb6ee8e3ffc3a91f5ae374675399a09621516216a8e5,DigiCert Inc,131,1,sha256WithRSAEncryption,2048,RSA,1,v3,0,0
www.outlook.com,394e114f9601996c0a534b8d664c906bab7cb6f7f58c5f2449f13408dab5a0df,DigiCert Inc,198,1,sha256WithRSAEncryption,2048,RSA,1,v3,0,0
default.fe2.apple-dns.net,a0dbdc42640e2b55782dd915df7c3b4f510a743414f28badef8d31b71065f562,Apple Inc.,388,1,sha256WithRSAEncryption,2048,RSA,1,v3,0,0
su.itunes.apple.com,20030ff7dfafdea1b2b010f56f1fecdbe2ac0a5a94029978e3d674c6a721986c,Apple Inc.,190,1,sha256WithRSAEncryption,2048,RSA,1,v3,0,0
log16-normal-useast8.tiktokv.us,63ed78308d110322026efd6786bbbe1c95956e54a15dd9bc406ce3389d32ff46,DigiCert Inc,396,1,ecdsa-with-SHA256,256,EC,1,v3,0,0
t.pubmatic.com,97b6db2d6e8ec06c3605d137728be74beeebe760a444f65b0ebed5799313a0f9,DigiCert Inc,394,1,sha256WithRSAEncryption,2048,RSA,1,v3,0,0
api16-core-c-alisg.tiktokv.com,29ab6021e57ef447a9f4de1c613e116b4ba7a5ba0297cd15801abb807d9babc7,DigiCert Inc,198,1,ecdsa-with-SHA256,256,EC,1,v3,0,0
us.shb-sync.com,54e43c0b59748e2b5dbfb908d66eb89f3b05292879ba9e98a943d075896a9df8,"GoDaddy.com, Inc.",397,1,sha256WithRSAEncryption,2048,RSA,1,v3,0,0
webview.unityads.unity3d.com,6e03f0f132daed28cd519aed9bd72d80f76850469b744ac36b7b2b15fce4e0ef,Amazon,197,1,sha256WithRSAEncryption,2048,RSA,1,v3,0,0
d1jvc9b8z3vcjs.cloudfront.net,c6c6d5c7f79211bbd598b6eb4302e5657be832e775cee0a829b0dea35eaf4e02,Amazon,197,1,sha256WithRSAEncryption,2048,RSA,1,v3,0,0
ct.sendgrid.net,380dc8a7065b3c65ca3e5c622363d58d3b4f57bf9bfe290e32cac0678e57f827,"GoDaddy.com, Inc.",45,1,sha256WithRSAEncryption,2048,RSA,1,v3,0,0
piano.io,8fc3a2c780be9be56761c43f1f279bda8db9e1125dae373baca34e0dfb5845a3,Let's Encrypt,89,1,ecdsa-with-SHA384,256,EC,1,v3,0,0
media-public.canva.com,92553542af0ec5707faa2eb3db11fc10b406c622603f6347ddc825954aefe2f4,Amazon,394,1,sha256WithRSAEncryption,2048,RSA,1,v3,0,0
array615.prod.do.dsp.mp.microsoft.com,9e08133baf26405d6d8acdfcdb01010d746a3642f550b71ba4dbc0e792e1986c,Microsoft Corporation,365,1,ecdsa-with-SHA384,256,EC,1,v3,0,0
p19-common.tiktokcdn-us.com,3a616fb90e57254c622248d5b2e131f1671c6c4f6e1e4d63e1dff0b3f5dab1df,DigiCert Inc,396,1,sha256WithRSAEncryption,2048,RSA,1,v3,0,0
fa000000051.resources.office.net,0db841e1575f1366181a40f352366e7c725bc23ec5ece53c42dce4c8d0e5f769,Microsoft Corporation,198,1,ecdsa-with-SHA384,256,EC,1,v3,0,0
gateway.discord.gg,d8a8302587a01fe441531fd267f4b0de84899bd690ac4c9d7fa7a94b4e0599db,Google Trust Services,90,1,ecdsa-with-SHA256,256,EC,1,v3,0,0
p.tvpixel.com,5b1d9e02ac960e7c0f9112d67bf5f27a5f9ee13adad81b5454d9da6775a0d30e,Amazon,394,1,sha256WithRSAEncryption,2048,RSA,1,v3,0,0
a767.dspw65.akamai.net,792ce717b665ca8a0aedf9f7a3ba68bd15b7bf81da354e2c7dc4869bf9f22e62,DigiCert Inc,365,1,ecdsa-with-SHA384,256,EC,1,v3,0,0
background.gateway.icloud.com,a0dbdc42640e2b55782dd915df7c3b4f510a743414f28badef8d31b71065f562,Apple Inc.,388,1,sha256WithRSAEncryption,2048,RSA,1,v3,0,0
fcmatch.google.com,e51c3ce4d70e43c7262da7e20609b3b751d6d98b8b83fed4a3f56fbb05bba54f,Google Trust Services,83,1,ecdsa-with-SHA256,256,EC,1,v3,0,0
document-export.canva.com,92553542af0ec5707faa2eb3db11fc10b406c622603f6347ddc825954aefe2f4,Amazon,394,1,sha256WithRSAEncryption,2048,RSA,1,v3,0,0
p16-pu-sign-no.tiktokcdn-eu.com,8d0faf4fac1a00d22c1aaa86770962af197e873eace21232c907882e4b4bc594,DigiCert Inc,396,1,ecdsa-with-SHA256,256,EC,1,v3,0,0
www.nytimes.com,0780fe78243e6b0cd494e716658089c0d6075306e97df65e5c44298aa4708421,DigiCert Inc,198,1,sha256WithRSAEncryption,2048,RSA,1,v3,0,0
e4518.dscx.akamaiedge.net,3ce12a7b0704894a2c9d2e0c6d696f11e35e3aa0c38bb95b5dc3a493fb9e3ead,DigiCert Inc,198,1,ecdsa-with-SHA384,256,EC,1,v3,0,0
groundcontrol.rendering.sharethrough.com,b9962f80d204826b2d0c85e6552edc983a0056443caa7681f285742f78e24b59,Amazon,394,1,sha256WithRSAEncryption,2048,RSA,1,v3,0,0
dcs-public-edge-va6-158015560.us-east-1.elb.amazonaws.com,d121e74498f02949d6a4f1bae3e59e993929e0546f2ca36aef56379c176dc740,DigiCert Inc,396,1,sha256WithRSAEncryption,2048,RSA,1,v3,0,0
commerce.adobe.com,ec70fe99298aa0ba0aac556d252e3bc4bc2198a394d512ffc91249215aee6dbe,DigiCert Inc,396,1,sha256WithRSAEncryption,256,EC,1,v3,0,0
idsync.live.streamtheworld.com,2984e7813652503770cb84b980e8df86a061f0f82631dbe84bbf78fd8abd0b89,Let's Encrypt,89,1,sha256WithRSAEncryption,2048,RSA,1,v3,0,0
known-issues.v.aaplimg.com,5433701739e6a6d8a0807b280800b47d578ff1add78d1615398cc8ed11481b76,Apple Inc.,88,1,ecdsa-with-SHA256,256,EC,1,v3,0,0
i.manage.microsoft.com,0fd8ab68766588b154f3a535c2e1c07d06d1b66a5a19545ce39943280ec6b487,Microsoft Corporation,166,1,sha384WithRSAEncryption,2048,RSA,1,v3,0,0
merchantpool1.linkedin.com,e0dbeaebaba20b2d64c2be7f288dd9b580fa2b3feb748a7df6ecd4072bfa47ad,DigiCert Inc,184,1,sha256WithRSAEncryption,2048,RSA,1,v3,0,0
mygaru.com,7e111d1d5fde2e2094c12728207511d62821cffa4ba84544d0ff89278385d397,Google Trust Services,90,1,ecdsa-with-SHA256,256,EC,1,v3,0,0
vmss-clarity-tag-eus2.eastus2.cloudapp.azure.com,731f6c299d363905ede0a99074e80581df0f61255c666a05fe3afc764b549f01,Microsoft Corporation,180,1,sha384WithRSAEncryption,2048,RSA,1,v3,0,0
merino.services.mozilla.com,d1c06e8bc8db1ffe0aa12961a7e2b8ecb6644fcfdeac7204277946937b57f9ec,Let's Encrypt,89,1,sha256WithRSAEncryption,2048,RSA,1,v3,0,0
iot.us-east-1.amazonaws.com,7819f36c14d66495e08a78b7b08dcf3bb2ce417a076ef2ed4465b70056757401,Amazon,394,1,sha256WithRSAEncryption,2048,RSA,1,v3,0,0
img.3lift.com,3926f23addb83e5f8225ce7627d4c20399463161dbd201b4164314bca4792d42,Amazon,394,1,sha256WithRSAEncryption,2048,RSA,1,v3,0,0
area120.com,59db90e803c9a417b28f9d420b7f4c4e111aa145e525c97eb8038f299c780318,Google Trust Services,83,1,ecdsa-with-SHA256,256,EC,1,v3,0,0
win-global-asimov-leafs-events-data.trafficmanager.net,47e722e169ba40231ba47435f29e320b18c2573be5702449f0061865ec3316ab,Microsoft Corporation,180,1,sha384WithRSAEncryption,2048,RSA,1,v3,0,0
google.partners.tremorhub.com,9a504ab9de29f64f051deda4e2b55391d3eb1ffdb28e8967345f88aeba5e74a3,Amazon,394,1,sha256WithRSAEncryption,2048,RSA,1,v3,0,0
texthelp.com,00593c81d2a4d8530e166a8cb88a6b82f045657850fa7b2b23a65083f8e2686d,Amazon,394,1,sha256WithRSAEncryption,2048,RSA,1,v3,0,0
webpermissionpredictions.googleapis.com,c96df46cd4d4baab16c15705b3fdf7748c83cb18d221814df697965aa44ced44,Google Trust Services,83,1,ecdsa-with-SHA256,256,EC,1,v3,0,0
cdn.heapanalytics.com,da9fe94ec3875b7b1f18fdb3fea12a8eaf774f395d8a8f06fb98488cf7909d9d,Amazon,197,1,sha256WithRSAEncryption,2048,RSA,1,v3,0,0
parentsquare.com,ee03eac0e8cc7c45a71d16de38d94a8819a07b5b33a9ad998784126cf14a1a31,Amazon,393,1,sha256WithRSAEncryption,2048,RSA,1,v3,0,0
api.ad.intl.xiaomi.com,1874ba654ed1726fed95a59e39679ecdfee932b9140c2e71910b23d1460f518a,DigiCert Inc,396,1,sha256WithRSAEncryption,2048,RSA,1,v3,0,0
ns.cloudflare.com,da9fca34e821865e3066db0f029492013b6517f14aaf5a693abde9a48a174c19,Google Trust Services,90,1,ecdsa-with-SHA256,256,EC,1,v3,0,0
pull-flv-l11-sg01.tiktokcdn.com,8e88fb985739323c2fa2d27ea09f2b6588991efc42be46fd01299e52cd278ece,DigiCert Inc,198,1,sha256WithRSAEncryption,2048,RSA,1,v3,0,0
ios.chat.openai.com,64b7163813f2e7d747ec1d202055d9d9cd811a00707f20579290491bb6fcd183,Google Trust Services,90,1,ecdsa-with-SHA256,256,EC,1,v3,0,0
ln-0007.config.skype.com,f60432340206699274e86218c2ec6573bdd3831544d0f609bf66baecc55458b7,Microsoft Corporation,180,1,sha384WithRSAEncryption,2048,RSA,1,v3,0,0
api.spotify.com,d259c071b22ee84523e7b256e4b013aff3c7b4f25eedb1aeb5a82b93588d63c6,DigiCert Inc,365,1,sha256WithRSAEncryption,2048,RSA,1,v3,0,0
2.datadog.pool.ntp.org,7df71466f525eecc0b891f71ae42a6df026addecfb45c7e7a13a3891c063be9b,Let's Encrypt,89,1,sha256WithRSAEncryption,2048,RSA,1,v3,0,0
noti-us.adsmoloco.com,1b666fb67e0726231998450aeb1cf832aa3d34e709f827db5d08982004c65ff0,Sectigo Limited,396,1,sha256WithRSAEncryption,2048,RSA,1,v3,0,0
fa000000145.resources.office.net,0db841e1575f1366181a40f352366e7c725bc23ec5ece53c42dce4c8d0e5f769,Microsoft Corporation,198,1,ecdsa-with-SHA384,256,EC,1,v3,0,0
mr-afd-azuredge.tm-azurefd.net,26c77d49df8ae930639122568cb5e10b6d034b2ff39d05a03b360a21b9993831,Microsoft Corporation,180,1,ecdsa-with-SHA384,256,EC,1,v3,0,0
sync.bumlam.com,4efa9163959dbc381860a5ad969c10698f65fedd4480bb4c6d30962d8a112ab1,Let's Encrypt,89,1,sha256WithRSAEncryption,2048,RSA,1,v3,0,0
api.b2c.com,e6a1049f8c0d229a3dc20d1d9066d0c0d42deba5c0f2e5322aed97ba80eac708,Google Trust Services,90,1,ecdsa-with-SHA256,256,EC,1,v3,0,0
pay.sandbox.google.com,75aa10878cebe08b853192bf6815741c90f521dc1f74d757163c0334fc5a82ce,Google Trust Services,83,1,ecdsa-with-SHA256,256,EC,1,v3,0,0
suggestqueries.l.google.com,b923c14ef87a0a5aa8b961c18e4e49c97dc5e7829c1f2f41893c884e6fd41ffb,Google Trust Services,83,1,sha256WithRSAEncryption,2048,RSA,1,v3,0,0
v4.xz.fbcdn.net,fc4ced33b2b92e649e1de0dfdc30222aa2337648e25ddd8431b99cc78fb5f5df,DigiCert Inc,90,1,sha256WithRSAEncryption,256,EC,1,v3,0,0
nps-collector-service-a.wbx2.com,919177bbe93350b667f06dee3cadfc21096ff0dd1f2aa6ab7058abc9fb1c5f38,IdenTrust,198,1,sha256WithRSAEncryption,2048,RSA,1,v3,0,0
video.xx.fbcdn.net,fc4ced33b2b92e649e1de0dfdc30222aa2337648e25ddd8431b99cc78fb5f5df,DigiCert Inc,90,1,sha256WithRSAEncryption,256,EC,1,v3,0,0
symantec.com,9dde798707ad9203fc5c2775c7b53670d1e8ccfb545186033a6823f3462f2028,DigiCert Inc,396,1,sha256WithRSAEncryption,2048,RSA,1,v3,0,0
v1.pinimg.com,d6c938725344ad488a161f50d9fda669fc7bd5906dd72b0ccb30b8b310531220,DigiCert Inc,159,1,sha256WithRSAEncryption,2048,RSA,1,v3,0,0
api16-normal-useast8.tiktokv.us,63ed78308d110322026efd6786bbbe1c95956e54a15dd9bc406ce3389d32ff46,DigiCert Inc,396,1,ecdsa-with-SHA256,256,EC,1,v3,0,0
aws-iot.wyzecam.com,49a50a933cc3f10a6bef220c537be29c34d893f6fd5a89dfc8686092c28c8eed,Symantec Corporation,365,0,sha256WithRSAEncryption,2048,RSA,1,v3,0,0
amp-api-search-edge-apps-akam.itunes-apple.com.akadns.net,17051731d6fc0546f4d7bece8641fd3212baf03c50e1199c8ba723444962157a,Apple Inc.,183,1,sha256WithRSAEncryption,2048,RSA,1,v3,0,0
acctcdn.msftauth.net,260665fc258b050ec176c6e23cff76a2a3524e8dfc2d48d0747e6e33da494a3d,Microsoft Corporation,360,1,ecdsa-with-SHA384,256,EC,1,v3,0,0
o33249.ingest.us.sentry.io,7873f73dee581bf89a1e17aba370008676ea4eafabf47b345ffa39d83b5df4b5,DigiCert Inc,396,1,sha256WithRSAEncryption,2048,RSA,1,v3,0,0
prod.us-east-1.sonar.prime-video.amazon.dev,78b646ac5218cb6f70c61476ccce6930bcf5ab54668fff3f65fca7bb8dd4fc35,Amazon,394,1,sha256WithRSAEncryption,2048,RSA,1,v3,0,0
tag.wknd.ai,da80bf69c158b18f553b8a4b2a0552b503fcf96401369d6c3a66b5f82042857e,Let's Encrypt,89,1,sha256WithRSAEncryption,2048,RSA,1,v3,0,0
ssb-global.smartadserver.com,00d4b05c3ab1ca37371d6021fd5864222ac3de1743e41a673b6e1d385ed4da17,DigiCert Inc,371,1,ecdsa-with-SHA384,256,EC,1,v3,0,0
mads.amazon.com,cc72229500356bc2b868f2a12070e0bad4c0a741608d8f150347053c21299d47,Amazon,347,1,sha256WithRSAEncryption,2048,RSA,1,v3,0,0
usersync.samplicio.us,878f3588bf2564d693be658d602954e77e09dcf8ddcac63eafb836d6401a0f0d,Amazon,394,1,sha256WithRSAEncryption,2048,RSA,1,v3,0,0
usc1-gcp-v61.api.sc-gw.com,9610091e7c711204b985f2421360e1cd94645d04a9f668fa11e7443e53c556ce,DigiCert Inc,198,1,sha256WithRSAEncryption,2048,RSA,1,v3,0,0
census-app-x.scorecardresearch.com,e47e6a181fa99e281340e9713bb9b9425b41c0be0946de1be6121646ee341500,Sectigo Limited,198,1,sha256WithRSAEncryption,2048,RSA,1,v3,0,0
securly.com,9f4f918566c53ffc8746dd84e95e495a61fa2c356d509843f06f2612393355c0,Amazon,393,1,sha256WithRSAEncryption,2048,RSA,1,v3,0,0
aggr16-normal.tiktokv.com,6acad20799fba9e610956f7401eff1d6b9e113b36e4f32e0a1c8e74bb3db7057,DigiCert Inc,364,1,ecdsa-with-SHA256,256,EC,1,v3,0,0
stock-notifications.astockcdn.net,b76bebb34ea05bd31796ff491b6ea5fcfb61bccbf5138dec10ef5fe85f914e98,Let's Encrypt,89,1,sha256WithRSAEncryption,2048,RSA,1,v3,0,0
o.clarity.ms,eaa75684b67507a7280072e025e97ffd6457e7c45b3f11cac01965cff5257414,Microsoft Corporation,180,1,sha384WithRSAEncryption,2048,RSA,1,v3,0,0
us4.shb-sync.com,54e43c0b59748e2b5dbfb908d66eb89f3b05292879ba9e98a943d075896a9df8,"GoDaddy.com, Inc.",397,1,sha256WithRSAEncryption,2048,RSA,1,v3,0,0
diagmon-serviceapi.samsungdm.com,057f578881c8c70224cc2d6add523a763491b9c32d3084878c7c44b6798527c5,Sectigo Limited,396,1,sha256WithRSAEncryption,2048,RSA,1,v3,0,0
s.console.adtarget.com.tr,bfd45daf15d546784bdd455b2d7a89a50322c2109b361f928d86b508429e6d10,ZeroSSL,90,0,ecdsa-with-SHA384,256,EC,1,v3,0,0
cds-cdn.v.aaplimg.com,5433701739e6a6d8a0807b280800b47d578ff1add78d1615398cc8ed11481b76,Apple Inc.,88,1,ecdsa-with-SHA256,256,EC,1,v3,0,0
acctcdn.msauth.net,09ed1c9023d8b0e20a24a516ad4cd7db5709a79cc40946cbdb885a04dfb7c404,Microsoft Corporation,180,1,sha384WithRSAEncryption,2048,RSA,1,v3,0,0
crl.edge.digicert.com,792ce717b665ca8a0aedf9f7a3ba68bd15b7bf81da354e2c7dc4869bf9f22e62,DigiCert Inc,365,1,ecdsa-with-SHA384,256,EC,1,v3,0,0
a.a47b.com,bb8fdde25340b8668154bbf4953f7b41e97c754218aaf9b482488601fae15f2c,Amazon,197,1,ecdsa-with-SHA256,256,EC,1,v3,0,0
p16-tiktok-dm-sticker-sign-sg.ibyteimg.com,2f4c6dfc73e339a11a4ea104eecbed5a384550ba91bc8529bf982e0d3b57e3f9,DigiCert Inc,198,1,ecdsa-with-SHA256,256,EC,1,v3,0,0
payments-graph.instagram.com,077c4b71dd8f595202247f831a29144244070d7b6b951ac1c90bd77e7c08ecce,DigiCert Inc,90,1,sha256WithRSAEncryption,256,EC,1,v3,0,0
cloudbirds.cn,3cc9a4ca61067565e968656e8342acef7961a485d7506029678137a1b509e16a,DigiCert Inc,396,1,sha256WithRSAEncryption,2048,RSA,1,v3,0,0
web-chat-e2ee.facebook.com,fc4ced33b2b92e649e1de0dfdc30222aa2337648e25ddd8431b99cc78fb5f5df,DigiCert Inc,90,1,sha256WithRSAEncryption,256,EC,1,v3,0,0
hubblecontent.osi.office.net,35ba4197eef14e3d200f8f0305b3454ebc66afa8972b6b562bcb703c311994bb,Microsoft Corporation,180,1,sha384WithRSAEncryption,2048,RSA,1,v3,0,0
ogury-match.dotomi.com,6f9666fb3281f1da33eb16c6c6707f9abbebfecae87d5d83901318e39f895ef0,GlobalSign nv-sa,396,1,sha256WithRSAEncryption,2048,RSA,1,v3,0,0
app.usercentrics.eu,8327328d7887332313ac8e151866cec4503b44670433e8b5ef65daf023ded9bf,Google Trust Services,90,1,sha256WithRSAEncryption,2048,RSA,1,v3,0,0
e11290.dspg.akamaiedge.net,8e99274d73984b8934f491c795228dddbf48794c16b49fc0d9169948e362db42,Microsoft Corporation,360,1,sha384WithRSAEncryption,2048,RSA,1,v3,0,0
api16-access-ttp.tiktokpangle-b.us,31d6beb52695761765e12464c18510f6802f75708afa1938029720b6a4ed8846,DigiCert Inc,396,1,ecdsa-with-SHA256,256,EC,1,v3,0,0
my.onetrust.com,bc36711348401e670803316ef5d824b8c0396f6164a4bd388c77438452b36d04,Sectigo Limited,396,1,sha256WithRSAEncryption,2048,RSA,1,v3,0,0
openx2-match.dotomi.com,6f9666fb3281f1da33eb16c6c6707f9abbebfecae87d5d83901318e39f895ef0,GlobalSign nv-sa,396,1,sha256WithRSAEncryption,2048,RSA,1,v3,0,0
fcmatch.youtube.com,e51c3ce4d70e43c7262da7e20609b3b751d6d98b8b83fed4a3f56fbb05bba54f,Google Trust Services,83,1,ecdsa-with-SHA256,256,EC,1,v3,0,0
0.amazon.pool.ntp.org,6662904c859ce743eff3f5653226b8274218c57016abb09fc97e3f7f2e1cd5cb,ZeroSSL,90,0,sha384WithRSAEncryption,2048,RSA,1,v3,0,0
eyeo.com,2518dde0b1867d939f142d34007f31e0996f7f11372044e0dc6c6810fd2e001b,Let's Encrypt,89,1,ecdsa-with-SHA384,256,EC,1,v3,0,0
cdn.smoot.g.aaplimg.com,5433701739e6a6d8a0807b280800b47d578ff1add78d1615398cc8ed11481b76,Apple Inc.,88,1,ecdsa-with-SHA256,256,EC,1,v3,0,0
tp.c47710ee9-frontier.media-amazon.com,792ce717b665ca8a0aedf9f7a3ba68bd15b7bf81da354e2c7dc4869bf9f22e62,DigiCert Inc,365,1,ecdsa-with-SHA384,256,EC,1,v3,0,0
acsbapp.com,254b85effc3ffab9c0b3c9057dd4def3d86adcb62e9d6d40a1a0302129fc778a,Google Trust Services,90,1,ecdsa-with-SHA256,256,EC,1,v3,0,0
dayunlinks.cn,0dcfaaab6b0d4db79a992ba6b6e8fb141352b2385b1c29798d393cbb2786a01a,DigiCert Inc,380,1,sha256WithRSAEncryption,2048,RSA,1,v3,0,0
erne.co,55532332ca0680f4d031ee539f612b0df603ce5462e2ff649b64aba66c5c96a1,"GoDaddy.com, Inc.",90,1,sha256WithRSAEncryption,2048,RSA,1,v3,0,0
store.office.com,f0076753efe51ef38b437fba0cacbbbddb3a0c72d226b5c8daa538ad3c731252,Microsoft Corporation,180,1,sha384WithRSAEncryption,2048,RSA,1,v3,0,0
ttp-api16-tiktok-com-apix.bytewlb.akadns.net,792ce717b665ca8a0aedf9f7a3ba68bd15b7bf81da354e2c7dc4869bf9f22e62,DigiCert Inc,365,1,ecdsa-with-SHA384,256,EC,1,v3,0,0
net.wac-0003.wac-dc-msedge.net.wac-0003.wac-msedge.net,f60432340206699274e86218c2ec6573bdd3831544d0f609bf66baecc55458b7,Microsoft Corporation,180,1,sha384WithRSAEncryption,2048,RSA,1,v3,0,0
at.teads.tv,3277d377c2988fe3547349a4d7e513fee6d46fad2c37f62d98c9b569adb8fabf,DigiCert Inc,198,1,sha256WithRSAEncryption,2048,RSA,1,v3,0,0
sync.connectad.io,d98ee78e0db40e7b0c26942daed47e12a5c1fe38fe73cfa60666788dc03d84bd,Let's Encrypt,89,1,ecdsa-with-SHA384,256,EC,1,v3,0,0
newsroom.bi,a9d896c140923cbdf97f13ef58b00c3971796976e4634c68b8edf4bf361964e8,GlobalSign nv-sa,396,1,sha256WithRSAEncryption,2048,RSA,1,v3,0,0
prod-achm-general.svc.webex.com,9721fe29fe76521b2f4fef4113ad4716c6f4e5b1b898f48d571c9f55adbbe814,IdenTrust,369,1,sha256WithRSAEncryption,2048,RSA,1,v3,0,0
cdnwidget.com,bd62f6618260829e3e1a51a1171d53f629ec236d2893f74873591f8199ceb042,DigiCert Inc,364,1,sha256WithRSAEncryption,2048,RSA,1,v3,0,0
chartboost.com,e10b3a4b6e3b94fafa46a3a328f00ae5ade5d93bec81d8069506931daae815dc,Amazon,393,1,sha256WithRSAEncryption,2048,RSA,1,v3,0,0
appdynamics.com,3bcf9d08b6f6dd0806a45f76d3a090b92bf88f45d5601813eac731115b9fdf53,DigiCert Inc,364,1,sha256WithRSAEncryption,2048,RSA,1,v3,0,0
onedriveclubproddm20045.blob.core.windows.net,4410e66734b9ff62c927babc2b4f5fbf1585b404281df944ef15f2942c46f758,Microsoft Corporation,180,1,sha384WithRSAEncryption,2048,RSA,1,v3,0,0
uservoice.com,1fbbd0dae8d32d075f534b47860988e0b132d7cbdc9751298da0e64ebbb593ae,Google Trust Services,90,1,ecdsa-with-SHA256,256,EC,1,v3,0,0
ws.zoominfo.com,b0f91a052b276bb3fcc7f4f0870d1054689f731d2535caecffcc618add1dd423,Let's Encrypt,89,1,ecdsa-with-SHA384,256,EC,1,v3,0,0
client-api.app.printercloud.com,dc74e7b8ea4b4175c91bf52d14b8482a5ef97a81f6f9a73370475ce552a2f384,Amazon,394,1,sha256WithRSAEncryption,2048,RSA,1,v3,0,0
fa000000054.resources.office.net,0db841e1575f1366181a40f352366e7c725bc23ec5ece53c42dce4c8d0e5f769,Microsoft Corporation,198,1,ecdsa-with-SHA384,256,EC,1,v3,0,0
apps.rokt.com,f48774c433b41ccd1371f97694cc7cce1df1806d9b91ef0d196a81772ceea3d0,Sectigo Limited,374,1,ecdsa-with-SHA256,256,EC,1,v3,0,0
devpush-hapseemate.dayunlinks.cn,0dcfaaab6b0d4db79a992ba6b6e8fb141352b2385b1c29798d393cbb2786a01a,DigiCert Inc,380,1,sha256WithRSAEncryption,2048,RSA,1,v3,0,0
onedriveclubproddm20027.blob.core.windows.net,602b6c58208bc527dbd9836e60c984198af7daa1700e25bb403a49a4b976333b,Microsoft Corporation,180,1,sha384WithRSAEncryption,2048,RSA,1,v3,0,0
trafficmanager.net.wac-0003.wac-dc-msedge.net.wac-0003.wac-msedge.net,f60432340206699274e86218c2ec6573bdd3831544d0f609bf66baecc55458b7,Microsoft Corporation,180,1,sha384WithRSAEncryption,2048,RSA,1,v3,0,0
classify-client.services.mozilla.com,37a98e3299f9b427617e79f76ca7b1dc86a38f52def9ce055f26a1b288afb87a,Let's Encrypt,89,1,sha256WithRSAEncryption,2048,RSA,1,v3,0,0
onedriveclubproddm20033.blob.core.windows.net,e5a9a83ae1a0bd0b3c94af22bfdaece0e626f35e15e0b0caf522d4550a7cdd1f,Microsoft Corporation,180,1,sha384WithRSAEncryption,2048,RSA,1,v3,0,0
onedriveclubproddm20025.blob.core.windows.net,5a392cbb707573c124fffdc6b1b195b855ce0c32d27f8f93f4c44b28e45dd232,Microsoft Corporation,180,1,sha384WithRSAEncryption,2048,RSA,1,v3,0,0
content.quantcount.com,afb2bb0355aaf079c8a529e297d4922a20f86448d3c0e250a239cdbe95b7c02f,Let's Encrypt,89,1,sha256WithRSAEncryption,2048,RSA,1,v3,0,0
www.lenovo.com,9f4e4f67b327ebd9277439650adea0ab1d35ed8bd0dd6abf9f2c220a3ea821d4,DigiCert Inc,364,1,ecdsa-with-SHA384,256,EC,1,v3,0,0
fa000000192.resources.office.net,0db841e1575f1366181a40f352366e7c725bc23ec5ece53c42dce4c8d0e5f769,Microsoft Corporation,198,1,ecdsa-with-SHA384,256,EC,1,v3,0,0
roughtime.sandbox.google.com,75aa10878cebe08b853192bf6815741c90f521dc1f74d757163c0334fc5a82ce,Google Trust Services,83,1,ecdsa-with-SHA256,256,EC,1,v3,0,0
onedriveclubproddm20023.blob.core.windows.net,4f4b8548f8a616e032a0f4345bec21f810fe1e88794062c1d3ac1d42ec319945,Microsoft Corporation,180,1,sha384WithRSAEncryption,2048,RSA,1,v3,0,0
common-geo.ha.1drv.com,b8df6fd9516ccfacf3022b80589c83a64688ec3da32b73716eb5aac59dcadde5,Microsoft Corporation,180,1,sha384WithRSAEncryption,2048,RSA,1,v3,0,0
onedriveclubproddm20032.blob.core.windows.net,3371b1982e12c53ef3fecf4f3bdfb1a5297b88cfbce2821b1a9104da0b16e7af,Microsoft Corporation,180,1,sha384WithRSAEncryption,2048,RSA,1,v3,0,0
edge.safedk.com,cc22d3124e78db9ce4ff1b3e2817d7c6602e59b010e30ccb617bc6fbb3d75699,Google Trust Services,90,1,sha256WithRSAEncryption,2048,RSA,1,v3,0,0
col.eum-appdynamics.com,048c5fa7c4ec9d175c11932bd5c388ecdc74680922c27432344b428e83b825a0,DigiCert Inc,396,1,sha256WithRSAEncryption,2048,RSA,1,v3,0,0
ticketmaster.goguardian.com,09e1775ea554d93f0e47c1932809d5ff289f12ec94b8c3eb397ac5a16b89b28d,Amazon,392,1,sha256WithRSAEncryption,2048,RSA,1,v3,0,0
socket0.api-lsa.lenovosoftware.com,cf89dca91afc6072074bf1ee61eb6b4ab705e423c6c66ac75574d2847b9c29b7,Amazon,197,1,sha256WithRSAEncryption,2048,RSA,1,v3,0,0
img.applovin.com,839375d524deca24621007a942fc8babfd90d80d897113d8dd5940831803c24b,Google Trust Services,90,1,sha256WithRSAEncryption,2048,RSA,1,v3,0,0
a1874.dscg1.akamai.net,792ce717b665ca8a0aedf9f7a3ba68bd15b7bf81da354e2c7dc4869bf9f22e62,DigiCert Inc,365,1,ecdsa-with-SHA384,256,EC,1,v3,0,0
api-adservices.apple.com,71129e25ec80060e3e5bf894ba765e1ce7373a9c37e212000a90b3030c3de0ad,Apple Inc.,85,1,sha256WithRSAEncryption,2048,RSA,1,v3,0,0
avatar-a.wbx2.com,1cbfc7b41fab86adb13aa4b3032c3326f26f3f31b5b754a12f32e5a27ebd29a0,IdenTrust,369,1,sha256WithRSAEncryption,2048,RSA,1,v3,0,0
as.atlassian.com,ebfefba338b9a19f4ab7904f75fd910fccc7382f010cc81d87fe3a526ef83c27,DigiCert Inc,385,1,sha256WithRSAEncryption,256,EC,1,v3,0,0
onedriveclubproddm20031.blob.core.windows.net,664340981b59436b4d65fade96bab3e25f0fb1afdbd26565c78b408a40a467a1,Microsoft Corporation,180,1,sha384WithRSAEncryption,2048,RSA,1,v3,0,0
static.teads.tv,689f9595303f23fc91c641c71b16fc1c61d4d027404193591d0d04422bb2caee,Let's Encrypt,89,1,sha256WithRSAEncryption,2048,RSA,1,v3,0,0
s.clarity.ms,eaa75684b67507a7280072e025e97ffd6457e7c45b3f11cac01965cff5257414,Microsoft Corporation,180,1,sha384WithRSAEncryption,2048,RSA,1,v3,0,0
news-assets.apple.com,470962cef5ddb4ca17f95d4074717255cc0762a81fd74ef1902ac91d3db9c7f1,Apple Inc.,189,1,sha256WithRSAEncryption,2048,RSA,1,v3,0,0
mssdk22-normal-alisg.tiktokv.com,08de96d6bdd367b833c92828009f26178bf888d32789a89bb2a3f0342e0b1f4c,DigiCert Inc,364,1,sha256WithRSAEncryption,2048,RSA,1,v3,0,0
wrapper-vast.adsafeprotected.com,dac5583422206827183c25f4f21d192d047152778baa6d0e489a8d7f9525b452,Amazon,393,1,sha256WithRSAEncryption,2048,RSA,1,v3,0,0
copilot.com,e13650ac25e7532358f661a3300e9b1126cbda4412c954f1111c06d6c29f3e75,Microsoft Corporation,180,1,sha384WithRSAEncryption,2048,RSA,1,v3,0,0
pbd.yahoo.com,ecd8e35ab7ad985e530dc340a21a0f8711aad400c99ce6be3a7fdb85cc804f4a,DigiCert Inc,176,1,sha256WithRSAEncryption,2048,RSA,1,v3,0,0
fa000000117.resources.office.net,0db841e1575f1366181a40f352366e7c725bc23ec5ece53c42dce4c8d0e5f769,Microsoft Corporation,198,1,ecdsa-with-SHA384,256,EC,1,v3,0,0
onedriveclubproddm20051.blob.core.windows.net,09e4caded9f2cc0746dcf590e6d4c86bf0211f8dc80c0d87a4482220a97140e5,Microsoft Corporation,180,1,sha384WithRSAEncryption,2048,RSA,1,v3,0,0
onedriveclubproddm20029.blob.core.windows.net,41514a1c7b0538afdfc018a9b1512171eb61a778459eaadea590c44df1ed4572,Microsoft Corporation,180,1,sha384WithRSAEncryption,2048,RSA,1,v3,0,0
mobile.yandex.net,acd34e5f2928adb70351d7e97a8f214fa0ef1cce8a7e6cb28938ba06b0cba641,GlobalSign nv-sa,178,1,ecdsa-with-SHA384,256,EC,1,v3,0,0
securedvisit.com,fe5f4a5eb385cccac496affb4b04bc1e83d6e72d56b838e78bce2239d2c2da8b,Amazon,394,1,sha256WithRSAEncryption,2048,RSA,1,v3,0,0
mweb-hb.presage.io,639738f50ee4772e241fd077660a92d30f47536cab54e14d1e57b496abbe3f7b,Let's Encrypt,89,1,ecdsa-with-SHA384,256,EC,1,v3,0,0
onedriveclubproddm20046.blob.core.windows.net,d9bc83d210d66d0a7b5f9817df69b2a72946124515bcfb5fcb6a5857d653f390,Microsoft Corporation,180,1,sha384WithRSAEncryption,2048,RSA,1,v3,0,0
zoho.com,95f86583a2bee7fc5c67d492076c9dc502c751a7e2d2d33c9046ba63d5c23fc8,Sectigo Limited,395,1,sha256WithRSAEncryption,2048,RSA,1,v3,0,0
amspbs.com,ca19d4513e728c88968c909eec5c6394d4f3a5c9b8e6dbd934ba6f7ff7aecda1,Let's Encrypt,89,1,sha256WithRSAEncryption,2048,RSA,1,v3,0,0
reachable.webex.com,639eb42deb34cf057255e5a36d0c97390f904dab41a34fe668e0884ca126b81c,IdenTrust,369,1,sha256WithRSAEncryption,2048,RSA,1,v3,0,0
access.workspace.google.com,bac033a0400c06ca88c18f2fee1aff0696d75821d6b70d904efdd1d352bf8cc9,Google Trust Services,83,1,ecdsa-with-SHA256,256,EC,1,v3,0,0
tracking.crazyegg.com,c54bb90a4a05a26a2955faca917bcea31d3d197172fb2e0adc0039ae25ad8326,Amazon,197,1,sha256WithRSAEncryption,2048,RSA,1,v3,0,0
ms-sso.copilot.com,c27dbc96240701d0e6fc5033542e5f5c21d4bba00d9fdea3f43f52ec878497e4,Microsoft Corporation,164,1,sha384WithRSAEncryption,2048,RSA,1,v3,0,0
app.powerbi.com,6452ff9eba5f0c33014156755f3e566cfc966064ad3eff6a4740d4747e0245a2,Microsoft Corporation,180,1,sha384WithRSAEncryption,2048,RSA,1,v3,0,0
chrome.google.com,e51c3ce4d70e43c7262da7e20609b3b751d6d98b8b83fed4a3f56fbb05bba54f,Google Trust Services,83,1,ecdsa-with-SHA256,256,EC,1,v3,0,0
amp-api.media-lb.apple.com.akadns.net,17051731d6fc0546f4d7bece8641fd3212baf03c50e1199c8ba723444962157a,Apple Inc.,183,1,sha256WithRSAEncryption,2048,RSA,1,v3,0,0
siteimproveanalytics.com,e0063516894cd80e23ac8b5890a1697da2383a0205c87fd42bc02bb60deccd27,Google Trust Services,90,1,ecdsa-with-SHA256,256,EC,1,v3,0,0
onedriveclubproddm20053.blob.core.windows.net,09e4caded9f2cc0746dcf590e6d4c86bf0211f8dc80c0d87a4482220a97140e5,Microsoft Corporation,180,1,sha384WithRSAEncryption,2048,RSA,1,v3,0,0
media.bidr.io,efd80f85e07c871e972d7896e47d19f38e8d3285b755e3a85b66559f6504fb64,Amazon,394,1,sha256WithRSAEncryption,2048,RSA,1,v3,0,0
ping.citrix.com,26c77d49df8ae930639122568cb5e10b6d034b2ff39d05a03b360a21b9993831,Microsoft Corporation,180,1,ecdsa-with-SHA384,256,EC,1,v3,0,0
wamsm-a-0.prod.infra.webex.com,58c878497edc1777941862d1fea6f55de5e7348ed0327bfea4a66fccdcac09c3,Acme Co,365,0,sha256WithRSAEncryption,2048,RSA,1,v3,0,0
public.wamsm-a-0.prod.infra.webex.com,8823f13e82791dad889b9327a38d2605cf673d97c986ac9b3db09f3150eb1ba9,Acme Co,365,0,sha256WithRSAEncryption,2048,RSA,1,v3,0,0
onedriveclubprodbn20042.blob.core.windows.net,ac1ac348fca225faa65041ecce3a7410c074a9985f0d5dc0ae6b67c19b3fcc4b,Microsoft Corporation,130,1,sha384WithRSAEncryption,2048,RSA,1,v3,0,0
ipv4.cws.conviva.com,84fe63957d71305151eb1e05c679a5e6957d31545ec044719a8b9939d665a1c2,Sectigo Limited,385,1,sha256WithRSAEncryption,2048,RSA,1,v3,0,0
t-mobile.com,dad02c4c7fc2d350d281c7a2ed515f0356095ed7818405833422784a0bd4090c,DigiCert Inc,364,1,sha256WithRSAEncryption,2048,RSA,1,v3,0,0
onedriveclubprodbn20023.blob.core.windows.net,add509d3155b24b396643e197fc926117b76417cbae5f27e1f34bb8a6698e321,Microsoft Corporation,130,1,sha384WithRSAEncryption,2048,RSA,1,v3,0,0
sf-teko-source.tiktokcdn.com,a6ab6ddf5871c8dc0842be350b4ff4ac95f4b2525697ea18bfecb033280d80dd,DigiCert Inc,198,1,ecdsa-with-SHA256,256,EC,1,v3,0,0
onedriveclubprodbn20021.blob.core.windows.net,a3a10f90bdb42dc30748813814dc988b6404316167cdf32cd016fcc539d70f4a,Microsoft Corporation,130,1,sha384WithRSAEncryption,2048,RSA,1,v3,0,0
mosaic.scdn.co,efec400d8a85dcedfd68941999fb81e0ba3b7939fb6727b9dad2943c3533e989,GlobalSign nv-sa,396,1,sha256WithRSAEncryption,2048,RSA,1,v3,0,0
1x1.a-mo.net,7358180da92866d519384d752b207144afd2019a2228e1f8f84f7d1adb3fcf24,Amazon,395,1,sha256WithRSAEncryption,2048,RSA,1,v3,0,0
data.adsrvr.org,ea25c7602a630c77115f6e1b188a7f3d468ce1b57a5b4a233c288887d49cc7a8,GlobalSign nv-sa,393,1,sha256WithRSAEncryption,2048,RSA,1,v3,0,0
staticjs.adsafeprotected.com,a7660b33c4926c537997b504bc8b9d9a8ffd6ffd3345e1e3221533d9bceb4683,Sectigo Limited,396,1,sha384WithRSAEncryption,2048,RSA,1,v3,0,0
inv-nets.admixer.net,e7058ac32926e2d5a3293a6ecf2ff5b39d66d09c66126ea0593ed9e245cefefb,Sectigo Limited,395,1,ecdsa-with-SHA256,256,EC,1,v3,0,0
s.twitter.com,76136867264a97353e9058d6769aaeeff8095ee1657cf96c5f9a48051f3286ad,Let's Encrypt,89,1,ecdsa-with-SHA384,256,EC,1,v3,0,0
images-mercury.v.aaplimg.com,5433701739e6a6d8a0807b280800b47d578ff1add78d1615398cc8ed11481b76,Apple Inc.,88,1,ecdsa-with-SHA256,256,EC,1,v3,0,0
onedriveclubprodbn20050.blob.core.windows.net,a320ca02289e3a1669957dbc13c70cf0d2d5a2fc17770ea55d9401e00161720d,Microsoft Corporation,130,1,sha384WithRSAEncryption,2048,RSA,1,v3,0,0
adl.windows.com,792ce717b665ca8a0aedf9f7a3ba68bd15b7bf81da354e2c7dc4869bf9f22e62,DigiCert Inc,365,1,ecdsa-with-SHA384,256,EC,1,v3,0,0
fa000000193.resources.office.net,0db841e1575f1366181a40f352366e7c725bc23ec5ece53c42dce4c8d0e5f769,Microsoft Corporation,198,1,ecdsa-with-SHA384,256,EC,1,v3,0,0
fout.jp,dc229f9108597ae8b72757264d2a65cd7efe5e472ee9a1b94e7b81b0f86525ce,Google Trust Services,90,1,ecdsa-with-SHA256,256,EC,1,v3,0,0
clinch.co,f645dd3fe6783a7dff5982af70676afc3ed4b569cd3b5434bb1dd2b4969cf54c,Google Trust Services,90,1,ecdsa-with-SHA256,256,EC,1,v3,0,0
getpublica.com,51591762bc5523b53abe34ef21a723fd9971825b604ca0eac5aedd0f8f41feaa,Let's Encrypt,89,1,sha256WithRSAEncryption,2048,RSA,1,v3,0,0
onedriveclubprodbn20022.blob.core.windows.net,3e61d85cc54ad8abb96c7c74f941c70fff497a4480b532392736ee741ea51bbe,Microsoft Corporation,130,1,sha384WithRSAEncryption,2048,RSA,1,v3,0,0
d20qwf0wrdtevy.cloudfront.net,c6c6d5c7f79211bbd598b6eb4302e5657be832e775cee0a829b0dea35eaf4e02,Amazon,197,1,sha256WithRSAEncryption,2048,RSA,1,v3,0,0
onedriveclubprodbn20019.blob.core.windows.net,cd9c191d01ffde89d5efcf4388c1ef32756db5ae1002894c57ba868e699e55be,Microsoft Corporation,130,1,sha384WithRSAEncryption,2048,RSA,1,v3,0,0
ipac.ctnsnet.com,7e454f6c941d73f7e91d964afb07fdddabaa0563f5583427b657636e915b78e4,DigiCert Inc,396,1,sha256WithRSAEncryption,2048,RSA,1,v3,0,0
onedriveclubprodbn20007.blob.core.windows.net,e2e831fc49868e1e28d865c451d2bffe0f64e9e42889d0cbb7c5a8274b335cbe,Microsoft Corporation,130,1,sha384WithRSAEncryption,2048,RSA,1,v3,0,0
onedriveclubprodbn20028.blob.core.windows.net,eaeb411a0a9187245e664a6dceacf1a35f6352b1135f57080aa7013947e637ca,Microsoft Corporation,130,1,sha384WithRSAEncryption,2048,RSA,1,v3,0,0
d162h6x3rxav67.cloudfront.net,c6c6d5c7f79211bbd598b6eb4302e5657be832e775cee0a829b0dea35eaf4e02,Amazon,197,1,sha256WithRSAEncryption,2048,RSA,1,v3,0,0
onedriveclubprodbn20054.blob.core.windows.net,0a1ef1e8ff01118f681fc802b7d864f2d3b4134e6a84c95f53e720423e52a6fc,Microsoft Corporation,130,1,sha384WithRSAEncryption,2048,RSA,1,v3,0,0
error-analytics-sessions-production.shopifysvc.com,448eaa36248af1e1a0a8581b7d8514ee1c2b546ba2f80e3088efcd9d172f095d,Let's Encrypt,89,1,sha256WithRSAEncryption,2048,RSA,1,v3,0,0
onedriveclubprodbn20051.blob.core.windows.net,eaeb411a0a9187245e664a6dceacf1a35f6352b1135f57080aa7013947e637ca,Microsoft Corporation,130,1,sha384WithRSAEncryption,2048,RSA,1,v3,0,0
a2047.w183.akamai.net,792ce717b665ca8a0aedf9f7a3ba68bd15b7bf81da354e2c7dc4869bf9f22e62,DigiCert Inc,365,1,ecdsa-with-SHA384,256,EC,1,v3,0,0
onedriveclubprodbn20041.blob.core.windows.net,71f860021774c92beec8da8307b3f539a04afed5e5d6cbc0bead26a0afce8337,Microsoft Corporation,130,1,sha384WithRSAEncryption,2048,RSA,1,v3,0,0
voisetech.com,2951ff7ee23189ae9d54f4d3096a860f890313823001c77569ca2f19744130a0,Let's Encrypt,89,1,sha256WithRSAEncryption,2048,RSA,1,v3,0,0
anyrtb.com,527124fc2696e24ac4408b568ca3ceff6f3599104d423bc2d17218d0d662fc8c,Let's Encrypt,89,1,sha256WithRSAEncryption,2048,RSA,1,v3,0,0
tr.outbrain.com,bd0dff32f787d14c8a2333b9bacb20848a7fdefca0bcebf2ab724f0e232231f8,DigiCert Inc,374,1,sha256WithRSAEncryption,2048,RSA,1,v3,0,0
a-iad3.1rx.io,477c4b6e02fb56117959fd586611bd258582d34f82bafdfdf19b32a4da421647,Sectigo Limited,396,1,sha256WithRSAEncryption,2048,RSA,1,v3,0,0
dsp-service.pixad.com.tr,e90cf762280637e5567af39a06221cf4b46561ad1e05e1b5fc15d1f1983c4ab0,Let's Encrypt,89,1,ecdsa-with-SHA384,256,EC,1,v3,0,0
www.intel.com,1fafe5a01b7bd2d458dedbba1d91ac279f1f6f2c72a217497566552e3e386042,Sectigo Limited,90,1,ecdsa-with-SHA256,256,EC,1,v3,0,0
events.newsroom.bi,fddc5911dbdd4849406f1fc58bcc0da4f91195555aa224c238da39854f7f421d,Let's Encrypt,89,1,ecdsa-with-SHA384,256,EC,1,v3,0,0
shopifycloud.com,fd4227053a7bd01a1bd14db4614d5c6e7df2c70e6a53c57750d22726a545e5f5,Google Trust Services,90,1,sha256WithRSAEncryption,2048,RSA,1,v3,0,0
powerpoint-telemetry.officeapps.live.com,ebb9af7a64ac2ab0bed90088fb40cd06eefe2bcc490c1f574f95d83806d17bfa,Microsoft Corporation,180,1,sha384WithRSAEncryption,2048,RSA,1,v3,0,0
fa000000163.resources.office.net,0db841e1575f1366181a40f352366e7c725bc23ec5ece53c42dce4c8d0e5f769,Microsoft Corporation,198,1,ecdsa-with-SHA384,256,EC,1,v3,0,0
cm.anyrtb.com,8feb3b424fff56ae81e887338d5bfec070fc7d4315e9c5008dcfcaaf93049b9b,DigiCert Inc,183,1,sha256WithRSAEncryption,2048,RSA,1,v3,0,0
cdn0.forter.com,71861e2f60dd2c6f1855e84b9c6fad6f9ba62de70c2cb776104db18e48160cab,DigiCert Inc,396,1,sha384WithRSAEncryption,256,EC,1,v3,0,0
atl-paas.net,9c610658e680aa9051668f6be1df178b6ff24828cd4a8223d577b1ea81a6d89d,Amazon,197,1,ecdsa-with-SHA256,256,EC,1,v3,0,0
skyapi.live.net,b8df6fd9516ccfacf3022b80589c83a64688ec3da32b73716eb5aac59dcadde5,Microsoft Corporation,180,1,sha384WithRSAEncryption,2048,RSA,1,v3,0,0
pub.network,d059e5326a1709ff36f68d2a0823d86a600c3c702f2488a6eedda0b6dcda8ff7,Google Trust Services,90,1,sha256WithRSAEncryption,2048,RSA,1,v3,0,0
obs.cn-south-1.myhuaweicloud.com,35569f23d2859aae6ef70325f790c9227fde464175ec38864694f3a671158b3e,GlobalSign nv-sa,396,1,sha256WithRSAEncryption,2048,RSA,1,v3,0,0
tag-logger.demandbase.com,86faa9857511849e910d4589b3cda64f9655ccbbb85b9bf1574f214b98605b01,Amazon,394,1,sha256WithRSAEncryption,2048,RSA,1,v3,0,0
sync.sxp.smartclip.net,e018c82d4b7361e9954f7e3ed32757785fb9035b8f391605c9936ed56f28923b,Google Trust Services,90,1,sha256WithRSAEncryption,2048,RSA,1,v3,0,0
edgeassetservice.azureedge.net,26c77d49df8ae930639122568cb5e10b6d034b2ff39d05a03b360a21b9993831,Microsoft Corporation,180,1,ecdsa-with-SHA384,256,EC,1,v3,0,0
download.microsoft.com,d9ca46a816f76964b5abb440d4d97a87588863bb986d0b319648be269c33e23e,Microsoft Corporation,198,1,ecdsa-with-SHA384,256,EC,1,v3,0,0
absolute.com,ee61d23b6e51f2ac854f35f7bfe25c896891167df8e388439348a04607701d81,Google Trust Services,90,1,ecdsa-with-SHA256,256,EC,1,v3,0,0
mamwelsprodsharedtm.trafficmanager.net,859f462ce034e43b1a454a5bbcccb7e9992eaebea218783e7f457f47457c2359,Microsoft Corporation,144,1,sha384WithRSAEncryption,2048,RSA,1,v3,0,0
avatar-prod-us-east-2.webexcontent.com,32537c9707cc91a901650ad6c310d1e3144a7539bc903fe3c1db485130b89ed6,IdenTrust,369,1,sha256WithRSAEncryption,2048,RSA,1,v3,0,0
init-p01md.apple.com.edgesuite.net,792ce717b665ca8a0aedf9f7a3ba68bd15b7bf81da354e2c7dc4869bf9f22e62,DigiCert Inc,365,1,ecdsa-with-SHA384,256,EC,1,v3,0,0
stocks-data-service.lb-apple.com.akadns.net,5433701739e6a6d8a0807b280800b47d578ff1add78d1615398cc8ed11481b76,Apple Inc.,88,1,ecdsa-with-SHA256,256,EC,1,v3,0,0
smp-device-content.lb-apple.com.akadns.net,5433701739e6a6d8a0807b280800b47d578ff1add78d1615398cc8ed11481b76,Apple Inc.,88,1,ecdsa-with-SHA256,256,EC,1,v3,0,0
thisisdax.com,588429ccdf194b9e78b9d25bf5473916edc694b7fbc1a68782789a6f9d7e798e,Let's Encrypt,89,1,ecdsa-with-SHA384,256,EC,1,v3,0,0
ably.io,9eb14df7b619cfb755202db01028c726fb1b821f104b504a8a267fb9cc9ff86d,Google Trust Services,90,1,ecdsa-with-SHA256,256,EC,1,v3,0,0
sync.rbstsystems.live,d1e312403f4ea13b2777273368f223877854a2c983b070f3d941b82a641e5b70,GlobalSign nv-sa,396,1,sha256WithRSAEncryption,2048,RSA,1,v3,0,0
bpb.opendns.com,ace21e6fa2ba5953469cd97f58339b153baf10aa67402dc7e610bf9a9520e5b9,IdenTrust,198,1,sha256WithRSAEncryption,2048,RSA,1,v3,0,0
prod.do.dsp.mp.microsoft.com.edgekey.net,07b7f7d6dc9793f9cbcf024cef728487e8f48b303a34da59e7a8a38e38e31a68,Microsoft Corporation,360,1,sha384WithRSAEncryption,2048,RSA,1,v3,0,0
brightcove.com,f31359aeb4f2fd5b709f52691dcda93cf9adc8e2af8845556ea9cbac870efc49,Amazon,394,1,sha256WithRSAEncryption,2048,RSA,1,v3,0,0
lcdn-locator-usms11.apple.com.akadns.net,9073ac9583981d53a2dc1dd74f49d4145b568f414ca289e64724fdfab06784ee,Apple Inc.,393,1,sha256WithRSAEncryption,2048,RSA,1,v3,0,0
mrf.io,e278a1a15ca10d75e362f363cf801810fe182b29dcda35ec47a8b4ea58c9cae0,GlobalSign nv-sa,396,1,sha256WithRSAEncryption,2048,RSA,1,v3,0,0
amplify.outbrain.com,35a549f441d5e0eeb614fda48f1759fa4241daa342df9366f94c997124ca1513,DigiCert Inc,367,1,sha256WithRSAEncryption,2048,RSA,1,v3,0,0
intuit.com,d40940b8ba61bb9ed9fd2a13e7e1872d5d675ccc0fb226b962b189c3a877b824,DigiCert Inc,367,1,sha256WithRSAEncryption,2048,RSA,1,v3,0,0
www.spotify.com,9b46403b73e9c9e7297e242894dd1cfb5b726716c34082c3cd811ac22bb499c4,Let's Encrypt,89,1,sha256WithRSAEncryption,2048,RSA,1,v3,0,0
mgaru.dev,78400a2ade60e41818fc22805aea415cc01f6be4b43e857062324413d0017645,Google Trust Services,90,1,ecdsa-with-SHA256,256,EC,1,v3,0,0
crashlogs.whatsapp.net,47cd1cf3e6b7df4cf2197d57ee0df82e0dc12393a4e3dfc17f2681f2e0707fd6,DigiCert Inc,90,1,sha256WithRSAEncryption,256,EC,1,v3,0,0
cdn.mgaru.dev,78400a2ade60e41818fc22805aea415cc01f6be4b43e857062324413d0017645,Google Trust Services,90,1,ecdsa-with-SHA256,256,EC,1,v3,0,0
a2047.w185.akamai.net,792ce717b665ca8a0aedf9f7a3ba68bd15b7bf81da354e2c7dc4869bf9f22e62,DigiCert Inc,365,1,ecdsa-with-SHA384,256,EC,1,v3,0,0
www-pinterest-com.gslb.pinterest.com,c38e968925b07fa494245db2349b621994f0c1a7ed367fc61650013125573e6f,DigiCert Inc,396,1,sha256WithRSAEncryption,2048,RSA,1,v3,0,0
go.trouter.skype.com,cbeb5be039632af4fc498d9d8ca8df34c1e85f11cb6b1f15eb0d9b2c20f52330,Microsoft Corporation,180,1,sha384WithRSAEncryption,2048,RSA,1,v3,0,0
prod-video-cms-amp-microsoft-com.akamaized.net,792ce717b665ca8a0aedf9f7a3ba68bd15b7bf81da354e2c7dc4869bf9f22e62,DigiCert Inc,365,1,ecdsa-with-SHA384,256,EC,1,v3,0,0
outbrain.map.fastly.net,c1aa942b4d80715377690c5747fb42633d2ca0baa876d05793325d2a2ebbb1c4,GlobalSign nv-sa,396,1,sha256WithRSAEncryption,2048,RSA,1,v3,0,0
datatables.net,d7755b44e024a97213d3a39f0672f8f7087ffe8457c729d164bf6678f38793f1,Google Trust Services,90,1,ecdsa-with-SHA256,256,EC,1,v3,0,0
us-std-00001.s3.dualstack.us-east-1.amazonaws.com,7ebf42635dc32bcb97f60e383ee1f86339aacea239e156b98d741c7912671436,Amazon,353,1,sha256WithRSAEncryption,2048,RSA,1,v3,0,0
deault-exp-tas-com.e-0014.e-msedge.net,f60432340206699274e86218c2ec6573bdd3831544d0f609bf66baecc55458b7,Microsoft Corporation,180,1,sha384WithRSAEncryption,2048,RSA,1,v3,0,0
officeci-mauservice.azurewebsites.net,98073ed19736a3f0db080b343f377963a4fc8bf70adc3a7c719ed637f4338f38,Microsoft Corporation,134,1,sha384WithRSAEncryption,2048,RSA,1,v3,0,0
config2.mparticle.com,6e5c0b3329df2f7af15ef12687cf74a352ae855d57ca89766dd88453a8e394ba,"GoDaddy.com, Inc.",397,1,sha256WithRSAEncryption,2048,RSA,1,v3,0,0
sdk-api-v1.singular.net,3e3f6b326c3e4c7a18df9a7f4566b865fd3c13a7ba13ac5c0ae686b1055f54de,Amazon,197,1,sha256WithRSAEncryption,2048,RSA,1,v3,0,0
r.turn.com,363615c52bbafb26068adb9c2b7355d8a4e4ab9abd538d1ab6f7a805afc4c80b,Sectigo Limited,396,1,sha256WithRSAEncryption,2048,RSA,1,v3,0,0
musicstatus.edge-itunes-apple.com.akadns.net,792ce717b665ca8a0aedf9f7a3ba68bd15b7bf81da354e2c7dc4869bf9f22e62,DigiCert Inc,365,1,ecdsa-with-SHA384,256,EC,1,v3,0,0
api22-core-c-alisg.tiktokv.com,08de96d6bdd367b833c92828009f26178bf888d32789a89bb2a3f0342e0b1f4c,DigiCert Inc,364,1,sha256WithRSAEncryption,2048,RSA,1,v3,0,0
www.dwin1.com,6ec465df204acdc35f7593b2000a1e033f83d7b382b6da277831ce0ebe00a991,Amazon,393,1,sha256WithRSAEncryption,2048,RSA,1,v3,0,0
scriptsstorage.afd.azureedge.net,26c77d49df8ae930639122568cb5e10b6d034b2ff39d05a03b360a21b9993831,Microsoft Corporation,180,1,ecdsa-with-SHA384,256,EC,1,v3,0,0
aes.us-west.3px.axp.amazon-adsystem.com,13d46825eec6ce8dfb6ec4b28da548d1a38690b22e90b33cc92558e783a13f8a,Amazon,394,1,sha256WithRSAEncryption,2048,RSA,1,v3,0,0
cdn.datatables.net,d7755b44e024a97213d3a39f0672f8f7087ffe8457c729d164bf6678f38793f1,Google Trust Services,90,1,ecdsa-with-SHA256,256,EC,1,v3,0,0
clientsdk.launchdarkly.com,52c1be7a1cd2d2b93ddfdf6ec0b0d90b40499e37f90a25c9291f083a6e46fcf4,GlobalSign nv-sa,396,1,sha256WithRSAEncryption,2048,RSA,1,v3,0,0
ident.mygaru.com,5e41b9bd634a8c675e3d27e3cc4bcc9cb0dba3419cf4eb542b66da4e0bbe2aeb,Let's Encrypt,89,1,ecdsa-with-SHA384,256,EC,1,v3,0,0
partners-1864332697.us-east-1.elb.amazonaws.com,9a504ab9de29f64f051deda4e2b55391d3eb1ffdb28e8967345f88aeba5e74a3,Amazon,394,1,sha256WithRSAEncryption,2048,RSA,1,v3,0,0
dynamics.com,6c5109c228abd1ee03102c2d2e679b2d684652828e057f84bcc1db9c3c8d6a6d,Microsoft Corporation,180,1,sha384WithRSAEncryption,2048,RSA,1,v3,0,0
tag-ipv46.tapad.com,f69f47a7795151615d237fa537ba066c750ef009dd8bb12cfd9681ddc03be960,Google Trust Services,90,1,sha256WithRSAEncryption,2048,RSA,1,v3,0,0
wordpress.com,98c2692704108e8beb29169e12135875320dd7bd21c900999772081e715c6e2c,Let's Encrypt,89,1,ecdsa-with-SHA384,256,EC,1,v3,0,0
vast.dv.tech,5f9bd9d61467c5a648efd0629de0284acabbf9d3a55f6939a08213f86f1a213a,Let's Encrypt,89,1,ecdsa-with-SHA384,256,EC,1,v3,0,0
tracking.mygaru.com,d413c268d3c8f86d03b596d6b90a0b40f891b3cb31171996f593a200f2f459cd,Let's Encrypt,89,1,ecdsa-with-SHA384,256,EC,1,v3,0,0
appsitemsuggest-pa.googleapis.com,c96df46cd4d4baab16c15705b3fdf7748c83cb18d221814df697965aa44ced44,Google Trust Services,83,1,ecdsa-with-SHA256,256,EC,1,v3,0,0
cdn.appdynamics.com,b91a2ed8908bc3a8415119bc7d6055c688c8dd9a54ba632289efcc0229724272,DigiCert Inc,396,1,sha256WithRSAEncryption,2048,RSA,1,v3,0,0
tpt.dotomi.com,6f9666fb3281f1da33eb16c6c6707f9abbebfecae87d5d83901318e39f895ef0,GlobalSign nv-sa,396,1,sha256WithRSAEncryption,2048,RSA,1,v3,0,0
lensflare.vimeo.com,38ad4d18337d3632067c51a0000b02462cdbcbc015a1a65e9ac46fcc74b5df4b,Google Trust Services,90,1,sha256WithRSAEncryption,2048,RSA,1,v3,0,0
dx.mountain.com,5d204be225a36150588c623695bb38c83942e42684768e5e7adeb189af25fc04,Let's Encrypt,89,1,sha256WithRSAEncryption,2048,RSA,1,v3,0,0
eqt-gc.rendering.sharethrough.com,b9962f80d204826b2d0c85e6552edc983a0056443caa7681f285742f78e24b59,Amazon,394,1,sha256WithRSAEncryption,2048,RSA,1,v3,0,0
fa000000064.resources.office.net,0db841e1575f1366181a40f352366e7c725bc23ec5ece53c42dce4c8d0e5f769,Microsoft Corporation,198,1,ecdsa-with-SHA384,256,EC,1,v3,0,0
analytics.avcdn.net,f70bd4ae6b1479c64689d6e57780e5290a2568d3c0db6eef972416367ef4dcb9,Google Trust Services,90,1,sha256WithRSAEncryption,2048,RSA,1,v3,0,0
array614.prod.do.dsp.mp.microsoft.com,9e08133baf26405d6d8acdfcdb01010d746a3642f550b71ba4dbc0e792e1986c,Microsoft Corporation,365,1,ecdsa-with-SHA384,256,EC,1,v3,0,0
svc.ms-acdc-eop.office.com,394e114f9601996c0a534b8d664c906bab7cb6f7f58c5f2449f13408dab5a0df,DigiCert Inc,198,1,sha256WithRSAEncryption,2048,RSA,1,v3,0,0
c.riskified.com,bb68f5ccd11c72e54abc6964a6588fc3a81c40d7a07117c81e0559593ed33771,Amazon,197,1,sha256WithRSAEncryption,2048,RSA,1,v3,0,0
us.tiktok.com,13303247c2a7fc37c3790e96dd7c5c5256449d2b34e3a6513b4c09658524332e,DigiCert Inc,396,1,ecdsa-with-SHA256,256,EC,1,v3,0,0
api.appcues.net,1e8866f5de3c2c9b13d1ac7ff63f30a5765601908cdff7eab12c992814f7057b,Amazon,197,1,sha256WithRSAEncryption,2048,RSA,1,v3,0,0
weather-data.apple.com,2446d0dc6df876da6488ffe4e86870bdbde747b343e3fcd05694df6ba26b0a47,Apple Inc.,186,1,ecdsa-with-SHA256,256,EC,1,v3,0,0
audex.userreport.com,fe91f87af9e6514e0be8e2d7d0a4fc76cb8aecac9ad6c4862d23dc4c6efadc5d,Amazon,393,1,sha256WithRSAEncryption,2048,RSA,1,v3,0,0
amd-infra.apps-apple.com.akadns.net,5433701739e6a6d8a0807b280800b47d578ff1add78d1615398cc8ed11481b76,Apple Inc.,88,1,ecdsa-with-SHA256,256,EC,1,v3,0,0
eventfnt-us.dsp-api.moloco.com,17bcf8a579734699b3ce9b6fb1e84eda115ec1a8c3f43012591d3adad3f48e70,Sectigo Limited,396,1,sha256WithRSAEncryption,2048,RSA,1,v3,0,0
ms-sso.copilot.microsoft.com,9593ce33bb0d8ce0ad5ba14bdc6364c1344e28c4573ef513ec7929aea0b823c3,Microsoft Corporation,119,1,sha384WithRSAEncryption,2048,RSA,1,v3,0,0
canvaz.scdn.co,fb124e1b4251f13485e42967f9e71bf7497f01c85a8f0d7171383c5b27974988,DigiCert Inc,396,1,sha256WithRSAEncryption,256,EC,1,v3,0,0
contactservice.zoom.us,094e8c85300ca15237d67ca50ab0447db9ab377bb3e5e5a3182c209edc2b0fd1,DigiCert Inc,365,1,sha256WithRSAEncryption,2048,RSA,1,v3,0,0
nearbypresence-pa.googleapis.com,c96df46cd4d4baab16c15705b3fdf7748c83cb18d221814df697965aa44ced44,Google Trust Services,83,1,ecdsa-with-SHA256,256,EC,1,v3,0,0
bugly.qq.com,d4d944eaaabbd8f85b04eab33c5abdc00044460192238f28cadc66b42d98b50f,GlobalSign nv-sa,198,1,sha256WithRSAEncryption,2048,RSA,1,v3,0,0
cdn.onesignal.com,84bacad3a0dad2442668d8beaa6f51d77b721c11da474b7e4b42efbc62d2764e,Google Trust Services,90,1,ecdsa-with-SHA256,256,EC,1,v3,0,0
api.onegg.site,40fbf05674e43afe6944f4f030b97ea834ba9eb9c0a6d125a8fd758508983d24,GlobalSign nv-sa,396,1,sha256WithRSAEncryption,2048,RSA,1,v3,0,0
a1834.dscg2.akamai.net,792ce717b665ca8a0aedf9f7a3ba68bd15b7bf81da354e2c7dc4869bf9f22e62,DigiCert Inc,365,1,ecdsa-with-SHA384,256,EC,1,v3,0,0
wistia.com,03a895cb3dae88e014a29231579f5576beae45cb0a5aa4c45829928506173ec4,GlobalSign nv-sa,396,1,sha256WithRSAEncryption,2048,RSA,1,v3,0,0
oaistatic.com,8362c64cad2f6bee0cd272c9bad3fb6074adb13f0cf4aa9de20e87927f7579df,Let's Encrypt,89,1,ecdsa-with-SHA384,256,EC,1,v3,0,0
workspaceui-pa.clients6.google.com,368322a003a6b9f08065139b1ef9e13e6469a65169c8003fdd2f5f536d236360,Google Trust Services,83,1,ecdsa-with-SHA256,256,EC,1,v3,0,0
onedriveclubprodbn20049.blob.core.windows.net,3f8d245e64dbb3ab21743b6dc36f2233cb7003f6dd5394136325a7ff70c1441b,Microsoft Corporation,130,1,sha384WithRSAEncryption,2048,RSA,1,v3,0,0
code42.com,32eba8d95279f2aee3f97fafa5358bee20d15f35fb9201f528f166d533d28b13,DigiCert Inc,394,1,sha256WithRSAEncryption,2048,RSA,1,v3,0,0
myaccount.google.com,e51c3ce4d70e43c7262da7e20609b3b751d6d98b8b83fed4a3f56fbb05bba54f,Google Trust Services,83,1,ecdsa-with-SHA256,256,EC,1,v3,0,0
