Domain,Fingerprint,Issuer,Validity_Days,Is_Trusted_CA,Signature_Algorithm,Key_Length,Public_Key_Type,Has_SAN,Version,Is_Expired,label
google.com,29919700a93d82ebe8d71d90fa8488c7f2cefe3fe1d08ffe8c67b81df409d487,mitmproxy,367,0,sha256WithRSAEncryption,2048,RSA,1,v3,0,1
huit.edu.vn,6d67a3f4108b21be8f9e834c55ade18048c27e270f5d93759c25d1f298ea3512,mitmproxy,367,0,sha256WithRSAEncryption,2048,RSA,1,v3,0,1
vnexpress.net,935f26082585e3faebb6740695242c5733b5d44e1ffd0dcc6f6fa677644bccdc,mitmproxy,367,0,sha256WithRSAEncryption,2048,RSA,1,v3,0,1
zing.vn,fb6af222360f41e16b15623d793b6dbdc6ffe161c5836d9b336d406132454ec5,mitmproxy,367,0,sha256WithRSAEncryption,2048,RSA,1,v3,0,1
fpt.vn,69b20ef5dccafa23fa5d9355bc313ff2497837e7e5b71f080cb6b0c40e2a8b2b,mitmproxy,367,0,sha256WithRSAEncryption,2048,RSA,1,v3,0,1
viettel.vn,d00e1f80c937816236cf412cbf1921fad43a7ebf72a77e1429a3189280b5f6c9,mitmproxy,367,0,sha256WithRSAEncryption,2048,RSA,1,v3,0,1
github.com,5d0c365fbc014fcacd8b8bc2b792541274ca021ebb131993a94a3fb4bfa32058,mitmproxy,367,0,sha256WithRSAEncryption,2048,RSA,1,v3,0,1
stackoverflow.com,94e0c419aeb1fbedeb9f308a7a4d1f65550646619f786ead009e32582291ec7c,mitmproxy,367,0,sha256WithRSAEncryption,2048,RSA,1,v3,0,1
cloudflare.com,786891d633f0239ec0df5ecd54935d443f67d36b4007c64108c68f09d754ab79,mitmproxy,367,0,sha256WithRSAEncryption,2048,RSA,1,v3,0,1
gstatic.com,117242a69716e4decf9a7e4ea3622122fa88547b940b10ba88a2e3c608ce55bb,mitmproxy,367,0,sha256WithRSAEncryption,2048,RSA,1,v3,0,1
www.google.com,bfa7bf727e1628223a490e59f74c702120ea54f7c67d482d542145e793823ebe,mitmproxy,367,0,sha256WithRSAEncryption,2048,RSA,1,v3,0,1
microsoft.com,ada4824dbf6ab77f159f5fb4efda60a7b1a6e797659eb4b41747fa6952ec1c91,mitmproxy,367,0,sha256WithRSAEncryption,2048,RSA,1,v3,0,1
www.gstatic.com,3aca568fe3caeffe8f7e300c3728eaefb3d9396ddd0f7c658840405a7ad17968,mitmproxy,367,0,sha256WithRSAEncryption,2048,RSA,1,v3,0,1
events.data.microsoft.com,463ac5980d4def3519e76bf4bb7a5d757a797b90a031fdde8a2c160444ac53d4,mitmproxy,367,0,sha256WithRSAEncryption,2048,RSA,1,v3,0,1
office.com,f7a9c56bacc89a561e4fe5df5240c27c8a5700f621493f44ae7eeac9499c0055,mitmproxy,367,0,sha256WithRSAEncryption,2048,RSA,1,v3,0,1
live.com,7fe9e19c1421062ab211d4c81107e9f881000209248267a72c5781df738f1ff5,mitmproxy,367,0,sha256WithRSAEncryption,2048,RSA,1,v3,0,1
update.googleapis.com,cc50ecfcd79fc89e9f51282e214ffec9920485e150e4caab615b5d89a8ef31ac,mitmproxy,367,0,sha256WithRSAEncryption,2048,RSA,1,v3,0,1
login.microsoftonline.com,3126e7f7f88decfa0e275d44bcf455a8506dd8845bc4915858bd2b8f043652e0,mitmproxy,367,0,sha256WithRSAEncryption,2048,RSA,1,v3,0,1
digicert.com,26710cd87f905cf5172ea54b1d241776f465057da5fed74e498cc2709bd802e0,mitmproxy,367,0,sha256WithRSAEncryption,2048,RSA,1,v3,0,1
accounts.google.com,0bdda5298379d7d2b20246a7d7b3eed37f4d5cc7b4514ce068068952c215c1ed,mitmproxy,367,0,sha256WithRSAEncryption,2048,RSA,1,v3,0,1
skype.com,8ab5c1f742e0711d4b58760c1040077d2119f7df8129f1a4d9d62aa4c1d04d8c,mitmproxy,367,0,sha256WithRSAEncryption,2048,RSA,1,v3,0,1
googleusercontent.com,4a32a8c1ec46f0c96d660267268a40b79b87c40dac00e7ecc35d5ed42d31793d,mitmproxy,367,0,sha256WithRSAEncryption,2048,RSA,1,v3,0,1
mtalk.google.com,2fd931a96069eebf70bd46e27e4bff10389134c21e4ca24f00b473b5b34dcfa4,mitmproxy,367,0,sha256WithRSAEncryption,2048,RSA,1,v3,0,1
edge.skype.com,f00a079b790decd6610cfb32d13c3ce6178fe1e1f61bb9fc3f735d57c84e7263,mitmproxy,367,0,sha256WithRSAEncryption,2048,RSA,1,v3,0,1
config.edge.skype.com,1f46ecb5d10f0f649f105cb992fbf33bd018d7ccd37bbb78049b2d58e59399db,mitmproxy,367,0,sha256WithRSAEncryption,2048,RSA,1,v3,0,1
officeapps.live.com,6f7896ea216ee094a49a06aa71db7d22624152de77a5b98c0d47e62830f8b231,mitmproxy,367,0,sha256WithRSAEncryption,2048,RSA,1,v3,0,1
fonts.gstatic.com,71479efc127853964ec6b5f5a3997e7de07bf395d8ac8a1731ec8989b1a07333,mitmproxy,367,0,sha256WithRSAEncryption,2048,RSA,1,v3,0,1
ecs.office.com,467867435c2936ccf327147daab6f9299a3b87e3fa359c88512d31f368cf4dac,mitmproxy,367,0,sha256WithRSAEncryption,2048,RSA,1,v3,0,1
doubleclick.net,35cae478f2b5183b61da31ee4e35159836d3ee8bf6f1249803eeacaa8d8fac92,mitmproxy,367,0,sha256WithRSAEncryption,2048,RSA,1,v3,0,1
ocsp.digicert.com,b9e73f0dcdfaa1db3b509c629b481ccd57264865c559081c684e572d562e75f8,mitmproxy,367,0,sha256WithRSAEncryption,2048,RSA,1,v3,0,1
bing.com,e4607c6e920b9cfdb176fe287bde43b8774deb0a44c828418477b69b3514c0fe,mitmproxy,367,0,sha256WithRSAEncryption,2048,RSA,1,v3,0,1
mobile.events.data.microsoft.com,d6bd155bd549661c3ef284bf28e5c8ceb97d3311f03ff998fc972b459fcf8a21,mitmproxy,367,0,sha256WithRSAEncryption,2048,RSA,1,v3,0,1
apple.com,2200631e50cdda954d640ac49259992c9c5c37b0236af9acce2459aa73e78871,mitmproxy,367,0,sha256WithRSAEncryption,2048,RSA,1,v3,0,1
cloud.microsoft,888e06109132ff0fac42ab699a99f3bed49fadbaf1e5b9455edab9d95bbb1363,mitmproxy,367,0,sha256WithRSAEncryption,2048,RSA,1,v3,0,1
clientservices.googleapis.com,589665cf46d3a6828bda1b73a0b6a737f3c1285865457a646980a0bd5e8105f1,mitmproxy,367,0,sha256WithRSAEncryption,2048,RSA,1,v3,0,1
ctldl.windowsupdate.com,af550634099ea890b96fe72f60dbb51ff4207b09c058eef895c996c3ea1e788c,mitmproxy,367,0,sha256WithRSAEncryption,2048,RSA,1,v3,0,1
amazonaws.com,bf7ee0d81562488c96901a3bde8767528dd4b0f762feee8df9010a07d6535c61,mitmproxy,367,0,sha256WithRSAEncryption,2048,RSA,1,v3,0,1
login.live.com,20749b88211026d1b858d2904a5383b10dc5721c3946453468d528934db8fce8,mitmproxy,367,0,sha256WithRSAEncryption,2048,RSA,1,v3,0,1
msn.com,c9e6d7fac53df7e6db521741b20718e3de49a4f40d931b6550819cfdebdaae8c,mitmproxy,367,0,sha256WithRSAEncryption,2048,RSA,1,v3,0,1
optimizationguide-pa.googleapis.com,3e12878f3b7ff3e5e6914dc0644231017f2266eee413d01dd6bb6d86f420fe39,mitmproxy,367,0,sha256WithRSAEncryption,2048,RSA,1,v3,0,1
googletagmanager.com,a4c65f6dfa13ea65c5782ce006175a7c4cd95f586848eb502f0c5e95a38ba7b8,mitmproxy,367,0,sha256WithRSAEncryption,2048,RSA,1,v3,0,1
www.googletagmanager.com,1bc7dc7222802e56c88bb118ffc7385e56515b3e0d0a910fb481fae9a71c645f,mitmproxy,367,0,sha256WithRSAEncryption,2048,RSA,1,v3,0,1
fonts.googleapis.com,780af85c45525036fbdbeddf2dd98065062e344d05bb1e6d8ed81f060da74ceb,mitmproxy,367,0,sha256WithRSAEncryption,2048,RSA,1,v3,0,1
facebook.com,d13fdd27bb3f75945d936f2b0f24b5e0c7001515d5bffa493783f2cc8cd147af,mitmproxy,367,0,sha256WithRSAEncryption,2048,RSA,1,v3,0,1
play.google.com,ea0a8437f45a205267ee4ae4dabd27ea218c9bdf0ba938a6c2b065f0781691a3,mitmproxy,367,0,sha256WithRSAEncryption,2048,RSA,1,v3,0,1
www.googleapis.com,a1156c2f8d90b4e077dabca8ae0f34ae054c8c789e65a5a51cc1e5a9dee4f99b,mitmproxy,367,0,sha256WithRSAEncryption,2048,RSA,1,v3,0,1
office365.com,6e4ff9c38670148788251049d354cf33fe9894e701c584b669fb91e9b68d5c4a,mitmproxy,367,0,sha256WithRSAEncryption,2048,RSA,1,v3,0,1
cloudflare.com,786891d633f0239ec0df5ecd54935d443f67d36b4007c64108c68f09d754ab79,mitmproxy,367,0,sha256WithRSAEncryption,2048,RSA,1,v3,0,1
safebrowsing.googleapis.com,cd6c3f472f241c2f2a18a5ef84f6be59e49c6de468a1095b1896196a2482cf5e,mitmproxy,367,0,sha256WithRSAEncryption,2048,RSA,1,v3,0,1
youtube.com,9cf5877d76a850943213a89ce6641474a86acd2e6ca8170110b3799e9cd4750d,mitmproxy,367,0,sha256WithRSAEncryption,2048,RSA,1,v3,0,1
lh3.googleusercontent.com,b9a18a9556a0bf534331e92e642fb2caae6d88abd5099680e9155769de02a11c,mitmproxy,367,0,sha256WithRSAEncryption,2048,RSA,1,v3,0,1
clients6.google.com,3b1004a67d7ce51144f75db19598645860c2e8d4af70a1e764c36b167f07870c,mitmproxy,367,0,sha256WithRSAEncryption,2048,RSA,1,v3,0,1
teams.microsoft.com,691dd63c4ee326f4b88eb1744772b2a3cb2f851756fc3a41fa460881cea9ac1a,mitmproxy,367,0,sha256WithRSAEncryption,2048,RSA,1,v3,0,1
google-analytics.com,9d11f16bab6320a3847978db444f9c00b1907e963aa96c53fa2cf16ff2accd9c,mitmproxy,367,0,sha256WithRSAEncryption,2048,RSA,1,v3,0,1
googleads.g.doubleclick.net,c055cf31eb7c444c1283c92369d11fb7ff53f2b5505a5938a776f64a7cb855ba,mitmproxy,367,0,sha256WithRSAEncryption,2048,RSA,1,v3,0,1
outlook.office365.com,05c0cbf6bb8f2f971e601ec4d79e819bdf803f0426cdf96f8ae61eac391d825b,mitmproxy,367,0,sha256WithRSAEncryption,2048,RSA,1,v3,0,1
clients4.google.com,d29cfa389856484be82362bc060dc4d1791e6845a155c0ae9101ecae154d2d3c,mitmproxy,367,0,sha256WithRSAEncryption,2048,RSA,1,v3,0,1
self.events.data.microsoft.com,fcd81313978440f0955338a0da09c0df561ee241ecea9fd76c6aa5cef40cedf3,mitmproxy,367,0,sha256WithRSAEncryption,2048,RSA,1,v3,0,1
windows.com,d3a92a9c971e37cd279c121c16109bdec4619c9a2ed5219ab71f2e2eab730af3,mitmproxy,367,0,sha256WithRSAEncryption,2048,RSA,1,v3,0,1
clients2.google.com,0f994c8c2ee99257066fdcc00d72873d01812479560842fcf5336f918f7432bc,mitmproxy,367,0,sha256WithRSAEncryption,2048,RSA,1,v3,0,1
www.google-analytics.com,31830e8f14ada54feef6c094753492e7dd947ce41dcd574a682bedf9ff22b12b,mitmproxy,367,0,sha256WithRSAEncryption,2048,RSA,1,v3,0,1
edge.microsoft.com,5eb0ef4ef136b7eaf119ca2e41a661c8d83221e64097d5498bbc9f0dd2962562,mitmproxy,367,0,sha256WithRSAEncryption,2048,RSA,1,v3,0,1
www.bing.com,26170fba4768d49e877c462485f3064517797ab8f21d65c3fe79f3752f4b2aa0,mitmproxy,367,0,sha256WithRSAEncryption,2048,RSA,1,v3,0,1
outlook.office.com,663ec7707e2b32abbb319e4004f88205fa8a0fefbef1b48040c1a0ac9610ee83,mitmproxy,367,0,sha256WithRSAEncryption,2048,RSA,1,v3,0,1
substrate.office.com,8ba2247674ec16bcf750431d746d2a0ab019e94687007c827962525276fbed2b,mitmproxy,367,0,sha256WithRSAEncryption,2048,RSA,1,v3,0,1
graph.microsoft.com,b87c8952c8405f44be07b0826b957a47519b931a7dbcf319c1d7c515f9b06972,mitmproxy,367,0,sha256WithRSAEncryption,2048,RSA,1,v3,0,1
update.microsoft.com,536b78973acdf346ff7461dbaf4dcc56d202d5f9f24cc0e543ee6656ee168ea2,mitmproxy,367,0,sha256WithRSAEncryption,2048,RSA,1,v3,0,1
ssl.gstatic.com,824d0dc3ae4c95f285aec1ae59db3ae6e9d1596448ed93c9619dad4f85af25cf,mitmproxy,367,0,sha256WithRSAEncryption,2048,RSA,1,v3,0,1
sharepoint.com,d1723cb4b39c63468b32e6b72e6b806afe907a861dd417d823d46919c82e8c0b,mitmproxy,367,0,sha256WithRSAEncryption,2048,RSA,1,v3,0,1
android.clients.google.com,4cbf8c8f6d6f2027411333458de83a7bd65fd2a5de743a0dc5f86ffc52e924a3,mitmproxy,367,0,sha256WithRSAEncryption,2048,RSA,1,v3,0,1
www.youtube.com,f5e98bc7426ce78ef78edd899e75eee51e00406edc269542922222a1531ba8f1,mitmproxy,367,0,sha256WithRSAEncryption,2048,RSA,1,v3,0,1
content-autofill.googleapis.com,41040e66afceee943bde63e227a423a674b3b97c304c111d854ba5d57afdfe27,mitmproxy,367,0,sha256WithRSAEncryption,2048,RSA,1,v3,0,1
officeclient.microsoft.com,70a9cbee7aa572adf622a382d92cfa65e942ff9795407ca64537043a9b931e18,mitmproxy,367,0,sha256WithRSAEncryption,2048,RSA,1,v3,0,1
ogads-pa.clients6.google.com,0058782bd03c1acb68c46be2405a225e30064ce3f8ffd57a4486694f00beb31e,mitmproxy,367,0,sha256WithRSAEncryption,2048,RSA,1,v3,0,1
oneocsp.microsoft.com,5d4c620aa0270455eb3358a105b9bd965bb047578c617f1366d62574e3c4e2ff,mitmproxy,367,0,sha256WithRSAEncryption,2048,RSA,1,v3,0,1
odc.officeapps.live.com,5648138128d225333df4e6dca892587ea2887d43e2695707a672201d36844879,mitmproxy,367,0,sha256WithRSAEncryption,2048,RSA,1,v3,0,1
googleadservices.com,0fe38951a2634e483eca61bedb3b723dcb4b56e2658d26109487b546c5218f4c,mitmproxy,367,0,sha256WithRSAEncryption,2048,RSA,1,v3,0,1
www.googleadservices.com,40cb591848deb28bb80df86da7dcf927f89abe2c1729f642f4704fb85eb587df,mitmproxy,367,0,sha256WithRSAEncryption,2048,RSA,1,v3,0,1
windows.net,6e096d4ef1d3a9d9fef03d96a5b02067a86be131f90684dd1c1756157b73e099,mitmproxy,367,0,sha256WithRSAEncryption,2048,RSA,1,v3,0,1
config.office.net,76e99bbdb617025f2d4699cb8b21480d72874ef2d7c91e21d7d9aa48a0d3da03,mitmproxy,367,0,sha256WithRSAEncryption,2048,RSA,1,v3,0,1
clients.config.office.net,4f5e888648a431bf55e9bc07438568c7cb8e2072dc45d7f18b5c3ebd9c9bb307,mitmproxy,367,0,sha256WithRSAEncryption,2048,RSA,1,v3,0,1
encrypted-tbn0.gstatic.com,59e1a9d75228aa4f9e4cbfdc9efc86aa8d6b980700b69124e001feccc8d6c884,mitmproxy,367,0,sha256WithRSAEncryption,2048,RSA,1,v3,0,1
arc.msn.com,84fddc13456ab9db8756f196e1fb5caa12674d779dcef7506b9691a952e5c193,mitmproxy,367,0,sha256WithRSAEncryption,2048,RSA,1,v3,0,1
oneclient.sfx.ms,262731e59e43b02a97dc1c94d794ae7f578449fd0f4348e48954a7968416ab9f,mitmproxy,367,0,sha256WithRSAEncryption,2048,RSA,1,v3,0,1
i.ytimg.com,74bd5e92b890c08d1cad424e43efb616cfa5246231ab73622854dddc19da9f7d,mitmproxy,367,0,sha256WithRSAEncryption,2048,RSA,1,v3,0,1
icloud.com,bc5240e3a1a15b2d6b2a591144e3ee60464d637031246c12df7c16119ce414b3,mitmproxy,367,0,sha256WithRSAEncryption,2048,RSA,1,v3,0,1
assets.msn.com,19a1d734acb0c6db1cf58a30eb82ee33775490acb07801d439e2b73176144e87,mitmproxy,367,0,sha256WithRSAEncryption,2048,RSA,1,v3,0,1
googlesyndication.com,8d5a80e29bc355baa56b2c1d1636a5da27d95f1639586e3d90365449e94423d3,mitmproxy,367,0,sha256WithRSAEncryption,2048,RSA,1,v3,0,1
manage.microsoft.com,8a17eaca36a7298c70c1bd168be7120c24fd8eaad58b9135c54e20ad9f5aed03,mitmproxy,367,0,sha256WithRSAEncryption,2048,RSA,1,v3,0,1
geo.prod.do.dsp.mp.microsoft.com,f0da707c3fba8f1a58b1c5f79f8db38b69565917fcf5f9d807f49b0fa24529eb,mitmproxy,367,0,sha256WithRSAEncryption,2048,RSA,1,v3,0,1
edgedl.me.gvt1.com,57f25c33eb3cdff2dd2edb3e9f71d3e7183e4c477ff50f02518be636469ae510,mitmproxy,367,0,sha256WithRSAEncryption,2048,RSA,1,v3,0,1
res.public.onecdn.static.microsoft,bb40dba100b918e4c4ef6358a4ac18595b63137963729bb9535c3a40bf5a0022,mitmproxy,367,0,sha256WithRSAEncryption,2048,RSA,1,v3,0,1
browser.events.data.microsoft.com,d5a7c1bc8276e6b5c68f18d08f79315042585ab317b7188331639c8fc6313865,mitmproxy,367,0,sha256WithRSAEncryption,2048,RSA,1,v3,0,1
teams.events.data.microsoft.com,0301f0c26164064996dd9fa1555db749c81d19ae7ff9481d1c38a1990aef4b9e,mitmproxy,367,0,sha256WithRSAEncryption,2048,RSA,1,v3,0,1
play.googleapis.com,8fde32cf7f4b9043cef974f6699cd6b221c64f042880413a0e7acacfaa7f5516,mitmproxy,367,0,sha256WithRSAEncryption,2048,RSA,1,v3,0,1
www.facebook.com,78a618d8c02254fc02f334cb2fbcd536ca1d0ce5623c3fa743d1d333cad568df,mitmproxy,367,0,sha256WithRSAEncryption,2048,RSA,1,v3,0,1
g.live.com,c54cc3d557e9490d6f35cd11cc9d8e69d450e7f43035861754ffc539ca2dcf0e,mitmproxy,367,0,sha256WithRSAEncryption,2048,RSA,1,v3,0,1
dl.delivery.mp.microsoft.com,6640f850a65aa31a5aeb42346c6e85966a1e50d98535229493cd7cc3e0f6c9cc,mitmproxy,367,0,sha256WithRSAEncryption,2048,RSA,1,v3,0,1
azure.com,4d9e32f68141a0f1aade291450f71710ef2ef05cc890e29167d1f1058de5cc84,mitmproxy,367,0,sha256WithRSAEncryption,2048,RSA,1,v3,0,1
config.teams.microsoft.com,98d5dd85d4d3689ffcd92a9dbf76d009734ff659045cb5af76b8d1b72700efde,mitmproxy,367,0,sha256WithRSAEncryption,2048,RSA,1,v3,0,1
tlu.dl.delivery.mp.microsoft.com,883a94b4cbf60645e35398821c8469362c85b53ef11b9895cf1ba0d53dfa9d69,mitmproxy,367,0,sha256WithRSAEncryption,2048,RSA,1,v3,0,1
smartscreen.microsoft.com,1da0f77e54c40705df40ff5616a3561463ee290143ea96ceb8f0f6a8e2a9007e,mitmproxy,367,0,sha256WithRSAEncryption,2048,RSA,1,v3,0,1
pagead2.googlesyndication.com,55b7d760264ebc397a356d2476281b78a69c923867cd322191ee549867fea0a7,mitmproxy,367,0,sha256WithRSAEncryption,2048,RSA,1,v3,0,1
itunes.apple.com,27dc840f567763e26df5ffc2e3c15cf21737c373fb9ef79d22abe39e5ac7d060,mitmproxy,367,0,sha256WithRSAEncryption,2048,RSA,1,v3,0,1
licensing.mp.microsoft.com,8d425cf71e981ea6497c8587d1edda242596839b02b75703d466c3eb1b0d681c,mitmproxy,367,0,sha256WithRSAEncryption,2048,RSA,1,v3,0,1
adobe.com,04598b1165a5216c7dbf177ac6658e6bf8f608c5c46d7d01685961cc97f41f3d,mitmproxy,367,0,sha256WithRSAEncryption,2048,RSA,1,v3,0,1
api.cdp.microsoft.com,b3ebdd6586fce6efbeda7df2907c7020fcb4a945848c1d51b499746655772eae,mitmproxy,367,0,sha256WithRSAEncryption,2048,RSA,1,v3,0,1
msedge.api.cdp.microsoft.com,16632c3b07da79084ad15b5fa585485fa8b83dbd855a8b76a43cae2158caddfe,mitmproxy,367,0,sha256WithRSAEncryption,2048,RSA,1,v3,0,1
sentry.io,cda8d4d9cb5833ed045fdf2a1110ad4e8ffd77aad41b9aeb320b1733aa2418cd,mitmproxy,367,0,sha256WithRSAEncryption,2048,RSA,1,v3,0,1
www.msftconnecttest.com,64d749a66c1b1cdbc762c6e41a40bccf98b92f332a85b4bc8178cbc74810d960,mitmproxy,367,0,sha256WithRSAEncryption,2048,RSA,1,v3,0,1
fd.api.iris.microsoft.com,8abcc2c2275892f0fea5ba208921dba01cd4a05a5f0212118bcebfe11da40b0f,mitmproxy,367,0,sha256WithRSAEncryption,2048,RSA,1,v3,0,1
res.cdn.office.net,511ef8658f1d4c7ef7e214bb5cc044ef5dc975325d30d57e83a6667051ddebde,mitmproxy,367,0,sha256WithRSAEncryption,2048,RSA,1,v3,0,1
connectivitycheck.gstatic.com,c0b39c9be92090d314564416db35fa4f6a817edae5e160a58d91ed4363169d3e,mitmproxy,367,0,sha256WithRSAEncryption,2048,RSA,1,v3,0,1
mrodevicemgr.officeapps.live.com,3ea5c28fd2a546762efaed6128577ec0aeb0b05d15f3f745aa1a3a76a9030b22,mitmproxy,367,0,sha256WithRSAEncryption,2048,RSA,1,v3,0,1
oauthaccountmanager.googleapis.com,18eb24c802951b376a6e5fdb19627bd90e857ddac2ccf069b0e06b62f8ff7ccf,mitmproxy,367,0,sha256WithRSAEncryption,2048,RSA,1,v3,0,1
analytics.google.com,76e0153f757431856aec798d3317bd90e0f51feee9ac6bf34ee5f66fcea5a3bc,mitmproxy,367,0,sha256WithRSAEncryption,2048,RSA,1,v3,0,1
activity.windows.com,31b5d8a90c2398bdd639242c7624e71ce5abf4feef5656e41291cea92031a19a,mitmproxy,367,0,sha256WithRSAEncryption,2048,RSA,1,v3,0,1
delve.office.com,0f54b9862b1ea2a24e974dd0bf42fc6879e15bbbf3ae5c302d21e4a925d7877e,mitmproxy,367,0,sha256WithRSAEncryption,2048,RSA,1,v3,0,1
loki.delve.office.com,23ef2bef8e8d98188e30f1e31907cd91164ec9f49047c02df39f8b2beb383079,mitmproxy,367,0,sha256WithRSAEncryption,2048,RSA,1,v3,0,1
exo.nel.measure.office.net,ca5015d525e26bb07b184e9d424d5b71cb2b9abbce14a08e4c8d1553f8a43e6d,mitmproxy,367,0,sha256WithRSAEncryption,2048,RSA,1,v3,0,1
outlook.com,bc94e9cb61bde54189ae7c04ea089ac0909c6b9921cd41ef358e0c21f213dfa7,mitmproxy,367,0,sha256WithRSAEncryption,2048,RSA,1,v3,0,1
pki.goog,8a5188b8d98a9a8204a8a37d795c5205c37dd3de40a8b398d5236bf9ce57883f,mitmproxy,367,0,sha256WithRSAEncryption,2048,RSA,1,v3,0,1
triplinkintl.com,115325c1bb404b5da7e9cdf8318f1f26e914b0960fe7287b257c2e73b9a924ff,mitmproxy,367,0,sha256WithRSAEncryption,2048,RSA,1,v3,0,1
statics.teams.cdn.office.net,bcf3c66f3e453495d312c5bf58826c868d273bfbcbc961b54e588c67f510423f,mitmproxy,367,0,sha256WithRSAEncryption,2048,RSA,1,v3,0,1
tas01.cwsapp.update.microsoft.com,eaeb4b31c986f4dcbfca840bb555b2654d8873a09ad1f641000316deb0821aae,mitmproxy,367,0,sha256WithRSAEncryption,2048,RSA,1,v3,0,1
th.bing.com,e94b9cf6ffce23df3987a2c5157dc3d9ef170ae12a16e001884b0582f7cecf54,mitmproxy,367,0,sha256WithRSAEncryption,2048,RSA,1,v3,0,1
stats.g.doubleclick.net,8894d33386eef4ac3e21bb6f51cb0e5daf8b181cf2aaac4bbb5133b09ca117f0,mitmproxy,367,0,sha256WithRSAEncryption,2048,RSA,1,v3,0,1
teams.cloud.microsoft,729ee7128859f52d2504caddd508e425cd47ed769c27cfdb610cf918dc10840f,mitmproxy,367,0,sha256WithRSAEncryption,2048,RSA,1,v3,0,1
mask.icloud.com,f62d3d8ab0ca9215bd81a296f993a400b408ff28c7cbdface4a14fa787170370,mitmproxy,367,0,sha256WithRSAEncryption,2048,RSA,1,v3,0,1
storeedgefd.dsx.mp.microsoft.com,6a73e36505b067e24a33feeab3bd040215fe2cdaf5d4dc7a23b0ad2dc2af36c8,mitmproxy,367,0,sha256WithRSAEncryption,2048,RSA,1,v3,0,1
apis.google.com,441f1c89e19c30f99151bf39236aea93ce678f260cd7002fda065ce7f6677b06,mitmproxy,367,0,sha256WithRSAEncryption,2048,RSA,1,v3,0,1
scorecardresearch.com,fdc1afe2dc84bd5c423c5ab871a5de5556bbe95dcb64427c715f85e782b21b60,mitmproxy,367,0,sha256WithRSAEncryption,2048,RSA,1,v3,0,1
fastly.net,3108aee22a499b5500b6aa6d71bee73da6b2dca9699d335453968dff0489fa07,mitmproxy,367,0,sha256WithRSAEncryption,2048,RSA,1,v3,0,1
fe2cr.update.microsoft.com,bfa454b664f642eed617be0b75ff0a0069a64b7a62e5a3bd72224df9d83b00fa,mitmproxy,367,0,sha256WithRSAEncryption,2048,RSA,1,v3,0,1
m365.cloud.microsoft,a667550cae9d48b69b452569b7c4899e49ac0894b737fa81ba3b12cbe26b432b,mitmproxy,367,0,sha256WithRSAEncryption,2048,RSA,1,v3,0,1
augloop.svc.cloud.microsoft,dd98fe1f142503d37ec79ba03ee8f694840f0ecadb0af65874087f67134d8ba3,mitmproxy,367,0,sha256WithRSAEncryption,2048,RSA,1,v3,0,1
lencr.org,26f570f48cc59a53fc287a21d7ff103651a4bd0be4de094a10a838eb4bd2f55b,mitmproxy,367,0,sha256WithRSAEncryption,2048,RSA,1,v3,0,1
bag.itunes.apple.com,a7a3b3248bae50f135b2ef64a067b0dccb5472a715a7fb886e3a9865174381d1,mitmproxy,367,0,sha256WithRSAEncryption,2048,RSA,1,v3,0,1
storage.live.com,87bced7dfb6d091238cc3de11f5cf5557e83031cd187b9ea3a47ef26204774af,mitmproxy,367,0,sha256WithRSAEncryption,2048,RSA,1,v3,0,1
res-1.cdn.office.net,511ef8658f1d4c7ef7e214bb5cc044ef5dc975325d30d57e83a6667051ddebde,mitmproxy,367,0,sha256WithRSAEncryption,2048,RSA,1,v3,0,1
fbcdn.net,9769551b348fe07928d480bde3f07ba84c908ec4d4a5b7ea0706ed675d1cfce8,mitmproxy,367,0,sha256WithRSAEncryption,2048,RSA,1,v3,0,1
c.pki.goog,34693f163144622c728aa79dd0d7766771b235824a1a075088888fc7692e8221,mitmproxy,367,0,sha256WithRSAEncryption,2048,RSA,1,v3,0,1
fe2.apple-dns.net,71b6dcb8ac2991e58c594b248c1f732337bdeff05bd88c8798917ece9678b987,mitmproxy,367,0,sha256WithRSAEncryption,2048,RSA,1,v3,0,1
x1.c.lencr.org,9c4ba21f6ad5f863143cc759449766e29dd6a95f7d0b707ec34252999928c1db,mitmproxy,367,0,sha256WithRSAEncryption,2048,RSA,1,v3,0,1
ocsp2.apple.com,c733b40d6cc55466cf6dc6fcc8fd3aec339f8c358b7077d9e598ea2f717f7743,mitmproxy,367,0,sha256WithRSAEncryption,2048,RSA,1,v3,0,1
ad.doubleclick.net,5ee227fd51fab19ebb3bfadec2be4c87c7422b570e15110da5cc9eb63e5f0397,mitmproxy,367,0,sha256WithRSAEncryption,2048,RSA,1,v3,0,1
img-s-msn-com.akamaized.net,df83b6c1b732fa3b5ef5380361838a154d94c114e3baf2a2971c4814bbe0751d,mitmproxy,367,0,sha256WithRSAEncryption,2048,RSA,1,v3,0,1
titles.prod.mos.microsoft.com,cf5487680b9047d6dbf2d4fffe1eb9630aa63b747c2f84485886431dd9f80346,mitmproxy,367,0,sha256WithRSAEncryption,2048,RSA,1,v3,0,1
augloop.office.com,241d368c10cd1af03ce3344216efd66a424bc9457824d234fa92195d03439206,mitmproxy,367,0,sha256WithRSAEncryption,2048,RSA,1,v3,0,1
displaycatalog.mp.microsoft.com,c794017bc0146573bbbc6297e9cb51352e02550c38eb66c6b88e04cd2e5bf3cd,mitmproxy,367,0,sha256WithRSAEncryption,2048,RSA,1,v3,0,1
tpc.googlesyndication.com,12cf429830205323ba58765e2dabf29861e85261d976d2be7f2a21d5a60e164a,mitmproxy,367,0,sha256WithRSAEncryption,2048,RSA,1,v3,0,1
roaming.svc.cloud.microsoft,2c1a49d2b7b8a87569adc24de484f44f1ca4a7a5c6a078e439ff6b2dfdcc2eed,mitmproxy,367,0,sha256WithRSAEncryption,2048,RSA,1,v3,0,1
connect.facebook.net,97a29a852adae954c3e09897e1cde54f9d9d70d06efd73006c810b2b6ef6bf07,mitmproxy,367,0,sha256WithRSAEncryption,2048,RSA,1,v3,0,1
c.bing.com,6403e8ad1a070c8324591a75a1a5cc4e273df84fa762cd58b74c0b465b192ca0,mitmproxy,367,0,sha256WithRSAEncryption,2048,RSA,1,v3,0,1
us-mobile.events.data.microsoft.com,2b7d530baad7a592cb3c7f9069e15117369f878fe241169a792c9276b14f8949,mitmproxy,367,0,sha256WithRSAEncryption,2048,RSA,1,v3,0,1
opendns.com,af22b591288be7b01fbc7d770474a5c4551bcfe93ea5c933649a16b417c7ec0c,mitmproxy,367,0,sha256WithRSAEncryption,2048,RSA,1,v3,0,1
go.trouter.teams.microsoft.com,e752c066cd99433e0ac9f2e0e61271769fa364af4d037496aadf1c0d2b6a278e,mitmproxy,367,0,sha256WithRSAEncryption,2048,RSA,1,v3,0,1
storage.googleapis.com,f1b02d4f342a85bc12413280ba7fe01f59d4d27d9bda440aa94c70eeb58a7fa9,mitmproxy,367,0,sha256WithRSAEncryption,2048,RSA,1,v3,0,1
sb.scorecardresearch.com,09e9bc89bea4eb1816d568a999db793c3eec30ec3fba313b73473a9afddf3ebc,mitmproxy,367,0,sha256WithRSAEncryption,2048,RSA,1,v3,0,1
crl3.digicert.com,c3a00322e617686967ea32bf38c2bd1a78829bf8d609de2dec5d71d574d34694,mitmproxy,367,0,sha256WithRSAEncryption,2048,RSA,1,v3,0,1
amazon.com,71ca6f6ed68a4da73b846c5552e8854047fd2bc3e4c820495268c1f71d3b214c,mitmproxy,367,0,sha256WithRSAEncryption,2048,RSA,1,v3,0,1
safebrowsing.google.com,987e4bd72e325e2327773e40980c36cebf24536b9e9ef100e398d647f57b57d7,mitmproxy,367,0,sha256WithRSAEncryption,2048,RSA,1,v3,0,1
beacons.gcp.gvt2.com,472b416cd386c99bcc219310190efd491e932f333459d28fbc7ca492e2eb4e5a,mitmproxy,367,0,sha256WithRSAEncryption,2048,RSA,1,v3,0,1
upload.fp.measure.office.com,1f2283604dbb6e31d4c7102ede21d7eebad6435b3fce9f4dfd93e445df923791,mitmproxy,367,0,sha256WithRSAEncryption,2048,RSA,1,v3,0,1
googlevideo.com,5f81de00cf8ec053fffe8847f837b4cba1341f18d9bbf1bc876f59ccc0d27f00,mitmproxy,367,0,sha256WithRSAEncryption,2048,RSA,1,v3,0,1
api.flightproxy.teams.microsoft.com,cb77a583edc81c4f086b2a32440a9868105c212823b7e56df75752456cdeed62,mitmproxy,367,0,sha256WithRSAEncryption,2048,RSA,1,v3,0,1
static.doubleclick.net,131ba24cc94dbdd92e35134cebca9b4128a26068ac9a46a29f832945b910d9b1,mitmproxy,367,0,sha256WithRSAEncryption,2048,RSA,1,v3,0,1
whatsapp.net,0f17949d37977a976b49723bb5cfbfd945a59705761dbd77b52fb0cd472dd8c7,mitmproxy,367,0,sha256WithRSAEncryption,2048,RSA,1,v3,0,1
outlook.cloud.microsoft,a68ed7d3a00cf5b4f83e54885921412c5d906867e8be12cb3f8ed2c3d51c04bd,mitmproxy,367,0,sha256WithRSAEncryption,2048,RSA,1,v3,0,1
adnxs.com,9fb7d5736e35df7cdc23767857d238bf8389c62b7cfa1843e11c0a1010447d09,mitmproxy,367,0,sha256WithRSAEncryption,2048,RSA,1,v3,0,1
yahoo.com,270597372c79e3593e435f4b04e9d7908ee959d97e916f50030885deb28bf7b6,mitmproxy,367,0,sha256WithRSAEncryption,2048,RSA,1,v3,0,1
ogs.google.com,052801e78cf7c0085b6262f719fb8d531fa14d8cdbfbb52d98146225a046c6fe,mitmproxy,367,0,sha256WithRSAEncryption,2048,RSA,1,v3,0,1
download.windowsupdate.com,b1fe30c04c430bd15390f2bb4833c784c9ed82acb29a569b87bd617c523bf3f0,mitmproxy,367,0,sha256WithRSAEncryption,2048,RSA,1,v3,0,1
checkin.dm.microsoft.com,20ad321fd5ea73461dc103bea31e62fc1405d1caa4870b718cdfe5c76c4e82cc,mitmproxy,367,0,sha256WithRSAEncryption,2048,RSA,1,v3,0,1
cdnjs.cloudflare.com,a4396698965b442ec543f54f857efc0056018af88b1e8997a4acf5c7da092dfc,mitmproxy,367,0,sha256WithRSAEncryption,2048,RSA,1,v3,0,1
storeedge.microsoft.com,2df1d40982ef413113046c9d1cff4132c43f157b21cd3165f40c1707229c0b43,mitmproxy,367,0,sha256WithRSAEncryption,2048,RSA,1,v3,0,1
v10.events.data.microsoft.com,4c5fae60b9bf097346508b565e05a317090d1b01b46282c9e803013222401e76,mitmproxy,367,0,sha256WithRSAEncryption,2048,RSA,1,v3,0,1
graph.facebook.com,7e38c03c1c45273d7c9d0a0155d55610852920db6099ae3052a1ec185ab81f27,mitmproxy,367,0,sha256WithRSAEncryption,2048,RSA,1,v3,0,1
gateway.icloud.com,e35ed25d24b4cc1f0cea474e50b38a6de855db999058ab606034eb51e4561317,mitmproxy,367,0,sha256WithRSAEncryption,2048,RSA,1,v3,0,1
r.manage.microsoft.com,2b9760163902ed52c6b0aeb93d33d102b197e937da5218feb5904fef4dcfdc7b,mitmproxy,367,0,sha256WithRSAEncryption,2048,RSA,1,v3,0,1
clients3.google.com,1b12594a995e77968437ae09ed31cf06916b23ce90517ac4cf7f014237b4c05f,mitmproxy,367,0,sha256WithRSAEncryption,2048,RSA,1,v3,0,1
gsp-ssl.ls.apple.com,5e7fb30f4f3143bd81a8f78e8a1fa73d289ebd178a5620519b31856f2d209c9a,mitmproxy,367,0,sha256WithRSAEncryption,2048,RSA,1,v3,0,1
mask.apple-dns.net,725a0689c7454bd2501aebac9aca7b986e0ba79ee50734d009093df836f0ac74,mitmproxy,367,0,sha256WithRSAEncryption,2048,RSA,1,v3,0,1
geover.prod.do.dsp.mp.microsoft.com,b75927d6f31caebcdb362226bf2639c764670e89312527b9cf08d7c2ed94e0e2,mitmproxy,367,0,sha256WithRSAEncryption,2048,RSA,1,v3,0,1
instagram.com,1d1289697613d2a4f45ef2c99d8179f334622fd82926f3e5116783e8ebf7dad6,mitmproxy,367,0,sha256WithRSAEncryption,2048,RSA,1,v3,0,1
mail.google.com,fa88abeabc5c031d34ac518ec0fe5aab10fed45e3f49a607e3bd5faa2cad3c61,mitmproxy,367,0,sha256WithRSAEncryption,2048,RSA,1,v3,0,1
recent.svc.cloud.microsoft,f4c8a638f50064ed73d7100d763f5bf871b324e5eb968f9e5d5bca3bcbe90ddf,mitmproxy,367,0,sha256WithRSAEncryption,2048,RSA,1,v3,0,1
wns.windows.com,fbcdfaa7b72cc5fd56d81d4e5c20b0e122caac78c8c7bf46796ad973391fe0a4,mitmproxy,367,0,sha256WithRSAEncryption,2048,RSA,1,v3,0,1
api.msn.com,8d1836364c2eda80e27ee6d5f59a251ccf68936aab34c33eeab80db13fcfe3e4,mitmproxy,367,0,sha256WithRSAEncryption,2048,RSA,1,v3,0,1
encrypted-tbn2.gstatic.com,8f397a30817fa25f5af903e859d35d4343041fd7174e6fee059a37eb58fd2951,mitmproxy,367,0,sha256WithRSAEncryption,2048,RSA,1,v3,0,1
a.nel.cloudflare.com,f8239aa7b6a2c4ba9855e8282af10ab8d36c5d2c29fff81920eeaa5aef843295,mitmproxy,367,0,sha256WithRSAEncryption,2048,RSA,1,v3,0,1
linkedin.com,fa27a0a63fe34b989c9256c1ca1cd27092c69767e7d97de91b21c674ca8fb09c,mitmproxy,367,0,sha256WithRSAEncryption,2048,RSA,1,v3,0,1
v20.events.data.microsoft.com,9f32b0a0ccc3c5d6877e747024baccb546b6e8ff3e16dc972a83d362119c13e8,mitmproxy,367,0,sha256WithRSAEncryption,2048,RSA,1,v3,0,1
skydrive.wns.windows.com,34c1a042c888dfb661f545dc8ff5d430596b9e2832de6a41c780073a3b0927bc,mitmproxy,367,0,sha256WithRSAEncryption,2048,RSA,1,v3,0,1
adtrafficquality.google,021644a3f0977637e1695ec52c988333be11e84c54d5f67a56d4e61567210aad,mitmproxy,367,0,sha256WithRSAEncryption,2048,RSA,1,v3,0,1
cdn.jsdelivr.net,19fbc84a56047ae9c00931195e8c4261aa0b357c86abe8848fc438c679cb680e,mitmproxy,367,0,sha256WithRSAEncryption,2048,RSA,1,v3,0,1
storecatalogrevocation.storequality.microsoft.com,f2a52f2bc3e2bee7d4fa7b490630c84f0dff7676cd83056c66c4d4e8fc214b0e,mitmproxy,367,0,sha256WithRSAEncryption,2048,RSA,1,v3,0,1
default.exp-tas.com,79677f11a070ce37df823058a3f603aaacd394837b9476c7f81feb3446ba9b45,mitmproxy,367,0,sha256WithRSAEncryption,2048,RSA,1,v3,0,1
windows.msn.com,fcf58cdfb39b27ae92de06c588915e3159697b105edd9cfecb951f8a185be9ea,mitmproxy,367,0,sha256WithRSAEncryption,2048,RSA,1,v3,0,1
app-measurement.com,bc9c295582840803f25a8e02953f09fb045f15198fddaaccf81cb1d064160c4b,mitmproxy,367,0,sha256WithRSAEncryption,2048,RSA,1,v3,0,1
mesu.apple.com,08b84debba3f690fdc7e55ea4d50fa515d1abe31e5fc8a91677862be248ca71c,mitmproxy,367,0,sha256WithRSAEncryption,2048,RSA,1,v3,0,1
assets.adobedtm.com,1f6b92911d56ca82fc484b387db20f7398d34c68c77629561a176cbb51f0e281,mitmproxy,367,0,sha256WithRSAEncryption,2048,RSA,1,v3,0,1
us-v10c.events.data.microsoft.com,1a3f46d7b82bb8a1f2929e317a54444edb70020b81bbfee2ce94ae6fc8bdc2ba,mitmproxy,367,0,sha256WithRSAEncryption,2048,RSA,1,v3,0,1
1d.tlu.dl.delivery.mp.microsoft.com,a00ca0e5d8c602928d3265fe90573d61d3b2cc37f82816405fc05fc5c0f3113f,mitmproxy,367,0,sha256WithRSAEncryption,2048,RSA,1,v3,0,1
jnn-pa.googleapis.com,0b2720f365860953f5b7b7c419e48805e5562207d1540e2f6208bd5a4cde736a,mitmproxy,367,0,sha256WithRSAEncryption,2048,RSA,1,v3,0,1
editor.svc.cloud.microsoft,ffc751bd81b0206d20d9c1a612aaac53b01fc5e925d5c2ee5269425f77856e74,mitmproxy,367,0,sha256WithRSAEncryption,2048,RSA,1,v3,0,1
pushy.io,6f006950c336dd3a598323c6683dc3ead3229215d13da24a9ccb1194a205b075,mitmproxy,367,0,sha256WithRSAEncryption,2048,RSA,1,v3,0,1
amazon-adsystem.com,fb49a6215b8c360e0af04b9ca77a0e36d2c79ca1bd710683e6c57f3e0ab6ce91,mitmproxy,367,0,sha256WithRSAEncryption,2048,RSA,1,v3,0,1
sls.update.microsoft.com,b65b9809c5dca2356d606c3d7cde11a513b2e09f7e6a63a28e9a414213e60f44,mitmproxy,367,0,sha256WithRSAEncryption,2048,RSA,1,v3,0,1
encrypted-tbn1.gstatic.com,20110b0b80ca8c6fdae629d5b1e4b2fde8b8cda4b3d97dd69c476798838d01b7,mitmproxy,367,0,sha256WithRSAEncryption,2048,RSA,1,v3,0,1
cm.g.doubleclick.net,0b56f29d2e00642573bf7f2e766d5d68111716d597f581ab28c2c1c13a064831,mitmproxy,367,0,sha256WithRSAEncryption,2048,RSA,1,v3,0,1
configuration.ls.apple.com,d958fb96bf7124ec4c5c55557506b3e0cb726e69e623c2a59b49945da5d1d17f,mitmproxy,367,0,sha256WithRSAEncryption,2048,RSA,1,v3,0,1
www.microsoft.com,0c5d08a34c290512aebb87e56758454c8a790c938c1ec6e1a456ab46b63ea485,mitmproxy,367,0,sha256WithRSAEncryption,2048,RSA,1,v3,0,1
encrypted-tbn3.gstatic.com,abf999b611d7473884b22f2f25228d82690010824f8ccbde7c296a749adfaca4,mitmproxy,367,0,sha256WithRSAEncryption,2048,RSA,1,v3,0,1
bag-cdn.itunes-apple.com.akadns.net,617108af765ac6a93601202a5b4d7bb9c5cfc7934b46ee5b57d60fc64dee60b2,mitmproxy,367,0,sha256WithRSAEncryption,2048,RSA,1,v3,0,1
securepubads.g.doubleclick.net,bcb6bd3d849e465940038ce753d810b98873c149a07436193c6abf6217d84de5,mitmproxy,367,0,sha256WithRSAEncryption,2048,RSA,1,v3,0,1
ntp.org,3448f5b5d5d846ce4d0cdc7eed708169c553be585b17c3c060e0a2666464f463,mitmproxy,367,0,sha256WithRSAEncryption,2048,RSA,1,v3,0,1
waa-pa.clients6.google.com,58e61a8ab4d98ddd7287f67b53214b01ac02d5b94b42e96c56824019ce617faa,mitmproxy,367,0,sha256WithRSAEncryption,2048,RSA,1,v3,0,1
ep1.adtrafficquality.google,c5fd92f524a9dc5842de61e98a607ac4320bee610ce287b10e87b50e1da42e6a,mitmproxy,367,0,sha256WithRSAEncryption,2048,RSA,1,v3,0,1
browser.pipe.aria.microsoft.com,24cbe174ab31bafc2e18c46266265220eff4900f71b70695aba00e806aa31735,mitmproxy,367,0,sha256WithRSAEncryption,2048,RSA,1,v3,0,1
lh3.google.com,3665259fa1c5f9785347bf87a09d7df6b789457364687c60bdcd17e8fe64d6cd,mitmproxy,367,0,sha256WithRSAEncryption,2048,RSA,1,v3,0,1
ocsp2.g.aaplimg.com,5555bfb0dd85d60719e48f3cb1ef978eb08fac562f42bbf3106b6279dc7aed74,mitmproxy,367,0,sha256WithRSAEncryption,2048,RSA,1,v3,0,1
adsrvr.org,3576b691eb5a114f0d1c88e3faddd994ee6ab0796c93fee449bf06ca153d7a92,mitmproxy,367,0,sha256WithRSAEncryption,2048,RSA,1,v3,0,1
www.msn.com,4e9a9ce1673da5203387534ae25ac4d7cdbb276d3260cca1fee4e1e46c098c1b,mitmproxy,367,0,sha256WithRSAEncryption,2048,RSA,1,v3,0,1
gdmf.apple.com,e21b4126236658c180a1d3d7b9806643e6ad54632e1a65d76099ff3b6493c42e,mitmproxy,367,0,sha256WithRSAEncryption,2048,RSA,1,v3,0,1
us-v20.events.data.microsoft.com,6bf3f51c3b77e3d7aa64bd867a67fffd80e4e0d562c599a3f9d04f3fb1de3859,mitmproxy,367,0,sha256WithRSAEncryption,2048,RSA,1,v3,0,1
cloudflareinsights.com,a2cecb1ba8a43a46b34d3445b4d64844e0da10cc5183121b10fca731ef63aef5,mitmproxy,367,0,sha256WithRSAEncryption,2048,RSA,1,v3,0,1
ep2.adtrafficquality.google,12178653aa4eada252aef23d7e0f875024d869cc0f626f1eda3490d482e1b14f,mitmproxy,367,0,sha256WithRSAEncryption,2048,RSA,1,v3,0,1
docs.google.com,56c00f5ef5264e014edd3295fcda8c7db172a12585ca1be37bf30c2ff1c3ff9b,mitmproxy,367,0,sha256WithRSAEncryption,2048,RSA,1,v3,0,1
m365cdn.nel.measure.office.net,d54a233adfaed7a5fdf6eaced95841292a8247f23c103fda80b252fabdb59003,mitmproxy,367,0,sha256WithRSAEncryption,2048,RSA,1,v3,0,1
static.cloudflareinsights.com,f3a423fa8d370a421cb11d65e4f55c690082e482d4312e062c1cb9e92cde8b7a,mitmproxy,367,0,sha256WithRSAEncryption,2048,RSA,1,v3,0,1
rubiconproject.com,c8b60cfeda96ffa08cb9990979f17f11046fd6c0feff122b99eac8631100cda7,mitmproxy,367,0,sha256WithRSAEncryption,2048,RSA,1,v3,0,1
mzstatic.com,e5815c822a61ea4a7d596d06b37dc333203fddd337e53c7a17f42f321e1bf0cd,mitmproxy,367,0,sha256WithRSAEncryption,2048,RSA,1,v3,0,1
chromewebstore.googleapis.com,268c67989f0dbe13b44214af1fd21a4b4b91bcc73760877b34c9787f59b24696,mitmproxy,367,0,sha256WithRSAEncryption,2048,RSA,1,v3,0,1
ib.adnxs.com,84b45a3a90712476ccf295f88fe1b2471f618b4da3a36d676e7976fe7cf6d47b,mitmproxy,367,0,sha256WithRSAEncryption,2048,RSA,1,v3,0,1
gateway.fe2.apple-dns.net,b7f5b16cc701edc25aa4ec829e2cfe71b2ca96bacce5a9f9acae3e7517217541,mitmproxy,367,0,sha256WithRSAEncryption,2048,RSA,1,v3,0,1
turbo.microsoft.com,cb5fd35e81532034576d3ec9b544b2944f64a985ddf80da433a04dbb6543ceaa,mitmproxy,367,0,sha256WithRSAEncryption,2048,RSA,1,v3,0,1
yt3.ggpht.com,160b93a544a831c178b78d553c9fbc1c651a1ce1c991f12ff70763e693a1afa1,mitmproxy,367,0,sha256WithRSAEncryption,2048,RSA,1,v3,0,1
tas02.sls.update.microsoft.com,8d42ce0bc57016427ddf4abb6eb2b4f231284ffcf272ee2abac4c95ed87bb9f4,mitmproxy,367,0,sha256WithRSAEncryption,2048,RSA,1,v3,0,1
adobe.io,d1821142610983984ed342a3dbe6120258ff50aa6bcc232e812fff275f6c4cc4,mitmproxy,367,0,sha256WithRSAEncryption,2048,RSA,1,v3,0,1
access-point.cloudmessaging.edge.microsoft.com,917363391b457d1fb8872790f8aa91cc6774f66f772c4405e8925576ced2baa2,mitmproxy,367,0,sha256WithRSAEncryption,2048,RSA,1,v3,0,1
safelinks.protection.outlook.com,42109ac2d9c67bb5bd519c07e7d963829b9242a49d09923bb0e32c56ae697b3b,mitmproxy,367,0,sha256WithRSAEncryption,2048,RSA,1,v3,0,1
criteo.com,5f390e8ef4680ebc767eb241bf61da08df8a7e59677e8fdc55d5446624d6a2f1,mitmproxy,367,0,sha256WithRSAEncryption,2048,RSA,1,v3,0,1
tas02.cws.update.microsoft.com,e95827f113027cf06663bff6d1f2016298b9c3eadb5f1e207d8b39773a5d1fd3,mitmproxy,367,0,sha256WithRSAEncryption,2048,RSA,1,v3,0,1
pubmatic.com,817c4204500489afe98feaf1f0b190930b5f8e5f9d9e325ed1f4eeb0718f0ef0,mitmproxy,367,0,sha256WithRSAEncryption,2048,RSA,1,v3,0,1
xp.apple.com,5084646c7397e8102e372eeba41b7cb9a907a9cc6892a0cbe3c852243f68362a,mitmproxy,367,0,sha256WithRSAEncryption,2048,RSA,1,v3,0,1
dpm.demdex.net,a4015bd3d335b89e6cae000145e107cf1c3604e943f57ce2920eb5a639f7c50c,mitmproxy,367,0,sha256WithRSAEncryption,2048,RSA,1,v3,0,1
fa000000112.resources.office.net,bb3b7d47349f0f0bc4a3fed41ad99209f3278c429b466ef971bdeb2f492de87a,mitmproxy,367,0,sha256WithRSAEncryption,2048,RSA,1,v3,0,1
google-ohttp-relay-safebrowsing.fastly-edge.com,5a13e17fbbd8ba10832a3dd7d5e1f3f88a5140c27d1cf146dd1f255e21a14805,mitmproxy,367,0,sha256WithRSAEncryption,2048,RSA,1,v3,0,1
signaler-pa.clients6.google.com,4b65aa587db8d8027c1d1fd6a70b8628dfb72f71c24c88dcb11ea4a891e93b8f,mitmproxy,367,0,sha256WithRSAEncryption,2048,RSA,1,v3,0,1
messaging.engagement.office.com,0eb790e59efa34f69f764132e9b2ac0c63c393fa3ac332336f9fbd823e742608,mitmproxy,367,0,sha256WithRSAEncryption,2048,RSA,1,v3,0,1
enterprise.activity.windows.com,e3c149f4df966f86c79b948771c1866b352b98201bc2566828f4860eb0539f24,mitmproxy,367,0,sha256WithRSAEncryption,2048,RSA,1,v3,0,1
cisco.com,28d852201d57bbfb18dd0be048d8ad04454e4f7820cd1c740054df8e4bba4404,mitmproxy,367,0,sha256WithRSAEncryption,2048,RSA,1,v3,0,1
webshell.suite.office.com,331ae7d2b2c6a92549e607984d43f618dba0373b23ada9265d66b97c09855298,mitmproxy,367,0,sha256WithRSAEncryption,2048,RSA,1,v3,0,1
gspe79-ssl.ls.apple.com,e70f6cc96f243826a983e96ff7bca6ae3fbb3ab30692e0bcf06559be61d316cd,mitmproxy,367,0,sha256WithRSAEncryption,2048,RSA,1,v3,0,1
init.push.apple.com,71ae149f4636d8f3e91e80cd6e1834082ec96cd46edcbd3605f3b06212981b74,mitmproxy,367,0,sha256WithRSAEncryption,2048,RSA,1,v3,0,1
gs-loc.apple.com,3133fcbd0f0af47317cab287c7b0abfb5c1639bdeed5a18ad66065ff61fba1a4,mitmproxy,367,0,sha256WithRSAEncryption,2048,RSA,1,v3,0,1
csp.withgoogle.com,3f1e438b622cd57b39124d7d86fd198b3a1254cb206c034fa80ae869888e821e,mitmproxy,367,0,sha256WithRSAEncryption,2048,RSA,1,v3,0,1
pancake.apple.com,2fc171ad5de0ac6b56737b7a042b620a79f67070b776591e481c625f6ce1aacc,mitmproxy,367,0,sha256WithRSAEncryption,2048,RSA,1,v3,0,1
app-analytics-services.com,23fae24efcf7e48e7e51c860a5ca3e42f2ed030b9eb5804fd22d16aa36b6058a,mitmproxy,367,0,sha256WithRSAEncryption,2048,RSA,1,v3,0,1
armmf.adobe.com,c6648e1e679d2abcb11b2590689d3f235acb619442c68d9860f193875250a73c,mitmproxy,367,0,sha256WithRSAEncryption,2048,RSA,1,v3,0,1
m.google.com,54414c07029637dab405ef79f6fb310fd702341add04bb6ec091444986e3a7b6,mitmproxy,367,0,sha256WithRSAEncryption,2048,RSA,1,v3,0,1
ads.linkedin.com,2557035a7f9c53283a495a3ba00b53b970b5e85c70c2042acbd1cbb7be9881c3,mitmproxy,367,0,sha256WithRSAEncryption,2048,RSA,1,v3,0,1
lensfrontend-pa.googleapis.com,a2ed4da10829ad6639d30bd54f5a8f728bb8cba14be2f87a1084650d0e91bb05,mitmproxy,367,0,sha256WithRSAEncryption,2048,RSA,1,v3,0,1
srtb.msn.com,ae34ff191b4a3df7244dc23ef7313e814cbcbd7cc91cb7ea82a393a57eec45f3,mitmproxy,367,0,sha256WithRSAEncryption,2048,RSA,1,v3,0,1
casalemedia.com,a5bf73eab7ab76d021089af45b90373e4416d293c7ab4da379fa17d0b9832326,mitmproxy,367,0,sha256WithRSAEncryption,2048,RSA,1,v3,0,1
roaming.officeapps.live.com,4a96f06de7640ab290b90725658c4f8e8b81f70803ed6d4bb37b7ee78dacd9fc,mitmproxy,367,0,sha256WithRSAEncryption,2048,RSA,1,v3,0,1
px.ads.linkedin.com,fa27a0a63fe34b989c9256c1ca1cd27092c69767e7d97de91b21c674ca8fb09c,mitmproxy,367,0,sha256WithRSAEncryption,2048,RSA,1,v3,0,1
configuration.apple.com,62e6a912974e38683edf448a88d06278f6dedf96533aeef6775f0fd2340ad7df,mitmproxy,367,0,sha256WithRSAEncryption,2048,RSA,1,v3,0,1
gspe1-ssl.ls.apple.com,019c8e725923f55b8bc1b652d1ae72e381e683df2e2c44115623ff79d2e533b5,mitmproxy,367,0,sha256WithRSAEncryption,2048,RSA,1,v3,0,1
r4.res.office365.com,7957f32bc7f738b3eb0c4682819cbac1978aa3b48f33cd01c2c45d7a99329969,mitmproxy,367,0,sha256WithRSAEncryption,2048,RSA,1,v3,0,1
opera.com,01603da362fef2959e89999cc5f4e529dfdfb9aef297ad67699b667b9988b535,mitmproxy,367,0,sha256WithRSAEncryption,2048,RSA,1,v3,0,1
accountcapabilities-pa.googleapis.com,4f60d0ba18cb4e886dcdc57115abb2a6df90ec497a1abf801c940e4c4c19c326,mitmproxy,367,0,sha256WithRSAEncryption,2048,RSA,1,v3,0,1
edge-mqtt.facebook.com,0b4639d21013b7287da37827fafe3963045e7f636d0c3d66aef01e95b9ba70bd,mitmproxy,367,0,sha256WithRSAEncryption,2048,RSA,1,v3,0,1
tunnel.googlezip.net,7f1ce192f9942818d2bf232e746b40fa0ad043a1218b2a41b259ba483aabd0c0,mitmproxy,367,0,sha256WithRSAEncryption,2048,RSA,1,v3,0,1
passwordsleakcheck-pa.googleapis.com,57fc87d165775d35363df54780796d5a66b3beba073b5add41e7fdfadd162022,mitmproxy,367,0,sha256WithRSAEncryption,2048,RSA,1,v3,0,1
bat.bing.com,b031ba71c049db0d4a9f0554e98422aa3952f5589ad561054ce133c0fa6e8423,mitmproxy,367,0,sha256WithRSAEncryption,2048,RSA,1,v3,0,1
openx.net,6526315aa1d11fe29090e280e66362764831d7ddacb691ca95b02799f059d935,mitmproxy,367,0,sha256WithRSAEncryption,2048,RSA,1,v3,0,1
node.e2ro.com,2152bab505be564e4712f1ccff1c31cfa28760a411419220aaff62b28c2e4247,mitmproxy,367,0,sha256WithRSAEncryption,2048,RSA,1,v3,0,1
cookielaw.org,ae08c87aca66a177a97ab0dd0664cd12034737594914409067e41e02bfcd77e5,mitmproxy,367,0,sha256WithRSAEncryption,2048,RSA,1,v3,0,1
admin.microsoft.com,3a1f844fdd3eec2c40278236926b3f62d5ce5b3bf4b5ec036d505f71d730580f,mitmproxy,367,0,sha256WithRSAEncryption,2048,RSA,1,v3,0,1
cdn.cookielaw.org,158a80d7f531216707b564e4632e974457f91a3dd85fa24474971875535841e4,mitmproxy,367,0,sha256WithRSAEncryption,2048,RSA,1,v3,0,1
match.adsrvr.org,08ae90fbe99eb38f8887f9105c469b33627fe6ede10cff9f8dc8a5b7cfbecfd3,mitmproxy,367,0,sha256WithRSAEncryption,2048,RSA,1,v3,0,1
taboola.com,4b72be1d3925d0cbf24977a0d52c21d55c374a082698e580a6795d1615aab512,mitmproxy,367,0,sha256WithRSAEncryption,2048,RSA,1,v3,0,1
apple.map.fastly.net,e257722c28bf97dbedcd63749cb03cefef1bee51dcf12e09d2865f06621c07b3,mitmproxy,367,0,sha256WithRSAEncryption,2048,RSA,1,v3,0,1
3lift.com,7beee1f54cd368ec064ea5d7eb699b3c83581218c0811fa0a2681092d5319dbf,mitmproxy,367,0,sha256WithRSAEncryption,2048,RSA,1,v3,0,1
www.googletagservices.com,6f44a37d396d5bd83c14b439276f3525a02ff89dda1eb83418c0043da069b654,mitmproxy,367,0,sha256WithRSAEncryption,2048,RSA,1,v3,0,1
get-bx.g.aaplimg.com,f2397372ba741f2410473eef898e138941930cdf8b9728eb91e1c2e039fcd9be,mitmproxy,367,0,sha256WithRSAEncryption,2048,RSA,1,v3,0,1
edge-consumer-static.azureedge.net,bb4e7a6c1fa6d1720097b3d7b610d95d47bbed6e4045a0439692c30ce1a1f414,mitmproxy,367,0,sha256WithRSAEncryption,2048,RSA,1,v3,0,1
captive.apple.com,5fba9f92f993623c2d9f90cb96c09b411b8e0a696efe4188ca83ff4f6c87bd9c,mitmproxy,367,0,sha256WithRSAEncryption,2048,RSA,1,v3,0,1
g.whatsapp.net,ac54e55e58e3a38e0e000d1f01a1867170d49b8f83d91868f11af40e15856b6f,mitmproxy,367,0,sha256WithRSAEncryption,2048,RSA,1,v3,0,1
analytics.yahoo.com,fcaf5b55e8cbc73d19b75ee6a8d805718f24081d624949f1ff8f78cb17a16a70,mitmproxy,367,0,sha256WithRSAEncryption,2048,RSA,1,v3,0,1
fpinit.itunes.apple.com,eca5a6cf2199b3a74e1bb48daf6febedba01a150615aadda1150052fce9cb990,mitmproxy,367,0,sha256WithRSAEncryption,2048,RSA,1,v3,0,1
gateway.facebook.com,6df5bd9dc98bce6b7b8feb304d06753b7d03fb3f0ea428714019b364bc34ce5b,mitmproxy,367,0,sha256WithRSAEncryption,2048,RSA,1,v3,0,1
firebaselogging-pa.googleapis.com,579fa326c99c6acec53f0da650bbc61e4b95ab98c9b0a0d72039bedaf5374403,mitmproxy,367,0,sha256WithRSAEncryption,2048,RSA,1,v3,0,1
netflix.com,b0fd3f851a82aba44a14991809f60f566137f8e3ea5002333fb0d2d7aa28a804,mitmproxy,367,0,sha256WithRSAEncryption,2048,RSA,1,v3,0,1
apps.apple.com,752e2f7e8510c05b6b9fcb82407fe430f881b46a9f0308aa7b9632ca1f8c3ddf,mitmproxy,367,0,sha256WithRSAEncryption,2048,RSA,1,v3,0,1
cs.dds.microsoft.com,f18e4ec46d95c1af8ca310974080ea6a86c4b24d20e101fdbd179b1dfa137f9d,mitmproxy,367,0,sha256WithRSAEncryption,2048,RSA,1,v3,0,1
mask-api.icloud.com,028577c914cfcc315ba125186edc7916ff6bd43da0d232680a8a3d05360b66a3,mitmproxy,367,0,sha256WithRSAEncryption,2048,RSA,1,v3,0,1
us-prod.asyncgw.teams.microsoft.com,60692e4c4ab487cf834e3c0568f41251c68785de7139a8358ca3c9bd02c8594f,mitmproxy,367,0,sha256WithRSAEncryption,2048,RSA,1,v3,0,1
appsflyersdk.com,c94043415c9823008ef46fd5d58552c72e70bfd01f8ee62116092cc2cc1c6751,mitmproxy,367,0,sha256WithRSAEncryption,2048,RSA,1,v3,0,1
notifications-pa.googleapis.com,11d3cc8877c5397cef7939c7faff9c3f700e1ed778fa960de2c08038951e5b9d,mitmproxy,367,0,sha256WithRSAEncryption,2048,RSA,1,v3,0,1
pendo.io,c74dd482b6af4aac2d118d261418de1f51fb047e21bb0891d6120305ef733f8d,mitmproxy,367,0,sha256WithRSAEncryption,2048,RSA,1,v3,0,1
bam.nr-data.net,6c17f7f555833be642a6c246cd9e9ded04b360e5c8293b1188534b13a66b3d8b,mitmproxy,367,0,sha256WithRSAEncryption,2048,RSA,1,v3,0,1
acroipm2.adobe.com,3903bd8cc47b3aed2bb11e25ca5066fe01a74bdb6e62096fa5545b66d4658a8b,mitmproxy,367,0,sha256WithRSAEncryption,2048,RSA,1,v3,0,1
teams.nel.measure.office.net,489f7e4ca9658168da1f1de7bdd27b3b7ff589b44f0cb61264807006fc2577fa,mitmproxy,367,0,sha256WithRSAEncryption,2048,RSA,1,v3,0,1
lcdn-locator.apple.com,018445eb9abc13732f6215e437fef7e733f16c8b168b9ddb4f36a2be7f61f348,mitmproxy,367,0,sha256WithRSAEncryption,2048,RSA,1,v3,0,1
iadsdk.apple.com,f9f5a85ce98c42f487f5b0ccfc3b32322360604e38d2927906544093ae43cb04,mitmproxy,367,0,sha256WithRSAEncryption,2048,RSA,1,v3,0,1
support.content.office.net,b74f738efd8981d34c38c623e5dcb3f990ea196d0d5276f85efad79e1eb47e16,mitmproxy,367,0,sha256WithRSAEncryption,2048,RSA,1,v3,0,1
connectivity-test.static.microsoft,c3a045bd6ce2c8952c1f5736d9276ff30441488ce2bcdca763b69337d200a755,mitmproxy,367,0,sha256WithRSAEncryption,2048,RSA,1,v3,0,1
addons-pa.clients6.google.com,430b52b4b4bddd7ee4e37982a1ad5bb55663f66a07f0d7825cf56da287d3de4c,mitmproxy,367,0,sha256WithRSAEncryption,2048,RSA,1,v3,0,1
go.microsoft.com,c8da4e0e32c6748b214c682c76017400af718e54e7e549a4f7889deb017205a0,mitmproxy,367,0,sha256WithRSAEncryption,2048,RSA,1,v3,0,1
us-api.asm.skype.com,97471173eaf5f5313f772aec71d286d8ddada35259609efdf3ea7f05fff1d5f7,mitmproxy,367,0,sha256WithRSAEncryption,2048,RSA,1,v3,0,1
gspe35-ssl.ls.apple.com,93b9313764a897ee845a7004ca6f117cd05a4f50957a67a9ee43f3093f37b87d,mitmproxy,367,0,sha256WithRSAEncryption,2048,RSA,1,v3,0,1
smartadserver.com,74f3baf259ebd537a8bae3220dd02e2997bd88461bfa550767a3e5d112e6dbed,mitmproxy,367,0,sha256WithRSAEncryption,2048,RSA,1,v3,0,1
au.download.windowsupdate.com,f4aeb1e9c3ae319a98a937f33feae3858b51ac82b97e9b750fa7f6c211b90669,mitmproxy,367,0,sha256WithRSAEncryption,2048,RSA,1,v3,0,1
accounts.youtube.com,376300c7ae1fec1a83b27da191afabc3e6a4ec5db103c54bceef04d22c559a05,mitmproxy,367,0,sha256WithRSAEncryption,2048,RSA,1,v3,0,1
iphone-ld.apple.com,e66eaba30b1949d9afa2102a063a38067ef08d08b60413334faa3a59d8b67e99,mitmproxy,367,0,sha256WithRSAEncryption,2048,RSA,1,v3,0,1
safebrowsingohttpgateway.googleapis.com,e720c0f0f7aecce03a79e7f77d63c15f9c16cdcf02e620f940fe205487ad4f27,mitmproxy,367,0,sha256WithRSAEncryption,2048,RSA,1,v3,0,1
f.c2r.ts.cdn.office.net,76507fa3a9a79f69ce8e0becc74eab7e6f5a6c8e81ed17d7b23dfc206d968863,mitmproxy,367,0,sha256WithRSAEncryption,2048,RSA,1,v3,0,1
firebaseremoteconfig.googleapis.com,2b9451b3eb82e5116167e24208a175856852c9e7dc5151310bfa3b3753b29309,mitmproxy,367,0,sha256WithRSAEncryption,2048,RSA,1,v3,0,1
beacons.gvt2.com,fcf94ab9a0cc2f1288b54f379b0d861617c64f1526fd2e683133a793ef86879b,mitmproxy,367,0,sha256WithRSAEncryption,2048,RSA,1,v3,0,1
ade.googlesyndication.com,18952a805b092958ddf38fb5db00b5b8e75b47ce8d8a396ae3c9984dedb59ba5,mitmproxy,367,0,sha256WithRSAEncryption,2048,RSA,1,v3,0,1
relcomms-prod-dagnegedescbeefs.b02.azurefd.net,c0455ddf00b749a52c6995c6fd64108a5a984368fe61d5fbace035547d783480,mitmproxy,367,0,sha256WithRSAEncryption,2048,RSA,1,v3,0,1
csp.microsoft.com,a79539485282937d2f2ed271113790480def8eb46c9ffcd54f03521bf0c1713d,mitmproxy,367,0,sha256WithRSAEncryption,2048,RSA,1,v3,0,1
gum.criteo.com,a15ea549ca2dbe1a974e9ec3aeb666c61eddb812af5aaaf30c5b0ac6639e2665,mitmproxy,367,0,sha256WithRSAEncryption,2048,RSA,1,v3,0,1
x.bidswitch.net,56695b6facbf601851c68875b2341f4d7063de2fc7c26f63844716f9e463a74f,mitmproxy,367,0,sha256WithRSAEncryption,2048,RSA,1,v3,0,1
apis.apple.map.fastly.net,a8bb8adfe003a3fa61c10ad5b54a1a51e456b3e9f6f65983a7a1850cbc982e29,mitmproxy,367,0,sha256WithRSAEncryption,2048,RSA,1,v3,0,1
cc-api-data.adobe.io,8952f94f4ef27a4e6213faf7185ca349a57c6eecf4ccf8d1c46420d7beb6421b,mitmproxy,367,0,sha256WithRSAEncryption,2048,RSA,1,v3,0,1
c.amazon-adsystem.com,b9e9bd92173f8b6cd8e609c3052fe036ad5944e7ae7117ef17383c57eac0cc74,mitmproxy,367,0,sha256WithRSAEncryption,2048,RSA,1,v3,0,1
pixel.rubiconproject.com,9cbfdfb7f55c3974a8c463baa543500f9e6e6a6aa8eddcdf94f8eec788f3593b,mitmproxy,367,0,sha256WithRSAEncryption,2048,RSA,1,v3,0,1
nam.loki.delve.office.com,ef4f4b36087bc9b3178718c4d03843ace22beaaca2a89db6ffe0cb99492a3711,mitmproxy,367,0,sha256WithRSAEncryption,2048,RSA,1,v3,0,1
h3.apis.apple.map.fastly.net,836b6eb144f5ef073cf885d1e2ef1efc960232f5fbcbf1a6f655a6b7cb027358,mitmproxy,367,0,sha256WithRSAEncryption,2048,RSA,1,v3,0,1
eu-mobile.events.data.microsoft.com,91b5bc9ae83bd228d7d3be5437f1eae6784406f53ee4408ab44924544b39fc5e,mitmproxy,367,0,sha256WithRSAEncryption,2048,RSA,1,v3,0,1
www.clarity.ms,41781502a8b4a0fe38d7a255fea16dab05178a867e53d9dc82634b5dc99d4065,mitmproxy,367,0,sha256WithRSAEncryption,2048,RSA,1,v3,0,1
snapchat.com,4b52107b746f90f4bea7ce5bc3ba0e5027505241737a672edb277b78d4a4227f,mitmproxy,367,0,sha256WithRSAEncryption,2048,RSA,1,v3,0,1
c.msn.com,a0a24549bd2d8903b5a29b2e3d0ad807136bf2c71a23e0f92189f39a2888118a,mitmproxy,367,0,sha256WithRSAEncryption,2048,RSA,1,v3,0,1
i.instagram.com,7db0bbb600e475d77dd9f46a10f9c5a8007c1da139986c834b049ed8670fb7b1,mitmproxy,367,0,sha256WithRSAEncryption,2048,RSA,1,v3,0,1
s.amazon-adsystem.com,4108e7c2f59df3aa02840e9fab61f796c7419b29c579fb544acae83e9144d20a,mitmproxy,367,0,sha256WithRSAEncryption,2048,RSA,1,v3,0,1
www.apple.com,b88c35f6b504f0b27b511f8cf20258d29999ec3d3fa64edcf7cfc98efccd7627,mitmproxy,367,0,sha256WithRSAEncryption,2048,RSA,1,v3,0,1
init-p01md.apple.com,95a6b61287e4ec2a4c5da3361af8cecccc6dc43f60b1736359a17a5f8a159fc3,mitmproxy,367,0,sha256WithRSAEncryption,2048,RSA,1,v3,0,1
test-gateway.instagram.com,ca187f79dfab877afd04be4729f98f779b654a046134bb40756c65a27ba7407a,mitmproxy,367,0,sha256WithRSAEncryption,2048,RSA,1,v3,0,1
kv601.prod.do.dsp.mp.microsoft.com,34d51619a3e84e14d9bb49ffdd71df19bcce14d99988629111d45fe9e466d9fa,mitmproxy,367,0,sha256WithRSAEncryption,2048,RSA,1,v3,0,1
securitydomain-pa.googleapis.com,048be6132ecd11404e73f8c4f0a670d55fe9744655d3ed53f4b6f77be59ba498,mitmproxy,367,0,sha256WithRSAEncryption,2048,RSA,1,v3,0,1
nav-edge.smartscreen.microsoft.com,bdb28ab816f20ea9d394f8baea56d77dc0698a2f09984ba027fc50c3447721b5,mitmproxy,367,0,sha256WithRSAEncryption,2048,RSA,1,v3,0,1
xpaywalletcdn-prod.azureedge.net,e9f9d7751932c24e835a781396c09d05cd902ca24ca4c58eba4899686c247c34,mitmproxy,367,0,sha256WithRSAEncryption,2048,RSA,1,v3,0,1
apps.mzstatic.com,f8f5a30aa4113c7c2f37991bd8c0ac960c743e1fe7333d4699c285df409d752c,mitmproxy,367,0,sha256WithRSAEncryption,2048,RSA,1,v3,0,1
ampproject.org,f7d6d8ca0fb5baecf1840e042365744286181b1af7db84416aa6b637646e700d,mitmproxy,367,0,sha256WithRSAEncryption,2048,RSA,1,v3,0,1
media.net,3c810785c119582ae6f266021361abf5d0f5926f5d4bc82dcc99b2a01954c0dd,mitmproxy,367,0,sha256WithRSAEncryption,2048,RSA,1,v3,0,1
csi.gstatic.com,2d2585f53e5e41f439bfba9d8ddc945e4c6bb21ca144493783d66cfca508d355,mitmproxy,367,0,sha256WithRSAEncryption,2048,RSA,1,v3,0,1
gspe79-cdn.g.aaplimg.com,828740c4efbfe4734fe75b2e042ba3a6b1b8fcce59a48ea1173704989fd0b64d,mitmproxy,367,0,sha256WithRSAEncryption,2048,RSA,1,v3,0,1
mesu-cdn.origin-apple.com.akadns.net,c19182b7c4533b96179e119114b1db7e7155958cf7eaeac4455eacc9d5ed6e8e,mitmproxy,367,0,sha256WithRSAEncryption,2048,RSA,1,v3,0,1
cdn.ampproject.org,34c0a93c84b882c6000df34d73b85d6edc68a551c7578fd3d5385b97133be9bd,mitmproxy,367,0,sha256WithRSAEncryption,2048,RSA,1,v3,0,1
doubleverify.com,14bc6e729a0a0d7615c0be07235ce7fc1a5cec1504c8de5c801fbd67c83d3de2,mitmproxy,367,0,sha256WithRSAEncryption,2048,RSA,1,v3,0,1
spotify.com,6f2bedd0a6840f21174d2e9654a9a9b6f06eac41d81448c83d11a83e4950ed35,mitmproxy,367,0,sha256WithRSAEncryption,2048,RSA,1,v3,0,1
eb2.3lift.com,50c0462c3d3d02b2665c1c11e1a2154c6938972fc3951e4ef1da5950e4f5cbc8,mitmproxy,367,0,sha256WithRSAEncryption,2048,RSA,1,v3,0,1
autodiscover-s.outlook.com,c40e25d6920baa22e76095cffff370a1f0f232a9ea50e82b7a36902fc5f5e8da,mitmproxy,367,0,sha256WithRSAEncryption,2048,RSA,1,v3,0,1
graph.instagram.com,925d0c377aa838f18dcbb348120279fa64823df613ae6f257e5db1a8835e0622,mitmproxy,367,0,sha256WithRSAEncryption,2048,RSA,1,v3,0,1
s0.2mdn.net,840d96b468f9571126630641cfc91df28c4198db4ed51ff9bba3b1e074d14e59,mitmproxy,367,0,sha256WithRSAEncryption,2048,RSA,1,v3,0,1
use.typekit.net,fd94edf77ccaf69731d4e9529af3c7a12ba20653ce1d3f32cc824f8a065f0f25,mitmproxy,367,0,sha256WithRSAEncryption,2048,RSA,1,v3,0,1
tiktok.com,f8d8612ce952c56fcde6adb776ff5dc4b220b719081f969d4bd6220f8a72fee6,mitmproxy,367,0,sha256WithRSAEncryption,2048,RSA,1,v3,0,1
inference.location.live.net,2593f1dc4fdbecb5017f4387bcbdf0b376fe2552aea1197c025f94b4006cad03,mitmproxy,367,0,sha256WithRSAEncryption,2048,RSA,1,v3,0,1
drive.google.com,38d45bf578db38b83ff39b812b8ca4fc657123917d311981b5c930163ae60710,mitmproxy,367,0,sha256WithRSAEncryption,2048,RSA,1,v3,0,1
firebaseinstallations.googleapis.com,fd601e1a256a0876f8c856a170c115bf4dfd7cb729b05cc18c5662d133278088,mitmproxy,367,0,sha256WithRSAEncryption,2048,RSA,1,v3,0,1
fpc.msedge.net,09728e968f5a683c38e72f0ccb8d1d5445952cf1890863c452f57a049073fe26,mitmproxy,367,0,sha256WithRSAEncryption,2048,RSA,1,v3,0,1
whatsapp.com,83f6675a72488687faa2a50113a3cb5d0d37afa78f963c95375fa64e5e89e6cf,mitmproxy,367,0,sha256WithRSAEncryption,2048,RSA,1,v3,0,1
init.ess.apple.com,782dab8a4d7536792bb9438a7663e92ffeaa37fbaf01e000d4ed69f5aefb9ea7,mitmproxy,367,0,sha256WithRSAEncryption,2048,RSA,1,v3,0,1
ups.analytics.yahoo.com,f8c9d8501751a057626b8bc5749da13f9f9e9d8fbdb7d185105c006566ffa6a4,mitmproxy,367,0,sha256WithRSAEncryption,2048,RSA,1,v3,0,1
config.fp.measure.office.com,25393ab9a3da3cac0a5e39bc8c32d4efcfd81a8c50f939e6486b585e58e4b355,mitmproxy,367,0,sha256WithRSAEncryption,2048,RSA,1,v3,0,1
spo.nel.measure.office.net,d42f9bf6921b4f6a0b4a577717e586b6907ee1322c850933c5c66a1cd3676eef,mitmproxy,367,0,sha256WithRSAEncryption,2048,RSA,1,v3,0,1
people-pa.googleapis.com,7917b117bdb85f2827a9e6036f19c29057a75de77941322c585deef0c384eaf5,mitmproxy,367,0,sha256WithRSAEncryption,2048,RSA,1,v3,0,1
browser.events.data.msn.com,a2ac310ff5e238200da105108fb423ea5d9a86d3feee8fccb60c27e4454fd11e,mitmproxy,367,0,sha256WithRSAEncryption,2048,RSA,1,v3,0,1
dns-tunnel-check.googlezip.net,93faad7d6e8211e923acb7b019b5f03f187e2f2cb15516a82ff2f8444ef9a41e,mitmproxy,367,0,sha256WithRSAEncryption,2048,RSA,1,v3,0,1
launchdarkly.com,06b67bb51c5bd5d37d60d28da72a33f237ab53017bfaac9c183998221aa40e5e,mitmproxy,367,0,sha256WithRSAEncryption,2048,RSA,1,v3,0,1
js.monitor.azure.com,f62080fef2c30d9f6d0245e6650129293fe96fdf918eb78ccf4eac0f926677a0,mitmproxy,367,0,sha256WithRSAEncryption,2048,RSA,1,v3,0,1
weatherkit.apple.com,7a8925bf8acdef9133616011f84b833487bacd2b3d4a498958085c1f21d3eda5,mitmproxy,367,0,sha256WithRSAEncryption,2048,RSA,1,v3,0,1
peoplestack-pa.clients6.google.com,2a30d8bd1ef3633c7343f9b815f5b3159ad6e1d2493727293fc5040cbd93e0a3,mitmproxy,367,0,sha256WithRSAEncryption,2048,RSA,1,v3,0,1
outbrain.com,fcf85ab1a87d9c46f7ebd08f312cb511f750bf9dc61a654c8f3ef523d3627eb0,mitmproxy,367,0,sha256WithRSAEncryption,2048,RSA,1,v3,0,1
pubads.g.doubleclick.net,fe6532a2231f0f231ac95864dbb7c0a09330a6d76fec8fba91cbd0c9bdb58fd9,mitmproxy,367,0,sha256WithRSAEncryption,2048,RSA,1,v3,0,1
youtubei.googleapis.com,1be98d98888ef0e9b2b3e800a7ef4c194824ac3ef9f46c697e99b2de6c8e57c4,mitmproxy,367,0,sha256WithRSAEncryption,2048,RSA,1,v3,0,1
inmobi.com,326f8a50a3c052c7fd1192c1add9cd1602f660ec9caf8c38b57ea115d477aa3d,mitmproxy,367,0,sha256WithRSAEncryption,2048,RSA,1,v3,0,1
ajax.googleapis.com,0c5e0043ba6d0827e33c3d1410fc6eaf2c0df61d7a780f1efcd68e673db28f21,mitmproxy,367,0,sha256WithRSAEncryption,2048,RSA,1,v3,0,1
id5-sync.com,47ddacd3ec2b08f4e1763a9486fb1f80942afe2020358f40c9b73c481f98c109,mitmproxy,367,0,sha256WithRSAEncryption,2048,RSA,1,v3,0,1
play-fe.googleapis.com,9085e028af63eac3b9661be3685162cf3cca3030956fec8261ba581934b33c10,mitmproxy,367,0,sha256WithRSAEncryption,2048,RSA,1,v3,0,1
amazontrust.com,83803b3bf0b35c9ee46863b11d1e910bd80a50cf051a348967ee22453aeb11f1,mitmproxy,367,0,sha256WithRSAEncryption,2048,RSA,1,v3,0,1
peoplestackwebexperiments-pa.clients6.google.com,811a3c9c9aa560b110bf0054ade32208dbf6e04b3f9945c6f2b5d47cb8409773,mitmproxy,367,0,sha256WithRSAEncryption,2048,RSA,1,v3,0,1
maps.googleapis.com,920728da6a2099d09b3006c2b1669d26b5a2cdf615fc689160d31cf82d3cada0,mitmproxy,367,0,sha256WithRSAEncryption,2048,RSA,1,v3,0,1
aad.cs.dds.microsoft.com,f18e4ec46d95c1af8ca310974080ea6a86c4b24d20e101fdbd179b1dfa137f9d,mitmproxy,367,0,sha256WithRSAEncryption,2048,RSA,1,v3,0,1
android.com,85bf814675046a9254b2757671dec7d36c9e6a8408ab5ac81cd9f28e69ecbbd6,mitmproxy,367,0,sha256WithRSAEncryption,2048,RSA,1,v3,0,1
tapad.com,ca6ed20b9804ab5e464373ff5538fdbb9e4a861c6917a86408c6d468abd90f02,mitmproxy,367,0,sha256WithRSAEncryption,2048,RSA,1,v3,0,1
clients1.google.com,e88bcf868e42bbc0f491a20cf5c008ca526f3f55ea0b3a374bbd49a124aa7739,mitmproxy,367,0,sha256WithRSAEncryption,2048,RSA,1,v3,0,1
adsafeprotected.com,3f0b827e93877d6f6bbfb979b9180bbb09a3d23c26e6202b2342734ba82d1c66,mitmproxy,367,0,sha256WithRSAEncryption,2048,RSA,1,v3,0,1
web.facebook.com,fdbc418cdc139b2e53361217c9655170a538e8bcb0c1fc7f7f6ddecdd701eb9b,mitmproxy,367,0,sha256WithRSAEncryption,2048,RSA,1,v3,0,1
discover-pa.googleapis.com,026ad1165e4f2d87e12b4b5d93306cb9a9a4d93f3264aebfabbb4040b86425df,mitmproxy,367,0,sha256WithRSAEncryption,2048,RSA,1,v3,0,1
ipcdn.apple.com,f293dfdee2508a0bc77d28100839b0ab67026a3c0d47f48a160fd5496fb3a59e,mitmproxy,367,0,sha256WithRSAEncryption,2048,RSA,1,v3,0,1
us.sentry.io,651b8a0a06a57e22eca248cd6dd38b731b2f4d496431cddfed9ae565677c7442,mitmproxy,367,0,sha256WithRSAEncryption,2048,RSA,1,v3,0,1
aadcdn.msftauth.net,8cbb7b132e987acea9e9d9e8a373b3f7e8c9a0d8e29a9dc0f5cc0d4acf3baa74,mitmproxy,367,0,sha256WithRSAEncryption,2048,RSA,1,v3,0,1
api-noam.flightproxy.teams.microsoft.com,e5ddc03ed030bd2ba0051d259dd4ae5a1ca5885744d56eb43ac744e00f65c4fd,mitmproxy,367,0,sha256WithRSAEncryption,2048,RSA,1,v3,0,1
a-ring.msedge.net,0de5ee54f248bc845a8d874d8a57d62dfa88d20f622ea2367d7fb4b727528bf7,mitmproxy,367,0,sha256WithRSAEncryption,2048,RSA,1,v3,0,1
aadcdn.msauth.net,25ff0b91f8841e3ebcbc351ed3fb75c3b129937c437d0673b377434236cdf9d0,mitmproxy,367,0,sha256WithRSAEncryption,2048,RSA,1,v3,0,1
spo-ring.msedge.net,1dba3d5e930ef447416b6bf03820bc344f7e1901c5a59cc370dc46a61840df43,mitmproxy,367,0,sha256WithRSAEncryption,2048,RSA,1,v3,0,1
amplitude.com,5aed79b9b23102b7dd6f89ea9e138971625db6e4ac0e04631ec8d9b65dc26ab5,mitmproxy,367,0,sha256WithRSAEncryption,2048,RSA,1,v3,0,1
teams-ring.msedge.net,8fa0397ba81a3b9dffde3e9c171540dd03cd20b96b6fe5d78e2bbf64a405432a,mitmproxy,367,0,sha256WithRSAEncryption,2048,RSA,1,v3,0,1
wac-ring.msedge.net,9bf26d19353fe1c8a291cd89d68eb22b122966f028a35c8f18241aca597ca025,mitmproxy,367,0,sha256WithRSAEncryption,2048,RSA,1,v3,0,1
umbrella.com,49d7e03ccdd0c62a8ccbbf1ecf3cdceb040ff3acc605ddc44dff1f16eaf0a24c,mitmproxy,367,0,sha256WithRSAEncryption,2048,RSA,1,v3,0,1
dual-s-ring.msedge.net,04aa3d3d80c9761e9f79e0e9c27fca79233416910f810a93b512a540f07ca19b,mitmproxy,367,0,sha256WithRSAEncryption,2048,RSA,1,v3,0,1
ntp.msn.com,75d6a18153f99cc761e5dbcb4ed9376403854110841c15c080fa0ab3fb0f83ff,mitmproxy,367,0,sha256WithRSAEncryption,2048,RSA,1,v3,0,1
wps.apple.com,3dc05dc59c0ef78039505615e272186e2a7c4eec2228dafcb3db9270432d3b63,mitmproxy,367,0,sha256WithRSAEncryption,2048,RSA,1,v3,0,1
eeroup.com,8c933675fc0f3fd30e92316929fac9d4ffc54c2eeddb202a67bd36172c852298,mitmproxy,367,0,sha256WithRSAEncryption,2048,RSA,1,v3,0,1
bag-cdn-lb.itunes-apple.com.akadns.net,4258858701df78f18862149954210ff2a1a2938cd07cb14ace3699c6d3682e8e,mitmproxy,367,0,sha256WithRSAEncryption,2048,RSA,1,v3,0,1
dotomi.com,0951a15094d33619916d04e3a146377fb38e11ec004ebbf92691a90c38f25dbb,mitmproxy,367,0,sha256WithRSAEncryption,2048,RSA,1,v3,0,1
creativecdn.com,0f06ad47a0a0c8432374fbec72dd78904fb721362f60d352681c1fda598a41cf,mitmproxy,367,0,sha256WithRSAEncryption,2048,RSA,1,v3,0,1
stackadapt.com,3b9cc2d5288e97c5caa799c75f227f08caf653ec818be4b482be537734ebe4a4,mitmproxy,367,0,sha256WithRSAEncryption,2048,RSA,1,v3,0,1
srv.stackadapt.com,304856d5b49acbbb7f141b0c4f483c88d2e42ddc170239ff9a50407929bfe35b,mitmproxy,367,0,sha256WithRSAEncryption,2048,RSA,1,v3,0,1
graph-next.fp.measure.office.com,7e57168492b07950b89385dd46ca0a7d31e9fcab9e61d5e6f56dece5b90a1692,mitmproxy,367,0,sha256WithRSAEncryption,2048,RSA,1,v3,0,1
fbs.smoot.apple.com,81696c3c52e015f40ff02a69c1a79c02a21860d8e2df3d3b35e90c672feae1e7,mitmproxy,367,0,sha256WithRSAEncryption,2048,RSA,1,v3,0,1
scripts.clarity.ms,da8d3070ee38881968c39cda527e6ca8b4f579ad1a2e9cc299f07079714bb7f1,mitmproxy,367,0,sha256WithRSAEncryption,2048,RSA,1,v3,0,1
kv801.prod.do.dsp.mp.microsoft.com,07b3181ee480c9f93ce65608e24dfeff6b43d308685128dfc2d5dff5a4ff6071,mitmproxy,367,0,sha256WithRSAEncryption,2048,RSA,1,v3,0,1
kt-prod.ess.apple.com,52e928d4ea171a1cd1e47daa98e2b7a86ba1376105f90b7024c3678f4be14110,mitmproxy,367,0,sha256WithRSAEncryption,2048,RSA,1,v3,0,1
graph-fallback.facebook.com,1faec744e5b3a961618e51ee6cc40f326a8a007c119a0702546816247f6cb5be,mitmproxy,367,0,sha256WithRSAEncryption,2048,RSA,1,v3,0,1
slscr.update.microsoft.com,266e9341bd9b66311061593663099d4754c5084fc765072a200c6a16f575524d,mitmproxy,367,0,sha256WithRSAEncryption,2048,RSA,1,v3,0,1
gsp64-ssl.ls.apple.com,8ff42b9ab503d22673a1f3c8bb869f15927938b45db2b9168c7ceaac80634a3b,mitmproxy,367,0,sha256WithRSAEncryption,2048,RSA,1,v3,0,1
onetrust.com,1431e72584ddedbda91238240cf92d6516919023d03e23c60c9826589688363b,mitmproxy,367,0,sha256WithRSAEncryption,2048,RSA,1,v3,0,1
crashlytics.com,c715df0ecdc011e3a9af37f1e9df53c9e97acf19d0e950006659e9c71531ec0c,mitmproxy,367,0,sha256WithRSAEncryption,2048,RSA,1,v3,0,1
sync.1rx.io,4b4201772d2055b8b098b549df40cb21b8d5a8613435e2989dd088338127d8df,mitmproxy,367,0,sha256WithRSAEncryption,2048,RSA,1,v3,0,1
amcdn.msftauth.net,aef761cc7e4da26e14e3a02182c614fc5adc52e791550bd09c55ddd531b611fe,mitmproxy,367,0,sha256WithRSAEncryption,2048,RSA,1,v3,0,1
substrate.svc.cloud.microsoft,38e31c139a8a599dd9ac7eb027baf82518ad8fb1919f214e42e7ec6cdd02e3cb,mitmproxy,367,0,sha256WithRSAEncryption,2048,RSA,1,v3,0,1
firebase-settings.crashlytics.com,7e67a136a8a812ffffa2e114fff9746041c80d7adb8011fc42fd98cd5b5d1c69,mitmproxy,367,0,sha256WithRSAEncryption,2048,RSA,1,v3,0,1
cp601.prod.do.dsp.mp.microsoft.com,6b69304685957519fdef5b93b11604a3f93f01bdb94c5a7f847bb9aa2d3a6b24,mitmproxy,367,0,sha256WithRSAEncryption,2048,RSA,1,v3,0,1
twitter.com,cf6802e8d2094c6628b579c2c15b6676bb32fd06baa5357c6b74a2a0a063a9ca,mitmproxy,367,0,sha256WithRSAEncryption,2048,RSA,1,v3,0,1
copilot.cloud.microsoft,54317079ae5ab79de2329edada8e820e47fa607e02c3454c579e5a86086d92a3,mitmproxy,367,0,sha256WithRSAEncryption,2048,RSA,1,v3,0,1
appsforoffice.microsoft.com,2cc2f2bac491c0e5b3f599303783cdd96ae1871b5c01678fda2e755cf48c96ec,mitmproxy,367,0,sha256WithRSAEncryption,2048,RSA,1,v3,0,1
configuration-lb.ls-apple.com.akadns.net,1eff5d61676aa2a6e2180aba3df51995d7e611704d5e35db911d5bb5387602e6,mitmproxy,367,0,sha256WithRSAEncryption,2048,RSA,1,v3,0,1
360yield.com,00eb83f69f5e2ef066f59e4894699c930ee1c52b156c204f41fdb8003f4128c5,mitmproxy,367,0,sha256WithRSAEncryption,2048,RSA,1,v3,0,1
msedge.b.tlu.dl.delivery.mp.microsoft.com,5714520d1660baff4e0da11d9005250151f19dea3281c954ab1f01ff9df2e355,mitmproxy,367,0,sha256WithRSAEncryption,2048,RSA,1,v3,0,1
lijit.com,14db6e2a8ec072fa830c640ef4c62b8b7ccef29e95fae80a9cebba6274fa5aab,mitmproxy,367,0,sha256WithRSAEncryption,2048,RSA,1,v3,0,1
kv501.prod.do.dsp.mp.microsoft.com,e503ab69a80410b812a467be65d910b07b23ae5d8a9a883182da756ddb238fa4,mitmproxy,367,0,sha256WithRSAEncryption,2048,RSA,1,v3,0,1
connectivity-test.cloud.microsoft,545442d869376b4b088c0f176ca9dd0ef109efc1c5ec07f2415763c854bf329c,mitmproxy,367,0,sha256WithRSAEncryption,2048,RSA,1,v3,0,1
connectivity-test.usercontent.microsoft,81ffa8b85428de1897acae37d089f064d3ab74acc6e6619fd4ad0f325f22aa62,mitmproxy,367,0,sha256WithRSAEncryption,2048,RSA,1,v3,0,1
cds.apple.com,e6b2878864235c97b65e636166d7ecd681e4741473ea4551ab1bef7bb6627e58,mitmproxy,367,0,sha256WithRSAEncryption,2048,RSA,1,v3,0,1
sharethrough.com,e19486b44f3894d8b57e4f8541b9ff41c198513053500ebbb953ec2935e91a83,mitmproxy,367,0,sha256WithRSAEncryption,2048,RSA,1,v3,0,1
temu.com,338be978c38146375b1954814b6041cd1ab470df50d090ad250c0009c595db96,mitmproxy,367,0,sha256WithRSAEncryption,2048,RSA,1,v3,0,1
logs.netflix.com,c1397aefaf4f6fc5bdb89c7b81e909b146abd9d5b5e7e635712377c6dc8febcc,mitmproxy,367,0,sha256WithRSAEncryption,2048,RSA,1,v3,0,1
imasdk.googleapis.com,f16afd969bce7fca1065f942c9342cec3c48e76165262fcca6e9bfcea8434d1f,mitmproxy,367,0,sha256WithRSAEncryption,2048,RSA,1,v3,0,1
tr-ssc-mira.office.com,a19b208339d604aed1d80f9307aa5356e7d4eb138c5c0c32cc41b479886e1a25,mitmproxy,367,0,sha256WithRSAEncryption,2048,RSA,1,v3,0,1
dual-s-ring-fallback.msedge.net,14b1dd6dd1e88272a0fa43e271bf65b28121dc8447a048b984ad5fb22d42e997,mitmproxy,367,0,sha256WithRSAEncryption,2048,RSA,1,v3,0,1
sandbox.itunes.apple.com,5853a623927baeeaa1bf9c39657eb570f6212f53fba9e6cb561a84d96477e644,mitmproxy,367,0,sha256WithRSAEncryption,2048,RSA,1,v3,0,1
wac-ring-fallback.msedge.net,054cdbcfb9e4086edf6d8ecfcc823e1e094777c15e28a3c0d3d22e8360499756,mitmproxy,367,0,sha256WithRSAEncryption,2048,RSA,1,v3,0,1
teams-ring-fallback.msedge.net,ac8b01f497b78887ac0331b8c3fbc561530f3c22582a6688410e4241d6ad975e,mitmproxy,367,0,sha256WithRSAEncryption,2048,RSA,1,v3,0,1
spov-ring-fallback.msedge.net,e07215822f4ab7497f18677df4aab4847e35ec8522e36202b9be59f7c91f4f82,mitmproxy,367,0,sha256WithRSAEncryption,2048,RSA,1,v3,0,1
swallow.apple.com,dd7fe4666929a26a9f9dab3c8e7f7462d04d3d693be22fe007fc35aa9e3ec1e3,mitmproxy,367,0,sha256WithRSAEncryption,2048,RSA,1,v3,0,1
p.typekit.net,4114fb905d12d751e5362b01a85c14a82fc132d8d7e615812b46528abc309a4a,mitmproxy,367,0,sha256WithRSAEncryption,2048,RSA,1,v3,0,1
init.itunes.apple.com,bd3935803437ef1f695e1b77c251cfafe2a0df22802cb8602aa8d60f816d254f,mitmproxy,367,0,sha256WithRSAEncryption,2048,RSA,1,v3,0,1
us-u.openx.net,8d4a0e53f156afcf11a96c2488d24e8fd7023fe65299d6ec1883103b2ea42ee1,mitmproxy,367,0,sha256WithRSAEncryption,2048,RSA,1,v3,0,1
doh.opendns.com,ed1da6bbe61bb6fb2d27606728eb19b377e953b18727c881cae20f481029d4b2,mitmproxy,367,0,sha256WithRSAEncryption,2048,RSA,1,v3,0,1
pinterest.com,a9c2d3575c41596fd3bf2dd694cb463cdece734990cceccbfc81210639f41530,mitmproxy,367,0,sha256WithRSAEncryption,2048,RSA,1,v3,0,1
pixel.tapad.com,008b7344398eacf612091da03af2a18be67ef5ef21cc97176cc84f075d249dad,mitmproxy,367,0,sha256WithRSAEncryption,2048,RSA,1,v3,0,1
ads.pubmatic.com,faa51b3ed67220f2fa75464a4274cbe084ec191caeb885d9a027871a6ddd7ab7,mitmproxy,367,0,sha256WithRSAEncryption,2048,RSA,1,v3,0,1
setup.icloud.com,630e6f97b195ba2edea1b95def5c1ed19c669b120f9e00791baa0eb9a6becf7d,mitmproxy,367,0,sha256WithRSAEncryption,2048,RSA,1,v3,0,1
gsp85-ssl.ls.apple.com,cdd51cf0f891edff4b02510527da2d1ec86b05e07a4c2eb073df35c2c1ccea1a,mitmproxy,367,0,sha256WithRSAEncryption,2048,RSA,1,v3,0,1
cl3.apple.com,d7ca82e76d03156f7c8d4ebba188b7ac9f4db1d5703ad2b6570fb21d0e754792,mitmproxy,367,0,sha256WithRSAEncryption,2048,RSA,1,v3,0,1
aepxlg.adobe.com,b6630ff29b849c1d22b3281da222616c8047b7caef2046ff46484ed8788c34b5,mitmproxy,367,0,sha256WithRSAEncryption,2048,RSA,1,v3,0,1
doh.umbrella.com,ed1da6bbe61bb6fb2d27606728eb19b377e953b18727c881cae20f481029d4b2,mitmproxy,367,0,sha256WithRSAEncryption,2048,RSA,1,v3,0,1
data.pendo.io,ae9b882e0d65070ec8c15562ef2808e7d8c62eef63106e46f467b2e31018cf4e,mitmproxy,367,0,sha256WithRSAEncryption,2048,RSA,1,v3,0,1
mzstorekit.itunes.apple.com,4c23c149c8a47ae11651bf013b46b5bd35d9e5b6c8fb9e99465301be400d09cd,mitmproxy,367,0,sha256WithRSAEncryption,2048,RSA,1,v3,0,1
e673.dsce9.akamaiedge.net,ecd8a821a7b41113d88f6012cd53a57a4786a840d45227824ea03bbb5e0cfd9c,mitmproxy,367,0,sha256WithRSAEncryption,2048,RSA,1,v3,0,1
android.googleapis.com,e0bdbf53fc8110b0232a44cc03225eff8721e074faa6dda55ac150f1dae223df,mitmproxy,367,0,sha256WithRSAEncryption,2048,RSA,1,v3,0,1
r.bing.com,5e59dac45f1eb4aec377f03e826d61b175469f186995e04cfe01cef978fb4da7,mitmproxy,367,0,sha256WithRSAEncryption,2048,RSA,1,v3,0,1
ipv4probe.office.com,04b2923257cdf251afb3194333668548638ab0df5a76b33ca4911ffd811c5b3c,mitmproxy,367,0,sha256WithRSAEncryption,2048,RSA,1,v3,0,1
gsa.apple.com,3fed52297e908daf16a98ae99a1bfa794ddaba0ec3a0b0c8c3852ef3806c7a49,mitmproxy,367,0,sha256WithRSAEncryption,2048,RSA,1,v3,0,1
ftl.netflix.com,e1a350ab76a63bed44378eec69d19c92f8d6a1f9481eea3ee2f1dfef4f3f6483,mitmproxy,367,0,sha256WithRSAEncryption,2048,RSA,1,v3,0,1
idsync.rlcdn.com,0c3885616c784d15e305df1cc017961067a50719cda9bf8cd695a1957fc611ed,mitmproxy,367,0,sha256WithRSAEncryption,2048,RSA,1,v3,0,1
token.safebrowsing.apple,970ff5a4e8bcccda73d0ed8ac624653fcf97a64f3ebad7edc701be9578cab71e,mitmproxy,367,0,sha256WithRSAEncryption,2048,RSA,1,v3,0,1
identity.nel.measure.office.net,8810d273126d7f6a74be0ff11d4a70db97bf897fedf888c36f761375de682a3f,mitmproxy,367,0,sha256WithRSAEncryption,2048,RSA,1,v3,0,1
fls.doubleclick.net,b1ea3ef56c11bb8f8ceecc9a01432a095961ec33631ab06700c3ee568eebe4c9,mitmproxy,367,0,sha256WithRSAEncryption,2048,RSA,1,v3,0,1
secure.adnxs.com,76b73b20aef99ee5649dcbfd3a68dc67a0535bec034051ae9abc48c41fa7c273,mitmproxy,367,0,sha256WithRSAEncryption,2048,RSA,1,v3,0,1
aa.agkn.com,eb242422b742eb6328c915babcfe0a52a96ddb80c10c33005dc4c9acf0183c50,mitmproxy,367,0,sha256WithRSAEncryption,2048,RSA,1,v3,0,1
agentsnfb1.manage.microsoft.com,42b9f85cc7880fed6ca5eddfde4bfd8c64ce84cd6322739e76e659ba81593b85,mitmproxy,367,0,sha256WithRSAEncryption,2048,RSA,1,v3,0,1
agentsnfbsec.manage.microsoft.com,baeb65bf462d12914c9c9e2f0eea9fe1a96808b44cd5b636df15e4dce30d031c,mitmproxy,367,0,sha256WithRSAEncryption,2048,RSA,1,v3,0,1
telephony.goog,3b24e6ada10afb82cea47bd167f1bd04a0ce9f24ce6182dd6021174e96cb4170,mitmproxy,367,0,sha256WithRSAEncryption,2048,RSA,1,v3,0,1
com.edgesuite.net,5a751989d9d11a66a42d2b0b977bfc736a1c4a0beb4945d7c8555a97610e24a1,mitmproxy,367,0,sha256WithRSAEncryption,2048,RSA,1,v3,0,1
agentsnpri.manage.microsoft.com,9871073e889ab5050d14e0f5a4b1b6b82e9e4bb0f7e06f64a3d6590276d334db,mitmproxy,367,0,sha256WithRSAEncryption,2048,RSA,1,v3,0,1
drivefrontend-pa.googleapis.com,2398985f5367317047e27131b831fc1eccfe84458ffaef8450ba1bbffbbf02c2,mitmproxy,367,0,sha256WithRSAEncryption,2048,RSA,1,v3,0,1
token.rubiconproject.com,47ce45d917bcde6364385d09f85429c77924d10156f26e1a62b26c34d2644b3e,mitmproxy,367,0,sha256WithRSAEncryption,2048,RSA,1,v3,0,1
adform.net,93f32ce3c4b885853401b88d6e08cc415bbc5d152e9f79af88dae0c4fd97bbb5,mitmproxy,367,0,sha256WithRSAEncryption,2048,RSA,1,v3,0,1
quantserve.com,6136f8ecbf8e55b245eacff93b5990d8802122f519006c187881ad5de7e88287,mitmproxy,367,0,sha256WithRSAEncryption,2048,RSA,1,v3,0,1
contacts.google.com,80d95f23cc9a9ff41bdddc0d82d6822e431624545d71d1f73b448c0a9333750a,mitmproxy,367,0,sha256WithRSAEncryption,2048,RSA,1,v3,0,1
rcs.telephony.goog,9aba7f70ffa98b7e36fe6df30e94276517b5fe280100bd12d6d50d7fac55eec5,mitmproxy,367,0,sha256WithRSAEncryption,2048,RSA,1,v3,0,1
sectigo.com,de8e363ac2cb01aaa44a828d9fd80bac9177297ac39cc9ef14143e1bd8d4dc8c,mitmproxy,367,0,sha256WithRSAEncryption,2048,RSA,1,v3,0,1
gs-loc.ls-apple.com.akadns.net,4aa68e7fa40c2c7a7121307eccd5add7fe1399cceafdf32cec25863f902a1de0,mitmproxy,367,0,sha256WithRSAEncryption,2048,RSA,1,v3,0,1
unpkg.com,16cc5f1f8e7eabce4ad5511b63bc65e0ee504534d3bcb790b5f60d7e974f7578,mitmproxy,367,0,sha256WithRSAEncryption,2048,RSA,1,v3,0,1
adservice.google.com,6ec88bb6c3c9e6844634c316002f6c1610840c7085672070d4ba65677ea7c72a,mitmproxy,367,0,sha256WithRSAEncryption,2048,RSA,1,v3,0,1
i-fallback.instagram.com,0fae4f6e18a27b450356007f14afbab453065944e0866030d9fac4a6a9982071,mitmproxy,367,0,sha256WithRSAEncryption,2048,RSA,1,v3,0,1
agentsnprim.manage.microsoft.com,a49f9048a8b7c4f1312d33c49bf7775691aa5da6d8908d0eda711ac6cdf76215,mitmproxy,367,0,sha256WithRSAEncryption,2048,RSA,1,v3,0,1
tiktokv.com,f8aa727000f2867306587a96bb1b301bb73f09bcc0ca3ca268aad6e35da135a8,mitmproxy,367,0,sha256WithRSAEncryption,2048,RSA,1,v3,0,1
star.c10r.facebook.com,1336c317be44395bd0cf24a1981e22b5d28c81c6acd7978dd498b4a6bfc71202,mitmproxy,367,0,sha256WithRSAEncryption,2048,RSA,1,v3,0,1
edge.e2ro.com,7cf85929b07083b3aefaafd8654ad5bfa028337b1d3532a5a33cf54fab19a148,mitmproxy,367,0,sha256WithRSAEncryption,2048,RSA,1,v3,0,1
app-site-association.cdn-apple.com,01050196ea1deb95e0f4cb357119a4a91bf7166729e1b603de245e55e8d318d5,mitmproxy,367,0,sha256WithRSAEncryption,2048,RSA,1,v3,0,1
newrelic.com,0011cd19ad596057fe79916f343873210869893daab0c3bde13b4bb8d4282d2a,mitmproxy,367,0,sha256WithRSAEncryption,2048,RSA,1,v3,0,1
entitlements.itunes.apple.com,9ded1f25685ea5ec27c775bf1966bf22a1f3bce2057d5d546a680ceb1ee6ade2,mitmproxy,367,0,sha256WithRSAEncryption,2048,RSA,1,v3,0,1
agentsnfb2.manage.microsoft.com,89a867608809fbbf3354363cc26ae559d7992735d9e41b3f10f93c23ec96c937,mitmproxy,367,0,sha256WithRSAEncryption,2048,RSA,1,v3,0,1
analytics.tiktok.com,8316b5e25d8d048797f4ef87d89319ec7f0a0a0616abbd2781294b6005e049af,mitmproxy,367,0,sha256WithRSAEncryption,2048,RSA,1,v3,0,1
m.media-amazon.com,7124e4193cfe93af2b57e12f43b3f19a48b38850561d291d76bd8842ffd1b863,mitmproxy,367,0,sha256WithRSAEncryption,2048,RSA,1,v3,0,1
icloud-content.com,da70de01fdd959e8ef0a557fd012ed7454fda1083022b73c3efaf7fd13b90d89,mitmproxy,367,0,sha256WithRSAEncryption,2048,RSA,1,v3,0,1
googleads4.g.doubleclick.net,afaf080ef4629f52afb64b72fedda91b9f7d9f978f45f5b1994b086b4d806bf9,mitmproxy,367,0,sha256WithRSAEncryption,2048,RSA,1,v3,0,1
cdn.doubleverify.com,ed422e0a539a899412ea495693e401cb882774b7a40a548ae1715c0bf766f4ec,mitmproxy,367,0,sha256WithRSAEncryption,2048,RSA,1,v3,0,1
z-m-gateway.facebook.com,9a22377ced67eb3a1d81a2ac678c67039fcc201ed313efa9c2008cf7080d11a8,mitmproxy,367,0,sha256WithRSAEncryption,2048,RSA,1,v3,0,1
teads.tv,b4415730397c989b1b497f0b3f2da650fa5b0839ec85c04e607388ab30d3d46b,mitmproxy,367,0,sha256WithRSAEncryption,2048,RSA,1,v3,0,1
scontent.xx.fbcdn.net,badc0ea2dd28514a814710000d386cb73a1fc592c43696142164e431322b2330,mitmproxy,367,0,sha256WithRSAEncryption,2048,RSA,1,v3,0,1
ci3.googleusercontent.com,bb793d2d466b20aedb02f31ad57e0f2c85513c66a93e2521ad5602a28527b03e,mitmproxy,367,0,sha256WithRSAEncryption,2048,RSA,1,v3,0,1
push.prod.netflix.com,e659d682afee80e6c93a25850040b9702c3b3df01e1f73ec2a329534292dc9ae,mitmproxy,367,0,sha256WithRSAEncryption,2048,RSA,1,v3,0,1
clients2.googleusercontent.com,aeedb39cc33314002006edf3942f0cc4a49788467dfbc5be9ac2c9d98c8a54cd,mitmproxy,367,0,sha256WithRSAEncryption,2048,RSA,1,v3,0,1
xp.v.aaplimg.com,8867d21612b52af382d241526133e5f59aadd83e8c4a06eb27615818ee33c384,mitmproxy,367,0,sha256WithRSAEncryption,2048,RSA,1,v3,0,1
safesearch.googleapis.com,64b86e6113f24a5e62ec4182d0856d1203f27933773e684c1926e5140cac6003,mitmproxy,367,0,sha256WithRSAEncryption,2048,RSA,1,v3,0,1
tps.doubleverify.com,9cff03f9ef2c23b4e7c4f768fd8d33930d7485aab32171ef826857f1a876f44d,mitmproxy,367,0,sha256WithRSAEncryption,2048,RSA,1,v3,0,1
appsgrowthpromo-pa.clients6.google.com,89a122b754af80e2f6e6750dafee1b0d1008967fafa419cc5050d8db59da02e8,mitmproxy,367,0,sha256WithRSAEncryption,2048,RSA,1,v3,0,1
dsum-sec.casalemedia.com,a782f73990950e5e77a3505752d6699652c3078631f50ed0159918258388452a,mitmproxy,367,0,sha256WithRSAEncryption,2048,RSA,1,v3,0,1
drivefrontend-pa.clients6.google.com,50387cb30fb80c24db77409a7bf3bd6c7990fb77a0773f2ad3c1c939d1c7617b,mitmproxy,367,0,sha256WithRSAEncryption,2048,RSA,1,v3,0,1
amp-api-edge.apps.apple.com,b73adaec0f24fb84addedbb595c53800efb092e666886e48396d66d475658cdd,mitmproxy,367,0,sha256WithRSAEncryption,2048,RSA,1,v3,0,1
browser-intake-datadoghq.com,0ce9512d21daf59e57c5cca106119e156991b57f98fd41fc0e2bd8c36ca68fd5,mitmproxy,367,0,sha256WithRSAEncryption,2048,RSA,1,v3,0,1
www.linkedin.com,cab921cafb04539acc2bb33ed752740f28b604ecb08594a7e3980b0e3a552a66,mitmproxy,367,0,sha256WithRSAEncryption,2048,RSA,1,v3,0,1
match.sharethrough.com,8f2a768e4cd80e02c327a5f98e10857873c3d5645ca4309722ac9634625f13b7,mitmproxy,367,0,sha256WithRSAEncryption,2048,RSA,1,v3,0,1
appcenter.ms,326f1767a7d53cf9b5fbf763a79c2de0ee76026f4a3eb4810e660b6e0c33707e,mitmproxy,367,0,sha256WithRSAEncryption,2048,RSA,1,v3,0,1
fundingchoicesmessages.google.com,bc2c3e12b1ef95860bf4cd8a6049e3eeee817b6e7778ce19ead5b1a2c5891cb7,mitmproxy,367,0,sha256WithRSAEncryption,2048,RSA,1,v3,0,1
reddit.com,ba2173c605c68fd7dec2e2a78b699204f00eddc94b14fa03608068daf0a6050e,mitmproxy,367,0,sha256WithRSAEncryption,2048,RSA,1,v3,0,1
sync.srv.stackadapt.com,829c2a22b02c3618db2b8fdfaaa86e6a1b953a569d08d5bb25f1199bd770eef0,mitmproxy,367,0,sha256WithRSAEncryption,2048,RSA,1,v3,0,1
geolocation.onetrust.com,1e433aff15383e99d7f732c1c5830f86ceb227bcbdc32a72d23891fc52f08078,mitmproxy,367,0,sha256WithRSAEncryption,2048,RSA,1,v3,0,1
visualstudio.com,f931e760372597482486f40922c14ff6e1b0d1120bd03f09a3ecfc37e4dcd15c,mitmproxy,367,0,sha256WithRSAEncryption,2048,RSA,1,v3,0,1
cdn.pendo.io,80b44e261e4d9d5c20c59258e26400ea97da8e41a792ebc491b46404963255b5,mitmproxy,367,0,sha256WithRSAEncryption,2048,RSA,1,v3,0,1
unitedstates.smartscreen.microsoft.com,df113cdf16fc2b226b536ac5150357dca8315c1cdf44ae9af5e4d26a60c1b13c,mitmproxy,367,0,sha256WithRSAEncryption,2048,RSA,1,v3,0,1
www.temu.com,5b2767687f622e003c58d2484fc0bd4c8f117a1f61d8be461f8e0f46cd85b94e,mitmproxy,367,0,sha256WithRSAEncryption,2048,RSA,1,v3,0,1
cs.media.net,7eb1ef911372f517e311a96868de0cfaa2c59bc1bd1dd416c8d09d8a685339de,mitmproxy,367,0,sha256WithRSAEncryption,2048,RSA,1,v3,0,1
fs.microsoft.com,ee2fad3d4a98d5c41bd52828958ba2b571ad2e379c3360ea512db338891b8900,mitmproxy,367,0,sha256WithRSAEncryption,2048,RSA,1,v3,0,1
fastlane.rubiconproject.com,8efdb6fb89f266f54f29de74cbe481ab5154fd1a00682cdbbc82a5033aa8aa8b,mitmproxy,367,0,sha256WithRSAEncryption,2048,RSA,1,v3,0,1
zoom.us,03b64f8e0dbce5201ed349daf7b353645f33b78078ab438738711ce359615f8a,mitmproxy,367,0,sha256WithRSAEncryption,2048,RSA,1,v3,0,1
graph-fallback.instagram.com,b0928ed4a6795d67328e61770a75c0641cf7a69f61164d300ee955b1ef26a5b3,mitmproxy,367,0,sha256WithRSAEncryption,2048,RSA,1,v3,0,1
fe3cr.delivery.mp.microsoft.com,5d9698dfc9e89ffad327f135c4846edcf3c3975c3b0e53c5bd93cbe236de4ee4,mitmproxy,367,0,sha256WithRSAEncryption,2048,RSA,1,v3,0,1
id.rlcdn.com,f1d71b20d247783b6f845cc3ac03ac9ba154d0108a35bea1d9001e22b124891b,mitmproxy,367,0,sha256WithRSAEncryption,2048,RSA,1,v3,0,1
insights.static.microsoft,a6da45121606e5425c757d9d6dbc6c95fbfeb6d349e67b6220efbbad3ae09292,mitmproxy,367,0,sha256WithRSAEncryption,2048,RSA,1,v3,0,1
dis.criteo.com,2a8a8c0fabf0064c4f0cfe439c9fe32df39892b1814a0766c99770f94080e39f,mitmproxy,367,0,sha256WithRSAEncryption,2048,RSA,1,v3,0,1
addin.insights.static.microsoft,642ebce43cb3498b77c9c92a179c4305153b54e690ad6aa66a1e83b44707a5ad,mitmproxy,367,0,sha256WithRSAEncryption,2048,RSA,1,v3,0,1
attachments.office.net,fc1fb66680c321868a8d256e0fda291e27ae7fcde80c3a0b713bb5012d43bb8a,mitmproxy,367,0,sha256WithRSAEncryption,2048,RSA,1,v3,0,1
chatgpt.com,610fae52a97a2980f9561863aa232d4ff60ca5f6fb3d10d7f550d49ee6aec0fa,mitmproxy,367,0,sha256WithRSAEncryption,2048,RSA,1,v3,0,1
rtb.openx.net,cbada94676d6a828693d00f20eaa24f9c3cfb6ae2b480f7680405562393f1ec9,mitmproxy,367,0,sha256WithRSAEncryption,2048,RSA,1,v3,0,1
mesu.g.aaplimg.com,0a2e0d3222118dff96e5494f83925ef8523e28baa43dad82af1b0bf3dea26d60,mitmproxy,367,0,sha256WithRSAEncryption,2048,RSA,1,v3,0,1
memex-pa.googleapis.com,3795b655863e477e8a97d318184139dfd5840b448fb50dc5bbf4aa9e8edfb58c,mitmproxy,367,0,sha256WithRSAEncryption,2048,RSA,1,v3,0,1
amd-infra.itunes.apple.com,ce986750cdf0a75bd8050069d5649ee4826e4663c68dd8cb8308d6cecf10e95f,mitmproxy,367,0,sha256WithRSAEncryption,2048,RSA,1,v3,0,1
cp801.prod.do.dsp.mp.microsoft.com,f9b45b0de276be9534697f708b9615501c9d60f6f7a6b62c04eda72f0e2e07ea,mitmproxy,367,0,sha256WithRSAEncryption,2048,RSA,1,v3,0,1
outlook.mira.tm.svc.cloud.microsoft,e2517cbc6c8cd6963e8b683039e107d62578fd405815db2cdfe30855fe1e6b6e,mitmproxy,367,0,sha256WithRSAEncryption,2048,RSA,1,v3,0,1
play-lh.googleusercontent.com,cfebfd0edc0297a371b02a5b6016fe63cf3d8b61e2ae176d66f0ddf65ed9c723,mitmproxy,367,0,sha256WithRSAEncryption,2048,RSA,1,v3,0,1
cp501.prod.do.dsp.mp.microsoft.com,458900daadf00b133472d5839c8acb47f2f243f20f23be4ab22d64480bce6d33,mitmproxy,367,0,sha256WithRSAEncryption,2048,RSA,1,v3,0,1
ssum-sec.casalemedia.com,ab833dc59d467749fd70777b89ddfe6ff9c09ba357e5140ca3e4db31e04edaff,mitmproxy,367,0,sha256WithRSAEncryption,2048,RSA,1,v3,0,1
fa000000012.resources.office.net,6497d47654074ce877e41e67d180fe96bcf9e423483a9cfa197d7314afc1d02d,mitmproxy,367,0,sha256WithRSAEncryption,2048,RSA,1,v3,0,1
in.appcenter.ms,98b464f4ae8a9a03cefcd39a19804001feefb9135fa62861acb8a5a478c0a87b,mitmproxy,367,0,sha256WithRSAEncryption,2048,RSA,1,v3,0,1
eus.rubiconproject.com,8366aadf35d3a069b5226e2e68fe753250ac17e68ae690eec7a98875c843a58b,mitmproxy,367,0,sha256WithRSAEncryption,2048,RSA,1,v3,0,1
match.prod.bidr.io,58b613fa519f922dbddaf03ccb941f77c9ffe628c2038669f195e9a29097551d,mitmproxy,367,0,sha256WithRSAEncryption,2048,RSA,1,v3,0,1
device-config.pcms.apple.com,7156de3397ca84543196f1cf60bcbf90d2f567052e5201deaac10d8f9e2f5b29,mitmproxy,367,0,sha256WithRSAEncryption,2048,RSA,1,v3,0,1
api.smoot.apple.com,6c2f99e53b8cf84c9fb8d654d664e086477a72e3cb50ed20d3d2c1567cc34bf7,mitmproxy,367,0,sha256WithRSAEncryption,2048,RSA,1,v3,0,1
i.liadm.com,4927357854c881ad819c5755f685aaba0541d56e6d26461612231ae3701b0643,mitmproxy,367,0,sha256WithRSAEncryption,2048,RSA,1,v3,0,1
xp.itunes-apple.com.akadns.net,118640db92bbd399673e12f1a5ae8d58400a12c14bc0db8fe691191ff4ba5ff3,mitmproxy,367,0,sha256WithRSAEncryption,2048,RSA,1,v3,0,1
tsfe.trafficshaping.dsp.mp.microsoft.com,081ff28ecc73fcbf962b71f0c15e146b7e458daee368985df22b1170b87788e4,mitmproxy,367,0,sha256WithRSAEncryption,2048,RSA,1,v3,0,1
geller-pa.googleapis.com,cc470b06ab086dcce859e7150131a5241198f64ee65f458da20e91c05f8e03bc,mitmproxy,367,0,sha256WithRSAEncryption,2048,RSA,1,v3,0,1
prod-lt-playstoregatewayadapter-pa.googleapis.com,f669fad637d3ad1eda89405d3ab9b9f335577c5bc42f1b3c265b918d31a05c99,mitmproxy,367,0,sha256WithRSAEncryption,2048,RSA,1,v3,0,1
disc601.prod.do.dsp.mp.microsoft.com,5248520953c672a9048fa8d5f98d65653aabd972ad16bf46fad544ee0299f2eb,mitmproxy,367,0,sha256WithRSAEncryption,2048,RSA,1,v3,0,1
meetings.googleapis.com,f28181c28b3b2eefcd11fd52001e0bb8b69f1265b6ad5b30688a031b45d3e9f8,mitmproxy,367,0,sha256WithRSAEncryption,2048,RSA,1,v3,0,1
hbopenbid.pubmatic.com,18477c795159a2daa6d6850b6175a73f43339dddf9412a29eaaa74b987106773,mitmproxy,367,0,sha256WithRSAEncryption,2048,RSA,1,v3,0,1
dit.whatsapp.net,6e0f5ec9f6b2eb4c27249266b7fe08cd460d5b8af399add449cdf1a4c4c05177,mitmproxy,367,0,sha256WithRSAEncryption,2048,RSA,1,v3,0,1
fwmrm.net,42386d3266552276b558460fb572958918ca9e6e1f3cf7a60c868973f4b8ddd0,mitmproxy,367,0,sha256WithRSAEncryption,2048,RSA,1,v3,0,1
api.whatsapp.net,ed7cf1dc9b3db22ea9469a4611334ad5ed404c97202a9da15f300bcdd67afc3e,mitmproxy,367,0,sha256WithRSAEncryption,2048,RSA,1,v3,0,1
inbox.google.com,fde80fe2bb2c8e7c8376541d6f5697d4b668f1088c5a230c9d651ee9ad899115,mitmproxy,367,0,sha256WithRSAEncryption,2048,RSA,1,v3,0,1
cl2.apple.com,df65a28c52f7b6c6a825d699894168cc2b8368a65e690f959ebff5fc2a27670a,mitmproxy,367,0,sha256WithRSAEncryption,2048,RSA,1,v3,0,1
gspe19-2-ssl.ls.apple.com,b8749aec7984e19cb25ea5b98b5814f18a190aee2fdb3d23db0e8b86f4648889,mitmproxy,367,0,sha256WithRSAEncryption,2048,RSA,1,v3,0,1
gsp10-ssl.apple.com,cfca94525ade28cad8ec53f3116d00028202f638c46b036f5cf263acb1537008,mitmproxy,367,0,sha256WithRSAEncryption,2048,RSA,1,v3,0,1
gateway.instagram.com,517216e954d3f810629715216f2d4a1d3b0a828bbdda52943e930cbb2a947bea,mitmproxy,367,0,sha256WithRSAEncryption,2048,RSA,1,v3,0,1
worldaz.relay.teams.microsoft.com,113ce87c4892000e5b0a84ca433759b81071238b960297075931e99a1c892595,mitmproxy,367,0,sha256WithRSAEncryption,2048,RSA,1,v3,0,1
contextweb.com,6779bbadc2b5ce02f742604e0c5abf0c137c83a22c33e9674ba4ba65ea844974,mitmproxy,367,0,sha256WithRSAEncryption,2048,RSA,1,v3,0,1
trc.taboola.com,88fb718494286c3cb7cfa142ae9e6d13768384a2fcf703e4a56574a880a30805,mitmproxy,367,0,sha256WithRSAEncryption,2048,RSA,1,v3,0,1
33across.com,f0109f661bff5e514a3bd4a0b5d991dcaebf0b0bb265762e76514721b778fcae,mitmproxy,367,0,sha256WithRSAEncryption,2048,RSA,1,v3,0,1
yieldmo.com,4abf98fc2a3e492b0f8c147be9c34eaa892120b07530f55a22232a0ed6264e7d,mitmproxy,367,0,sha256WithRSAEncryption,2048,RSA,1,v3,0,1
b1.nel.goog,2783852bd29b158da8c9ccf81727c2c8bf7828e246f318c6f062f3dbe509de42,mitmproxy,367,0,sha256WithRSAEncryption,2048,RSA,1,v3,0,1
oauth2.googleapis.com,0ede9d3b2915def3f4e6b4551f6a862465bea8e5c37db801005ad65612e2eb8d,mitmproxy,367,0,sha256WithRSAEncryption,2048,RSA,1,v3,0,1
android.apis.google.com,ccef6ea62d913bca7107731c0afea11167317c5548ef553b101b5b5d8839e694,mitmproxy,367,0,sha256WithRSAEncryption,2048,RSA,1,v3,0,1
oauth.officeapps.live.com,bfe64a9f8ebe5ebfc9d48f0eefbbb8900123bfcec3ed2f8d91443b15db678dc2,mitmproxy,367,0,sha256WithRSAEncryption,2048,RSA,1,v3,0,1
s.mzstatic.com,ec4a16ad3a682696390e5e18411a619b902ff3b16fe9e9e12a386b4ede74216e,mitmproxy,367,0,sha256WithRSAEncryption,2048,RSA,1,v3,0,1
dgw.c10r.facebook.com,f9cab7f149fd174ccc96991a9d9ef51a4310d1af24ad6272383e798f5fc31d1e,mitmproxy,367,0,sha256WithRSAEncryption,2048,RSA,1,v3,0,1
eu-office.events.data.microsoft.com,db3148c24d6ebeb7d71f79c794b8faf2ac02d2bf96ca01cf084ea5bc4bb149de,mitmproxy,367,0,sha256WithRSAEncryption,2048,RSA,1,v3,0,1
dt.adsafeprotected.com,49e1b0ef3557f1055197594bad207002ceeef369c8afabb6c6e2d14cd90b134e,mitmproxy,367,0,sha256WithRSAEncryption,2048,RSA,1,v3,0,1
c1.adform.net,40b36cc48e4d578db17c6a1f3b0ecef9b1784ebac0dad0f4be3b5d821b63213a,mitmproxy,367,0,sha256WithRSAEncryption,2048,RSA,1,v3,0,1
sitescout.com,44aaf76e699d2f0ad2b8b38d639a6333cd4ee1bcb6810d81d19a5bee28a97167,mitmproxy,367,0,sha256WithRSAEncryption,2048,RSA,1,v3,0,1
time.google.com,5ac256c7bf3890ac860892bffbaaad0748abaf2bb0f752685243ac97a71ec9c3,mitmproxy,367,0,sha256WithRSAEncryption,2048,RSA,1,v3,0,1
smp-device-content.apple.com,d5119c4ba39e3769fcf2caf1ddd00110c14ee92de1172a81a136c4f38f555143,mitmproxy,367,0,sha256WithRSAEncryption,2048,RSA,1,v3,0,1
rtb-csync.smartadserver.com,4eabce5071964f2836dfb450b86c5cf9eaeb5bf6033f7b1f2fcf6548d67fa5e9,mitmproxy,367,0,sha256WithRSAEncryption,2048,RSA,1,v3,0,1
giphy.com,5ebf77b77c6c4001f937bf2d82fcfc00640e3d786555f423b3c7971c16c67df8,mitmproxy,367,0,sha256WithRSAEncryption,2048,RSA,1,v3,0,1
sstats.adobe.com,80e02742b9dfd8db109fce0d6e252f5ea77907786ec33ceba6bc9d8d5d2f661f,mitmproxy,367,0,sha256WithRSAEncryption,2048,RSA,1,v3,0,1
b1sync.outbrain.com,c01e9f46566ab3eb21fef68131ca944383dcab356a2274bd1c3b4f6961fcb7fd,mitmproxy,367,0,sha256WithRSAEncryption,2048,RSA,1,v3,0,1
a2030.dscapi9.akamai.net,6a9287e40fb9cc7f1176b4466f12bb317182b2d604fe5b50a99b6285137c54f6,mitmproxy,367,0,sha256WithRSAEncryption,2048,RSA,1,v3,0,1
ads.yieldmo.com,794b571ba4a91d526c12b92213a6fbe3d7cc3c7e18ea561db730df2863b097fe,mitmproxy,367,0,sha256WithRSAEncryption,2048,RSA,1,v3,0,1
postrelease.com,68f397928d5cbfd885dcad9e4479c658195fdeeec2121931ab22150d43123112,mitmproxy,367,0,sha256WithRSAEncryption,2048,RSA,1,v3,0,1
watson.events.data.microsoft.com,0ebad49e6d2e0f51a3e76ba1b96038821a1541dc3c21bab2086d81a40560b9ef,mitmproxy,367,0,sha256WithRSAEncryption,2048,RSA,1,v3,0,1
nexusrules.officeapps.live.com,6ccb6c01b6aef592b0087c26152ab3c9ea1bed1b287948031aa93b2b8427e35d,mitmproxy,367,0,sha256WithRSAEncryption,2048,RSA,1,v3,0,1
www.instagram.com,398946c0579bb8bb6b15e807726136c7ea5c1447cec87dae97c80f84a8a7b52f,mitmproxy,367,0,sha256WithRSAEncryption,2048,RSA,1,v3,0,1
metadata.templates.cdn.office.net,0ab2063b240b8ec3238d5409b122bb72d55d34f6d8ed7bd79d2b99dea3cf65ee,mitmproxy,367,0,sha256WithRSAEncryption,2048,RSA,1,v3,0,1
pixel-sync.sitescout.com,a1c71e6cdf277a11f52b123a9428bfc748a0c56954387a1e34eface73db9703e,mitmproxy,367,0,sha256WithRSAEncryption,2048,RSA,1,v3,0,1
aks-prod-eastus.access-point.cloudmessaging.edge.microsoft.com,533e56018776851db3f38b20126ff98b5007e95b30874446264eaf809c63eed9,mitmproxy,367,0,sha256WithRSAEncryption,2048,RSA,1,v3,0,1
inappcheck.itunes.apple.com,160e7ac89d9499a0da47aab5261a01acb67e1ea0d6dd6651de9a2aab613be3e9,mitmproxy,367,0,sha256WithRSAEncryption,2048,RSA,1,v3,0,1
pinimg.com,7ea5f1aa26260a31ebe3aca23a589f94ebad0e9b93813c4cda394f5fb08724e4,mitmproxy,367,0,sha256WithRSAEncryption,2048,RSA,1,v3,0,1
na01.safelinks.protection.outlook.com,57dea8b227e7c3845cef0180583f71eb559010dde151f8dbe65a7fa9ca870745,mitmproxy,367,0,sha256WithRSAEncryption,2048,RSA,1,v3,0,1
c.clarity.ms,e7758ec5e3e3a8abb22e7b570aca01268d8f77ffa18f9f66a03ce601168c9a4e,mitmproxy,367,0,sha256WithRSAEncryption,2048,RSA,1,v3,0,1
cdn.id5-sync.com,ad538292626e09623427df863efef817d01576ccf5bc38cf04d0d721e7fe5620,mitmproxy,367,0,sha256WithRSAEncryption,2048,RSA,1,v3,0,1
onetag-sys.com,1cc32e17c0f08b15b8e30f9af63daaf440b6e3c2edd00a072a4b0d6d72c34ce2,mitmproxy,367,0,sha256WithRSAEncryption,2048,RSA,1,v3,0,1
image8.pubmatic.com,e34bd4e95668ba37389747897b5d34f25c3a85bedf341ebc74fa52e8ae5da60c,mitmproxy,367,0,sha256WithRSAEncryption,2048,RSA,1,v3,0,1
htlb.casalemedia.com,52da2b586f02e2880aab0cf1048c2bb08b0fcbd1254f0a363f35b2ef62f6d4d9,mitmproxy,367,0,sha256WithRSAEncryption,2048,RSA,1,v3,0,1
ad.360yield.com,132f2e9ca58c0f1bffa58c301132116245660365429ec953ff55b0d0c001316b,mitmproxy,367,0,sha256WithRSAEncryption,2048,RSA,1,v3,0,1
jquery.com,e0ee0796fc6e2293dd8b87c685f58c7e72bd654e30f68dadf2cde635469c1790,mitmproxy,367,0,sha256WithRSAEncryption,2048,RSA,1,v3,0,1
unity3d.com,93b5463c397304b439788de5264356a0d3228cd1657e119d865516f970ae65ee,mitmproxy,367,0,sha256WithRSAEncryption,2048,RSA,1,v3,0,1
appsgenaiserver-pa.clients6.google.com,470b9512545363b13a3b466454e6611c66e318934d21f8816db3240596eb9304,mitmproxy,367,0,sha256WithRSAEncryption,2048,RSA,1,v3,0,1
gsas.apple.com,12383a64e47b4a25795765b210accea0d513f7201858c0a20236b93281e232c3,mitmproxy,367,0,sha256WithRSAEncryption,2048,RSA,1,v3,0,1
code.jquery.com,69f740a7b041d21bbee9ad79f7fec8965528a1efb8c214b5943ed710a032b744,mitmproxy,367,0,sha256WithRSAEncryption,2048,RSA,1,v3,0,1
acdn.adnxs.com,0f5f8496f2dfcd655cc3f6416af177718a22c1858965f651d57500d02635a46e,mitmproxy,367,0,sha256WithRSAEncryption,2048,RSA,1,v3,0,1
common.online.office.com,dd46d41e985989027a188c40877e4f208d465f930ca4397fb0d058f8c8c65419,mitmproxy,367,0,sha256WithRSAEncryption,2048,RSA,1,v3,0,1
people-pa.clients6.google.com,47d06f3fb70f8b8fd3524daa43bd9dc194b65af3c3d61087c68eed798a6add6f,mitmproxy,367,0,sha256WithRSAEncryption,2048,RSA,1,v3,0,1
indexww.com,1b8000d923254ff6c857559aad18b940ff55235fc5caa2c50fc272f5b0435bff,mitmproxy,367,0,sha256WithRSAEncryption,2048,RSA,1,v3,0,1
playstoregatewayadapter-pa.googleapis.com,068f08670352d08ae9b28fd27d93f427f423c6f4dfb427065284cc5dc4e1eb33,mitmproxy,367,0,sha256WithRSAEncryption,2048,RSA,1,v3,0,1
bh.contextweb.com,614ad7af7e199528e19d2107c4255a39d4a166d04dbc3e47e3f250cc3edb61bd,mitmproxy,367,0,sha256WithRSAEncryption,2048,RSA,1,v3,0,1
translate.googleapis.com,4503dce136e7a0f271573a4f4e743d0b8eaca48e8cf8aeeb9f1e06cbdbc3a5dd,mitmproxy,367,0,sha256WithRSAEncryption,2048,RSA,1,v3,0,1
user-sync.fwmrm.net,ebde5c7ebb53dad5978314f43db0a1686f825f3c3abf6930becdfc4c82b6343a,mitmproxy,367,0,sha256WithRSAEncryption,2048,RSA,1,v3,0,1
gspe19-ssl.ls.apple.com,64188ea981144659c43f81456a1e869b0679e9caa301e2d0362c3b83c0422a73,mitmproxy,367,0,sha256WithRSAEncryption,2048,RSA,1,v3,0,1
is1-ssl.mzstatic.com,5cfe0a7c7810a7d55c38007ee52eb8ab87099e168d349cd417906b7ce4d6ff5e,mitmproxy,367,0,sha256WithRSAEncryption,2048,RSA,1,v3,0,1
gs-loc-new.ls-apple.com.akadns.net,8f98f9b73a391333697a81045801b451afd6758af0354a104ac6ad3ccc8e6581,mitmproxy,367,0,sha256WithRSAEncryption,2048,RSA,1,v3,0,1
s.ad.smaato.net,f2214a573c1f37b1f54cf8a346dd71266ca9cf326bcf51bb2582b5cac6b8d2a2,mitmproxy,367,0,sha256WithRSAEncryption,2048,RSA,1,v3,0,1
chromereporting-pa.googleapis.com,934b8db0779de67ed5b433389a21ad19f61c389be34fd19d864e7765a6616766,mitmproxy,367,0,sha256WithRSAEncryption,2048,RSA,1,v3,0,1
ssp-sync.criteo.com,93a9d48d8e30413d9823ae1d300f036e5ca7d3b3ef6b5f25cf4641a12f0dc087,mitmproxy,367,0,sha256WithRSAEncryption,2048,RSA,1,v3,0,1
cl4.apple.com,3605bc1f6a77a3b74e9429e0784b9caa6c64bbe18d2b420df9143108ee77f49d,mitmproxy,367,0,sha256WithRSAEncryption,2048,RSA,1,v3,0,1
amp-api.media.apple.com,e8ced6ed9a0df7b13aa3aed8dab773306b9160a6631f9266623f049e10f8c0de,mitmproxy,367,0,sha256WithRSAEncryption,2048,RSA,1,v3,0,1
dc.services.visualstudio.com,536d11990c557af5a7342e986c536f79238a8857e637dbd15c976fcb8e302851,mitmproxy,367,0,sha256WithRSAEncryption,2048,RSA,1,v3,0,1
disc801.prod.do.dsp.mp.microsoft.com,9ca413aaff2c6787fc3adc656fdf35bb6336bddc6f0350b5d0632140ce1a0c50,mitmproxy,367,0,sha256WithRSAEncryption,2048,RSA,1,v3,0,1
guzzoni.apple.com,2873e1093984de3ada27278976818f191ff08495b379443600965d38144b16a3,mitmproxy,367,0,sha256WithRSAEncryption,2048,RSA,1,v3,0,1
dns.google,f706afd2f327221f028831216d02484e710eeadebaa479d018f39b0583b08b53,mitmproxy,367,0,sha256WithRSAEncryption,2048,RSA,1,v3,0,1
e6858.dsce9.akamaiedge.net,26ba190aa38358beed9334d72fc69dfcee98b36d423ecbb8989e5b3c267926a0,mitmproxy,367,0,sha256WithRSAEncryption,2048,RSA,1,v3,0,1
bugsnag.com,e2dd31c098dc45e20aef16e9133176f58638144f211cca463c59e0aa75d66a0c,mitmproxy,367,0,sha256WithRSAEncryption,2048,RSA,1,v3,0,1
branch.io,896ea4fc92955b8e7f02c2fe86cdb0b5c93b2926fddc76aaa1b7d321f5596513,mitmproxy,367,0,sha256WithRSAEncryption,2048,RSA,1,v3,0,1
t.adx.opera.com,34824524ae2b4683d7fef29b2570ae4fc031480d43781c7c4ee4a9b2cf1fba58,mitmproxy,367,0,sha256WithRSAEncryption,2048,RSA,1,v3,0,1
braze.com,551e129162830613f009e07dd07eeaac3f10dd2bede5412d8a9e79a5d2d345b2,mitmproxy,367,0,sha256WithRSAEncryption,2048,RSA,1,v3,0,1
mqtt.c10r.facebook.com,1dd18c2a34afaf9cc7a5e5dc2effde40461ed466243b172263abe7b314bb4ff8,mitmproxy,367,0,sha256WithRSAEncryption,2048,RSA,1,v3,0,1
taskassist-pa.googleapis.com,0e3233a73d256f6a7fb87efe438716b965c2550118d95fc19eafe19429243cec,mitmproxy,367,0,sha256WithRSAEncryption,2048,RSA,1,v3,0,1
atm.outlook.mira.tm.svc.cloud.microsoft,7ec3fc3e9288a40b3c194f9becd3e9caffe7870d50cec37f003a89f86f4b1b44,mitmproxy,367,0,sha256WithRSAEncryption,2048,RSA,1,v3,0,1
gdmf.v.aaplimg.com,c9dbfe43b8953f89b29d2a3dc944b816e0cb42906e091f1ab38a8400b8ce6cbb,mitmproxy,367,0,sha256WithRSAEncryption,2048,RSA,1,v3,0,1
ap.lijit.com,ac986ab61d336ddbfdde0aa84f3c26d0d6d8e67128447802ecd9d42cc0d7de48,mitmproxy,367,0,sha256WithRSAEncryption,2048,RSA,1,v3,0,1
jadserve.postrelease.com,da96a8c476b0067474ecdc71744aa9a5ef5ac8d15af57f8f8d48d295bebde272,mitmproxy,367,0,sha256WithRSAEncryption,2048,RSA,1,v3,0,1
snap.licdn.com,d0b698ba85a83e322942beb3786beb064ac9421d633354882714a21444d192ff,mitmproxy,367,0,sha256WithRSAEncryption,2048,RSA,1,v3,0,1
aax.amazon-adsystem.com,ec8b65a696766b773c434fc1ebc7e7104af04e79ca992c921121e29c30e78ff9,mitmproxy,367,0,sha256WithRSAEncryption,2048,RSA,1,v3,0,1
ssbsync.smartadserver.com,6909d7cabcd763738a38e1dc9f83f31d6b1668e78939724520240b379a10f6d6,mitmproxy,367,0,sha256WithRSAEncryption,2048,RSA,1,v3,0,1
tlx.3lift.com,457a1577bb4925e8d17d4ffde82741d79cb9afeb0faa465ace53e5799494f94d,mitmproxy,367,0,sha256WithRSAEncryption,2048,RSA,1,v3,0,1
metrics.icloud.com,2c1f12a45589014bcbeaa82f53e5ee94a0afc3627c2e719db8363ceef0f606e2,mitmproxy,367,0,sha256WithRSAEncryption,2048,RSA,1,v3,0,1
res.df.onecdn.static.microsoft,0da49dae70d896328c7f31df09590ed6e3ea1f784f721d1cd7377e67b8e0b730,mitmproxy,367,0,sha256WithRSAEncryption,2048,RSA,1,v3,0,1
a-mo.net,e84849e54df87965abcdecc15b97980037ced1667e3e27bb6f54a6f829654ec5,mitmproxy,367,0,sha256WithRSAEncryption,2048,RSA,1,v3,0,1
wg.spotify.com,b5fb6281e32e813eb020d07c95176cf794af17a97eb4078de900a2e20729d587,mitmproxy,367,0,sha256WithRSAEncryption,2048,RSA,1,v3,0,1
clientstream.launchdarkly.com,c0ae66dca82f7096b0c086a676a85fbdd5630dc7bf497b4aaf3470f00ee86dd5,mitmproxy,367,0,sha256WithRSAEncryption,2048,RSA,1,v3,0,1
u.openx.net,246950e6dee67fca6616c1e93d20dfe9010cdf3e637fdefd688e64d91e1bce07,mitmproxy,367,0,sha256WithRSAEncryption,2048,RSA,1,v3,0,1
peoplestack-pa.googleapis.com,eb432b3aa0eb8f5aceb8bab6c9277d4ec7397059c744a3cb64b34be011ca25a9,mitmproxy,367,0,sha256WithRSAEncryption,2048,RSA,1,v3,0,1
fontawesome.com,bd4872125426c779cb3f7d5614cbb192da7c3506dd5d09204e5670aadbf58464,mitmproxy,367,0,sha256WithRSAEncryption,2048,RSA,1,v3,0,1
nist.gov,7603b8feb52d99ba1aec0f11a145b28a22f890b324a1114f923ea3127e5c2a60,mitmproxy,367,0,sha256WithRSAEncryption,2048,RSA,1,v3,0,1
nrdp.prod.cloud.netflix.com,ce307af6ec0f2e66c99485ccf6baf389c953c6e1b22d848c97920510a3ff857e,mitmproxy,367,0,sha256WithRSAEncryption,2048,RSA,1,v3,0,1
static.criteo.net,c58328fb602b1137f3a773f9641d7b2139125a133b43cfe0314b82616ab1722f,mitmproxy,367,0,sha256WithRSAEncryption,2048,RSA,1,v3,0,1
qualtrics.com,98aa0f75b8a0e883aa28f12a5fedbf9377a2a9ce8be5a7b7cdd50520162e723d,mitmproxy,367,0,sha256WithRSAEncryption,2048,RSA,1,v3,0,1
spclient.wg.spotify.com,33d8722a553ea77fb6b1b3ed637967e1daef0595cd7334fcd12e2235e2fcaf13,mitmproxy,367,0,sha256WithRSAEncryption,2048,RSA,1,v3,0,1
services.autopatch.microsoft.com,647df2587fbe080ad93fe2e394d9c57b1faa51069416939deb88280ca43f875e,mitmproxy,367,0,sha256WithRSAEncryption,2048,RSA,1,v3,0,1
sync-tm.everesttech.net,72ee1c5af2c8bd44d69640e3edf626f01cd993ebb9eb9c1ec1f140bf5b6c44df,mitmproxy,367,0,sha256WithRSAEncryption,2048,RSA,1,v3,0,1
jsconfig.adsafeprotected.com,b31b99ee970feef5e613b252699b9534e730bc65b9add651404c56f4a98b54cb,mitmproxy,367,0,sha256WithRSAEncryption,2048,RSA,1,v3,0,1
cstat.cdn-apple.com,b4b4f99e87467c393f8dbfab6fd7fe52404438b54d26e0af4ca23c157a79c46e,mitmproxy,367,0,sha256WithRSAEncryption,2048,RSA,1,v3,0,1
config.aps.amazon-adsystem.com,0c7ee57e3fe069d60a5fe75fe0382c6f246eabf788751ee32f84e23520da40a7,mitmproxy,367,0,sha256WithRSAEncryption,2048,RSA,1,v3,0,1
p13n.adobe.io,f018e8a2a577f9eea41c24cf6e24925ad7052b5b56e19bae79755a0479dd7a12,mitmproxy,367,0,sha256WithRSAEncryption,2048,RSA,1,v3,0,1
eu-1-id5-sync.com,cf6f5f05b6f092f8c9b6783d2b2158f470d251151d6e41b564777c2b7aa1ec2c,mitmproxy,367,0,sha256WithRSAEncryption,2048,RSA,1,v3,0,1
launches.appsflyersdk.com,e583e15bcb7f7d3a3fc3a3cf1344085239f07f2a94a112464c502d03411485d3,mitmproxy,367,0,sha256WithRSAEncryption,2048,RSA,1,v3,0,1
noam.cc.skype.com,ca86f0d2a9bf68bc38bb1dd0211b4ed0fe615839f5e7b69e7750c45af4bb9bd7,mitmproxy,367,0,sha256WithRSAEncryption,2048,RSA,1,v3,0,1
flashtalking.com,7d18818eeb5b6efb7ac3775cc258f185e44a9828fb743bb82dc6732b7230fc42,mitmproxy,367,0,sha256WithRSAEncryption,2048,RSA,1,v3,0,1
tremorhub.com,9b5be6db65175c1f5e3ae32996fd6a6d1d4f2f9bccc8775ae5d8e6c22ebbd756,mitmproxy,367,0,sha256WithRSAEncryption,2048,RSA,1,v3,0,1
admanmedia.com,35d754ccb74a793acd5dad4142c365e390820d876a9ec04086450961c0a64b9b,mitmproxy,367,0,sha256WithRSAEncryption,2048,RSA,1,v3,0,1
unitedstates.cp.wd.microsoft.com,ec5c6a9aa0e2651d994b637250d9acbbf7ab5c76c9abc3642b0f7e3f2578c5ff,mitmproxy,367,0,sha256WithRSAEncryption,2048,RSA,1,v3,0,1
cms.quantserve.com,516acf0180829d78c004b1cf0b73b21250d5c4f176936bdef7dbf663e6c10517,mitmproxy,367,0,sha256WithRSAEncryption,2048,RSA,1,v3,0,1
quickconnect.to,b53943d1d1ab710a337b641db116bc72518bda4881d394ad929d95ee5f51afff,mitmproxy,367,0,sha256WithRSAEncryption,2048,RSA,1,v3,0,1
simpli.fi,28b113be0096f30095e2c202af94182e4bff4d44eb0d808c2920d47cba99a08a,mitmproxy,367,0,sha256WithRSAEncryption,2048,RSA,1,v3,0,1
img.youtube.com,3d48dc7d5e338ed91d841844d46d486b39c855b9a8de012faedd5867c98b48a2,mitmproxy,367,0,sha256WithRSAEncryption,2048,RSA,1,v3,0,1
loopme.me,ff71eaf4fb51cc18e440ab58d5dc780afaee8a2da037a4bb1f21e92fb681f9b0,mitmproxy,367,0,sha256WithRSAEncryption,2048,RSA,1,v3,0,1
login.microsoftonline.us,92637af97f1f87ed31ab206b3b9cc0cbccd161833d5ae5ff85fc65bececbbc49,mitmproxy,367,0,sha256WithRSAEncryption,2048,RSA,1,v3,0,1
api.snapchat.com,6661a4da35cf7dbdbbc753d612d538f545723e6b03aa9424e896f170bfd71fd8,mitmproxy,367,0,sha256WithRSAEncryption,2048,RSA,1,v3,0,1
geo2.adobe.com,b21c2edc210dc044c8620f2bb0a2bc5767243aef93c4043ca9421df02323393e,mitmproxy,367,0,sha256WithRSAEncryption,2048,RSA,1,v3,0,1
xp-cdn-lb.itunes-apple.com.akadns.net,bd8c9afc8c624c73583442ce70da41a808c9df49d6f015988e3ad0834e4f9c4f,mitmproxy,367,0,sha256WithRSAEncryption,2048,RSA,1,v3,0,1
ad.turn.com,f64a4b6526abdb26dc0a7ee5aeb59ee07faa5710adcdfa5300da8c2cfcedcd95,mitmproxy,367,0,sha256WithRSAEncryption,2048,RSA,1,v3,0,1
valid.apple.com,b396fe901c155a1c5b1d2e4f1c1b518f3d80b804cbaee305f85529b4f94ad40c,mitmproxy,367,0,sha256WithRSAEncryption,2048,RSA,1,v3,0,1
image6.pubmatic.com,dedbf39c31bb1947cf1058a234fef0b70bdafb66cc84f44f3a57baec41931d05,mitmproxy,367,0,sha256WithRSAEncryption,2048,RSA,1,v3,0,1
deepintent.com,ab2faeb442205a605ceef6ca21ab9c570ba4af972b36b1566d133b2a103c821e,mitmproxy,367,0,sha256WithRSAEncryption,2048,RSA,1,v3,0,1
hotjar.com,d4a841ad604dab2db154fbe4e82479b606baa9bd75f45ebef8564e23ceb24448,mitmproxy,367,0,sha256WithRSAEncryption,2048,RSA,1,v3,0,1
mybluehost.me,8ced7d8aa68db2d3799c14936493332caecdff8a70a807ebb798e4cdab62b4b7,mitmproxy,367,0,sha256WithRSAEncryption,2048,RSA,1,v3,0,1
res-4.public.onecdn.static.microsoft,19beae355b73ab78906f4224c1852891c2d712c701967d1b8937f05605203c77,mitmproxy,367,0,sha256WithRSAEncryption,2048,RSA,1,v3,0,1
star.fallback.c10r.facebook.com,94c0998df97c8eb20c82b12d1d24852a4e2246414c57d043c9b1b429258730a0,mitmproxy,367,0,sha256WithRSAEncryption,2048,RSA,1,v3,0,1
applovin.com,af44f81c3586cbcafabcdb4af23b497b747a4ab0b844d2a57a5173b3316fda37,mitmproxy,367,0,sha256WithRSAEncryption,2048,RSA,1,v3,0,1
diagnostics.office.com,9f02e9ad9d25f41132aae65578a9ecf52689da70b652d8cd88c2a3f4d6ed7409,mitmproxy,367,0,sha256WithRSAEncryption,2048,RSA,1,v3,0,1
siteintercept.qualtrics.com,f76f857ea2a9847ba4d33a880339415a73792c13d8c0715140ea42638ec3ad7e,mitmproxy,367,0,sha256WithRSAEncryption,2048,RSA,1,v3,0,1
microsoft365.com,e3cc8475b1cd9e87a1a092227d3d2ab1101c1d19c6ad008c682568ad98097ca1,mitmproxy,367,0,sha256WithRSAEncryption,2048,RSA,1,v3,0,1
static2.sharepointonline.com,4ecfa15c86834338d4dc9670281a4ab801f5a04a486d4823094e040849d09633,mitmproxy,367,0,sha256WithRSAEncryption,2048,RSA,1,v3,0,1
nrdp.logs.netflix.com,126cb52a264edcd1a78ef1701b7d7421d377e982cd55656f4e58204e4cbcc0ef,mitmproxy,367,0,sha256WithRSAEncryption,2048,RSA,1,v3,0,1
netflix.net,e815b53addae922f1cd0b077285e92c4a3b442c0b512f4159be7ec8be3f9c731,mitmproxy,367,0,sha256WithRSAEncryption,2048,RSA,1,v3,0,1
www.cisco.com,d0f9ae808d6177c9b69079b4b9e8164144b51bb518c1cecec19e2ca7a17f04ec,mitmproxy,367,0,sha256WithRSAEncryption,2048,RSA,1,v3,0,1
ris.api.iris.microsoft.com,b0ed16bb7b7e6152f7f6e86fff6496e7ad32234f29ffbdd732fad88095308567,mitmproxy,367,0,sha256WithRSAEncryption,2048,RSA,1,v3,0,1
www.microsoft365.com,e3cc8475b1cd9e87a1a092227d3d2ab1101c1d19c6ad008c682568ad98097ca1,mitmproxy,367,0,sha256WithRSAEncryption,2048,RSA,1,v3,0,1
z-p42-chat-e2ee-ig.facebook.com,fd249fa47c3e63e24222d6279e1b48dff9c5ad68e6a87ad9e745c4665c1980fb,mitmproxy,367,0,sha256WithRSAEncryption,2048,RSA,1,v3,0,1
lb.eu-1-id5-sync.com,104f132b7c55c15e29296922dba3e2c199707d92088ac5f4385b6eed475de6b6,mitmproxy,367,0,sha256WithRSAEncryption,2048,RSA,1,v3,0,1
js-sec.indexww.com,d37cddf6a8c776824ac2523c24b612d26e72bef34071907d9a6aee5e02f1fe03,mitmproxy,367,0,sha256WithRSAEncryption,2048,RSA,1,v3,0,1
nrdp.prod.ftl.netflix.com,02a65f615b42992375aa98caa5b59c6354ea59413c0b870d3794b13ee922eced,mitmproxy,367,0,sha256WithRSAEncryption,2048,RSA,1,v3,0,1
apple-relay.cloudflare.com,7deb4f678089c14797ed7e1dfd9d36e1110781cde82d4fa3ed512db7a42b55ba,mitmproxy,367,0,sha256WithRSAEncryption,2048,RSA,1,v3,0,1
sync.ipredictive.com,f04a05059bba2202c473bcafd16717009a67c2663d76d761fd6ea08792d0f882,mitmproxy,367,0,sha256WithRSAEncryption,2048,RSA,1,v3,0,1
bootstrapcdn.com,abf1ece51797d5608e2f4391ccbbba3e0e322e3d0865acbcfd1266ea46e086fa,mitmproxy,367,0,sha256WithRSAEncryption,2048,RSA,1,v3,0,1
disc501.prod.do.dsp.mp.microsoft.com,cae7d5040531932beb807828f9b2cc0053e5bc9111f2e60a4dc5d41506be9f2e,mitmproxy,367,0,sha256WithRSAEncryption,2048,RSA,1,v3,0,1
e3528.dscg.akamaiedge.net,8a85edd5bb00fe4bbc8d6680af26df445c8604f706fb78d3d0caf655c71c609f,mitmproxy,367,0,sha256WithRSAEncryption,2048,RSA,1,v3,0,1
ocsp.sectigo.com,972417724582d4777b91174f0666b9edc0285d9455840466f5246ee991a3d958,mitmproxy,367,0,sha256WithRSAEncryption,2048,RSA,1,v3,0,1
cf.iadsdk.apple.com,5c180d906bbfb6284568320e6ecf3f7f89b26f1f3a2b663208a9c25c1c578302,mitmproxy,367,0,sha256WithRSAEncryption,2048,RSA,1,v3,0,1
dell.com,95d063db1c2a7b41ee1c11e45c6fc9acb16826cbb24dcbfab5282303ba276997,mitmproxy,367,0,sha256WithRSAEncryption,2048,RSA,1,v3,0,1
configuration.apple.com.akadns.net,74d630fd5bc92b148e090000f4979f17d34dfef94f9f423e4ae262a2ae06b622,mitmproxy,367,0,sha256WithRSAEncryption,2048,RSA,1,v3,0,1
www.redditstatic.com,45d2c468476f1c7a92a29a1f2edbad5736a8ff837ea4955a6bb3eefb8ed72a92,mitmproxy,367,0,sha256WithRSAEncryption,2048,RSA,1,v3,0,1
world-gen.g.aaplimg.com,9f0ca24dacf5d46dd3a2dc77e6a58d41747fa0b01d03912e7ab4eb13518a654a,mitmproxy,367,0,sha256WithRSAEncryption,2048,RSA,1,v3,0,1
juicyscore.com,79734b5ecf98de07f613c462d5523cf187ba102b76ada9eed62908c47fe7788d,mitmproxy,367,0,sha256WithRSAEncryption,2048,RSA,1,v3,0,1
d.juicyscore.com,3306a803d0f5334e2f6c9409a2cf0a097cc9e8e0304057ff42ba320df57dd84d,mitmproxy,367,0,sha256WithRSAEncryption,2048,RSA,1,v3,0,1
tools.google.com,69983523ee7ecc90c9b1c63729788a721c62c83176a4a9bd664f5b5871a84965,mitmproxy,367,0,sha256WithRSAEncryption,2048,RSA,1,v3,0,1
image2.pubmatic.com,0e201ffe064b1a077640473e0c209863ae1142c79e96ba5eb0358e891f402e32,mitmproxy,367,0,sha256WithRSAEncryption,2048,RSA,1,v3,0,1
aefd.nelreports.net,e2c598ef3478dfeec15b977c34ef5983e00aa4588579e4f018e8eed62ade10ab,mitmproxy,367,0,sha256WithRSAEncryption,2048,RSA,1,v3,0,1
unrulymedia.com,1961fd672a02f27dd2d7c215a720ac1244326c2b114cc4a67a40de764d921a48,mitmproxy,367,0,sha256WithRSAEncryption,2048,RSA,1,v3,0,1
mask-api.fe2.apple-dns.net,4b8392b04a95e84f9ea79f0166ca5b8d824222a02c782b2ec59db21bb3a817ac,mitmproxy,367,0,sha256WithRSAEncryption,2048,RSA,1,v3,0,1
targeting.unrulymedia.com,669f0edc579c938e11d56b7cfb2ace371df41abb1a78a1d9708f8a3c15857331,mitmproxy,367,0,sha256WithRSAEncryption,2048,RSA,1,v3,0,1
static.xx.fbcdn.net,82e83a7218232de581e1928b2266b23802b42cf8e4f9ef576550334a61923442,mitmproxy,367,0,sha256WithRSAEncryption,2048,RSA,1,v3,0,1
iphone-ld.origin-apple.com.akadns.net,8a307532450202e6a459bb4bf7902ab669842f0f489f0802235ac59285a19e3e,mitmproxy,367,0,sha256WithRSAEncryption,2048,RSA,1,v3,0,1
grid-bidder.criteo.com,8c260de2f8e97b37da1869fd3ccc698d779d1140c59672773c333bf1d20938aa,mitmproxy,367,0,sha256WithRSAEncryption,2048,RSA,1,v3,0,1
urs.microsoft.com,e9c21e25cd2c23718f2acb9de32399c34974c6e389d6a3daf456b6849e13d621,mitmproxy,367,0,sha256WithRSAEncryption,2048,RSA,1,v3,0,1
static.whatsapp.net,e5ab9facf2281cc7f7be994e8a7227ff8342191e03cbfe923a4b6b131c93e827,mitmproxy,367,0,sha256WithRSAEncryption,2048,RSA,1,v3,0,1
wise-m.public.cdn.office.net,6326b89afee4a05e801a46d2cf12ed246c895dc101735a37f7961d45503a2c88,mitmproxy,367,0,sha256WithRSAEncryption,2048,RSA,1,v3,0,1
fa000000124.resources.office.net,c77a4c972e2c87e620b6afcfb0c3bfe9063e80a9b4ce117c2dee332edfd97d3a,mitmproxy,367,0,sha256WithRSAEncryption,2048,RSA,1,v3,0,1
media.licdn.com,fa88a87654065200cba6e0eca760e44b8ba44197e5691f9b26cb0b6c01ed8002,mitmproxy,367,0,sha256WithRSAEncryption,2048,RSA,1,v3,0,1
webex.com,6be7e68ab0cda8a90ea7d6ad95fc6a4a8abca28dc19c55db9fb05d3097372a89,mitmproxy,367,0,sha256WithRSAEncryption,2048,RSA,1,v3,0,1
netcraze.io,d91106c8d2a1565616ac04016da8ef8a3b2a82543ac8558589f09d1837be0b47,mitmproxy,367,0,sha256WithRSAEncryption,2048,RSA,1,v3,0,1
signaler-pa.googleapis.com,ccad7d6980365d08b5f851cad0f28b24ebc09147474d70b4b435add80332e548,mitmproxy,367,0,sha256WithRSAEncryption,2048,RSA,1,v3,0,1
sync.crwdcntrl.net,c610b3876f84bf652cd071f4354204e341229a6708ce81479d99a9ed88310e4b,mitmproxy,367,0,sha256WithRSAEncryption,2048,RSA,1,v3,0,1
res-2-dod.cdn.office.net,025e795268843bcd62d6e5bd8a422622d598505f9771c5189b724cfcc572e6fb,mitmproxy,367,0,sha256WithRSAEncryption,2048,RSA,1,v3,0,1
res.dod.cdn.office.net,62ac10e666c9afb38e36da4fc8fea2a33061a001ca403418825ce304009737fb,mitmproxy,367,0,sha256WithRSAEncryption,2048,RSA,1,v3,0,1
stripe.com,246d4f412dae936fcb9eb3caa6854276de0b9cfc31ac4f7351897add9e8f142d,mitmproxy,367,0,sha256WithRSAEncryption,2048,RSA,1,v3,0,1
classlink.com,d96394b38541da3ace83ebb95251d3f88ced2c2cc2f31ce03e14185bd6a73a3e,mitmproxy,367,0,sha256WithRSAEncryption,2048,RSA,1,v3,0,1
msftstatic.com,ed57f52e6ae9b8ff066ca09db01bcbe99ad0ff8aea3db761032249ce1d250c95,mitmproxy,367,0,sha256WithRSAEncryption,2048,RSA,1,v3,0,1
r.msftstatic.com,631ebe4de5eeaa0106329428691c4ce66a1fba66b1db1b653ded3bd120e4eda7,mitmproxy,367,0,sha256WithRSAEncryption,2048,RSA,1,v3,0,1
experiments.apple.com,a50dc2b3970b04ce86f1bc6afd19a372fed4cf2d9e56c7aebc84fc8a6c4a358c,mitmproxy,367,0,sha256WithRSAEncryption,2048,RSA,1,v3,0,1
amp-api.apps.apple.com,7f3bb51649a72a92bb928e96880d691875b1dcea80b3313a3032c36b864bad20,mitmproxy,367,0,sha256WithRSAEncryption,2048,RSA,1,v3,0,1
sequoia.cdn-apple.com,862dd1419cad93f403d4df92f2e554650fb8b05b3d85464f8c4d6e4de9ebf475,mitmproxy,367,0,sha256WithRSAEncryption,2048,RSA,1,v3,0,1
omex.cdn.office.net,9913dc4589f723fb41a4e83cda1875aa92eae1add83874ee126c708a62902eb2,mitmproxy,367,0,sha256WithRSAEncryption,2048,RSA,1,v3,0,1
gumgum.com,146b83c725db3c110c33ab13cc79fd875100f106fef0f2fdc8b8ecfba95a734c,mitmproxy,367,0,sha256WithRSAEncryption,2048,RSA,1,v3,0,1
publicassets.cdn-apple.com,e75c8d61ce74e143c90cfda43c3fe18defe81d8a7fe1adf60bd4d98e6edd5238,mitmproxy,367,0,sha256WithRSAEncryption,2048,RSA,1,v3,0,1
js-agent.newrelic.com,faa788ed670730c27b3bfe24162582d49e2aeb3eb8e8315b51ec6deaa15076cc,mitmproxy,367,0,sha256WithRSAEncryption,2048,RSA,1,v3,0,1
sync.inmobi.com,0696673cd1cec8656e5de462e8efe4ec71d409caf377cf4b4af1ebe814bd7c93,mitmproxy,367,0,sha256WithRSAEncryption,2048,RSA,1,v3,0,1
time.android.com,8c8e9bb5d5c3be4f271766a989002a8f3e142c0b2ab21d73f785b46467e306ca,mitmproxy,367,0,sha256WithRSAEncryption,2048,RSA,1,v3,0,1
ct.pinterest.com,9e2423b525e9ef22c07eedd83a05e9561476f3de2e1317038489e1dd1c2de85a,mitmproxy,367,0,sha256WithRSAEncryption,2048,RSA,1,v3,0,1
gdmf-ados.apple.com,7cc22571b7880ce75679b720b0f968b1b6a7ebbd1b12d3e86a1f35f3cb7e852c,mitmproxy,367,0,sha256WithRSAEncryption,2048,RSA,1,v3,0,1
yt3.googleusercontent.com,1b72d3f3a85794cb4ba83c4156a04278304ff03a672805c7e233b3e56ea60ec5,mitmproxy,367,0,sha256WithRSAEncryption,2048,RSA,1,v3,0,1
weatherkit.apple.com.akadns.net,654da964364e9ed6119cd443b61b451b3a76c5126def046a2a3231ba2921e4c4,mitmproxy,367,0,sha256WithRSAEncryption,2048,RSA,1,v3,0,1
api2.amplitude.com,7a418219d39c640225018c7724138fc46fc50466b685f8060e7356a24bdbe3fc,mitmproxy,367,0,sha256WithRSAEncryption,2048,RSA,1,v3,0,1
simage2.pubmatic.com,a2bec145e93389d228569dd5a46af40d5a9627ff316d335cc0d585e2f835d254,mitmproxy,367,0,sha256WithRSAEncryption,2048,RSA,1,v3,0,1
pixel.adsafeprotected.com,8095632f52898eb6ec44d2bee30d308dfc8841e24457d58a54fb4ecc6679dc56,mitmproxy,367,0,sha256WithRSAEncryption,2048,RSA,1,v3,0,1
static.hotjar.com,635823bc85cb257e9baca369e36fd5f371197ae0c497d5041d6429d8a1a61af3,mitmproxy,367,0,sha256WithRSAEncryption,2048,RSA,1,v3,0,1
configuration.ls.v.aaplimg.com,7c25e3a0d0636ad3ab7bac66c7c92f8a49f4a0adcb77f9a7e18fb4244dd4918e,mitmproxy,367,0,sha256WithRSAEncryption,2048,RSA,1,v3,0,1
trustarc.com,a3cf7b26a4e3b3f1b043618458dda41014d5fd69d1a8bf97b1bb3325cdace2bf,mitmproxy,367,0,sha256WithRSAEncryption,2048,RSA,1,v3,0,1
pancake.g.aaplimg.com,da4a5418a0d59390138fa992a6c63a5df42cd4d18b8e31ece59532d2864194f8,mitmproxy,367,0,sha256WithRSAEncryption,2048,RSA,1,v3,0,1
kt-prod.v.aaplimg.com,4b29f8262aa5d8ebf24c483b34eebfa271064406be327972c1ca14241c330ddb,mitmproxy,367,0,sha256WithRSAEncryption,2048,RSA,1,v3,0,1
1-courier.push.apple.com,21cd6cbac624c37bd7048e4991d132be7553d8468d7f9854b8c75040cb2e3767,mitmproxy,367,0,sha256WithRSAEncryption,2048,RSA,1,v3,0,1
alb.reddit.com,0808b23ed083858b65b9203b9df4af8cab4bf9cb54e0a9b2f60b6cc9a294b171,mitmproxy,367,0,sha256WithRSAEncryption,2048,RSA,1,v3,0,1
updates.cdn-apple.com,b4a77f2657f66fcf64836790215dd060e1d570aef561bea2cb262c9635cbfafc,mitmproxy,367,0,sha256WithRSAEncryption,2048,RSA,1,v3,0,1
moloco.com,a6698cd2d42f1ea18fb3cd075807c129da4c2c4e81464d473f10634ccc63c191,mitmproxy,367,0,sha256WithRSAEncryption,2048,RSA,1,v3,0,1
gspe79-ssl-96.ls.apple.com,6da50e96de2717aed2aa5b5a64a26df34f2a21ce51559371a3463ae0a8160753,mitmproxy,367,0,sha256WithRSAEncryption,2048,RSA,1,v3,0,1
gmail.com,a21b33371f7ed722d055decfa72d10192f752ae41ce19f3c9aec7897ad3dcd7d,mitmproxy,367,0,sha256WithRSAEncryption,2048,RSA,1,v3,0,1
config.svc.cloud.microsoft,b2ba8dd6e06c8a2391afe3ee32660740c0f3e84f13b5d71ad9061001d74bd143,mitmproxy,367,0,sha256WithRSAEncryption,2048,RSA,1,v3,0,1
www.amazon.com,17f957f3070bec16d72247ea017a129071d52899cc88aa9248c1664c0f3e2323,mitmproxy,367,0,sha256WithRSAEncryption,2048,RSA,1,v3,0,1
ent-nfc-api.msn.com,068242550d62bcac63505d53af47183f967faccd4682d9dccf468af52a837e03,mitmproxy,367,0,sha256WithRSAEncryption,2048,RSA,1,v3,0,1
mixpanel.com,d6e7d4f29e106ade73804db50c464f177e57848732059f3be41db33117949df5,mitmproxy,367,0,sha256WithRSAEncryption,2048,RSA,1,v3,0,1
servedby.flashtalking.com,c55cb7b4599f5149259e329ab51fc44aa1da7c1a855dfe8c016accb1f3593e0a,mitmproxy,367,0,sha256WithRSAEncryption,2048,RSA,1,v3,0,1
tags.crwdcntrl.net,486ed314824a880176c87713ca935d7dcc23abf0d69959ce571bf6d43dd62169,mitmproxy,367,0,sha256WithRSAEncryption,2048,RSA,1,v3,0,1
beacons2.gvt2.com,ba3f386d529e394d7f8219cd897b36a44dc28296294a7921dc10491ae36c45b4,mitmproxy,367,0,sha256WithRSAEncryption,2048,RSA,1,v3,0,1
api.amazon.com,71669d8705c734cf1c982a9758ec9567ba8a5cce9ab8b966e122b2dcad48e804,mitmproxy,367,0,sha256WithRSAEncryption,2048,RSA,1,v3,0,1
preapp.prod.partner.netflix.net,02d9a4a4d90bd8cbeb5fc847720ab8ddfee766374f4ad77580ae705873e2c0aa,mitmproxy,367,0,sha256WithRSAEncryption,2048,RSA,1,v3,0,1
login.mso.msidentity.com,d5f4a194541da14faba3c78c8dfff8cec8799afa92cef5cb3b797d79bbb9bbee,mitmproxy,367,0,sha256WithRSAEncryption,2048,RSA,1,v3,0,1
cdn.taboola.com,d9cfb36ced9ba2cd86bfc4054f7631ac9d93c88014f52bda2000021cc5dcd56f,mitmproxy,367,0,sha256WithRSAEncryption,2048,RSA,1,v3,0,1
readaloud.googleapis.com,5867926b28c886e91e661b38dd8cedb5574a339b4252f4a67317936b8ce281fd,mitmproxy,367,0,sha256WithRSAEncryption,2048,RSA,1,v3,0,1
wdcp.microsoft.com,855452196f331b3d2e85c521ee422cf8f1b1a5bf5bc6eea8a71d9a08865b0888,mitmproxy,367,0,sha256WithRSAEncryption,2048,RSA,1,v3,0,1
devicelistenerprod.microsoft.com,201d1b49c7f7ee08761006a641507d7ab6ac92b5b7a0a8f99006f53b8d175c9b,mitmproxy,367,0,sha256WithRSAEncryption,2048,RSA,1,v3,0,1
upload2.fp.measure.office.com,2de587bbc97a7425738dec7ca07f1abaf809a9df547c18040c62cba0369319fe,mitmproxy,367,0,sha256WithRSAEncryption,2048,RSA,1,v3,0,1
company-target.com,ab3661ede232ea589f9686b39274df0b4ffc70d178aeaf0a1d367ecd6616a30d,mitmproxy,367,0,sha256WithRSAEncryption,2048,RSA,1,v3,0,1
prebid.a-mo.net,0b89504e8f43a2795ca7bf59cfdd0711b96d8b663e9283e53c366da0832c6ffa,mitmproxy,367,0,sha256WithRSAEncryption,2048,RSA,1,v3,0,1
acdcatm.outlook.mira.tm.svc.cloud.microsoft,6f1c384f21b63d829df6f3c9d750444ffb2d72a2cd664c2ecb2b926d82f02352,mitmproxy,367,0,sha256WithRSAEncryption,2048,RSA,1,v3,0,1
static.adsafeprotected.com,3e56d102db9b8df7f9f5cc1c5780826911bc9ce2d1565cf0fd1eb15297d70156,mitmproxy,367,0,sha256WithRSAEncryption,2048,RSA,1,v3,0,1
firebaselogging.googleapis.com,0df64db6e1eeb90a0ffa27ea50c7143a37474efe02e5edc2842d2d63d032c2b3,mitmproxy,367,0,sha256WithRSAEncryption,2048,RSA,1,v3,0,1
seedtag.com,f021f601bf9595ea37a682bfdb8cef28e7babfd071051fb9e2b734b5e06fa707,mitmproxy,367,0,sha256WithRSAEncryption,2048,RSA,1,v3,0,1
star-mini.c10r.facebook.com,72e462cd5a6e8835176fac9877144ccdb4921e2384e75501c70b1e5bcb21a80d,mitmproxy,367,0,sha256WithRSAEncryption,2048,RSA,1,v3,0,1
globalsign.com,ba8779b698eea8de4d15f3b1a4ce1bfb8c6767032571c2465d27220c59de9e4c,mitmproxy,367,0,sha256WithRSAEncryption,2048,RSA,1,v3,0,1
com.edgekey.net,74c283c7c53e76e1a9eb1d48f69308428040aa42344a654717a60894c76bac40,mitmproxy,367,0,sha256WithRSAEncryption,2048,RSA,1,v3,0,1
comodoca.com,6e4011d84f7c701f60d2687020b47996fec791f55d0dcd73fe8c47d0efd2543b,mitmproxy,367,0,sha256WithRSAEncryption,2048,RSA,1,v3,0,1
rtb.mfadsrvr.com,4a89dd21e0d3b54db1f1ee70695158eeea46ae95ed8a4d456c296cd854d795c5,mitmproxy,367,0,sha256WithRSAEncryption,2048,RSA,1,v3,0,1
kargo.com,5d3700847e0ae9ac8b00b45f44bfee9e84b6130e3180469aa387b09859e45d5a,mitmproxy,367,0,sha256WithRSAEncryption,2048,RSA,1,v3,0,1
graph.whatsapp.com,360d115a6b09d4894dfabe658e110e1e592e571f365cab25ccdaff1553301b3c,mitmproxy,367,0,sha256WithRSAEncryption,2048,RSA,1,v3,0,1
c.go-mpulse.net,d4a64533b6055de79555089a4ff5627fe20b94009830541f1515c33a3a38a4ee,mitmproxy,367,0,sha256WithRSAEncryption,2048,RSA,1,v3,0,1
hbx.media.net,7a44b8ed85dc524b93567b47c23c263a5bd33b3852b81c48b6d7396adb14c967,mitmproxy,367,0,sha256WithRSAEncryption,2048,RSA,1,v3,0,1
forms.office.com,f4dd82d35b1750328ea1157339aebc251b04c42a1ee46d3047f954178b856992,mitmproxy,367,0,sha256WithRSAEncryption,2048,RSA,1,v3,0,1
instagram.c10r.instagram.com,5acae5fdf9fec591c20dd26bb6654e4cce36ec236a261eea1f7e27416ac34c76,mitmproxy,367,0,sha256WithRSAEncryption,2048,RSA,1,v3,0,1
apple.com.edgesuite.net,26f861a104a1b017fb43ca452dfeab4282a30aa6030209457deae1ebcdae8f76,mitmproxy,367,0,sha256WithRSAEncryption,2048,RSA,1,v3,0,1
s.seedtag.com,99034cb302df977cf85f7b0bba10c2462e99f295284f876a33779cd87e9ef18d,mitmproxy,367,0,sha256WithRSAEncryption,2048,RSA,1,v3,0,1
api.facebook.com,9e1a58049fe1b7b6210e29c4f342df3c6deee0bd6754939243c876e2fd633534,mitmproxy,367,0,sha256WithRSAEncryption,2048,RSA,1,v3,0,1
crs.cr.adobe.com,27d23bf1c1da61b5f0c67f2fd7867abb000e7cdfed39142de1480c6aac2a3b5f,mitmproxy,367,0,sha256WithRSAEncryption,2048,RSA,1,v3,0,1
collegeboard.org,6055f654803b6587425f1d45e8bb24dbbc814f526eef39f6ab47fcc23514c030,mitmproxy,367,0,sha256WithRSAEncryption,2048,RSA,1,v3,0,1
ocsp.rootca1.amazontrust.com,6d5407ebb7df582b6b9a9468d47a2f98236c1648eb3aa0dc47f09148a584e124,mitmproxy,367,0,sha256WithRSAEncryption,2048,RSA,1,v3,0,1
espresso-pa.clients6.google.com,5362b79353740d81f21039c2dfed9c331c583dc7c11edfa757c5587909deb1f9,mitmproxy,367,0,sha256WithRSAEncryption,2048,RSA,1,v3,0,1
prebid-server.rubiconproject.com,4a9e2286939018e67177b7324b2a44587c4663f026047ba860cc5aaa7d75f312,mitmproxy,367,0,sha256WithRSAEncryption,2048,RSA,1,v3,0,1
fw.adsafeprotected.com,ab767f3617879444a6285c636c8935b960f3856675db068542eefb953918956d,mitmproxy,367,0,sha256WithRSAEncryption,2048,RSA,1,v3,0,1
yimg.com,863c338f8d6e02dd90b47aebe7c80b8d1ade9337ddcec871c50de7f7b859963c,mitmproxy,367,0,sha256WithRSAEncryption,2048,RSA,1,v3,0,1
t.oa.opera.com,a7a43b985921ae25e45a06b0d0fe63f3c31d48224a36df034a3fac3e95310f18,mitmproxy,367,0,sha256WithRSAEncryption,2048,RSA,1,v3,0,1
fa000000110.resources.office.net,b16e073f718a3a6b5195c465eea4795a14c13d2b29e5a88e9a5a83023aaf597a,mitmproxy,367,0,sha256WithRSAEncryption,2048,RSA,1,v3,0,1
connatix.com,7274304ef648f55fb8a9c2df29804a336ce7ea192f2d9de8e3d34314cf66505c,mitmproxy,367,0,sha256WithRSAEncryption,2048,RSA,1,v3,0,1
s.yimg.com,ce95ac446cf009d7b1034e50f4da4e34412e0f3775e9ea276f97c88b8e1180bd,mitmproxy,367,0,sha256WithRSAEncryption,2048,RSA,1,v3,0,1
taskassist-pa.clients6.google.com,719bedd2d6f3c3236062690f4113981e5a2c180e88e44f3aa48a7e658297f07f,mitmproxy,367,0,sha256WithRSAEncryption,2048,RSA,1,v3,0,1
iphone-ld.v.aaplimg.com,d6e7d3fe8c1836b0832bfa6d91f7fe9ef92d7dc029e8e8204e158cc3191e120e,mitmproxy,367,0,sha256WithRSAEncryption,2048,RSA,1,v3,0,1
adkernel.com,bf456585f1ffa197a2b65f7dcca701f0d2c699d8c772f9a0bd19b681e6aeea27,mitmproxy,367,0,sha256WithRSAEncryption,2048,RSA,1,v3,0,1
gsp57-ssl-background.ls.apple.com,8c74c691e3e33744bfdb3693c18ddd3327cade0f00ffb180eefc64c7385a4577,mitmproxy,367,0,sha256WithRSAEncryption,2048,RSA,1,v3,0,1
pippio.com,932bad98d8b265ef33a12ec0da119e6770f823adb0d07107d0cd6d9cebd764d1,mitmproxy,367,0,sha256WithRSAEncryption,2048,RSA,1,v3,0,1
lh6.googleusercontent.com,449f2543823a7751cb3c2dcf5352aca73e380f42e6b95e7e8e07af2ac2b72b90,mitmproxy,367,0,sha256WithRSAEncryption,2048,RSA,1,v3,0,1
presage.io,30feda18d9cefe78dcc30d9b3ee5bb4ce37b1523d14bb35aaeeb3dc2e9d0f0db,mitmproxy,367,0,sha256WithRSAEncryption,2048,RSA,1,v3,0,1
health.apple.com,019021c2985c71394f4b9645ff7f27aa48c5da3e8ee44640967ddc9b00a8a003,mitmproxy,367,0,sha256WithRSAEncryption,2048,RSA,1,v3,0,1
ocsp.comodoca.com,e9371cfea7e07c967821f43638b42a466aa3ae516060d1955a329d985eb4186c,mitmproxy,367,0,sha256WithRSAEncryption,2048,RSA,1,v3,0,1
cxcs.cdn.office.net,6190b4c961eb3a125bb066f46798d4a016a6e91d77e276600ed4be16eebd0eeb,mitmproxy,367,0,sha256WithRSAEncryption,2048,RSA,1,v3,0,1
acrobat.adobe.com,f151381543640f396f3ea558096521da66a671f4da687d5436d0d478afe5ecf0,mitmproxy,367,0,sha256WithRSAEncryption,2048,RSA,1,v3,0,1
swallow-apple-com.v.aaplimg.com,7ed2faef3df1f6b5f80382a89532afb6c7b9fb82d4619d15d5f51649aa5e5830,mitmproxy,367,0,sha256WithRSAEncryption,2048,RSA,1,v3,0,1
eyeota.net,8a16bb75e9f5d40f6eca47f94532c027f0fc4c82a827d8d4f2f16b6269557674,mitmproxy,367,0,sha256WithRSAEncryption,2048,RSA,1,v3,0,1
enterpriseregistration.windows.net,08df19063b86e4d49394c7c9647b4279369009ca7cb3670bb5f2418278a244bc,mitmproxy,367,0,sha256WithRSAEncryption,2048,RSA,1,v3,0,1
configuration.v.aaplimg.com,1d13b9ac689ebae2d368cad49edab94a939ad51e478905f1426cb975a68a6d23,mitmproxy,367,0,sha256WithRSAEncryption,2048,RSA,1,v3,0,1
ps.eyeota.net,712a81ebfcda8eba1a4566a5dc835d8ae354a9011c4828c381bc89722b667d5c,mitmproxy,367,0,sha256WithRSAEncryption,2048,RSA,1,v3,0,1
lh4.googleusercontent.com,98ead1e95dcead71cf829ae898878c14e08bb272abb83f2f13dde55856c0d7de,mitmproxy,367,0,sha256WithRSAEncryption,2048,RSA,1,v3,0,1
chat.cdn.whatsapp.net,5ed8b864914d5bf5131a954720169aef37498b0a9a224577a958178b936ec2c3,mitmproxy,367,0,sha256WithRSAEncryption,2048,RSA,1,v3,0,1
calendar.google.com,28db29027cfae1887e83f1859087a9ead1895b35889b794c588f1929a01a30cd,mitmproxy,367,0,sha256WithRSAEncryption,2048,RSA,1,v3,0,1
sessions.bugsnag.com,0f719c54c4e0bc82373e52209bff7cdf750b6d880cb5a5ba952b7dfd10a746cc,mitmproxy,367,0,sha256WithRSAEncryption,2048,RSA,1,v3,0,1
images-na.ssl-images-amazon.com,f1ba028269f9cd52ca52a5ba18283495fdcb95696b6560e6b003b9bc59651596,mitmproxy,367,0,sha256WithRSAEncryption,2048,RSA,1,v3,0,1
acdc-direct.office.com,74de44bff62eb21f716823b1f246514e55d352d2b44e1aac8adf1a73e9207105,mitmproxy,367,0,sha256WithRSAEncryption,2048,RSA,1,v3,0,1
aws.api.snapchat.com,c48013b9cdf399158f23ad62610a2b4fab20ea54068f19997cde4ea589eb9474,mitmproxy,367,0,sha256WithRSAEncryption,2048,RSA,1,v3,0,1
aax-eu.amazon-adsystem.com,61af6b791a754d77256a7c0288b4fa1ac1c009306da59efd83b49d52f992c012,mitmproxy,367,0,sha256WithRSAEncryption,2048,RSA,1,v3,0,1
analytics.twitter.com,cd6e881f68502f796e9aadcce2de304300f49f9dd4325156da6f177c08c73440,mitmproxy,367,0,sha256WithRSAEncryption,2048,RSA,1,v3,0,1
ping-signals.urs.microsoft.com,1925f31234a93e48f130021f25a82b8bf4a134cf92845ed59a8a6f5acf8357d7,mitmproxy,367,0,sha256WithRSAEncryption,2048,RSA,1,v3,0,1
s.pinimg.com,0e910276451eccc8a416d9c0effedf59f13905b6886bf7a96a328b9531caa830,mitmproxy,367,0,sha256WithRSAEncryption,2048,RSA,1,v3,0,1
unagi-na.amazon.com,1e8f577813b78595efb8ff4a353d8bdd07741dc2c7c4a4db4d2db35c300d3aac,mitmproxy,367,0,sha256WithRSAEncryption,2048,RSA,1,v3,0,1
deff.nelreports.net,6f7e6aa6f75aa31f65a54c11e1945f42a9da7045d268a078d999d3c8771463f0,mitmproxy,367,0,sha256WithRSAEncryption,2048,RSA,1,v3,0,1
news-edge.apple.com,10752e938041bb6d1a2363e69bc3093ad580cbc5bd04bbca03f0b3672e1aace7,mitmproxy,367,0,sha256WithRSAEncryption,2048,RSA,1,v3,0,1
crashlyticsreports-pa.googleapis.com,18d63e03b76f293b1baa41bd15d64c0e2377ce4b7687da04a4daad078488cc53,mitmproxy,367,0,sha256WithRSAEncryption,2048,RSA,1,v3,0,1
proxy.safebrowsing.apple,6b0a847513214a9c19953ab9a36cfa7b379ea865f067ac9fa8ab7c2f5a5161e5,mitmproxy,367,0,sha256WithRSAEncryption,2048,RSA,1,v3,0,1
mobile.pipe.aria.microsoft.com,98ef429cca3a6825888abaa6b573f22b6e4ab5b84ca1553311dde79093f031bd,mitmproxy,367,0,sha256WithRSAEncryption,2048,RSA,1,v3,0,1
cdn.branch.io,762607b1f5bb86b7fcd92f4cd27d088e8b910dba2169913487ffdf003655d65b,mitmproxy,367,0,sha256WithRSAEncryption,2048,RSA,1,v3,0,1
bcp.crwdcntrl.net,7a766c00f23ba2c9325c39d0c626b3284ec2d6ff1202bb55884c6101cd26d56b,mitmproxy,367,0,sha256WithRSAEncryption,2048,RSA,1,v3,0,1
sonobi.com,c10d0453a0fada03e9e00ddcb33a717444d00d56f0328f7c98e53755433caa5d,mitmproxy,367,0,sha256WithRSAEncryption,2048,RSA,1,v3,0,1
go.sonobi.com,6d3f3befe652c4c042f9e13b8b5408a2ff6a43137ee974697d09d195f931c15b,mitmproxy,367,0,sha256WithRSAEncryption,2048,RSA,1,v3,0,1
capi.connatix.com,e91384717a75c3d2e7ee07f58fa807a1b09ebda1e28cbd5112f872ef27eebeb6,mitmproxy,367,0,sha256WithRSAEncryption,2048,RSA,1,v3,0,1
a1366.dscapi6.akamai.net,f6f7598c731b982010db504984b02574a4b31a078232a0ec63592626427bc8b9,mitmproxy,367,0,sha256WithRSAEncryption,2048,RSA,1,v3,0,1
lh5.googleusercontent.com,b3cab42190488ca69ac513e866bb098fbcc024ee254b00d5b1f85798f3053b6b,mitmproxy,367,0,sha256WithRSAEncryption,2048,RSA,1,v3,0,1
tr.snapchat.com,45c70feb88c51a988dd7e91c5e36f5cbbfb49f0afcca3f9e456ff416b0d6faac,mitmproxy,367,0,sha256WithRSAEncryption,2048,RSA,1,v3,0,1
ut.pubmatic.com,7f3f9b3715a8ac4c032889378437e35df880f5faf31d7e17507dea10cd7cdf51,mitmproxy,367,0,sha256WithRSAEncryption,2048,RSA,1,v3,0,1
npwuscdn.onenote.static.microsoft,06f372a9fd20d57060757edec5cbf84797a6fbed73a3cbbb8391c803c9ad70aa,mitmproxy,367,0,sha256WithRSAEncryption,2048,RSA,1,v3,0,1
excel-telemetry.officeapps.live.com,50673757002609b9f00a4387d1a8be56c5c008f681d972bbe542f873df1ac4f0,mitmproxy,367,0,sha256WithRSAEncryption,2048,RSA,1,v3,0,1
insight.adsrvr.org,d4195d1fae83e564e1c6010bf44fb41f605250dce0f467eae9f3ababb31f82a6,mitmproxy,367,0,sha256WithRSAEncryption,2048,RSA,1,v3,0,1
api.rlcdn.com,3dbd5ea99c99379f62ea47126c92cde379768eda83ddfcb3250c6e4cd7bb5e10,mitmproxy,367,0,sha256WithRSAEncryption,2048,RSA,1,v3,0,1
t.co,feba4c0579c680b2ab1bbb81bd9595b013f4396b60e990faeb5b4473d5e4d530,mitmproxy,367,0,sha256WithRSAEncryption,2048,RSA,1,v3,0,1
run.app,44b89296083740344f6b1ace8caf678847e9b2c247ad2df0a8d7d37f86a60f2b,mitmproxy,367,0,sha256WithRSAEncryption,2048,RSA,1,v3,0,1
secure-assets.rubiconproject.com,1c83930f5e2c854144bcdc3dfeefcca043f27251a347f952245541bc205c318e,mitmproxy,367,0,sha256WithRSAEncryption,2048,RSA,1,v3,0,1
acrobat.com,8c8ec9934c1a613f3b0e8e319f56cf756998bbc7385c0207a11bbf268e02f278,mitmproxy,367,0,sha256WithRSAEncryption,2048,RSA,1,v3,0,1
ocsp.edge.digicert.com,2dd8de1ea6d0347c8f0d3e33bc122cb69ff3ea974a367b3c6be61b53623f2680,mitmproxy,367,0,sha256WithRSAEncryption,2048,RSA,1,v3,0,1
js.stripe.com,a89ede7eb389ed9836b1d1a5435338a1e0b1ab412e33184baa24fa78b1250acc,mitmproxy,367,0,sha256WithRSAEncryption,2048,RSA,1,v3,0,1
a2047.dscapi9.akamai.net,d3bf6e5b283158abbe61aef9a6d0f552334f25ce1a22a2270c7151b87defddf5,mitmproxy,367,0,sha256WithRSAEncryption,2048,RSA,1,v3,0,1
analytics-ipv6.tiktokw.us,d10a2c7fae8d14c48cfef186cb86fe7bc9a32010c66d6fdc015c4eebe926745c,mitmproxy,367,0,sha256WithRSAEncryption,2048,RSA,1,v3,0,1
musicstatus.itunes.apple.com,4639b5ad8273389a4a0bd0ac714c5bcf55a7680daf28c8bd4339431846ab4cf6,mitmproxy,367,0,sha256WithRSAEncryption,2048,RSA,1,v3,0,1
app.launchdarkly.com,4e1fcc4197493a034e8e13b317c2bc26f09272503f85493e724fcf9832fe0274,mitmproxy,367,0,sha256WithRSAEncryption,2048,RSA,1,v3,0,1
visitor.omnitagjs.com,1a6982af42c7edf6268ce19e894dc070189d2510e62e79b46a360903a0ba06c1,mitmproxy,367,0,sha256WithRSAEncryption,2048,RSA,1,v3,0,1
www.datadoghq-browser-agent.com,f2f04c00df7e74d58fec2e066f466707acedddcdd824cae14515825870bdce7d,mitmproxy,367,0,sha256WithRSAEncryption,2048,RSA,1,v3,0,1
query.ess.apple.com,f1c293e5b25d21c74016f71c834d97515ffcf93c1ba89851567797515ac012a5,mitmproxy,367,0,sha256WithRSAEncryption,2048,RSA,1,v3,0,1
intercom.io,9b279be23912aa17e5782fb823f16175147c2b512cf9f11ec223f7fc9eaab381,mitmproxy,367,0,sha256WithRSAEncryption,2048,RSA,1,v3,0,1
spot-pa.googleapis.com,7a7ae189ca5f0ac224b112f5fd8b65ebf4c7dd152414ce8fd32e3244fc82387b,mitmproxy,367,0,sha256WithRSAEncryption,2048,RSA,1,v3,0,1
content.lifecycle.office.net,62da7244133247aa4474d0ddc731a01463392e6bf85a66e3a788ddd8d1b84a36,mitmproxy,367,0,sha256WithRSAEncryption,2048,RSA,1,v3,0,1
mmx-ds.cdn.whatsapp.net,101bb6afae7de2a16d567dd31e90a87326342d738af62b4b0f27d8fa1a0b944f,mitmproxy,367,0,sha256WithRSAEncryption,2048,RSA,1,v3,0,1
mail-ads.google.com,30d89783246657159b3f98387a483922f8b7bb4b52205750dd69b57770799562,mitmproxy,367,0,sha256WithRSAEncryption,2048,RSA,1,v3,0,1
gcp.api.snapchat.com,d53fb92ce7ed06bd69e106a4f8278e307d232c0f27f1b2c6fdff909f8658dee5,mitmproxy,367,0,sha256WithRSAEncryption,2048,RSA,1,v3,0,1
config.edge.skype.com.trafficmanager.net,3dd4bcc2904a33745a8e3d7415552017198916afc49350ccf505b941877c6f53,mitmproxy,367,0,sha256WithRSAEncryption,2048,RSA,1,v3,0,1
contacts.fe2.apple-dns.net,10f453cfd94bdbc588b72fa61628d9e2e67b844b2a407e438a97943dcaaa5b57,mitmproxy,367,0,sha256WithRSAEncryption,2048,RSA,1,v3,0,1
sync.go.sonobi.com,02a4934279922d4b424d0463898c06db627ac4c1385fabaa3339504284568124,mitmproxy,367,0,sha256WithRSAEncryption,2048,RSA,1,v3,0,1
static.ads-twitter.com,116f32be61d22aa779debd91d3d64e6f4d6ff576526837dc7bc1cb91790f7c6c,mitmproxy,367,0,sha256WithRSAEncryption,2048,RSA,1,v3,0,1
d.agkn.com,e3309e7f2d4b3faa3bc45141950d2aed95815b433144f1538a4cc0c0e946e899,mitmproxy,367,0,sha256WithRSAEncryption,2048,RSA,1,v3,0,1
watsonc.events.data.microsoft.com,3a7ffd8d6929a4f529c8a6fd8cd4a417893fce3453155db7057b3f88d487523b,mitmproxy,367,0,sha256WithRSAEncryption,2048,RSA,1,v3,0,1
gsp10-ssl.ls.apple.com,adc4509abf5752e23c404f569d32b35ed4744d897b8799e3a89f4e8553a5571b,mitmproxy,367,0,sha256WithRSAEncryption,2048,RSA,1,v3,0,1
pd.itunes.apple.com,24ee150ef1e26bbaf426c3fc120d0c4a0d40f8c1b7e73438c925806a3be38a00,mitmproxy,367,0,sha256WithRSAEncryption,2048,RSA,1,v3,0,1
prebid.media.net,4d73926fe38dc6698656c9c3e7df73885d7f1edd15c63a08dd6456b12ceb5392,mitmproxy,367,0,sha256WithRSAEncryption,2048,RSA,1,v3,0,1
sync.teads.tv,e63583f5352cb888d453479d5879f4957e45136cdeb3341e8acc2e7806327aff,mitmproxy,367,0,sha256WithRSAEncryption,2048,RSA,1,v3,0,1
ontology.health.apple.com,739cb3af160674cc75fbc8432a28c8a2427fe60c6f764b5f8995e11b9f8f2bf1,mitmproxy,367,0,sha256WithRSAEncryption,2048,RSA,1,v3,0,1
amp-api-edge-lb.itunes-apple.com.akadns.net,0e0e21089718849ae6d95e980518c21db2d447d78587c86e4f5e33861f9f3a91,mitmproxy,367,0,sha256WithRSAEncryption,2048,RSA,1,v3,0,1
vungle.com,f4e84555cf862292d72c26e3fcd5354a70facc525c2fda0a53ee8a08276dcb88,mitmproxy,367,0,sha256WithRSAEncryption,2048,RSA,1,v3,0,1
intentiq.com,7edafc7900903b6da2283b178ddf902aaff4f2317245c82fd70ef8bb0d36449f,mitmproxy,367,0,sha256WithRSAEncryption,2048,RSA,1,v3,0,1
security.microsoft.com,6e26f15c700572eb13fb43649d0e2ddc94d81cd94fc8b2d3e974be2735743b41,mitmproxy,367,0,sha256WithRSAEncryption,2048,RSA,1,v3,0,1
mediago.io,d2f96df1b2a2454fee140b18f1ab94c459a4d6d386b69719ea0466fe92adc68e,mitmproxy,367,0,sha256WithRSAEncryption,2048,RSA,1,v3,0,1
chat-e2ee-mini.facebook.com,5ed60305e6c885f09e928308662461271114bb45fd1185ea837b58ed0cd7e0e7,mitmproxy,367,0,sha256WithRSAEncryption,2048,RSA,1,v3,0,1
dns.opendns.com,bc450f6183efb50b5880fc870d3258bf7c86eb616f9b92019493f14f783c6424,mitmproxy,367,0,sha256WithRSAEncryption,2048,RSA,1,v3,0,1
s.youtube.com,0c1f7b8e2827b99958edda3b96f00ea4ee0a58ed9efdebd2d3d062a35e8a4956,mitmproxy,367,0,sha256WithRSAEncryption,2048,RSA,1,v3,0,1
redirector.googlevideo.com,cacbe403fd1835b29595bfc078d94fc4e76d9d49513e9465ad1090b14f9631d7,mitmproxy,367,0,sha256WithRSAEncryption,2048,RSA,1,v3,0,1
crosfresnel-pa.googleapis.com,bf94fb874f6d99dc81f180c25b997c88ddff093c81610a0c292485c241907884,mitmproxy,367,0,sha256WithRSAEncryption,2048,RSA,1,v3,0,1
translate.google.com,8071d28f1139fa1e12358ac9d9aff3c293e9acaa93c409d6deffabbac8fcacaa,mitmproxy,367,0,sha256WithRSAEncryption,2048,RSA,1,v3,0,1
usc-collabrtc.officeapps.live.com,f2c78b8096588d550cef4a2f42df6d423e6d230cb31bac41a6383c826c8a233d,mitmproxy,367,0,sha256WithRSAEncryption,2048,RSA,1,v3,0,1
dns.umbrella.com,bc450f6183efb50b5880fc870d3258bf7c86eb616f9b92019493f14f783c6424,mitmproxy,367,0,sha256WithRSAEncryption,2048,RSA,1,v3,0,1
fa000000137.resources.office.net,d92e1284c882242ac676f1bd831fd5c4bb08d7e4a334d1f1e3554a10780c7ce5,mitmproxy,367,0,sha256WithRSAEncryption,2048,RSA,1,v3,0,1
searchnotifications-pa.googleapis.com,e37b45ba859c0a45931b12b43702fca6e77eae426baf3cf5536d0d2722ad64dd,mitmproxy,367,0,sha256WithRSAEncryption,2048,RSA,1,v3,0,1
dv.tech,78d0a830489fce618085cae18833422d788813d993be6e5e9314a5a9d8e31015,mitmproxy,367,0,sha256WithRSAEncryption,2048,RSA,1,v3,0,1
amp-api-updates.apps.apple.com,fffa6803236e62a6fb7d3c29fb7f314704742200325d70a259c7d5f03b406c89,mitmproxy,367,0,sha256WithRSAEncryption,2048,RSA,1,v3,0,1
ssc-cms.33across.com,66226c115fecb8db73d7b4d73bd38c2e50cd194901bbe1a3746807f5b6dede8f,mitmproxy,367,0,sha256WithRSAEncryption,2048,RSA,1,v3,0,1
truste.com,626f92912c00ad32661c74a2d29883c3e7250994c48b44b90e1de9e6faea526e,mitmproxy,367,0,sha256WithRSAEncryption,2048,RSA,1,v3,0,1
optimizely.com,29ba912e99a8e96a96bf4effc147a17d17c4a69ecdabab4ed29949fa73ead87b,mitmproxy,367,0,sha256WithRSAEncryption,2048,RSA,1,v3,0,1
ws.chatgpt.com,5803592e82602c96b39fdab354f956a60ccdf59015462bdcb8ea761e82fcede2,mitmproxy,367,0,sha256WithRSAEncryption,2048,RSA,1,v3,0,1
gsp64-ssl.ls-apple.com.akadns.net,445ccf9a195c7163e9a0ab73913c21068b45720e64853eaac7dc0add876e2a7c,mitmproxy,367,0,sha256WithRSAEncryption,2048,RSA,1,v3,0,1
apple.news,3aefc140f5e493c7cb1ea132014d7c8d89e49f2db4c324a69a443bd24453f97f,mitmproxy,367,0,sha256WithRSAEncryption,2048,RSA,1,v3,0,1
pbs.yahoo.com,1c8bb382ee97d8afdefc93aa77601f39745896721eb6d4c03dcb08693820fa61,mitmproxy,367,0,sha256WithRSAEncryption,2048,RSA,1,v3,0,1
c.apple.news,9c7f8c1762ab32d628b66466d31f2ab555ff432775af5395b8cb0989d807fe31,mitmproxy,367,0,sha256WithRSAEncryption,2048,RSA,1,v3,0,1
dgw-ig.c10r.facebook.com,28ffc9fb2dda48a31580b759c2c31b239023d11b5dd50349c4a55eca28baa00e,mitmproxy,367,0,sha256WithRSAEncryption,2048,RSA,1,v3,0,1
direct.adsrvr.org,d3a978c8a078783c3fca3be63a042c7b691779646b483303328a9f7a78c688df,mitmproxy,367,0,sha256WithRSAEncryption,2048,RSA,1,v3,0,1
googlehosted.l.googleusercontent.com,734e5a4114ed70f4c0031b8d7ed182d00cbb75775b68afeeac87ff7e79c542ef,mitmproxy,367,0,sha256WithRSAEncryption,2048,RSA,1,v3,0,1
client-api.itunes.apple.com,a091f035fe16c5f534e9870d21066dec9f5e4e04a5c2daa39aa48423acf14d15,mitmproxy,367,0,sha256WithRSAEncryption,2048,RSA,1,v3,0,1
mesu-cdn.apple.com.akadns.net,7eac9aecf6bc10bdf4da691b438ea85a09a50043b27b6fc4126b998b1fa5cdad,mitmproxy,367,0,sha256WithRSAEncryption,2048,RSA,1,v3,0,1
sync.richaudience.com,cf7f6393bd9ae6278e75092ee7eefb0be6c44f3b48a61c98175c8db10ee1d7ab,mitmproxy,367,0,sha256WithRSAEncryption,2048,RSA,1,v3,0,1
aws-proxy-gcp.api.snapchat.com,b45d0440a56400a623177a1752df4d12729167a6e0f786f736c942af132cb65d,mitmproxy,367,0,sha256WithRSAEncryption,2048,RSA,1,v3,0,1
guzzoni-apple-com.v.aaplimg.com,2f789c6dbcc90a970104d5585dcbbe3be7139b86172aa829f27643f9da3b5055,mitmproxy,367,0,sha256WithRSAEncryption,2048,RSA,1,v3,0,1
tribalfusion.com,3c0b4466dd607611bde2a4bb2b9827849e85392ce4fcf0ec8815d073eb11069e,mitmproxy,367,0,sha256WithRSAEncryption,2048,RSA,1,v3,0,1
sync.outbrain.com,ad88e6cb54551ecf66ce9229d673a20dcfc5b0a0db2926a85a7e3357e976f065,mitmproxy,367,0,sha256WithRSAEncryption,2048,RSA,1,v3,0,1
instructure.com,cda2e5ee5bb703da084f37f953600b62ab3b4d96823109504aa85ec9b488d4da,mitmproxy,367,0,sha256WithRSAEncryption,2048,RSA,1,v3,0,1
firebaseremoteconfigrealtime.googleapis.com,d0215dd8b9ca278f6f6ce8db041d650ba48b5158c4700592e53a6312f892f971,mitmproxy,367,0,sha256WithRSAEncryption,2048,RSA,1,v3,0,1
dl.google.com,5f134828bdd884614c0c3977282053c33e22618d750812f6b23358d7026febca,mitmproxy,367,0,sha256WithRSAEncryption,2048,RSA,1,v3,0,1
samsung.com,c12ea2a67b046a4fdc950e6f5b4f6f4f0452fa2d106bef6ef1755d6fd609d58a,mitmproxy,367,0,sha256WithRSAEncryption,2048,RSA,1,v3,0,1
m.stripe.com,7ae692b5769e4a06ef141741e8c2ee1d536a1231b7f7b3ed2e6f7e7ba0b92c80,mitmproxy,367,0,sha256WithRSAEncryption,2048,RSA,1,v3,0,1
prod.appsuggestions.teams.cloud.microsoft,bb325293cc2e9711c5cbde4f3ae32d3dce87d43019f15b244e9a7c637a5a18b7,mitmproxy,367,0,sha256WithRSAEncryption,2048,RSA,1,v3,0,1
flurry.com,4a42b3e6143d8f97466f2e573c1f0d95b8abc041bf22fc4d9286f42c4de931df,mitmproxy,367,0,sha256WithRSAEncryption,2048,RSA,1,v3,0,1
assets-mercury.mzstatic.com,fdb617862e9954b297a485d27e74a6e3e0b2aa21c5ac4b13c853afe88f568cdc,mitmproxy,367,0,sha256WithRSAEncryption,2048,RSA,1,v3,0,1
gspe35-cdn.v.aaplimg.com,bb7709da1f99b976b8b6e5a32ec2af9c19c3a64beb3704bf72d6a51049a58129,mitmproxy,367,0,sha256WithRSAEncryption,2048,RSA,1,v3,0,1
mookie1.com,280fab557dd9f86419c77f3049908a916b82e67a70092250fd5cfb4667206f88,mitmproxy,367,0,sha256WithRSAEncryption,2048,RSA,1,v3,0,1
launchpad.classlink.com,56f9dc62321edb3e846e7919a904fafc11a14afd5510e459d6cfe7460ab6babf,mitmproxy,367,0,sha256WithRSAEncryption,2048,RSA,1,v3,0,1
chromeos-ca.gstatic.com,b0c65cf1889271cb8fd3bf99bce0d4d44076c9806d1e05e22ae1578f0e78d2e6,mitmproxy,367,0,sha256WithRSAEncryption,2048,RSA,1,v3,0,1
appier.net,e45f729161b0f9373e0215bbd45dc12a1db8285efd168ef0ded2e01982392d0c,mitmproxy,367,0,sha256WithRSAEncryption,2048,RSA,1,v3,0,1
adentifi.com,c2dce0dd58465997fb3fa3fd8675356dba7fb7e44c3b007a4d7e1da9d0bd9bd0,mitmproxy,367,0,sha256WithRSAEncryption,2048,RSA,1,v3,0,1
ad-delivery.net,803546aa7ccbae54f59699210a2cf1a57fddb83a2003f42e7f904d54c45640e2,mitmproxy,367,0,sha256WithRSAEncryption,2048,RSA,1,v3,0,1
office.mira.tm.svc.cloud.microsoft,ec293a39e6ef2a83a9aa113652572c0a94bc763c2b5d125788117665c1bef452,mitmproxy,367,0,sha256WithRSAEncryption,2048,RSA,1,v3,0,1
atm.office.mira.tm.svc.cloud.microsoft,09eb779650912718932e7ebd33d200b98124df1e0e128e8024e74a8d98c83909,mitmproxy,367,0,sha256WithRSAEncryption,2048,RSA,1,v3,0,1
fp.msedge.net,62f56f3e71742e55295679bdb326f4f4f4408d677f67dbbfb4fe9502d9b78025,mitmproxy,367,0,sha256WithRSAEncryption,2048,RSA,1,v3,0,1
setup.fe2.apple-dns.net,0049b142a71ee5b1e5291993e0e0e25d6ea53b218a8a91b4db81c022eebfab97,mitmproxy,367,0,sha256WithRSAEncryption,2048,RSA,1,v3,0,1
pixel-config.reddit.com,8b985396b96c1f6d50e2ed23c9c69ea90fb3aa25aa7c2b80ace3b6182951cf3f,mitmproxy,367,0,sha256WithRSAEncryption,2048,RSA,1,v3,0,1
a.tribalfusion.com,ce6eb8e4193aa321590bf9e16bf2832498df4a50a9e37433dafba022ec16ba30,mitmproxy,367,0,sha256WithRSAEncryption,2048,RSA,1,v3,0,1
ts01-b.cloudsink.net,d98c1b2c30cffb31ec8d2143da72608228de219b4223f22d7d049ea482617589,mitmproxy,367,0,sha256WithRSAEncryption,2048,RSA,1,v3,0,1
blismedia.com,d88ff8c28b74eba4dc9f118b6e5a52402196ff754c2eae62243fcab39240aa8b,mitmproxy,367,0,sha256WithRSAEncryption,2048,RSA,1,v3,0,1
weather.com,4bba982aff7e82de3ff6e4c80537750e6c321625f06b846879521808d6fe72e5,mitmproxy,367,0,sha256WithRSAEncryption,2048,RSA,1,v3,0,1
stripe.network,2f5c837cf7945269d88e0fa21e770a69e3917655e71cea777282a2f17adefddd,mitmproxy,367,0,sha256WithRSAEncryption,2048,RSA,1,v3,0,1
tr.blismedia.com,84f5b41c14f31d76586df1f33ef8f6c413f3cdfc339b3571d8cbeb5b015e8c22,mitmproxy,367,0,sha256WithRSAEncryption,2048,RSA,1,v3,0,1
atm-fp-direct.office.com,5593d553b92d4afbfec6b9e8bbeaf33f4b9fbba79a7da44aa5b0c6e563923124,mitmproxy,367,0,sha256WithRSAEncryption,2048,RSA,1,v3,0,1
clients.l.google.com,e88763f560103f39ae1673316d84cc0e3defb4f495e6b043b8db407ca3d0a0c3,mitmproxy,367,0,sha256WithRSAEncryption,2048,RSA,1,v3,0,1
cdn-settings.appsflyersdk.com,5173506001dede8d3d4ce2659bf97bc398effac13eb0bcbbd30d8570317bedad,mitmproxy,367,0,sha256WithRSAEncryption,2048,RSA,1,v3,0,1
rp.liadm.com,4f05b98869ee3fc4989b35b23a366155dded153003e4bc09a5e8eed9a2c4473b,mitmproxy,367,0,sha256WithRSAEncryption,2048,RSA,1,v3,0,1
translate-pa.googleapis.com,10518aa4804807cb038016448275f520f462cba9bfe16428c5187546ae138082,mitmproxy,367,0,sha256WithRSAEncryption,2048,RSA,1,v3,0,1
bluebook.app.collegeboard.org,07579c01de51ebd83fde3f71838335557c76e04d6fb4ae5080a829b9ca6479d7,mitmproxy,367,0,sha256WithRSAEncryption,2048,RSA,1,v3,0,1
m.stripe.network,6fab850291cc644dc08b1b92c650a25dc3c847e32662cdceb92fbe05ddfae1c9,mitmproxy,367,0,sha256WithRSAEncryption,2048,RSA,1,v3,0,1
rtb.adentifi.com,ce30429000a8ca143842a5b6f71b1496e647b44128d400bf7a1d15f955b76ae6,mitmproxy,367,0,sha256WithRSAEncryption,2048,RSA,1,v3,0,1
ims-prod06.adobelogin.com,7d743e82c28bf1e0d125abdec7f68d20c0dc8e4d38c12cf1c61034ff3e63a423,mitmproxy,367,0,sha256WithRSAEncryption,2048,RSA,1,v3,0,1
sync.smartadserver.com,4c1d6b5efe2bc9f822e6a3c00d85ed79ed6e1292fb9c8603d735e8949c381255,mitmproxy,367,0,sha256WithRSAEncryption,2048,RSA,1,v3,0,1
licensing.m365.svc.cloud.microsoft,a7fc3ff3c8f920de8688a06c821f7cfd82f93f363ca3b81706c7e9d01c9a1406,mitmproxy,367,0,sha256WithRSAEncryption,2048,RSA,1,v3,0,1
web.whatsapp.com,b12683d586ed706aff310c75f2d4326ad5da6a68e9548b1cb59d879f78ab0b5b,mitmproxy,367,0,sha256WithRSAEncryption,2048,RSA,1,v3,0,1
api-global.netflix.com,e6631066841050d89f7b55117bd0baca5a76ed5efc6eeadd71bd47ac109c4ab8,mitmproxy,367,0,sha256WithRSAEncryption,2048,RSA,1,v3,0,1
beacons5.gvt3.com,51da2e86c35d7c5de27cd6746026bae6665ad213b58b2b4e2ac61750b187e793,mitmproxy,367,0,sha256WithRSAEncryption,2048,RSA,1,v3,0,1
id.a-mx.com,171b4acd52a06c1bb80d2451293992f0b5db79d5f503ebc2f95798d686a4895a,mitmproxy,367,0,sha256WithRSAEncryption,2048,RSA,1,v3,0,1
fa000000005.resources.office.net,557e714d3d30f7a34548791119dc768888f36e1eacba7fb2e5711fc00093660c,mitmproxy,367,0,sha256WithRSAEncryption,2048,RSA,1,v3,0,1
simage4.pubmatic.com,d06ac77884c9f8f8acfc2e138505802026f9ab3bc0336ef883e57bbf2cd2b278,mitmproxy,367,0,sha256WithRSAEncryption,2048,RSA,1,v3,0,1
choices.truste.com,2f265e540728bb3c7168be5e19d1e0d3ca30b9126c157ac8ad725b7d458170d7,mitmproxy,367,0,sha256WithRSAEncryption,2048,RSA,1,v3,0,1
sc.omtrdc.net,dc2ca8265796a3c8f7f526d83d502d6cb3b5ae5e20a67cbc9803b7056fecb5f8,mitmproxy,367,0,sha256WithRSAEncryption,2048,RSA,1,v3,0,1
privacymanager.io,61f04eaf5162e6b9c9c3f7d20f7fc24cf2a27d5637ed35778299ece130666855,mitmproxy,367,0,sha256WithRSAEncryption,2048,RSA,1,v3,0,1
ocws.officeapps.live.com,6c2eeb8eb1b7bcb15a572f1469c85dd783191b29d47287e2bc67447c7d495e5f,mitmproxy,367,0,sha256WithRSAEncryption,2048,RSA,1,v3,0,1
recaptcha.net,38e4b322d475a79b37330b30ed1533d3344ae878ad7aaa6c7f92f5429400b909,mitmproxy,367,0,sha256WithRSAEncryption,2048,RSA,1,v3,0,1
ms-cookie-sync.presage.io,ba4680e73008367a584c3c9070797d91ada9e95a0b14fd1ded35646e00f149ea,mitmproxy,367,0,sha256WithRSAEncryption,2048,RSA,1,v3,0,1
xgapromomanager-pa.googleapis.com,5711062f8f47843335806c7e5e932cec679abe6d03c846785db2d87722951ce5,mitmproxy,367,0,sha256WithRSAEncryption,2048,RSA,1,v3,0,1
svc.ms-acdc-teams.office.com,2000d24017e8da599ebd97d1a38ef506c8ebae9dc15d430de0c57d88c5268d7b,mitmproxy,367,0,sha256WithRSAEncryption,2048,RSA,1,v3,0,1
tr.teams.microsoft.com,7ab3dafa9acf6b43f290b99df15125eb2cbf58fb704ab80a106e87fd2a787ee5,mitmproxy,367,0,sha256WithRSAEncryption,2048,RSA,1,v3,0,1
godaddy.com,8f4ab99bb1cde8b976faf2a52634e129aa51f2c2f184e77b34430bc53562cdb7,mitmproxy,367,0,sha256WithRSAEncryption,2048,RSA,1,v3,0,1
choices.trustarc.com,a8c1dcb3a7b5f05e2f9a33c7705f891702c7e181a07806d986769c5fff136461,mitmproxy,367,0,sha256WithRSAEncryption,2048,RSA,1,v3,0,1
maps.gstatic.com,88253b5ba0c5e9e568837ea9e64957adb69e3810495f60afd1e36f0b0823c2a6,mitmproxy,367,0,sha256WithRSAEncryption,2048,RSA,1,v3,0,1
cdn.flashtalking.com,0613b5d3d82de6b88a047ce7bc679ad99d2d9341f680ccff0cd9fc38ff1e517b,mitmproxy,367,0,sha256WithRSAEncryption,2048,RSA,1,v3,0,1
weather-edge.apple.com,16669dc2c4b986d9538213ea9895fa69f12a0f4fa8dd4dd2dd14c3440d980245,mitmproxy,367,0,sha256WithRSAEncryption,2048,RSA,1,v3,0,1
challenges.cloudflare.com,72116e49c9cb38e91f849a12adcdde02adb07ad3e51d13450d1b240ee8a0ae4b,mitmproxy,367,0,sha256WithRSAEncryption,2048,RSA,1,v3,0,1
star.fallback.c10r.instagram.com,15ffd3f235750de14ef6872f1dcbbecb8ce25c3c7b7440267ef64a33a2805216,mitmproxy,367,0,sha256WithRSAEncryption,2048,RSA,1,v3,0,1
cm.adform.net,0aeeed2c027f8af8b6b851679e442f5668aa9df0a26653047cd5a2346fe79bf7,mitmproxy,367,0,sha256WithRSAEncryption,2048,RSA,1,v3,0,1
wps.v.aaplimg.com,9df7ecaf28a2bcabcc4de8be842ea7c7c5bf214cd244d18bc65066058d51a8b9,mitmproxy,367,0,sha256WithRSAEncryption,2048,RSA,1,v3,0,1
captive.g.aaplimg.com,0120d3769eba231ffc65f2e049b9a31162fe589e2a963873bf7ca4efbe9b01b8,mitmproxy,367,0,sha256WithRSAEncryption,2048,RSA,1,v3,0,1
adjust.com,2b3f2f5708d3b531a70fa670a12547d97ec452b6dbe5bc478cdebfdd95e92bd3,mitmproxy,367,0,sha256WithRSAEncryption,2048,RSA,1,v3,0,1
js.adsrvr.org,55c8fc78690a2f3e8f9e518651378e60df1511bb4377cafab64efcd9b279db87,mitmproxy,367,0,sha256WithRSAEncryption,2048,RSA,1,v3,0,1
ssp.disqus.com,891c7c50078f43ccca1c2db214a96f306deb28a11f1845d9d02fc7bc2ac82008,mitmproxy,367,0,sha256WithRSAEncryption,2048,RSA,1,v3,0,1
chat.google.com,b87890fac8b3da88542e0dbec027c32e8c1eda82b26d8eb810154e80d4b15849,mitmproxy,367,0,sha256WithRSAEncryption,2048,RSA,1,v3,0,1
apps-mzstatic-cdn.itunes-apple.com.akadns.net,6fd29cb2d4cf1e8febde6742aa9b1e1537ecf9b1dd376bd50c578b7c5d8f4665,mitmproxy,367,0,sha256WithRSAEncryption,2048,RSA,1,v3,0,1
rtb0.doubleverify.com,b6808e0c6df108f5ee97438658f3a66ed9325c8c3f4c986f83e5b3b64887b829,mitmproxy,367,0,sha256WithRSAEncryption,2048,RSA,1,v3,0,1
logs.ads.vungle.com,a8bead3b1212f1a184ff3e1acbc2ee2e3185c8701b61e09f88ad9f6b1cb31ae3,mitmproxy,367,0,sha256WithRSAEncryption,2048,RSA,1,v3,0,1
script.hotjar.com,7176eb2346919ec6492e05c27d27317abeceb288ad6e165f44c5abaf0b072df6,mitmproxy,367,0,sha256WithRSAEncryption,2048,RSA,1,v3,0,1
api.apple-cloudkit.com,e5a52e709deb057dfe85ed9f9efd9803a4e085c55e1b56450a49c27bbf560161,mitmproxy,367,0,sha256WithRSAEncryption,2048,RSA,1,v3,0,1
bttrack.com,406ade43b11ad9cf4180f830bde6a4176aae215e8cf31a052a71d70eb2fe4614,mitmproxy,367,0,sha256WithRSAEncryption,2048,RSA,1,v3,0,1
openai.com,e86ff6efd039ee924be5b229e4bbb845b202192180132d0c4dbd3b4b3b63fc0b,mitmproxy,367,0,sha256WithRSAEncryption,2048,RSA,1,v3,0,1
init.push-apple.com.akadns.net,489b1cbcbeda2e25b8c85cfb6de6789f84dc91ffc9d512dbd8e9b89f256d04e7,mitmproxy,367,0,sha256WithRSAEncryption,2048,RSA,1,v3,0,1
maxcdn.bootstrapcdn.com,990f54ebaf2bed8a8223eebdebd928a7e08624efd266daa300ea545b9e1d2094,mitmproxy,367,0,sha256WithRSAEncryption,2048,RSA,1,v3,0,1
api.btloader.com,e3d72480d5a40efb3ea86e9538d3e52e5c75a7fb2afeb0b2e925853b1ef34ebc,mitmproxy,367,0,sha256WithRSAEncryption,2048,RSA,1,v3,0,1
m.adnxs.com,f747384b2a8a9e97c9b80f2a9f04fbb2eeacc14fc695ffe1547ac92e6bbb6fd1,mitmproxy,367,0,sha256WithRSAEncryption,2048,RSA,1,v3,0,1
ab.chatgpt.com,607fa1aea7630da5f3bd444550f0ab5536bcdf4e2cf96d721a4bc27a4d909320,mitmproxy,367,0,sha256WithRSAEncryption,2048,RSA,1,v3,0,1
ssbsync-global.smartadserver.com,e59dce7b25cfd328b7bbea2092f4bcdd6f0c29c7c99daeed097899c6f4b8d16a,mitmproxy,367,0,sha256WithRSAEncryption,2048,RSA,1,v3,0,1
iot.us-west-2.amazonaws.com,685bf8c702075457891567d386bf49454161edb5e8827ea0c3a0c628296656ec,mitmproxy,367,0,sha256WithRSAEncryption,2048,RSA,1,v3,0,1
app-analytics-v2.snapchat.com,6f55a2bd0d16a9eca704069550ef792177bd7d6a988665752ea4f76ca7c2f00a,mitmproxy,367,0,sha256WithRSAEncryption,2048,RSA,1,v3,0,1
partners.tremorhub.com,f3e9b75cdc7c1669922b8a9f59de026b426eb54a08c38a5acfa3a73a3749dc07,mitmproxy,367,0,sha256WithRSAEncryption,2048,RSA,1,v3,0,1
dsp.360yield.com,098e3794fe34425bce5dab4dcb0ac1d599f36410ed2728d756781f6d638d2594,mitmproxy,367,0,sha256WithRSAEncryption,2048,RSA,1,v3,0,1
bing.net,1dc8f8906ef5933790d09d889759ec9a712936853c51086e90272d6cbb6edfed,mitmproxy,367,0,sha256WithRSAEncryption,2048,RSA,1,v3,0,1
www.recaptcha.net,b0da8cdf69b3b8219b8e82cbc92dc6101c294a09381ed1b671e722aa77cf3914,mitmproxy,367,0,sha256WithRSAEncryption,2048,RSA,1,v3,0,1
sb-ssl.google.com,ea819371a924ad60a61de62ada3fbc1571e19ad9f7c753574460339c33a02096,mitmproxy,367,0,sha256WithRSAEncryption,2048,RSA,1,v3,0,1
history.google.com,9d3f35337778eac6ef25c86cda77f6893f5ddcc01f8e307309fba2949306f679,mitmproxy,367,0,sha256WithRSAEncryption,2048,RSA,1,v3,0,1
secure.netflix.com,81a5e4cb442f2a4bc2041e285066a2e5e5fdfb9f7ec990093fcf58967d7ecf11,mitmproxy,367,0,sha256WithRSAEncryption,2048,RSA,1,v3,0,1
sync.a-mo.net,f30e60d94ab2afca655237aaf2c68eba80262cf45d7a6a6373609c9ba7d5bea3,mitmproxy,367,0,sha256WithRSAEncryption,2048,RSA,1,v3,0,1
locationhistory-pa.googleapis.com,5d998dc1bc51a96fad9a1593f32364e172f5b5fe6695ba40a206f007b85ef175,mitmproxy,367,0,sha256WithRSAEncryption,2048,RSA,1,v3,0,1
duosecurity.com,9743f82f0bb1b3284b0047bbf1a4710a8fc03cb1267690595510dffeff6dee14,mitmproxy,367,0,sha256WithRSAEncryption,2048,RSA,1,v3,0,1
media.apple.map.fastly.net,2f03eb6c9f24800f86fc6f7901b0e79fa3fe02d16df255de1803dc78c595420d,mitmproxy,367,0,sha256WithRSAEncryption,2048,RSA,1,v3,0,1
iphone-ld-migration.origin-apple.com.akadns.net,96a366caa531f7c02c4c0bfbd49ced656dd781bff6c9f119857745a8ddf99aca,mitmproxy,367,0,sha256WithRSAEncryption,2048,RSA,1,v3,0,1
cdn.optimizely.com,0eabcd489248d0993b59fee5eafd6363a459055b10ad84c5ee9dcfd550c71649,mitmproxy,367,0,sha256WithRSAEncryption,2048,RSA,1,v3,0,1
sync.targeting.unrulymedia.com,475fc1c0bd859a1037dbcac618d720b83dcda15f880a4673b811b854fc246d89,mitmproxy,367,0,sha256WithRSAEncryption,2048,RSA,1,v3,0,1
s-0005.dual-s-msedge.net,987fd2645d41e00b45aa447f8616419099ede311215326d5c34d2494e1f967aa,mitmproxy,367,0,sha256WithRSAEncryption,2048,RSA,1,v3,0,1
play.itunes.apple.com,5d7bc5f553841a719f5b38383e0f70c9c720a68d68ca10edd4de462cb39537f1,mitmproxy,367,0,sha256WithRSAEncryption,2048,RSA,1,v3,0,1
ssl.google-analytics.com,367bb851505e8fcd0f0408e452768c9c4a137e8f3a3c3305ac2a4d5e6ba42a3d,mitmproxy,367,0,sha256WithRSAEncryption,2048,RSA,1,v3,0,1
h3.media.apple.map.fastly.net,cd0d398e809166b5c0f33896d86674f61d1d7efe0eb509509a16e7d3ffc01947,mitmproxy,367,0,sha256WithRSAEncryption,2048,RSA,1,v3,0,1
cl3.g.aaplimg.com,6607e9e23afbc31076cc69845ea024cad432a99dd09526a1f6b97e310152d73b,mitmproxy,367,0,sha256WithRSAEncryption,2048,RSA,1,v3,0,1
uipglob.semasio.net,45f61d15b9076a54e77fe8aa0ccb54ba77bdc035a8d19cdc3bc98a5022c62275,mitmproxy,367,0,sha256WithRSAEncryption,2048,RSA,1,v3,0,1
ssl.com,9141db9a5f5793e79443c76c7f47dd579962041a855037b2da7f7bb053a89aca,mitmproxy,367,0,sha256WithRSAEncryption,2048,RSA,1,v3,0,1
2.android.pool.ntp.org,2317bf234e2083717b1241e6f4704474bbf4eb7c943f740792552fa7f2afb5a8,mitmproxy,367,0,sha256WithRSAEncryption,2048,RSA,1,v3,0,1
configuration-row-lb.apple.com.akadns.net,dce9ae0b59724079fda58827aed2606299e9c03d07b9333666bab43764bb06ba,mitmproxy,367,0,sha256WithRSAEncryption,2048,RSA,1,v3,0,1
init.gc.apple.com,c3f419d1217e9022e65ee3df25e53d2dbe7417272b255dd2c04e4c64f840f4c0,mitmproxy,367,0,sha256WithRSAEncryption,2048,RSA,1,v3,0,1
sync.adkernel.com,bc67cb61661d51175efc110b9a48f77693e80a5c02c392989e7c48d0a9503ba1,mitmproxy,367,0,sha256WithRSAEncryption,2048,RSA,1,v3,0,1
api.weather.com,f5670c8b565f90e8625e121b1884caf956c678388687532e4b5267fc8904cb9b,mitmproxy,367,0,sha256WithRSAEncryption,2048,RSA,1,v3,0,1
contextual.media.net,d300e0d9abf62132644cad0706d44c9dbd2ed14811f33967471eb910088c603a,mitmproxy,367,0,sha256WithRSAEncryption,2048,RSA,1,v3,0,1
thrtle.com,dc56d2baeaddf00f736ecab2875c91f93e89d5751bbd7e21aa1a048e9b1733fc,mitmproxy,367,0,sha256WithRSAEncryption,2048,RSA,1,v3,0,1
store-images.s-microsoft.com,19f980b8222cdbd8206c77a135d1987df05d755e584f4b3d228c2f65decfd07d,mitmproxy,367,0,sha256WithRSAEncryption,2048,RSA,1,v3,0,1
pixel.quantserve.com,60475dbeae9eba888abb9fb64476f3fc31461e0b3562b0aa2fde94cecd8e8d02,mitmproxy,367,0,sha256WithRSAEncryption,2048,RSA,1,v3,0,1
cloudsearch.googleapis.com,d2ee0beed6d439beb7835d969ec9f969148444cb07cc3d87bb9af7527cd8c827,mitmproxy,367,0,sha256WithRSAEncryption,2048,RSA,1,v3,0,1
use.fontawesome.com,38043ab0e96893abf1caec41d92dce5d0d7d963c79be37c414692bf8aecd67b9,mitmproxy,367,0,sha256WithRSAEncryption,2048,RSA,1,v3,0,1
notify.adobe.io,0df8771da9a1562060bdff1d8d81d170eff31b16e126cd335a76d12e44cf1a15,mitmproxy,367,0,sha256WithRSAEncryption,2048,RSA,1,v3,0,1
autologon.microsoftazuread-sso.com,87242b31908940f3c1096086ffdebc83f2923fed9bd594cde0331203efe7c39d,mitmproxy,367,0,sha256WithRSAEncryption,2048,RSA,1,v3,0,1
tags.tiqcdn.com,7dbdf20b2548d16c7f7a83f0cda63904e87f0077f6971661c7ed1ff568674224,mitmproxy,367,0,sha256WithRSAEncryption,2048,RSA,1,v3,0,1
mozilla.org,c06f9704af7f20cf6c5fb8c75c0f055eae11702fc369d1b288aaab02fc9a9537,mitmproxy,367,0,sha256WithRSAEncryption,2048,RSA,1,v3,0,1
sc-static.net,d3a41e904fd2d8fb3e3c91f8411cc72558fdead0468bf99c80830fe8527c29a9,mitmproxy,367,0,sha256WithRSAEncryption,2048,RSA,1,v3,0,1
cloud.unity3d.com,e86970b4d7173129787c80aa03d0cbe7ca0490372267f5da918546eaeed7acbb,mitmproxy,367,0,sha256WithRSAEncryption,2048,RSA,1,v3,0,1
ipify.org,ff2db0bbc7b868042858dfbcfc8f4043ae3840874eb3c11705ada0739a89accc,mitmproxy,367,0,sha256WithRSAEncryption,2048,RSA,1,v3,0,1
b-graph.facebook.com,05c7927b4ee25a93e4632c6c97e96344c4f82d7d3f010e919526d0e4354bc175,mitmproxy,367,0,sha256WithRSAEncryption,2048,RSA,1,v3,0,1
appsgrowthpromo-pa.googleapis.com,f568dc8fb493253ade070caf194ea52375a2e57f06593bebc4d8bf7740c34b72,mitmproxy,367,0,sha256WithRSAEncryption,2048,RSA,1,v3,0,1
us-central1-gcp.api.snapchat.com,d0b090c15b0bcaa5e1b60a2f46121620d6fe71eddca1278dd34cb52a7c6d7dc7,mitmproxy,367,0,sha256WithRSAEncryption,2048,RSA,1,v3,0,1
media4.giphy.com,0c4ec6c1ca714a4f5669b2313daa8b31031bfb5fd53c329167d3cbe9b5ea528a,mitmproxy,367,0,sha256WithRSAEncryption,2048,RSA,1,v3,0,1
us-east1-aws.api.snapchat.com,34a2c8304287684d3c86b3728a6f95d3c6f771298b2e48687c6efcc92ca9edc8,mitmproxy,367,0,sha256WithRSAEncryption,2048,RSA,1,v3,0,1
ep2.facebook.com,b0fa50d80f92fd24ce159d95f2e477afe8165e86f74a0bd4bef468a2cd221d57,mitmproxy,367,0,sha256WithRSAEncryption,2048,RSA,1,v3,0,1
yandex.ru,af015a4e03fcb716c85685aa7f672cda3414a40cb148c66b5008bf5cf2fe6b4c,mitmproxy,367,0,sha256WithRSAEncryption,2048,RSA,1,v3,0,1
smilewanted.com,16a51c671f9ea83430e1d0cf1296ccd90597021c9c65e00e2e721da0485be7e8,mitmproxy,367,0,sha256WithRSAEncryption,2048,RSA,1,v3,0,1
vtrk.dv.tech,1b6a65c83d12642159dbae417d2eb5e15d5a2626ae2139e0d0494f2194a4ec82,mitmproxy,367,0,sha256WithRSAEncryption,2048,RSA,1,v3,0,1
sync.bfmio.com,e45a6cfa9833ea9c2b15cb779395ae47beaeea8d9af290a3d9005794676915cc,mitmproxy,367,0,sha256WithRSAEncryption,2048,RSA,1,v3,0,1
partiality.itunes.apple.com,af1db089212632a024073db2641970027636ba711660c2c5b9064ffdec9cf890,mitmproxy,367,0,sha256WithRSAEncryption,2048,RSA,1,v3,0,1
core.bdec.microsoft.com,5adc5283f8d057a6caf2b99e58c6685fa8936abb0c3ea56f039cc319efcb6985,mitmproxy,367,0,sha256WithRSAEncryption,2048,RSA,1,v3,0,1
ocsps.ssl.com,424af0f61c99f351fffc99ba56abd533ea2588c4be8f1510226cbc4df92d4118,mitmproxy,367,0,sha256WithRSAEncryption,2048,RSA,1,v3,0,1
wt.rqtrk.eu,c9b55c9ff2e9a435b4602bcea08902f02c61b5010780cca1e21383825b72e90f,mitmproxy,367,0,sha256WithRSAEncryption,2048,RSA,1,v3,0,1
sync.intentiq.com,41c53c1abc69d46051d7a25262a231da9c07c7ebb6475f69bf0bb230ecee9184,mitmproxy,367,0,sha256WithRSAEncryption,2048,RSA,1,v3,0,1
cloudinary.com,0d8025a50a140293613cc2f175e8cc8c20d0aa5038ad04548bf782fed44c363f,mitmproxy,367,0,sha256WithRSAEncryption,2048,RSA,1,v3,0,1
ow1.res.office365.com,271ae7fd8dc7ce54aebd97a1b24b8dff6f40ef7b0a48748e4fb453f0d5d5845a,mitmproxy,367,0,sha256WithRSAEncryption,2048,RSA,1,v3,0,1
archive.ph,ed9c8c1db1bddc106b68a0f91d64a7122505742c99ec63f665a0ac1f1e045469,mitmproxy,367,0,sha256WithRSAEncryption,2048,RSA,1,v3,0,1
image4.pubmatic.com,c0d937da10aeb95586f1fdc881a24916dcf25fc5c2c10b1e501eca5bff75dec1,mitmproxy,367,0,sha256WithRSAEncryption,2048,RSA,1,v3,0,1
lenovo.com,c67805d99d07245f7f142d64a47ac5fe9d646b7faafacb256a075beb6cbbf176,mitmproxy,367,0,sha256WithRSAEncryption,2048,RSA,1,v3,0,1
apple-relay.fastly-edge.com,1ef54d0d57fbca2d55cf83561d82a958d88ffe9e9c8e3584f9e78fb7f89b0caf,mitmproxy,367,0,sha256WithRSAEncryption,2048,RSA,1,v3,0,1
cootlogix.com,519d6f66af7afd07a544b26e1c73a879e4e41ee3aaf25c7aa4040e72a99be598,mitmproxy,367,0,sha256WithRSAEncryption,2048,RSA,1,v3,0,1
notification.m365.svc.cloud.microsoft,3ab221bc68327bdbe8ee14cba413299f1dad30c855dcf5138211ab26e9b345d9,mitmproxy,367,0,sha256WithRSAEncryption,2048,RSA,1,v3,0,1
enduser.adsrvr.org,886cebf8c75b7c98c4375db137cf7aeb9cb803d095950e34c05b8555a97701ea,mitmproxy,367,0,sha256WithRSAEncryption,2048,RSA,1,v3,0,1
excelonline.nel.measure.office.net,c1b2bd9bf22748ab804273ad926051bc6f03da75c7d882d9b509a3dcdfc45299,mitmproxy,367,0,sha256WithRSAEncryption,2048,RSA,1,v3,0,1
caldav.fe2.apple-dns.net,70776677ea36a680311d959442d188957c8f60c36a2c48bfa9d0345948322122,mitmproxy,367,0,sha256WithRSAEncryption,2048,RSA,1,v3,0,1
crb.kargo.com,2397d945d71f97148f00c57b20a75cc4942e8af5d59e0436ef718031a37d6e7b,mitmproxy,367,0,sha256WithRSAEncryption,2048,RSA,1,v3,0,1
downloaddispatch.itunes.apple.com,1516438254563bb113d0d757cea00e31bbc81dbb74638f6a2e093adf788af4af,mitmproxy,367,0,sha256WithRSAEncryption,2048,RSA,1,v3,0,1
exelator.com,ad3996681804b238f3ede8c04af3d46f32a35d3b5d42a62dc833d146d64d1b6e,mitmproxy,367,0,sha256WithRSAEncryption,2048,RSA,1,v3,0,1
vast.doubleverify.com,a4a62481adaf17f4d40bc8aef6894abe84f20fc018823edd93bb48d2febd82c7,mitmproxy,367,0,sha256WithRSAEncryption,2048,RSA,1,v3,0,1
mask-h2.icloud.com,5d8967dc147c6303916102a7089dd6f4f27ed81eacf68204321e620a9ace7c34,mitmproxy,367,0,sha256WithRSAEncryption,2048,RSA,1,v3,0,1
cf-st.sc-cdn.net,3adc76563b510ae19f97e8f7cc38b0934967b675eea5a088dd1d4f89674dd573,mitmproxy,367,0,sha256WithRSAEncryption,2048,RSA,1,v3,0,1
pptservicescast.officeapps.live.com,f3965e42d00632a8040aaa237ab68d3780c5248cf3a3fcf72c3897ec6096a6e2,mitmproxy,367,0,sha256WithRSAEncryption,2048,RSA,1,v3,0,1
a1051.dscg4.akamai.net,f8e19dd115874e020e4d9fcd788df13981125df45d3f7fec2db86e7dea128ae4,mitmproxy,367,0,sha256WithRSAEncryption,2048,RSA,1,v3,0,1
d.turn.com,de41244098481044fa53327d8e81efaf7d6273735dd3624c8ee8f5d9cb7dacfd,mitmproxy,367,0,sha256WithRSAEncryption,2048,RSA,1,v3,0,1
media3.giphy.com,8dc6896763b0157c1f739ed930a138ce17cf06aa1023d7e0a1db2fc7403d9981,mitmproxy,367,0,sha256WithRSAEncryption,2048,RSA,1,v3,0,1
workspace.google.com,6c64b9af0c755eb1d85f9b5f4f8162a4bc1bbd9a48a1749ad222b0c0ee27cdfd,mitmproxy,367,0,sha256WithRSAEncryption,2048,RSA,1,v3,0,1
smoot-feedback.v.aaplimg.com,7eb5b4285f72e9bd9046bce17197f6b0608a35ea3241c922c993ea53e0222f53,mitmproxy,367,0,sha256WithRSAEncryption,2048,RSA,1,v3,0,1
res-1.public.onecdn.static.microsoft,e5274dc01e2acb760d5588f648e3962909cda18f66ca9e183e146e69d9111d40,mitmproxy,367,0,sha256WithRSAEncryption,2048,RSA,1,v3,0,1
s.go-mpulse.net,200b570e1bb7c969c651102ebf8a65823227c4c207f4d6c620a1c03a752c20f3,mitmproxy,367,0,sha256WithRSAEncryption,2048,RSA,1,v3,0,1
worldaz.tr.teams.microsoft.com,bd234acc84f183894d743cd4fcd16e6cb95629dcecdd7f611e1b217843e1e26c,mitmproxy,367,0,sha256WithRSAEncryption,2048,RSA,1,v3,0,1
unified.adsafeprotected.com,f69c8138c72d09651c4dcf09a831ba282b37bdc7dd892cf71f50b15032037a12,mitmproxy,367,0,sha256WithRSAEncryption,2048,RSA,1,v3,0,1
teams-mrc-ww-perf.tm-4.office.com,5d6f5cc12c206c88f2d81e8cdfec164be3fed0b88caa68c679a7a20c715020f8,mitmproxy,367,0,sha256WithRSAEncryption,2048,RSA,1,v3,0,1
ims-na1.adobelogin.com,c82bf575729c087db1f621d048907b22cfa540b06bce61afa7d2b9dc2467b527,mitmproxy,367,0,sha256WithRSAEncryption,2048,RSA,1,v3,0,1
s.company-target.com,d8d37e624da8a8f90744cfec074a8d4e0a31a189a4cd4becc9e5b353c9c58126,mitmproxy,367,0,sha256WithRSAEncryption,2048,RSA,1,v3,0,1
iosapps.itunes.apple.com,875d92659c8dee787caa8800f48a43b9d581a46f9f8e716682b8a0df121fa9e5,mitmproxy,367,0,sha256WithRSAEncryption,2048,RSA,1,v3,0,1
firestore.googleapis.com,360b41874792e453f1299739c4823bae421f26d48c59066ab4930b159ad285e8,mitmproxy,367,0,sha256WithRSAEncryption,2048,RSA,1,v3,0,1
www.tm.a.prd.aadg.akadns.net,d505a9df361173b2a174b2ed46a94ae1d4c8b453315de2d7ba142196a2c31b4d,mitmproxy,367,0,sha256WithRSAEncryption,2048,RSA,1,v3,0,1
uiboot.netflix.com,a9f75420597142e79c2718f59056e6cb79ada3550541481c9bfa8fe09a22141d,mitmproxy,367,0,sha256WithRSAEncryption,2048,RSA,1,v3,0,1
dynatrace.com,1c83d32a6ea3d1bf485a08a48138a1ecb7f429cc257bc6d9f5f56a6bfd67b781,mitmproxy,367,0,sha256WithRSAEncryption,2048,RSA,1,v3,0,1
mozilla.com,f2719d960e19cba4ca2f6e8d8833f8f4ffb52240a0c13482a2bc3edc89d3803a,mitmproxy,367,0,sha256WithRSAEncryption,2048,RSA,1,v3,0,1
dns-finder.com,e16812f4828ffcf0bf52315c9db3aca39f263ffc88f9650be0bcf91efda52fd8,mitmproxy,367,0,sha256WithRSAEncryption,2048,RSA,1,v3,0,1
samsungcloud.com,09b23d2458870f59d78789625e2998996e5fa6ea8b140d471a012afd71bfe9d9,mitmproxy,367,0,sha256WithRSAEncryption,2048,RSA,1,v3,0,1
deviceintegritytokens-pa.googleapis.com,abd6400b214564c78abdbe64d472261b72338681e8dc633cc9bec4da790c9b4e,mitmproxy,367,0,sha256WithRSAEncryption,2048,RSA,1,v3,0,1
quota.fe2.apple-dns.net,ebfaeda6e07089703746555ede9d69219383dd9663e8ecc655e23b1a1531c35b,mitmproxy,367,0,sha256WithRSAEncryption,2048,RSA,1,v3,0,1
playatoms-pa.googleapis.com,7c565feb1197dba91d96bad42e8760b246ac7bb5aee9dd71e4343307dd1c3aa4,mitmproxy,367,0,sha256WithRSAEncryption,2048,RSA,1,v3,0,1
amxrtb.com,35f08a741f24e68d26e37186f58532c735d14becfb0b8837a031378d69e545ce,mitmproxy,367,0,sha256WithRSAEncryption,2048,RSA,1,v3,0,1
api.apple-cloudkit.fe2.apple-dns.net,a5ca74eddc5be404d32f3d900088e903de94b83a9c2a1bc9b2f9435ae42457bd,mitmproxy,367,0,sha256WithRSAEncryption,2048,RSA,1,v3,0,1
apresolve.spotify.com,09c46c0342733ab0f8e83e7e3037d1578549a89757ef25ea7b79704283c58215,mitmproxy,367,0,sha256WithRSAEncryption,2048,RSA,1,v3,0,1
api.segment.io,b8df8c66e456afa49df3ac33c6ee71d24225ea08bb8e406f41129f8f10fb2bc1,mitmproxy,367,0,sha256WithRSAEncryption,2048,RSA,1,v3,0,1
www.tm.a.prd.aadg.trafficmanager.net,62fefd9e96e38ada965125502b521fc5d61e66a017b3b9e415910b018852a605,mitmproxy,367,0,sha256WithRSAEncryption,2048,RSA,1,v3,0,1
ocsp.globalsign.com,bbc039de72b91b22da4cb40e31b18fca50757f20f1a68658c457ec39896af3f7,mitmproxy,367,0,sha256WithRSAEncryption,2048,RSA,1,v3,0,1
ab.dns-finder.com,a282d6e4eb40c4b2079e623f80b381329b4d53f96aa1d869527a66b1b0e84009,mitmproxy,367,0,sha256WithRSAEncryption,2048,RSA,1,v3,0,1
a1961.g2.akamai.net,9e8e3fdc16f3fe0d158d879e32a94388f3e5793f4813d3b4271da3e20957adad,mitmproxy,367,0,sha256WithRSAEncryption,2048,RSA,1,v3,0,1
netcts.cdn-apple.com,4aceab6dd37289d361d8134e4dde2e3c82653d2eaf58a052510222c6878452ec,mitmproxy,367,0,sha256WithRSAEncryption,2048,RSA,1,v3,0,1
fbsbx.com,f4d42af04fcab2510f7b2cfcfb6b863412393133647695ccfc9027e2795dcac0,mitmproxy,367,0,sha256WithRSAEncryption,2048,RSA,1,v3,0,1
appsflyer.com,fea8f46e62a0b61aa1511aa12564a48339d44ec99e8a4a4fdf48654ff9272d25,mitmproxy,367,0,sha256WithRSAEncryption,2048,RSA,1,v3,0,1
incidents.diagnostics.office.com,23b240714e573fd252aff3c61de95b81746229ec0a8112fd87e1786d2897757c,mitmproxy,367,0,sha256WithRSAEncryption,2048,RSA,1,v3,0,1
ingage.tech,c4ed35dcaf1f9de0a3d7a4ea4155cf852495b3bd4cf43d5e5d0a77385f2d0330,mitmproxy,367,0,sha256WithRSAEncryption,2048,RSA,1,v3,0,1
profile.gc.apple.com,f3f865610674e31448911c1858a9cccf1e04628570080a3066c70eda355782da,mitmproxy,367,0,sha256WithRSAEncryption,2048,RSA,1,v3,0,1
thousandeyes.com,24e59050596b9cebe45ab7adcb75d2c1bd34a52017615f9c3b0eb4f88545e000,mitmproxy,367,0,sha256WithRSAEncryption,2048,RSA,1,v3,0,1
o.pki.goog,0951e45f0f1a4ff4fe6920cb53ff3076750227d24333da3608ba0c269ef1a4bc,mitmproxy,367,0,sha256WithRSAEncryption,2048,RSA,1,v3,0,1
gsa.idms-apple.com.akadns.net,16b2af2ecb7e2f53abf3b5ca178c705020e6c2b55323cfe80e19244613a570a2,mitmproxy,367,0,sha256WithRSAEncryption,2048,RSA,1,v3,0,1
a.amxrtb.com,2c77cdcbc2c09550024e2ddb749e84d4d731e67111ae95e7c5cba30a4e6028ca,mitmproxy,367,0,sha256WithRSAEncryption,2048,RSA,1,v3,0,1
fa000000125.resources.office.net,3d31d15939e16f5dd83a286305b5fcffcd3cda611ddd20b83dd0a1a2b278b82e,mitmproxy,367,0,sha256WithRSAEncryption,2048,RSA,1,v3,0,1
growth-pa.googleapis.com,aac89bedc4e534f7b5278b82b2ed7d327a3561e816506dcf5dcac6e7e323451a,mitmproxy,367,0,sha256WithRSAEncryption,2048,RSA,1,v3,0,1
gspe35-ssl.ls-apple.com.akadns.net,56c3d5a3965aba386b50c6d5854540df17cb57c6c0b1c8d99d716ac183bcc4ed,mitmproxy,367,0,sha256WithRSAEncryption,2048,RSA,1,v3,0,1
idx.liadm.com,e1038d319ee3063ffd0f333195fb47e08792927a56a8dac0120496d2d03f0b6d,mitmproxy,367,0,sha256WithRSAEncryption,2048,RSA,1,v3,0,1
media0.giphy.com,27127fcbee8e0e1e5886b2aeb6105a8527992c06a5ac6d534e6574e2f7561038,mitmproxy,367,0,sha256WithRSAEncryption,2048,RSA,1,v3,0,1
footprints-pa.googleapis.com,fa93d236ec7802bf3f3f3afaf96b38385956efae54d6b1c429c2e8b0d6e66410,mitmproxy,367,0,sha256WithRSAEncryption,2048,RSA,1,v3,0,1
csync.smilewanted.com,3e5b12d87d9a37238a902f963d3c5d1f8eadc4d3bd9e7397eb9b29dfb4112323,mitmproxy,367,0,sha256WithRSAEncryption,2048,RSA,1,v3,0,1
chat-e2ee.facebook.com,0f7b3cacf78125a514a441ac5aab4b7014c95c2677ce8889f262c2fa9a7d17c3,mitmproxy,367,0,sha256WithRSAEncryption,2048,RSA,1,v3,0,1
cdn.fastclick.net,55468098750d9bfe4f488f5f566b89f9ed81b26733f57b4bbbfbe2c9feef3c5d,mitmproxy,367,0,sha256WithRSAEncryption,2048,RSA,1,v3,0,1
secure.cdn.fastclick.net,457917ef94edd50f08449f6db9d95f3e0f825ff1691788f1119a7aaf8af8e459,mitmproxy,367,0,sha256WithRSAEncryption,2048,RSA,1,v3,0,1
zemanta.com,dca4be8095cb356c177dd60bbd81909b8c1b659f756d461e68fdc35af030e5f6,mitmproxy,367,0,sha256WithRSAEncryption,2048,RSA,1,v3,0,1
e4805.dsca.akamaiedge.net,132e8f8410380631ad0eed904f4e4d00a2ad78bdf4e76811665fbd63e2837021,mitmproxy,367,0,sha256WithRSAEncryption,2048,RSA,1,v3,0,1
cl2.g.aaplimg.com,02f76eb4a4a0244673c96a0522d1c1178df1adb200fbfcc4d3be53a8450d6230,mitmproxy,367,0,sha256WithRSAEncryption,2048,RSA,1,v3,0,1
gsp10-ssl.ls-apple.com.akadns.net,9bf486068c7d51520c88d2d206e919db9f955ccbc59ef75a24c9dc15ccef5dd6,mitmproxy,367,0,sha256WithRSAEncryption,2048,RSA,1,v3,0,1
b-cdn.net,9f0d898b66d3d32e0fea8ff2db2bef0baf370e064e53cfe898d9f5f336bff07a,mitmproxy,367,0,sha256WithRSAEncryption,2048,RSA,1,v3,0,1
agen-assets.ftstatic.com,c37875451516dd44485f5dcb2c6ecc6ed9caa04846dd28f6e0a1a2cdd4680457,mitmproxy,367,0,sha256WithRSAEncryption,2048,RSA,1,v3,0,1
m.facebook.com,ae399c607ade06a1edc97d5dc897c463ee85ec0ba60b48dd1db22eed37f91c95,mitmproxy,367,0,sha256WithRSAEncryption,2048,RSA,1,v3,0,1
scontent.cdninstagram.com,c8fab6b7b446c92da237958752edad52efaa0b9d912773050cd94f678d00594a,mitmproxy,367,0,sha256WithRSAEncryption,2048,RSA,1,v3,0,1
amx1.net,8aebf39b3775e29dd98452d9a366cf857ad8705585eba5421f4aef5c6d600682,mitmproxy,367,0,sha256WithRSAEncryption,2048,RSA,1,v3,0,1
gravatar.com,d42af591a87f6432e77fadde80561ab7cb0436d64e3c8e1f402d2f7cccc01e7e,mitmproxy,367,0,sha256WithRSAEncryption,2048,RSA,1,v3,0,1
mzstorekit.g.aaplimg.com,df679dd462d04f6d7c57e87ec9c4882416f73a42a648123c146bab52ac374fd8,mitmproxy,367,0,sha256WithRSAEncryption,2048,RSA,1,v3,0,1
pwa.cambiumtds.com,d0b7b906f990ef22b1418fc4c9f54a0bfe9ac1e62a305fd551357eb5c3db651c,mitmproxy,367,0,sha256WithRSAEncryption,2048,RSA,1,v3,0,1
i1.ytimg.com,f65e970c371d7c045a6390e91ef2db0887e55478d9d28c8f023346bd7fa303ff,mitmproxy,367,0,sha256WithRSAEncryption,2048,RSA,1,v3,0,1
media2.giphy.com,252698c2d920d8bfe6c127f2a20436a3a0e64763a24b277cb1555b0944ea5f6a,mitmproxy,367,0,sha256WithRSAEncryption,2048,RSA,1,v3,0,1
static.gc.apple.com,74cd4e4a0c25a6c86821d62c0ee78865f75aed95344663b84b92e620ae8a0880,mitmproxy,367,0,sha256WithRSAEncryption,2048,RSA,1,v3,0,1
odr.mookie1.com,c9928893a58fa531851d13870fda26672a5802598da06abe6b15050aa373a62b,mitmproxy,367,0,sha256WithRSAEncryption,2048,RSA,1,v3,0,1
proactivebackend-pa.googleapis.com,6ac33aae8553daf9eda6eb94c0393751b9407c00e6416e4bbbabcf4100f00150,mitmproxy,367,0,sha256WithRSAEncryption,2048,RSA,1,v3,0,1
addons-pa.googleapis.com,83df7d57b55499a0af53afe62e8e4f804cd7e76ed4d227163278739da821c3d1,mitmproxy,367,0,sha256WithRSAEncryption,2048,RSA,1,v3,0,1
a1556.dscapi9.akamai.net,f22d6f0639fca52d6f6096d372f6a54cbc55a251d20167594246ebcc318a5754,mitmproxy,367,0,sha256WithRSAEncryption,2048,RSA,1,v3,0,1
ts.amazon-adsystem.com,93dc8f69b5893c92fe189ddbc666c33e7ec6eae8b63fd525d8f74b4d4d23f40b,mitmproxy,367,0,sha256WithRSAEncryption,2048,RSA,1,v3,0,1
ocsp.digicert.cn,3ec1afe16f353da6632075439dce2a6df9bf771ee6ae4938ebfb9e43ca6c8a83,mitmproxy,367,0,sha256WithRSAEncryption,2048,RSA,1,v3,0,1
rt.applovin.com,5b706d75f913837591acc61b238f6b2c83e1e4b6cde4c68ef486b94fd7be837a,mitmproxy,367,0,sha256WithRSAEncryption,2048,RSA,1,v3,0,1
gcdn.2mdn.net,842597232b6d37938272a274b0c731f6d96faf95fd9a9a5904f3eaa79e704205,mitmproxy,367,0,sha256WithRSAEncryption,2048,RSA,1,v3,0,1
st.pubmatic.com,e5e7ae69348a9f34c797ac4a36979cc2e143895956cc74d5596256ca079698c4,mitmproxy,367,0,sha256WithRSAEncryption,2048,RSA,1,v3,0,1
ums.acuityplatform.com,815e44ea5399561b69dd5ceae80daade24e9227597b8dab50725a8a8edfdb496,mitmproxy,367,0,sha256WithRSAEncryption,2048,RSA,1,v3,0,1
cdn.api.btloader.com,b4a811fd34704c450b04de388148e63bc2b866f2d6c35b2b302b1b5f54abd446,mitmproxy,367,0,sha256WithRSAEncryption,2048,RSA,1,v3,0,1
amp-api-edge-cdn-lb.itunes-apple.com.akadns.net,53d600d09393905230a0f69832b52093dc6bc2be48e995c3050468d36e51dda6,mitmproxy,367,0,sha256WithRSAEncryption,2048,RSA,1,v3,0,1
lh7-rt.googleusercontent.com,13cb436e132b7bf4f98359151dc9bebaa91cd64faf869debdf0443a43c31caf3,mitmproxy,367,0,sha256WithRSAEncryption,2048,RSA,1,v3,0,1
cloudflare-dns.com,c7be743084df9fab76bdd946300276f9cffc42dcc83a019f850bf35dc338c80e,mitmproxy,367,0,sha256WithRSAEncryption,2048,RSA,1,v3,0,1
cs-server-s2s.yellowblue.io,156159daf06cc04c841e4d7bb3ceb7e3c5b421dc929b0bbfcd4d8985793454ec,mitmproxy,367,0,sha256WithRSAEncryption,2048,RSA,1,v3,0,1
a1838.dscw154.akamai.net,f34d1b6a057c8c28519547132b7cb67855c346215431b57194a366c40c16fc5d,mitmproxy,367,0,sha256WithRSAEncryption,2048,RSA,1,v3,0,1
us-east4-gcp.api.snapchat.com,2b086a3353739965d65588720de4525523baa3a7ce590fb1376197ea81cd15d5,mitmproxy,367,0,sha256WithRSAEncryption,2048,RSA,1,v3,0,1
mzstorekit.lb-apple.com.akadns.net,43ae4fac4fd127c6de98188a22255e2eeedcf1a50cb4efc72f77a509bb84a8d6,mitmproxy,367,0,sha256WithRSAEncryption,2048,RSA,1,v3,0,1
ad.gt,306432b5ff1503999b95ac924a0d3d17a6f8cdb45014b0fe8f7448ecde1516fe,mitmproxy,367,0,sha256WithRSAEncryption,2048,RSA,1,v3,0,1
media1.giphy.com,920d69268b3f5b1e1b7e142a9dd3448fba0890989cf9d81dbb01a022c88cffc0,mitmproxy,367,0,sha256WithRSAEncryption,2048,RSA,1,v3,0,1
virtualearth.net,2ada8666696bc8cc8d5e0fc41ca145de659165775933dd12c116fa8fd1b10a70,mitmproxy,367,0,sha256WithRSAEncryption,2048,RSA,1,v3,0,1
ipcdn.g.aaplimg.com,d284b484ac97f6295430bd695de6058d9d26ca9988cda2965f562ed5aed5d7c9,mitmproxy,367,0,sha256WithRSAEncryption,2048,RSA,1,v3,0,1
connectivitycheck.platform.hicloud.com,988c8d49ad0225003ecd9b16de4820150e943ea76f5a88504d9834015e1d7d15,mitmproxy,367,0,sha256WithRSAEncryption,2048,RSA,1,v3,0,1
aniview.com,105c71184d1667f9e96ff5e369d8e2f9103caf8b830ac973c28c6dd000485e66,mitmproxy,367,0,sha256WithRSAEncryption,2048,RSA,1,v3,0,1
officecdn.microsoft.com,63730fa3c2d13d3405f3f4db8c1d54eb6db7fb5565c048c735723028611309b8,mitmproxy,367,0,sha256WithRSAEncryption,2048,RSA,1,v3,0,1
voilatile-pa.googleapis.com,762e3360fb9f73266ea8361ba0eb4668931e62e34a922a88b4cac45f002f697d,mitmproxy,367,0,sha256WithRSAEncryption,2048,RSA,1,v3,0,1
www.adobe.com,bcefe856beee91ba610a7cda3e06ac200bba676fa6762609213f4aac51fd138c,mitmproxy,367,0,sha256WithRSAEncryption,2048,RSA,1,v3,0,1
pbs.twimg.com,ed74638ebc62ff3f0a27a59bfdcd2cf10037416e5252453477138c73105e71fb,mitmproxy,367,0,sha256WithRSAEncryption,2048,RSA,1,v3,0,1
buy-lb.itunes-apple.com.akadns.net,3cf9c7b05915c33a64858258dcbaeb27877149f8e6b5893a5ca72dd38870c6e6,mitmproxy,367,0,sha256WithRSAEncryption,2048,RSA,1,v3,0,1
wise.public.cdn.office.net,e364ce3e9017405d986d10244e4754b3982a39c52dbfbf9bc1acd6ea57ad7647,mitmproxy,367,0,sha256WithRSAEncryption,2048,RSA,1,v3,0,1
ohttp-relay1.fastly-edge.com,81cfc8010ce229b37418b4b92d733663ba7932cd199323b3dbd89bec2b0c0a3b,mitmproxy,367,0,sha256WithRSAEncryption,2048,RSA,1,v3,0,1
init-p01md-lb.push-apple.com.akadns.net,163ab6fa4c24f08b6eff9f038a8e1a47b1b9f6f5bb6babbfd1f32caddf6b61ac,mitmproxy,367,0,sha256WithRSAEncryption,2048,RSA,1,v3,0,1
rupload.facebook.com,f477be83c8de0bd1b8b1327bde5554e2d16ec7887c81feff4db723681be1f4d8,mitmproxy,367,0,sha256WithRSAEncryption,2048,RSA,1,v3,0,1
photosdata-pa.googleapis.com,34883c0974334814cfcc4b9a94eb75f4709fa6729def781f91c72d523f7f13eb,mitmproxy,367,0,sha256WithRSAEncryption,2048,RSA,1,v3,0,1
entitlement.diagnostics.office.com,25285aced2cf01e94fdfba326704d3d0acc5f91da76ec36362fef09d930f86eb,mitmproxy,367,0,sha256WithRSAEncryption,2048,RSA,1,v3,0,1
app-site-association.g.aaplimg.com,8555cfa98c8549b7b05e0130bf52fec3addf05d4ee1e6ec7704c4173faa78233,mitmproxy,367,0,sha256WithRSAEncryption,2048,RSA,1,v3,0,1
trustedstack.com,ad0551f34643636b17b39e7474339ac9bbbf4c5d7499eeb4f236594ebebe5514,mitmproxy,367,0,sha256WithRSAEncryption,2048,RSA,1,v3,0,1
cdn.btloader.com,da3dc71a195c9480327812a1df8227c135d1a2b5d024c65edb5255dd784b9fb6,mitmproxy,367,0,sha256WithRSAEncryption,2048,RSA,1,v3,0,1
securetoken.googleapis.com,098ee113192e25cc23ceba3cb4d991888f09b211d2a721c58ed81bf1b32f93bb,mitmproxy,367,0,sha256WithRSAEncryption,2048,RSA,1,v3,0,1
clever.com,b5f6f806b8b557425508cbe681aec0e16792aa75c145268d8c0838e70c2df1d9,mitmproxy,367,0,sha256WithRSAEncryption,2048,RSA,1,v3,0,1
mobileconfiguration-pa.googleapis.com,eef8ab1960cd54f69a51437bab0c5328a307ccc371069582099e5fde985dd2a7,mitmproxy,367,0,sha256WithRSAEncryption,2048,RSA,1,v3,0,1
rtb.gumgum.com,9827afdbbd0c0d3a618e1c1a09ba8078411166a0f3aa8957cc63d290aec7c6de,mitmproxy,367,0,sha256WithRSAEncryption,2048,RSA,1,v3,0,1
gsp57-ssl-revgeo.ls.apple.com,76ca081339c2b0a9e1e3491a5db0d046dd54e7791099068246e46bd5ac526035,mitmproxy,367,0,sha256WithRSAEncryption,2048,RSA,1,v3,0,1
nexus.officeapps.live.com,5ec4d8bc6e3845dd14c9e82f0c0a93f3ba7e3bef1241d74b0f4c20f08ebe0d63,mitmproxy,367,0,sha256WithRSAEncryption,2048,RSA,1,v3,0,1
api.mixpanel.com,a279495a3e8ec850693a00c3734d80a8ee036153b0a31e2d3cf1ec60c15af5ad,mitmproxy,367,0,sha256WithRSAEncryption,2048,RSA,1,v3,0,1
myapps.classlink.com,388a71a39b415b5bd3c7f5a8cb618455354d107f5ea6c5ec0a44209b5737989f,mitmproxy,367,0,sha256WithRSAEncryption,2048,RSA,1,v3,0,1
waconatm.officeapps.live.com,6aa31331cb74e111dcec6b7e99543a0ca0607c8df6fc676145ca557e35d62e8c,mitmproxy,367,0,sha256WithRSAEncryption,2048,RSA,1,v3,0,1
1.courier-push-apple.com.akadns.net,b33457653d980d6c7d388c0f78fcb3331611d8028aeadc15f98c4770f13795e9,mitmproxy,367,0,sha256WithRSAEncryption,2048,RSA,1,v3,0,1
notify.bugsnag.com,5faf45d59060fa7c9d730c5330c648bd31328662a2b8fd77a71f96fc577a46a2,mitmproxy,367,0,sha256WithRSAEncryption,2048,RSA,1,v3,0,1
www.whatsapp.com,ac04b26d1b5acbca1b37d76f35fda4a63da60fbbf0ddd2153114582e9e3b2ec0,mitmproxy,367,0,sha256WithRSAEncryption,2048,RSA,1,v3,0,1
suggestqueries.google.com,aff7c597c199d252f609725baaa89d4c6d634d62c6f651755c71b4901d701180,mitmproxy,367,0,sha256WithRSAEncryption,2048,RSA,1,v3,0,1
prodregistryv2.org,657471cf17aa8bc39c9ceeb17790c9067fb36161e12a712ed226dfcabdcc1635,mitmproxy,367,0,sha256WithRSAEncryption,2048,RSA,1,v3,0,1
springserve.com,b5722aca29e520699c10f8aa1f2df40c797a8a05e1d265cc5d744adbb55cc57d,mitmproxy,367,0,sha256WithRSAEncryption,2048,RSA,1,v3,0,1
a708.dsct.akamai.net,ab08ca31e6fa57c8f4251fa0837295fc8681b17d1cddd9ce67fe8fe25c37deaf,mitmproxy,367,0,sha256WithRSAEncryption,2048,RSA,1,v3,0,1
attester.gateway.icloud.com,ebcb69572a690125663b6bc5c2671a605550d76d089b7a3ffccc23080c596034,mitmproxy,367,0,sha256WithRSAEncryption,2048,RSA,1,v3,0,1
mogujie.com,6409fbe36cce8a682f9507aa6cf792933599065b7126495ebb7312b242dbdd84,mitmproxy,367,0,sha256WithRSAEncryption,2048,RSA,1,v3,0,1
youtube-ui.l.google.com,7f471999b384100e7c1516d17d266373b66dde85b596ffaf78fef1588c788680,mitmproxy,367,0,sha256WithRSAEncryption,2048,RSA,1,v3,0,1
doh.dns.apple.com,84856847366e0d44abb612bbd98fbd5c643431013e2792ff0f83804eb1399ae1,mitmproxy,367,0,sha256WithRSAEncryption,2048,RSA,1,v3,0,1
i.scdn.co,811a2039c2df846c48d2768e28dcce8a88ef5476e33a18ca47b55bbccd13e50e,mitmproxy,367,0,sha256WithRSAEncryption,2048,RSA,1,v3,0,1
cdn-download-prod.drcedirect.com,4782d069d6fcd07089f4e52c9046ac0e34b04b2afe13b6b10398ec8fe9d42b27,mitmproxy,367,0,sha256WithRSAEncryption,2048,RSA,1,v3,0,1
waconafd.officeapps.live.com,672d236de9e53a1834a1c8d85cae6cecc618e1310bee40adf32313ddc770fa7e,mitmproxy,367,0,sha256WithRSAEncryption,2048,RSA,1,v3,0,1
searchlabspartnerservice-pa.googleapis.com,6c6bfabc55f2aa42e92b765742b1061773b1f146ea446895609e7e232717cb34,mitmproxy,367,0,sha256WithRSAEncryption,2048,RSA,1,v3,0,1
cm.everesttech.net,49a7c2fb2bd55c14f9d822c8208e184c9e2e748a86b69ab2a85cd2bbd7865144,mitmproxy,367,0,sha256WithRSAEncryption,2048,RSA,1,v3,0,1
adition.com,be5ba676c03bb91ee0af94ddde6131d793572f42957501c526e2e36205bda326,mitmproxy,367,0,sha256WithRSAEncryption,2048,RSA,1,v3,0,1
me.com,7fdc1417cce1f8832eeb75f9de3bbc49e6bf4049ce44911e3fd0b91d27941f3f,mitmproxy,367,0,sha256WithRSAEncryption,2048,RSA,1,v3,0,1
ajs-assets.ftstatic.com,c09f5fc8d6e1e7226d1676a86456f03455e9b9c99afe0329b480e1f29041aedb,mitmproxy,367,0,sha256WithRSAEncryption,2048,RSA,1,v3,0,1
encrypted-vtbn0.gstatic.com,1759a8ef79fb80f7214871c1fb3d5b70db551b5383accb9d0b14941b6f4894cd,mitmproxy,367,0,sha256WithRSAEncryption,2048,RSA,1,v3,0,1
cs.amx1.net,8c8332f4ccd7482478fd1314af27a5f0a9ab5378f7df020151c6319727ea984f,mitmproxy,367,0,sha256WithRSAEncryption,2048,RSA,1,v3,0,1
init.ess.g.aaplimg.com,db240a721d3b325159cfadcb0b215d936974908441b8e212d10086ae7e4e9f0b,mitmproxy,367,0,sha256WithRSAEncryption,2048,RSA,1,v3,0,1
hb.trustedstack.com,9b830536118497a17fb364a2d21e2cce3f2a860586d64589374e85f927646086,mitmproxy,367,0,sha256WithRSAEncryption,2048,RSA,1,v3,0,1
api.ipify.org,a8cabada818692947068c88868fc86345c275223cb7fc104f5056b2e8f392d3a,mitmproxy,367,0,sha256WithRSAEncryption,2048,RSA,1,v3,0,1
eskimi.com,d3da0efad5927e320b72d6c6b67c7b07929c1767ea3cb3e543628f536d030ecf,mitmproxy,367,0,sha256WithRSAEncryption,2048,RSA,1,v3,0,1
content-storage-upload.googleapis.com,d41ee3a37037db25ad79d56e709c7f3444fdc47397195fb3c10e6eeca8dceaba,mitmproxy,367,0,sha256WithRSAEncryption,2048,RSA,1,v3,0,1
wyzecam.com,426446e58bc9234034729910341772a3d44e28a6736938376df35fc05cdfe859,mitmproxy,367,0,sha256WithRSAEncryption,2048,RSA,1,v3,0,1
tpsc-ue1.doubleverify.com,8047005327dde682d08c6cae1f65a72a0e85ac25932d9c62032fa8a2a3925381,mitmproxy,367,0,sha256WithRSAEncryption,2048,RSA,1,v3,0,1
aa.online-metrix.net,470626405295bd36f6dcfed4a315cca30c49df08743dc461b89246996ea77a8f,mitmproxy,367,0,sha256WithRSAEncryption,2048,RSA,1,v3,0,1
inapps.appsflyersdk.com,28920d64848da0768288f6838bbd96219ef1bcd71661cf89b63071f3b10a268d,mitmproxy,367,0,sha256WithRSAEncryption,2048,RSA,1,v3,0,1
instantmessaging-pa.googleapis.com,1165a9ad27b4d87b515a26684c490b683ad8fff0f323d8b8a196ff278b121489,mitmproxy,367,0,sha256WithRSAEncryption,2048,RSA,1,v3,0,1
chartbeat.net,c7577b0a834f5ac053fefc6b3f189acb1659ae10ba60f2d633ad8470082491ba,mitmproxy,367,0,sha256WithRSAEncryption,2048,RSA,1,v3,0,1
safebrowsing-proxy.g.aaplimg.com,4524919a6bb06d6b28c2a1267c691635efeffc9fca5a32a12d4dab169c45184d,mitmproxy,367,0,sha256WithRSAEncryption,2048,RSA,1,v3,0,1
ms.applovin.com,9e14da8adb26c4e81cb38dfee189cfa929dee20de1329eeee4725bee6d735c2d,mitmproxy,367,0,sha256WithRSAEncryption,2048,RSA,1,v3,0,1
ml314.com,73dac3efa98e92c1c2fd6dfc3ed11ee0b8de55fb336695a689558c0a69cac0bf,mitmproxy,367,0,sha256WithRSAEncryption,2048,RSA,1,v3,0,1
spserv.microsoft.com,914cd60172bc8b303386d17345a1cd1987a16fbc4e8fa3000c6fecdaab33683e,mitmproxy,367,0,sha256WithRSAEncryption,2048,RSA,1,v3,0,1
tr6.snapchat.com,7a7dcdbec7fd097f99ca819ba2dbcd3f80fabf198336780dff0848935399765a,mitmproxy,367,0,sha256WithRSAEncryption,2048,RSA,1,v3,0,1
has.spserv.microsoft.com,d6cd9cb44a70a746e27cbbda29d675696cc7f64ce2d65ae78af5da8e2e2002de,mitmproxy,367,0,sha256WithRSAEncryption,2048,RSA,1,v3,0,1
images.taboola.com,53fa13455008d223ab71a268c985dc59e213aab6c1827b2ff211912a98888a9b,mitmproxy,367,0,sha256WithRSAEncryption,2048,RSA,1,v3,0,1
gsas.idms-apple.com.akadns.net,72c29de4629273ab7b66767e056d845ce62c0628531bd85431597f35952f70ae,mitmproxy,367,0,sha256WithRSAEncryption,2048,RSA,1,v3,0,1
btlr.sharethrough.com,100b73ed397ec9b686ad996395ee3959805210a84160c39c7ac5ca0084691c3e,mitmproxy,367,0,sha256WithRSAEncryption,2048,RSA,1,v3,0,1
pus5-collabhubrtc.officeapps.live.com,7bf7ca92d7725da4f7861cc2fae0a966780fec0796b159e674daee6328614648,mitmproxy,367,0,sha256WithRSAEncryption,2048,RSA,1,v3,0,1
feedback-pa.clients6.google.com,c262c0c445fd8676210576e7628c5a6c871803a59af8db44a7f982d602ee4b4f,mitmproxy,367,0,sha256WithRSAEncryption,2048,RSA,1,v3,0,1
me.apple-dns.net,a4f4b8541a6ebc80d9d62780dd5d8835bebd03c7e5e09259358af5dbea927144,mitmproxy,367,0,sha256WithRSAEncryption,2048,RSA,1,v3,0,1
d9.flashtalking.com,872807a93964ba052049d9852a0f4570299ca5473c0d7ac8100f00ff88a0697d,mitmproxy,367,0,sha256WithRSAEncryption,2048,RSA,1,v3,0,1
cabana-server.cdn-apple.com,0935650f308d0df3a1f78277bfc5b9c404fa2b507c3b9353cbdd684b560be88d,mitmproxy,367,0,sha256WithRSAEncryption,2048,RSA,1,v3,0,1
eu-teams.events.data.microsoft.com,3abd03d69787156d75fab930cd94f6a072ce6e9f8039cc24b510f960b6af0014,mitmproxy,367,0,sha256WithRSAEncryption,2048,RSA,1,v3,0,1
rkdms.com,42d929282b22ab45d99384d2a133d0cbd31eca9a6f4a68266cc995454fa3247a,mitmproxy,367,0,sha256WithRSAEncryption,2048,RSA,1,v3,0,1
dellupdater.dell.com,cb9137d05fc9feb4040d312969ef8f8df2072b5662e2fa71878ff9e71a05d10c,mitmproxy,367,0,sha256WithRSAEncryption,2048,RSA,1,v3,0,1
mobilemaps-pa-gz.googleapis.com,fed46a6d0d1a4636f04a8ddf1403bd467572136b8d002c2fe1f9df5d80355452,mitmproxy,367,0,sha256WithRSAEncryption,2048,RSA,1,v3,0,1
shopify.com,047b52ef673ec7b145119f1d9c3a846482be5069596ce4fe1ba161c47895b908,mitmproxy,367,0,sha256WithRSAEncryption,2048,RSA,1,v3,0,1
background-weighted.ls4-apple.com.akadns.net,8cb59c141e423deca9edc6e8ae219a1ff6e5b9286d887afa81366d8b7e720430,mitmproxy,367,0,sha256WithRSAEncryption,2048,RSA,1,v3,0,1
dev.virtualearth.net,a305e0f359a22c68c731d55dce27622e4a57695e84a413678bea3826c5f165f7,mitmproxy,367,0,sha256WithRSAEncryption,2048,RSA,1,v3,0,1
bolt-gcdn.sc-cdn.net,f0431314f33fc1bc0a7285b69b8ced314c7d8b55132f383d2996d2b35725c0c6,mitmproxy,367,0,sha256WithRSAEncryption,2048,RSA,1,v3,0,1
usc1-gcp-v62.api.snapchat.com,6aab6499cd51482d800c47911d3f7508ed62f378651d2a57e2587a1384ae3f39,mitmproxy,367,0,sha256WithRSAEncryption,2048,RSA,1,v3,0,1
www3.l.google.com,a2b81622e8f42a98d64bc7925dc28e691d462d265c6ff6b4ed44e42da4c18356,mitmproxy,367,0,sha256WithRSAEncryption,2048,RSA,1,v3,0,1
okta.com,c42281aa069306f50ca41120ac6ac7f8b9255c1000dccfc6626ad3674de54fec,mitmproxy,367,0,sha256WithRSAEncryption,2048,RSA,1,v3,0,1
advolve.io,aff1ccc129caea1dff4fc59e02b74abe25b2e6468513ae7c49c52efb16f6b4a2,mitmproxy,367,0,sha256WithRSAEncryption,2048,RSA,1,v3,0,1
onesignal.com,85c3acd49d053db8fe72e0fc2aff119c208210ed14eed7e657df03151d1c2951,mitmproxy,367,0,sha256WithRSAEncryption,2048,RSA,1,v3,0,1
grammarly.com,b5dd1801509091689a92951e9bf4f5832f1065225e350b216145825d650c4f39,mitmproxy,367,0,sha256WithRSAEncryption,2048,RSA,1,v3,0,1
ak.privatelink.msidentity.com,7dfed66252776353cfa11aa38f85c0c5a8b7e8baeda4b2e159939c25c750f587,mitmproxy,367,0,sha256WithRSAEncryption,2048,RSA,1,v3,0,1
www-apple-com.v.aaplimg.com,58a597af9e75bdcd4b78e5de3c5bd8081544013588f28d4f5925acb1df2717d6,mitmproxy,367,0,sha256WithRSAEncryption,2048,RSA,1,v3,0,1
cm.mgid.com,6d221b37c7f20c60d9a3c579be0cda617179894cfaace8105697aa31420d11f0,mitmproxy,367,0,sha256WithRSAEncryption,2048,RSA,1,v3,0,1
sr-client-cfg.amplitude.com,707e71f413cdd4f9550b6ef32f6b384d7e8b65e54bfd3e7129e3ab164e000e38,mitmproxy,367,0,sha256WithRSAEncryption,2048,RSA,1,v3,0,1
cm-mx.advolve.io,bf63fd14e89ddce31795daf176202d772b2cb60768113dc6eb88fe68e0860a50,mitmproxy,367,0,sha256WithRSAEncryption,2048,RSA,1,v3,0,1
edge-mqtt-fallback.facebook.com,300a4e56d25644eb6e4832f78b889763f129bf421e5382301cd1d70f06e3f27e,mitmproxy,367,0,sha256WithRSAEncryption,2048,RSA,1,v3,0,1
sascdn.com,3d240cf50bb4c14748e7f676ee72408d354df07f1d802b64be2334d18d289c5b,mitmproxy,367,0,sha256WithRSAEncryption,2048,RSA,1,v3,0,1
storygize.net,8771056894f29a256dddf226b69f09da0a5079faddd95fa88049835a200dbf59,mitmproxy,367,0,sha256WithRSAEncryption,2048,RSA,1,v3,0,1
drive-thirdparty.googleusercontent.com,f3388024db7679d11014cd53168147353a43aba05047f57235cee64c891ce2dc,mitmproxy,367,0,sha256WithRSAEncryption,2048,RSA,1,v3,0,1
chat-e2ee-ig-p42.c10r.facebook.com,b862a9c53e4ad7e8d33e7c9b85a9bf61d5fdc8aeff54923e00365fa98b8f03ce,mitmproxy,367,0,sha256WithRSAEncryption,2048,RSA,1,v3,0,1
inappcheck-lb.itunes-apple.com.akadns.net,92e55aab3dae174a7321ebfa5b1083b0ab869a24636d9f2ea20d7ab5708a39de,mitmproxy,367,0,sha256WithRSAEncryption,2048,RSA,1,v3,0,1
api.wyzecam.com,9403f95680947dcb8907f43d45b472b815fbcc449b0056d9c1e2904382d378df,mitmproxy,367,0,sha256WithRSAEncryption,2048,RSA,1,v3,0,1
mobile.events.data.trafficmanager.net,2d6f91637729c09014da35f90574c4ddd4d9eb30fe11312ea3890ca47c5f58fd,mitmproxy,367,0,sha256WithRSAEncryption,2048,RSA,1,v3,0,1
ocsp.r2m01.amazontrust.com,f1633d63fc6f013ff37cba3abad322137b75ff2ffaeb1ab9c64b45f93b9e6e24,mitmproxy,367,0,sha256WithRSAEncryption,2048,RSA,1,v3,0,1
entitlements-itunes.g.aaplimg.com,b9e9d47d10a614fd043dd9e78446b26acb69a34b70f7cf720c2585b2e91c2bf1,mitmproxy,367,0,sha256WithRSAEncryption,2048,RSA,1,v3,0,1
invstatic101.creativecdn.com,b521945cd28979390c16f6115e0015cec5d0495a2bf653493084fd8d66cebce6,mitmproxy,367,0,sha256WithRSAEncryption,2048,RSA,1,v3,0,1
hcaptcha.com,392f01507c86bcf3cb5845cac60cbb80ab69e445e33ff9e8d989d8e210dd0a34,mitmproxy,367,0,sha256WithRSAEncryption,2048,RSA,1,v3,0,1
cdn.shopify.com,5ddbcdda0bbd812f3ca4692426c3b0cbcf9c90619784e776c6f1bdb67d8f72f8,mitmproxy,367,0,sha256WithRSAEncryption,2048,RSA,1,v3,0,1
geomobileservices-pa.googleapis.com,d2274ff03fed1c231f2b152221f15b902799f2f67354aa60e3910d302adc4c6f,mitmproxy,367,0,sha256WithRSAEncryption,2048,RSA,1,v3,0,1
myapps.apis.classlink.com,25b108b2ae810ba094dbef6dc70fca43d76fd57dc6b3857966ebfac7b833b70f,mitmproxy,367,0,sha256WithRSAEncryption,2048,RSA,1,v3,0,1
ocsp.r2m04.amazontrust.com,f7b9684c9209d87f6908b006b5a93ed095ac741f13b1df752fc87ea4de217dce,mitmproxy,367,0,sha256WithRSAEncryption,2048,RSA,1,v3,0,1
snapkit.com,94b5d5a3a72e027041353e795cb9bf0b4bd278638146b2a7bf71427442ebccb5,mitmproxy,367,0,sha256WithRSAEncryption,2048,RSA,1,v3,0,1
shared.officeapps.live.com,83a9cc45318c28c0254b4bf1725213e7bdca1b0b497b2e3d4fc9375d6c33b968,mitmproxy,367,0,sha256WithRSAEncryption,2048,RSA,1,v3,0,1
sf-api-token-service.itunes.apple.com,de861db5b6818fdfafc09cae390de89160d74edce1d313c4236ef90606cf25de,mitmproxy,367,0,sha256WithRSAEncryption,2048,RSA,1,v3,0,1
wp.com,26b7014e962b33c2d14f1b53f7f692809f5dd0900798a2bae43f1acbde869d25,mitmproxy,367,0,sha256WithRSAEncryption,2048,RSA,1,v3,0,1
mamservice.manage.microsoft.com,67c59e24d19927c998cfa6d16d807d5f5a411878a5bd531445e4806cd5540dff,mitmproxy,367,0,sha256WithRSAEncryption,2048,RSA,1,v3,0,1
3.au.download.windowsupdate.com,730efb09e51345ee36ce8186c7d1745b69271458781305fa1fa87b566e14c770,mitmproxy,367,0,sha256WithRSAEncryption,2048,RSA,1,v3,0,1
loop.cloud.microsoft,a5d2183f4845d44de92da80d66515cc76b975f6a0ff4c9a9c99ae07e3a555f5d,mitmproxy,367,0,sha256WithRSAEncryption,2048,RSA,1,v3,0,1
aadcdn.msftauthimages.net,01c293e660543d1f265b7e13e8d166e6ae3e6798b2502a818730eab1068fc8cf,mitmproxy,367,0,sha256WithRSAEncryption,2048,RSA,1,v3,0,1
ax-0001.ax-msedge.net,9eb1b8d3d4f4e0f2f213d9c449f2a2d94c3671afab6f6645f07512ce471b645b,mitmproxy,367,0,sha256WithRSAEncryption,2048,RSA,1,v3,0,1
eu-v20.events.data.microsoft.com,655f3cd97ac835a6db82c0174b108afe325764d2bea2604afbdf11e8040ac285,mitmproxy,367,0,sha256WithRSAEncryption,2048,RSA,1,v3,0,1
smres.zdxcloud.net,eaad40aef78939717bc6ca4355c9fc084caa7a3e6f4786eaeb4a172c24f04b85,mitmproxy,367,0,sha256WithRSAEncryption,2048,RSA,1,v3,0,1
collabrtc.officeapps.live.com,238c6bb678c06bd61e21b1d4b0554dc7f195f30154f031d0e3b5f593eb405423,mitmproxy,367,0,sha256WithRSAEncryption,2048,RSA,1,v3,0,1
pusher.com,23bf3d280ffbbedc77ca3a8675359a8b3806cdf6f9cc62e0eb3f966508981761,mitmproxy,367,0,sha256WithRSAEncryption,2048,RSA,1,v3,0,1
ocsp.usertrust.com,55e90e502b73347dd63642152d34bb14031f296d5d859e1b5ca8da031e8cf67c,mitmproxy,367,0,sha256WithRSAEncryption,2048,RSA,1,v3,0,1
trace.mediago.io,ad7b4f2f829ddad70bddc8fc5ef4684bffe7b4e722839ab4d3e946e275dab779,mitmproxy,367,0,sha256WithRSAEncryption,2048,RSA,1,v3,0,1
kueezrtb.com,ee2b2efc74550e9a57b89969e89cbeb6f07061e8b859d71fd3354bf799be781a,mitmproxy,367,0,sha256WithRSAEncryption,2048,RSA,1,v3,0,1
cdn.classlink.com,c1f9e3197ef1263a26fb9d3503f6a134eb5ef002508580e63bdb30f4769ab65e,mitmproxy,367,0,sha256WithRSAEncryption,2048,RSA,1,v3,0,1
csync.smartadserver.com,f8134a32dba6f587f4afbe33a0e4c9143c9687a6188418c32b3b2619ef7d2e68,mitmproxy,367,0,sha256WithRSAEncryption,2048,RSA,1,v3,0,1
live.rezync.com,1bf842bfddec45dd20673e38f5a681b0e1e19456e9d77c7f8aeb4d031f8dabc5,mitmproxy,367,0,sha256WithRSAEncryption,2048,RSA,1,v3,0,1
a.teads.tv,bfdabea45f5729ed493559e67aaf4ccabf3768a4563481d1b29a6cd882e5aa1c,mitmproxy,367,0,sha256WithRSAEncryption,2048,RSA,1,v3,0,1
mcafee.com,7e984c4a9bcec67cd0f1ef295c4d1bcda144897998a6656c2c490ed75c566844,mitmproxy,367,0,sha256WithRSAEncryption,2048,RSA,1,v3,0,1
life360.com,c6e8955873821edd073eaf90d58401ce8dca7b938ad4222dcb350690e16987a2,mitmproxy,367,0,sha256WithRSAEncryption,2048,RSA,1,v3,0,1
bid.g.doubleclick.net,4c5401967a8c7189eb494e574b8cdf103532a01bee39336a518b4138e5d9b11c,mitmproxy,367,0,sha256WithRSAEncryption,2048,RSA,1,v3,0,1
streetviewpixels-pa.googleapis.com,e875ad0d9a9428bba6eae1b71ab590490aeef41437d385fbdddd9ca75c4c8c6e,mitmproxy,367,0,sha256WithRSAEncryption,2048,RSA,1,v3,0,1
github.com,ff58f92c5fdddf90ffac119c98f4fd773611c2e332df8408c345590a4e70a82c,mitmproxy,367,0,sha256WithRSAEncryption,2048,RSA,1,v3,0,1
lookaside.facebook.com,2fce511eea451817f96ab84bafe7a062433763a8a3c96e536fb59eb01e82495d,mitmproxy,367,0,sha256WithRSAEncryption,2048,RSA,1,v3,0,1
mail-attachment.googleusercontent.com,f1b9646fb244e40463d52f741260ea93251bdf310cd07ac9c456d7266ab2d903,mitmproxy,367,0,sha256WithRSAEncryption,2048,RSA,1,v3,0,1
platform.twitter.com,ec7116e146d399e16b79faeab99c84a1d3cd988391756a4fe6515ef255f160c9,mitmproxy,367,0,sha256WithRSAEncryption,2048,RSA,1,v3,0,1
fpinit.edge-itunes-apple.com.akadns.net,d6c019b3ba1cf9872f3a047bc68cffb62df66ddd21e33347939267f57a1574aa,mitmproxy,367,0,sha256WithRSAEncryption,2048,RSA,1,v3,0,1
android-context-data.googleapis.com,a03f5bddf0d15837cd17d5e0e6d9a41ebc943dbea6d096def5108f5780592ca3,mitmproxy,367,0,sha256WithRSAEncryption,2048,RSA,1,v3,0,1
www.telecommandsvc.microsoft.com,76cb822e8e6d8df45edad9479abf3780da47336ac3e3751d62000f933f77d61a,mitmproxy,367,0,sha256WithRSAEncryption,2048,RSA,1,v3,0,1
account.samsung.com,4cd16b37ce71f29dbaf81976305e00d76a9f008679c3bc96a54132c47325b61a,mitmproxy,367,0,sha256WithRSAEncryption,2048,RSA,1,v3,0,1
cp10.cloudflare.com,ab0b47b00a217ff547991936375480dc6ae8dc82b9d9d02eb770628c0f13bedf,mitmproxy,367,0,sha256WithRSAEncryption,2048,RSA,1,v3,0,1
hosted.loop.cloud.microsoft,c787951846062053cae062ce1dda376b3d81cb705a7edab313892caaf7fc7465,mitmproxy,367,0,sha256WithRSAEncryption,2048,RSA,1,v3,0,1
t0.gstatic.com,a8472ab3ffaeb7254aa18cd41b8e2fa8845a181159b480d1cd59d72a23d4e102,mitmproxy,367,0,sha256WithRSAEncryption,2048,RSA,1,v3,0,1
aadcdn.msauthimages.net,8f342c343c84464f7988b814bea135ecc27a8e6dedac832077030bcb911766fe,mitmproxy,367,0,sha256WithRSAEncryption,2048,RSA,1,v3,0,1
pus8-collabhubrtc.officeapps.live.com,f7f996b4db461256c4e2d388abc62345b20c398207c1a37baf95bae9e146d1da,mitmproxy,367,0,sha256WithRSAEncryption,2048,RSA,1,v3,0,1
api.snapkit.com,06e40808042d4f5d8059cdd774273be103bdc0abfca129f4b1b0dd6a1efcf080,mitmproxy,367,0,sha256WithRSAEncryption,2048,RSA,1,v3,0,1
star-mini.fallback.c10r.facebook.com,a88f9fbba34d41a49f5c6daebeedadf28de20ac23d07cfd40f00d26387154559,mitmproxy,367,0,sha256WithRSAEncryption,2048,RSA,1,v3,0,1
g-fallback.whatsapp.net,8a360ceddab8763ebb47b3a8c421a7c2e7584665c9755ab3de65a4c135596f24,mitmproxy,367,0,sha256WithRSAEncryption,2048,RSA,1,v3,0,1
hubspot.com,bdebea14f7973e8e4b931e3750066ecf200b5efce0b86df66d7bc8fb4d9a8a4d,mitmproxy,367,0,sha256WithRSAEncryption,2048,RSA,1,v3,0,1
binaries.templates.cdn.office.net,31378f69dc5d6ce856bd3e6eab48c78203efcb689c5ce4505db2eff61d2618ea,mitmproxy,367,0,sha256WithRSAEncryption,2048,RSA,1,v3,0,1
openxcdn.net,dda695e89230eb870e0e36e19c1c11cd9fdcfe3f68b94db30cef56feb85b9044,mitmproxy,367,0,sha256WithRSAEncryption,2048,RSA,1,v3,0,1
webcontentassessor.com,1727a4bf388953c26475bb7e26f2aba9f04c671ab58d7ae9da7ab718837961d5,mitmproxy,367,0,sha256WithRSAEncryption,2048,RSA,1,v3,0,1
cs.yellowblue.io,36ed48d7fc04853510904c35c44db9341a7be0388eaec0694712dc47b3690c5b,mitmproxy,367,0,sha256WithRSAEncryption,2048,RSA,1,v3,0,1
bag-smoot.v.aaplimg.com,6f5dda2e46c6eb6a81bb1f646e0c561d44c3c72f95d5f6f4310a665228a78c44,mitmproxy,367,0,sha256WithRSAEncryption,2048,RSA,1,v3,0,1
dsp-cookie.adfarm1.adition.com,188f354d2bb2bf5a68fecab707dbdb26c676cb7b15da410ab459326f7bcdb014,mitmproxy,367,0,sha256WithRSAEncryption,2048,RSA,1,v3,0,1
firefox.settings.services.mozilla.com,65f9cedf4a5f989a9c3f760262a458104291af834fbd3c8c4d2e73986eb6b580,mitmproxy,367,0,sha256WithRSAEncryption,2048,RSA,1,v3,0,1
otelrules.svc.static.microsoft,c06ddcc8b1f556227c97319f39826136e2077049a58b25c32653417b75ed99c2,mitmproxy,367,0,sha256WithRSAEncryption,2048,RSA,1,v3,0,1
usersync.gumgum.com,fdaf3d6d3c41dd75f06f55b2bdaafe96e794bfabea742ac671838cb17858e257,mitmproxy,367,0,sha256WithRSAEncryption,2048,RSA,1,v3,0,1
ced-ns.sascdn.com,edc2ec870f3d5ebee0c49f0202af07dd4c884e61907b57444f889e61af1602e3,mitmproxy,367,0,sha256WithRSAEncryption,2048,RSA,1,v3,0,1
undertone.com,9be9e74f394fbb2bb63fc18d6bac38c64a1cd758c638d0fde22e99a56b523403,mitmproxy,367,0,sha256WithRSAEncryption,2048,RSA,1,v3,0,1
prebid-match.dotomi.com,9c00f667d56cfc184e2ef6ed8d4321f81259e94a01723c1196c6b1c884488be2,mitmproxy,367,0,sha256WithRSAEncryption,2048,RSA,1,v3,0,1
meet.google.com,5680339547092ee5e4f22e06bcbdbe535ebfc0966cfe46f1498dcd8caf75dc05,mitmproxy,367,0,sha256WithRSAEncryption,2048,RSA,1,v3,0,1
oa.openxcdn.net,4d068adfc259e22e5e1f826ba7da87ff043719aad0d27d9b0d23b1e7d2bcc243,mitmproxy,367,0,sha256WithRSAEncryption,2048,RSA,1,v3,0,1
zeotap.com,cc367ad7bc74e5fcb313ee8d09f68750a6209d1abd7ffd39246917ba0a4ece54,mitmproxy,367,0,sha256WithRSAEncryption,2048,RSA,1,v3,0,1
bytedance.map.fastly.net,9b11d1b10b760cd5cf98e1b53ee08673e37f888c822fe94bf56b3b2b71cc241c,mitmproxy,367,0,sha256WithRSAEncryption,2048,RSA,1,v3,0,1
p16-common-sign.tiktokcdn.com,f7101e2625b25e256714786790b91f56078b39ab3c23c412542e398ad3588b81,mitmproxy,367,0,sha256WithRSAEncryption,2048,RSA,1,v3,0,1
w3-reporting-nel.reddit.com,dc0d36b39a9bcf841ccf672a3aead2044ae3d4c3bd6ad50b2ba6b248727ed2b7,mitmproxy,367,0,sha256WithRSAEncryption,2048,RSA,1,v3,0,1
ittpx.eskimi.com,204c5f78fe9988b47fa7fc3dd310e73c3fe44b1f5f15e22225c9be699522ae0d,mitmproxy,367,0,sha256WithRSAEncryption,2048,RSA,1,v3,0,1
cpe.dotomi.com,a84dc2169960ac4148536a60127c8f119baccaa9aceb13ab4b4b9b10b8de6b76,mitmproxy,367,0,sha256WithRSAEncryption,2048,RSA,1,v3,0,1
voledevice-pa.googleapis.com,a93c754b29a4193d7a2ad630874a57a4961f92dc48f2ecc6ac0f273a06975701,mitmproxy,367,0,sha256WithRSAEncryption,2048,RSA,1,v3,0,1
qq.com,7dc87c961bb5eab78e9c5668ce67e018fe9dddf3ef6a818ddcb29464b2f0b0f7,mitmproxy,367,0,sha256WithRSAEncryption,2048,RSA,1,v3,0,1
g2.gumgum.com,d3435fb8be81a5d45b23c743c423598c8f76eab4207dfd858922c680e072989d,mitmproxy,367,0,sha256WithRSAEncryption,2048,RSA,1,v3,0,1
amp-api-search-edge.apps.apple.com,360bca45b24e00602176858fa48f297f5bcac5868b1a2f5423a93c0049d658a3,mitmproxy,367,0,sha256WithRSAEncryption,2048,RSA,1,v3,0,1
api16-access-ttp.tiktokpangle.us,1f2fc812ed66486665283f78b18ac9709446127b98d939d185f5d508e9598496,mitmproxy,367,0,sha256WithRSAEncryption,2048,RSA,1,v3,0,1
array619.prod.do.dsp.mp.microsoft.com,d74819d647525adc92b574e140d79a8bea93839b0075a49bb5e1c8f31532f62e,mitmproxy,367,0,sha256WithRSAEncryption,2048,RSA,1,v3,0,1
appsgenaiserver-pa.googleapis.com,db32838410e60bd9a30276a928d9b6a5bae0a6097d95b5cd65f99c066142fb34,mitmproxy,367,0,sha256WithRSAEncryption,2048,RSA,1,v3,0,1
auth.apis.classlink.com,240f8a227e8d0070373b7ead9ff617e562c81577ec79dfe9d74b7a02c4f58984,mitmproxy,367,0,sha256WithRSAEncryption,2048,RSA,1,v3,0,1
device-api.wyzecam.com,5696a2401f7c0430863cdc253b49ef01f9943ddf0736268b5c02c740f649ad6e,mitmproxy,367,0,sha256WithRSAEncryption,2048,RSA,1,v3,0,1
ln-0007.ln-msedge.net,354f14c1e16285c57be21ccc906bb85660e77b839d6867801f5686b4576a1590,mitmproxy,367,0,sha256WithRSAEncryption,2048,RSA,1,v3,0,1
ogads-pa.googleapis.com,035833513c4b92ceaac6fe0811027ee3259ae3da3d9d4a40845880c98bb6d535,mitmproxy,367,0,sha256WithRSAEncryption,2048,RSA,1,v3,0,1
d.applovin.com,38fa5409cd03b2a0b5c28ca1edcd9d98fb775c107d2c09e0f7363210a3d642a2,mitmproxy,367,0,sha256WithRSAEncryption,2048,RSA,1,v3,0,1
crl4.digicert.com,f4a50bda1ca44ad8438371f8caa08aa7bbc8af018759902991062e1bc0a8db50,mitmproxy,367,0,sha256WithRSAEncryption,2048,RSA,1,v3,0,1
aliyuncs.com,6971ac5ba691d7f00477f6123345e2eb6e867889a6f9c5d2c0c2f6b1128c257d,mitmproxy,367,0,sha256WithRSAEncryption,2048,RSA,1,v3,0,1
cornell.edu,2e79ab056b5407cd80e5d348ea2a2e78b1c38e6587c1ce890ff0af86146d6b9c,mitmproxy,367,0,sha256WithRSAEncryption,2048,RSA,1,v3,0,1
mdav.us.endpoint.security.microsoft.com,830e4924a5ac0ad834e05691eba799b504c286cc955e5a9d0ce180e23b69dcb9,mitmproxy,367,0,sha256WithRSAEncryption,2048,RSA,1,v3,0,1
xboxlive.com,2e74a110af0de352c5a76bfa32fdafd99159aa972df1bcfc90592af5c9c27856,mitmproxy,367,0,sha256WithRSAEncryption,2048,RSA,1,v3,0,1
www.msftncsi.com,2de0d09c199c366634364aaeb1a8937ae90178dabea7e1331e7ce75026e37da7,mitmproxy,367,0,sha256WithRSAEncryption,2048,RSA,1,v3,0,1
array808.prod.do.dsp.mp.microsoft.com,a9d5b1360bfb02b6c7bdf04cfd1e652d230d7adf72b1c473ad5dcf2afeeff241,mitmproxy,367,0,sha256WithRSAEncryption,2048,RSA,1,v3,0,1
payments-graph.facebook.com,a1dfcb8d8b2882bcc18a0282eb6b3359024e8b8b8372de6109888fae9ada6150,mitmproxy,367,0,sha256WithRSAEncryption,2048,RSA,1,v3,0,1
api2.branch.io,92726910c3057f677691fd6886b8209d49936331135ad5688e0734bb4dbfe447,mitmproxy,367,0,sha256WithRSAEncryption,2048,RSA,1,v3,0,1
api.account.samsung.com,243637d1e0346b1318658099c190f55c7f45854a24daf9b439fa6fc628fe64d9,mitmproxy,367,0,sha256WithRSAEncryption,2048,RSA,1,v3,0,1
analytics-events.apis.classlink.com,c19f85d3eff72809c3d6e19f699330672b24cea7306a1b075b012a63f48e7931,mitmproxy,367,0,sha256WithRSAEncryption,2048,RSA,1,v3,0,1
primis.tech,3f1899c5ed22a92ccee35f063354b65312c2b3659bb6539ca7c8c689e4ccdb17,mitmproxy,367,0,sha256WithRSAEncryption,2048,RSA,1,v3,0,1
to-do.office.com,b3ff76200403e32e854a4c1ad94bcfaa30b4c068486d70cba243ea54a11c3b02,mitmproxy,367,0,sha256WithRSAEncryption,2048,RSA,1,v3,0,1
aws.duplex.snapchat.com,0acf98b3672b49930242e4566fedd791257f12b5aedfc42c8222b9b32cd8559c,mitmproxy,367,0,sha256WithRSAEncryption,2048,RSA,1,v3,0,1
classroom.google.com,f84e1de8ba086257f9dc2d80392d8c188eaf5cd3d2d0abec8eb6a0e286601ab1,mitmproxy,367,0,sha256WithRSAEncryption,2048,RSA,1,v3,0,1
ispot.tv,8743e563519541a0c4f123110b6a3736c89ed0f8c3ad0b8e80fa51ba7bb4296e,mitmproxy,367,0,sha256WithRSAEncryption,2048,RSA,1,v3,0,1
tungsten-service.prod.na.adsqtungsten.a9.amazon.dev,acaf2ab7d618eec402f3a2179ba1690557d99c00bbca2892f9aea4079b007263,mitmproxy,367,0,sha256WithRSAEncryption,2048,RSA,1,v3,0,1
cstat.g.aaplimg.com,a2b6a08abc405e6e671b68770327779b9dec4cd5b3410216c6352d54dd83f516,mitmproxy,367,0,sha256WithRSAEncryption,2048,RSA,1,v3,0,1
unityads.unity3d.com,177f661c74bf2c87e497922b9567a18769bad21d75d6fae7d022a9cbf948d841,mitmproxy,367,0,sha256WithRSAEncryption,2048,RSA,1,v3,0,1
device-config.v.aaplimg.com,0edad39b89c7e42565f7eb64f58951e0f9679b10d305265eaae653a762300502,mitmproxy,367,0,sha256WithRSAEncryption,2048,RSA,1,v3,0,1
youtube.googleapis.com,840a2fff9272c59e287e95c398b364c7879232f5a2229e0139816fa56f274d40,mitmproxy,367,0,sha256WithRSAEncryption,2048,RSA,1,v3,0,1
common.mira.tm.svc.cloud.microsoft,7ead68ffad1027f09fc48278229f2f5f9e7f1bb7a77da8cfe4b8e8b4c5f1f138,mitmproxy,367,0,sha256WithRSAEncryption,2048,RSA,1,v3,0,1
tr-ooc-atm.office.com,ed7a43903fa0398924a2e876a350b003c81b97a129940bd26e564b2b9cab5cc2,mitmproxy,367,0,sha256WithRSAEncryption,2048,RSA,1,v3,0,1
mozilla.map.fastly.net,5d878c112f00e95a78d6c1ce5e5ea94351eb323d05a04dc244d9096e3907b105,mitmproxy,367,0,sha256WithRSAEncryption,2048,RSA,1,v3,0,1
launchpad.privacymanager.io,121f33a2e62ddab7a8a168b44edd46c4735b1e1cffa4939f84594fb41e35d6a7,mitmproxy,367,0,sha256WithRSAEncryption,2048,RSA,1,v3,0,1
mobile.launchdarkly.com,ee73e7980bf65997e079e7fd1b9ea6fd2b548e096d086c03a2051ef6d3e87b80,mitmproxy,367,0,sha256WithRSAEncryption,2048,RSA,1,v3,0,1
socdm.com,e87149f00bd8acd9d273b5fc34989a5533f5d847bfb4bf47ffb71ee3391259ef,mitmproxy,367,0,sha256WithRSAEncryption,2048,RSA,1,v3,0,1
atm.common.mira.tm.svc.cloud.microsoft,4d1140c72c9c68fc9102dbc0365df2ef6ccc22e2e22734494694523865f582f1,mitmproxy,367,0,sha256WithRSAEncryption,2048,RSA,1,v3,0,1
cadmus2.script.ac,ff7e3218794ebeac7c6e2a726008b8a1f80eb2672e35638a9ee82171f2ed41d7,mitmproxy,367,0,sha256WithRSAEncryption,2048,RSA,1,v3,0,1
cdn.indexww.com,27f5663c44ba5c6fb264ee012d8bfe3ec9474eba1e95a8377f28239bf0e5fdcb,mitmproxy,367,0,sha256WithRSAEncryption,2048,RSA,1,v3,0,1
filescdn.classlink.com,aab0ddafd6617eb242f27ff355a071d8a81218ff97b3996f1b068548eae6ff88,mitmproxy,367,0,sha256WithRSAEncryption,2048,RSA,1,v3,0,1
www.btd-cmh.tq-tungsten.com,7f49488fff200283b79055dd898a9df382dbe503a1863d5ac52a96183033ab8b,mitmproxy,367,0,sha256WithRSAEncryption,2048,RSA,1,v3,0,1
ats-wrapper.privacymanager.io,305fb063579414c2c058efe0984f8c667f793b8ba61e77576c9ce2c42ed49163,mitmproxy,367,0,sha256WithRSAEncryption,2048,RSA,1,v3,0,1
tenable.com,8c79020bf4db152abd8461a11d9612f5df3b747072a65f88c8de1ddcc69133ae,mitmproxy,367,0,sha256WithRSAEncryption,2048,RSA,1,v3,0,1
login5.spotify.com,12317939dec2442eaf662737177bfd0b34188e99331baf08bb60a7b416f37e4e,mitmproxy,367,0,sha256WithRSAEncryption,2048,RSA,1,v3,0,1
fa000000096.resources.office.net,690872569e59e440759406520fb7dff0eb9a0f0085943eb554f58f49451ff9ee,mitmproxy,367,0,sha256WithRSAEncryption,2048,RSA,1,v3,0,1
canva.com,7ef529ac18071e878b769fb583188adf61dd0f219f23927b463daf58df1990e2,mitmproxy,367,0,sha256WithRSAEncryption,2048,RSA,1,v3,0,1
geo.privacymanager.io,9b3c235aa38cb3ce988f461fa3ce1ea5da12014dee2c5b0b0c7c230775ca4dde,mitmproxy,367,0,sha256WithRSAEncryption,2048,RSA,1,v3,0,1
h64.online-metrix.net,3859c652df6c7fa547d4c235a48d8343ac19b6136aabeca8091ee41e37e0d39e,mitmproxy,367,0,sha256WithRSAEncryption,2048,RSA,1,v3,0,1
entitlements-cdn-row.edge-itunes-apple.com.akadns.net,090fa04f9035d0351eb012cd8cb47ced8266d86aba0c2f570048e3cfc849f420,mitmproxy,367,0,sha256WithRSAEncryption,2048,RSA,1,v3,0,1
smp-device-content.g.aaplimg.com,5aecdc06cc9cf01d0539caa21438b7a78c833826154cedff40e307c11d497150,mitmproxy,367,0,sha256WithRSAEncryption,2048,RSA,1,v3,0,1
ocsp.rootg2.amazontrust.com,23d2ed73d44fc45a5f4e8dd425b749d0c1acd0f7e840cb9db4045ecfd22b3cf1,mitmproxy,367,0,sha256WithRSAEncryption,2048,RSA,1,v3,0,1
amd-infra.itunes.g.aaplimg.com,5fa376134464666d11e6ff109f4656b49434cca9ff729c565ada9b9f6ed48770,mitmproxy,367,0,sha256WithRSAEncryption,2048,RSA,1,v3,0,1
c1.eb.us1.thousandeyes.com,3b0c5d58ec52b9386d67b384ed7886d8d45000c33f25d62e96088332c97f5b6d,mitmproxy,367,0,sha256WithRSAEncryption,2048,RSA,1,v3,0,1
to-do.microsoft.com,a82ce486b9e60446af74652a237eed15dd5524a8e4c879ff4f9e433b0017ff44,mitmproxy,367,0,sha256WithRSAEncryption,2048,RSA,1,v3,0,1
rtbhouse.com,f50d2de486577673987c987d29eb3366a02278acb7bedc006cdefa253fdd2788,mitmproxy,367,0,sha256WithRSAEncryption,2048,RSA,1,v3,0,1
esp.rtbhouse.com,1b77a6d8b1b09d9ff6a02772008d81599fe35a6d096e9d5f18c5d412bc1dbf62,mitmproxy,367,0,sha256WithRSAEncryption,2048,RSA,1,v3,0,1
krushmedia.com,3ee562ae1c9609d905bb35c2bfb26ebcb1e39d39e119ef4ae148321738a439bc,mitmproxy,367,0,sha256WithRSAEncryption,2048,RSA,1,v3,0,1
salesforce.com,a625292c8d1b112548202d2a3fbbce6560a0e90f93967b436396040f9beff690,mitmproxy,367,0,sha256WithRSAEncryption,2048,RSA,1,v3,0,1
api16-core.tiktokv.com,5e2d230bb17c6a135321bca590ccbd2881c0ae2796094ed49dc2130ac0da9eb7,mitmproxy,367,0,sha256WithRSAEncryption,2048,RSA,1,v3,0,1
p16-common-sign.tiktokcdn-us.com,f3696559e8cd31073eb1324f7df91c517d7aa7fa529df26cf2a241fbb69aca67,mitmproxy,367,0,sha256WithRSAEncryption,2048,RSA,1,v3,0,1
cs.seedtag.com,5cd85fca27b95702b051fed020e686c0bda89b92c3ff29eaa05349120c411d30,mitmproxy,367,0,sha256WithRSAEncryption,2048,RSA,1,v3,0,1
cloud.tenable.com,900a26dc19af759bcbd298d0501744b492ca4c32b8aac6c7c7d41241325909c8,mitmproxy,367,0,sha256WithRSAEncryption,2048,RSA,1,v3,0,1
prod.roaming1.live.com.akadns.net,a788a2abb777020963e485bb8476357f2f8217afb5146a193a7e974541652775,mitmproxy,367,0,sha256WithRSAEncryption,2048,RSA,1,v3,0,1
sundaysky.com,6b062a0a91f070228f68663d50c521993ffb6ad3efc281f18f4670ad72f12d59,mitmproxy,367,0,sha256WithRSAEncryption,2048,RSA,1,v3,0,1
api22-core.tiktokv.com,aa9a3c1563245267e245ade1b676bd4fa5b68389ce870b23a4622834851c3089,mitmproxy,367,0,sha256WithRSAEncryption,2048,RSA,1,v3,0,1
media6degrees.com,5bf0d0a4e3f073c16dff6c9e2591bb0fd4d8f6d1e3edb52327332e343308f5f6,mitmproxy,367,0,sha256WithRSAEncryption,2048,RSA,1,v3,0,1
live.primis.tech,988024b9b522f6505af0d895824db2f3b89b8283a9943d7ceb8fc3d5d4f23483,mitmproxy,367,0,sha256WithRSAEncryption,2048,RSA,1,v3,0,1
accounts.doubleclick.net,1f036b629860cd154f2248eb5912562343a77cf1ecb4c85510047bd72da16538,mitmproxy,367,0,sha256WithRSAEncryption,2048,RSA,1,v3,0,1
array624.prod.do.dsp.mp.microsoft.com,e0774f6829279985040e32201a394e3f4982d2352be3d8e81c9d33b562a0822c,mitmproxy,367,0,sha256WithRSAEncryption,2048,RSA,1,v3,0,1
hp.com,c9092cbb07818340d5e5fe50ead75e00c63a46df19cc7707c64bb14e74bee500,mitmproxy,367,0,sha256WithRSAEncryption,2048,RSA,1,v3,0,1
bb.lijit.com,af069d225a6046f7158ff55f6a5f71e4b211856fdc34430fe01de5f934f16ce3,mitmproxy,367,0,sha256WithRSAEncryption,2048,RSA,1,v3,0,1
vistarsagency.com,cf3737e538c4d2d0590a13f04c8874052cf2bdbf6a091970abaab12707232c2c,mitmproxy,367,0,sha256WithRSAEncryption,2048,RSA,1,v3,0,1
gspe1-ssl.ls.apple.com.edgesuite.net,8f71f074a5014117dcd438ebba6d86c3783f78ff76f79057c8a9776f5c7c7b76,mitmproxy,367,0,sha256WithRSAEncryption,2048,RSA,1,v3,0,1
updates.g.aaplimg.com,e07a8b6cb79586be3964c9bc876b785603958d8c03801d611104f813f943b187,mitmproxy,367,0,sha256WithRSAEncryption,2048,RSA,1,v3,0,1
connectid.analytics.yahoo.com,5363822e92f47b45a81e33a1a70478e7f299110111a9135ff1079e068d7065f9,mitmproxy,367,0,sha256WithRSAEncryption,2048,RSA,1,v3,0,1
aggr16-normal.tiktokv.us,a38b5ca50d354138a17ce9a20f4e219349723e40cd2648c361e81f8c86340285,mitmproxy,367,0,sha256WithRSAEncryption,2048,RSA,1,v3,0,1
array814.prod.do.dsp.mp.microsoft.com,410f226131b0c5e17adac422e6001990b9c3347cc7dc60b3990182a5dd66f3c2,mitmproxy,367,0,sha256WithRSAEncryption,2048,RSA,1,v3,0,1
digitalassetlinks.googleapis.com,95c5eb20be90a15f573b14f45f704ef93ccb0a74b821607004ac7e2961f51144,mitmproxy,367,0,sha256WithRSAEncryption,2048,RSA,1,v3,0,1
adsdkprod.azureedge.net,733150a7152e75fe1f58c88487ae780e6e98ce9dd7e713fcb180031fce93aa9f,mitmproxy,367,0,sha256WithRSAEncryption,2048,RSA,1,v3,0,1
adotmob.com,1f0fff7ea073a54fd4a78cf8daff23cab6e1db5352dce5c210f6feea82b3715d,mitmproxy,367,0,sha256WithRSAEncryption,2048,RSA,1,v3,0,1
cl4.g.aaplimg.com,78085083e581228962c2daf1a0456e5f0c6c8c25fa33771fd063af7c2bf7035b,mitmproxy,367,0,sha256WithRSAEncryption,2048,RSA,1,v3,0,1
cdn.hadronid.net,88a79d1c0fe216ee176aef03b294bed3645b090803967b2f15f3ff5cf1fadb4d,mitmproxy,367,0,sha256WithRSAEncryption,2048,RSA,1,v3,0,1
us-sandbox-courier-4.push-apple.com.akadns.net,75f2fc5fd2544ad3377c33996fd428113f8f4b0aacc44dcf6d44d420f82b08e9,mitmproxy,367,0,sha256WithRSAEncryption,2048,RSA,1,v3,0,1
dsum.casalemedia.com,5e1614467d8d5b5338534a6fd84d1200dba063bbee71dbd55bce74474a7af9f6,mitmproxy,367,0,sha256WithRSAEncryption,2048,RSA,1,v3,0,1
rapid7.com,eab553b8334d1f66ef3b5fd62728919f8605b96fa1d6802ace670910ec2d09f4,mitmproxy,367,0,sha256WithRSAEncryption,2048,RSA,1,v3,0,1
chartbeat.com,0b2fbd5522cccbfdd69902aa0da6009869f44d5f2e845ee3258920cbc0767458,mitmproxy,367,0,sha256WithRSAEncryption,2048,RSA,1,v3,0,1
telemetry.mozilla.org,9bce39062ad64b9359dc0fa5281b09286ad9aa64068d4a963fa603f1ebf2004b,mitmproxy,367,0,sha256WithRSAEncryption,2048,RSA,1,v3,0,1
incoming.telemetry.mozilla.org,f3b6f4e8affbdb0a4efa00375453b3404f1a6a42e1b12945b5c69cf66360838d,mitmproxy,367,0,sha256WithRSAEncryption,2048,RSA,1,v3,0,1
ow.pubmatic.com,ff285011926f9efdff8814257d5ef27fe12e5b56521d27942365ffb2d430f6a1,mitmproxy,367,0,sha256WithRSAEncryption,2048,RSA,1,v3,0,1
intel.com,4720e5132e339bbce8aa8ac5a4cf0e4409717b4e3d8d76ec5ef5252ece6420c3,mitmproxy,367,0,sha256WithRSAEncryption,2048,RSA,1,v3,0,1
sdk.iad-01.braze.com,5f6a1f1c97ab0f93450898b2430e2e4c79b3cb261dd322384ddac4ec00b26a8b,mitmproxy,367,0,sha256WithRSAEncryption,2048,RSA,1,v3,0,1
manutouch.com.cn,37822277a73fd711c09f991613deab53af252bc236e433ed5ed4fceec599eb60,mitmproxy,367,0,sha256WithRSAEncryption,2048,RSA,1,v3,0,1
zendesk.com,38fc475eaf47d099dce1a5727f86b790281c6c4eb74e5bc8d4991c847751d710,mitmproxy,367,0,sha256WithRSAEncryption,2048,RSA,1,v3,0,1
aptrinsic.com,bdf306f7aeb1d6244c0b01139500f9abeae3bb5f2ff9972cb0e2ec170bec1877,mitmproxy,367,0,sha256WithRSAEncryption,2048,RSA,1,v3,0,1
sync.springserve.com,26226003436d0498fa5414693f29228bfd7eae93dad008d348644f12e9e6f50a,mitmproxy,367,0,sha256WithRSAEncryption,2048,RSA,1,v3,0,1
u.4dex.io,38764de19c385d1763aaabd3ae12fc789be9a7f3f5a7237ab2db8709d2cf8179,mitmproxy,367,0,sha256WithRSAEncryption,2048,RSA,1,v3,0,1
vop.sundaysky.com,46081691bb834c37a7e7ea0e418434fe20952dd0c1f45a35d1d25c2fb2cae6ce,mitmproxy,367,0,sha256WithRSAEncryption,2048,RSA,1,v3,0,1
query.ess-apple.com.akadns.net,4dee9a415ae1ab81138dd69b9cfbca01443efb6f4537a9bda5cb9d5c98e90db4,mitmproxy,367,0,sha256WithRSAEncryption,2048,RSA,1,v3,0,1
valid-apple.g.aaplimg.com,10b056986e6a0cea2a670e434a58dd5738860122a641447f777797b01f506810,mitmproxy,367,0,sha256WithRSAEncryption,2048,RSA,1,v3,0,1
gateway-asset.icloud-content.com,2a11d898f3d83265e89b7370dee2d6b69c4a5a42576acbf3fc500be41a52a8fe,mitmproxy,367,0,sha256WithRSAEncryption,2048,RSA,1,v3,0,1
innovid.com,635c7899382d51a1a2182f69c8babadbcfbddadd9eb0ff1c489ae07967fabbd0,mitmproxy,367,0,sha256WithRSAEncryption,2048,RSA,1,v3,0,1
safebrowsing.g.aaplimg.com,ca82f4feec0e9328e051c484e5fecdd35b3548199eb015e43ff4ce3c4b9f7230,mitmproxy,367,0,sha256WithRSAEncryption,2048,RSA,1,v3,0,1
google-bidout-d.openx.net,80af3506b636e70807166f4ca0cba1c2b22dadcb2f8205ade888b7cf74c636f0,mitmproxy,367,0,sha256WithRSAEncryption,2048,RSA,1,v3,0,1
gspe19-geo-selector.ls2-apple.com.akadns.net,a11ee44b0f0bc0a93cf341316109ae6642ae49a06ab6b1ae7555af011e663adb,mitmproxy,367,0,sha256WithRSAEncryption,2048,RSA,1,v3,0,1
mss.office.com,f238409aadcab8a9cb35502a1ca7c7828b50aa9ed401eba9fd058388d8ffb33f,mitmproxy,367,0,sha256WithRSAEncryption,2048,RSA,1,v3,0,1
array514.prod.do.dsp.mp.microsoft.com,0d278c2b04bc2e6e76fc748f842c7420cbe0cbc5f02d810a6ac6f00e8f377fe3,mitmproxy,367,0,sha256WithRSAEncryption,2048,RSA,1,v3,0,1
usercontent.google.com,d46cdbf75c40c93d340c10100587b4b70966e5fcd4758f88e6b3c2045708f87a,mitmproxy,367,0,sha256WithRSAEncryption,2048,RSA,1,v3,0,1
checkappexec.microsoft.com,35787a9949be3cdcc2e29858c93c3872156373bbaee48e4b191460ea8507a5cc,mitmproxy,367,0,sha256WithRSAEncryption,2048,RSA,1,v3,0,1
tg.socdm.com,e5c4c51792698d49f0633da85e8191f3cca2147f9cd6bfd39c1362ff75559439,mitmproxy,367,0,sha256WithRSAEncryption,2048,RSA,1,v3,0,1
goacoustic.com,7bd4344aad09f1389f5364dc21afd91056af66e3827086b31b83ef8b9bddbb61,mitmproxy,367,0,sha256WithRSAEncryption,2048,RSA,1,v3,0,1
tr-ooc-acdc.office.com,a49a4d5f9c86620eb6dbf3c7fb39f5497869424ff4ad8f6bcbc4bf618f7efd26,mitmproxy,367,0,sha256WithRSAEncryption,2048,RSA,1,v3,0,1
fpinit-us-e.edge-itunes-apple.com.akadns.net,98110e2a666ca34f13af72a8f18f8f8a42bb5d082c9e060e6e3eacb2314b8ddc,mitmproxy,367,0,sha256WithRSAEncryption,2048,RSA,1,v3,0,1
i.pinimg.com,75fad5714f1eb7e7c2dacb193aa16acb1c978805e5be6456f2a44cf98d9f5273,mitmproxy,367,0,sha256WithRSAEncryption,2048,RSA,1,v3,0,1
brand-display.com,02c53c0908975f44e1948e5ef1e4a063db11c0109a303c472319c3f2ddb5e5a4,mitmproxy,367,0,sha256WithRSAEncryption,2048,RSA,1,v3,0,1
tr-ooc-atmv6.office.com,4b928c73c06155d59989a2385b4b9da1999885223fce2753414a92cdefb04c92,mitmproxy,367,0,sha256WithRSAEncryption,2048,RSA,1,v3,0,1
eu-u.openx.net,31516b5e196bb02f1d54a108e03ba444c26cd36d3430df3c357100a8e1e4ab71,mitmproxy,367,0,sha256WithRSAEncryption,2048,RSA,1,v3,0,1
ssum.casalemedia.com,3d8db3b53d90baedf8d8da1078f2e8928d9a236af5661a48f5e5f27f7cad163a,mitmproxy,367,0,sha256WithRSAEncryption,2048,RSA,1,v3,0,1
goguardian.com,ea1a6a01e948ff79b9653648885950abc784fcfc98f04f1c942d709a47cdbff3,mitmproxy,367,0,sha256WithRSAEncryption,2048,RSA,1,v3,0,1
mmg.whatsapp.net,aecfb5046ef45359fec550aacb89f602e9aa32a8fb061439a70f41c82f472a48,mitmproxy,367,0,sha256WithRSAEncryption,2048,RSA,1,v3,0,1
dmp.brand-display.com,3046f47a289895f7480ee6e89795675dc80831c907cebb2aacacd6b80d040c77,mitmproxy,367,0,sha256WithRSAEncryption,2048,RSA,1,v3,0,1
content.fe2.apple-dns.net,0254311c69b785ea0a09fc3275b90c50d4cbf04bf934bc376e7c3b9aa6e901a7,mitmproxy,367,0,sha256WithRSAEncryption,2048,RSA,1,v3,0,1
array508.prod.do.dsp.mp.microsoft.com,69a48854703b0777b3f9e2ddd036f42672f590ee77d6a9fe3a6fc08e7621be20,mitmproxy,367,0,sha256WithRSAEncryption,2048,RSA,1,v3,0,1
downloads.dell.com,7992e7d3828a06deecd8a799c16e07951e184b0b0651a0909a6a6b0d8d6f5d50,mitmproxy,367,0,sha256WithRSAEncryption,2048,RSA,1,v3,0,1
2.connectivity-test.static.microsoft,fba81620dacef2c7e2d15a62a54ebd926abf822365aa64145441f309728adb3f,mitmproxy,367,0,sha256WithRSAEncryption,2048,RSA,1,v3,0,1
segments.company-target.com,f515fbb51ff38921976118ce4eb985ecc10202a67c473aae86f7f87828fb363a,mitmproxy,367,0,sha256WithRSAEncryption,2048,RSA,1,v3,0,1
images-mercury.mzstatic.com,3b3a3dd30eb7e56f7715133b169f0079b1b7094b0f501ba4fd056b07d18a9403,mitmproxy,367,0,sha256WithRSAEncryption,2048,RSA,1,v3,0,1
europe.smartscreen.microsoft.com,e2c1e117ed5bac5f411b7525e0013c7ad0fdf0063baae50f95ee2f30fa1d4695,mitmproxy,367,0,sha256WithRSAEncryption,2048,RSA,1,v3,0,1
paa-reporting-advertising.amazon,d637cfbea741fdaffb814b8330c5bacf0f09dbea3bdf5b72a150801731e767ee,mitmproxy,367,0,sha256WithRSAEncryption,2048,RSA,1,v3,0,1
ara.paa-reporting-advertising.amazon,e852cfb24b3aab43edb1f5eb57ac4f44023b252c3b3683fd763d3d02378bf5e5,mitmproxy,367,0,sha256WithRSAEncryption,2048,RSA,1,v3,0,1
ctnsnet.com,e266c3de4d35313d71448be7ec436c3da183b4873cf1a2c26e0dca835dbf4d64,mitmproxy,367,0,sha256WithRSAEncryption,2048,RSA,1,v3,0,1
play.samsungcloud.com,575a51be93db3dd67b7a1dc2f79752310ce302523519a36d3bd24dfd5abc9801,mitmproxy,367,0,sha256WithRSAEncryption,2048,RSA,1,v3,0,1
insightexpressai.com,a8e46340c49e3541a824889d816e9b219d40e0743ed514bd71722dd2ac3ff9be,mitmproxy,367,0,sha256WithRSAEncryption,2048,RSA,1,v3,0,1
secure.insightexpressai.com,49eeb7959a3e5fb5cf07737c14675cab4e4aa2145ce86604cad09b33b922e3a7,mitmproxy,367,0,sha256WithRSAEncryption,2048,RSA,1,v3,0,1
oajs.openx.net,df389033a2e9c65096f88fe88924136311db059c44a6014c6595e4be30009d2d,mitmproxy,367,0,sha256WithRSAEncryption,2048,RSA,1,v3,0,1
iqzone.com,807c5bfeced88bb63becec99e4c876f2d94da10c04d4c8c605e2eecee507cbe6,mitmproxy,367,0,sha256WithRSAEncryption,2048,RSA,1,v3,0,1
metricsedge-continent-wrr.v.aaplimg.com,e7f4dbc47e5fa19f4fcb201bfb69e8b823be743180354eabe2963ed075eab20c,mitmproxy,367,0,sha256WithRSAEncryption,2048,RSA,1,v3,0,1
clouddrivecdn.classlink.com,1a3360c5c6ad0d2f7d2e3e697003c2567258fe59035dd7e7ba4ef6bb0df20fd4,mitmproxy,367,0,sha256WithRSAEncryption,2048,RSA,1,v3,0,1
phonedeviceverification-pa.googleapis.com,0c012f8a77c20c24f39c285eabca7e3d0bb16bf3d0afe460e7b6cca2edfb8a2e,mitmproxy,367,0,sha256WithRSAEncryption,2048,RSA,1,v3,0,1
typekit.com,9c01b9a3f568dd619e485362b97afd2594a31c0114cf20753ee248a8793e5b23,mitmproxy,367,0,sha256WithRSAEncryption,2048,RSA,1,v3,0,1
quantummetric.com,1a99e24078896ebff4954943abe41dbda7b5edd8021d3d26cbf9791c0de81aad,mitmproxy,367,0,sha256WithRSAEncryption,2048,RSA,1,v3,0,1
pbs-cs.yellowblue.io,79200a00078118775d73f3c95a0bc23e1a8140eff53912aa44e06a76856ebe82,mitmproxy,367,0,sha256WithRSAEncryption,2048,RSA,1,v3,0,1
cdn.cambiumtds.com,c549106ddb98db2434f33216bee4a93cdb34b33a28ef9a350a5d9a577d428994,mitmproxy,367,0,sha256WithRSAEncryption,2048,RSA,1,v3,0,1
monorail-edge.shopifysvc.com,43e3c39ee1896bd68206a536febdc903c90dd20b4ae1247d5437bda77d86ba18,mitmproxy,367,0,sha256WithRSAEncryption,2048,RSA,1,v3,0,1
hblg.media.net,8f9c6a9e8282f91f2519e162f5efcb8baf5335b8333f7119a03149b5c9d01ce0,mitmproxy,367,0,sha256WithRSAEncryption,2048,RSA,1,v3,0,1
gnar.grammarly.com,3944104c4a3662900537629b544af14c14038142166897b3eaac9c99e7c41bf7,mitmproxy,367,0,sha256WithRSAEncryption,2048,RSA,1,v3,0,1
tpsc-video-ue.doubleverify.com,add08b1e07935fee62cd61b6ccc446309d062b826897a768280d69805d84be22,mitmproxy,367,0,sha256WithRSAEncryption,2048,RSA,1,v3,0,1
ic3.events.data.microsoft.com,06cf52a7db745f7458030d5dfaee9b1af3c3201e9a5283931e4c0904d6ebcd6f,mitmproxy,367,0,sha256WithRSAEncryption,2048,RSA,1,v3,0,1
msh.amazon.com,1148e46c398839caffdb27eaa6e20b5e66651e2e4becab699cdc928a820c56f8,mitmproxy,367,0,sha256WithRSAEncryption,2048,RSA,1,v3,0,1
beachfront-match.dotomi.com,ab9deebe33d60728a36d5efeb1a2f0f33b5303dd0fd8c701512ccab38b67c64c,mitmproxy,367,0,sha256WithRSAEncryption,2048,RSA,1,v3,0,1
amazonvideo.com,b3819806a7b2569ca057e9bbe4ab3b4e995c35dc826353d51e374a6e03a79eb6,mitmproxy,367,0,sha256WithRSAEncryption,2048,RSA,1,v3,0,1
cdn-icloud-content.g.aaplimg.com,fb7997569f515bcd07d7a33a62feb3e39616c4725e7c8ee0d67d1f573e1c1a46,mitmproxy,367,0,sha256WithRSAEncryption,2048,RSA,1,v3,0,1
prg.smartadserver.com,f35df9c73f62c7c63d5253fc2d6eb58fa711a74637d92fed7c4b5b6b119e2910,mitmproxy,367,0,sha256WithRSAEncryption,2048,RSA,1,v3,0,1
dcg.microsoft.com,98a2988d84e8b3efebecdb64edbadde5fa9a22ec7a3806f38ce2e2b4b44f2ac4,mitmproxy,367,0,sha256WithRSAEncryption,2048,RSA,1,v3,0,1
ca.iadsdk.apple.com,aecb94188ebc18d0a563c23ac1a087505779eaa16387f40d1b89cc210f37ab3d,mitmproxy,367,0,sha256WithRSAEncryption,2048,RSA,1,v3,0,1
sslwidget.criteo.com,f87d8219338d2fe18567184fb6fa0baeb85f2f760e2d979bdcd88204cefaa8a3,mitmproxy,367,0,sha256WithRSAEncryption,2048,RSA,1,v3,0,1
w.inmobi.com,1b7b3961657f5ebcc1259c783bb4aa9f6f02136bde907a6f987e80ff345cdc8d,mitmproxy,367,0,sha256WithRSAEncryption,2048,RSA,1,v3,0,1
widget.intercom.io,37d3fa04676307f8ec3914e96f2219cc53b31b117c6e149df310a085171974fd,mitmproxy,367,0,sha256WithRSAEncryption,2048,RSA,1,v3,0,1
fullstory.com,0d78e6f9deaedc2e901a8623fcdd9472386e5dfc6a151d611e980544abbcd42d,mitmproxy,367,0,sha256WithRSAEncryption,2048,RSA,1,v3,0,1
gemini.google.com,388713f588eacc3d3e0a580b8fe24d638a5b3c99a6141a7106a8c6bbbb28c968,mitmproxy,367,0,sha256WithRSAEncryption,2048,RSA,1,v3,0,1
teams.office.com,c500bf7728bcc03e0dbc9890ecb8900d9bc3eff73dec616e8162b0c327e9f240,mitmproxy,367,0,sha256WithRSAEncryption,2048,RSA,1,v3,0,1
locationhistoryplacedetails-pa.googleapis.com,a53a60e14b34dd70efdbd65a81175cec9acb1adc76e9850e314fb5deb29c63ff,mitmproxy,367,0,sha256WithRSAEncryption,2048,RSA,1,v3,0,1
ads.servenobid.com,e1cd8ec9fe05c26b6da3f56d3f0f9a7a6adbb5be79e0522faa5ec42cd91650c8,mitmproxy,367,0,sha256WithRSAEncryption,2048,RSA,1,v3,0,1
aws-proxy-gcp.api.sc-gw.com,30638f6c9eb2999109c552cca8e74d2a7ed0e17e2fefa0a2e7cb4f3519550c39,mitmproxy,367,0,sha256WithRSAEncryption,2048,RSA,1,v3,0,1
rumcdn.geoedge.be,5504ba80076e4ef5ff0381abcce9920c30193a80cc2d062907eb777c6a040cd0,mitmproxy,367,0,sha256WithRSAEncryption,2048,RSA,1,v3,0,1
cdn-v4.amp-endpoint3.com,037fd0849491f976e8b693bdb515beec38467708d2474bb3154814a3dd36b605,mitmproxy,367,0,sha256WithRSAEncryption,2048,RSA,1,v3,0,1
z-p42-instagram.c10r.instagram.com,53d6ebec3bef2a16d1ddcb997ff69bdf0d0785642e60c11707337d63bc1fa387,mitmproxy,367,0,sha256WithRSAEncryption,2048,RSA,1,v3,0,1
pm.w55c.net,de6b925b5026cd284cd5fde804fa07526da2616903b698aea4056c7ceedd8893,mitmproxy,367,0,sha256WithRSAEncryption,2048,RSA,1,v3,0,1
sensor.cloud.tenable.com,a9200680616129a16ebcb5be4e601a8bb8e8b8d5de516514a6ad6d551453ec91,mitmproxy,367,0,sha256WithRSAEncryption,2048,RSA,1,v3,0,1
logx.optimizely.com,91e31e24c44415d23560e9a5a43eec6f152b3a1972c46fccc315b2454c44bae3,mitmproxy,367,0,sha256WithRSAEncryption,2048,RSA,1,v3,0,1
paypal.com,8aaff491baf933d91cee6cf61ff0a63d96eda1be9717cdec3242d06484a7de03,mitmproxy,367,0,sha256WithRSAEncryption,2048,RSA,1,v3,0,1
cpm.vistarsagency.com,d8ccd288c49816174482d94a46dc9975fc2a8c84e11c66fc257943f4a2a5d9fa,mitmproxy,367,0,sha256WithRSAEncryption,2048,RSA,1,v3,0,1
adroll.com,2d5c5ee587e440687d6042fc5ce9f7ffcbb0570252b27408c494eea530201eac,mitmproxy,367,0,sha256WithRSAEncryption,2048,RSA,1,v3,0,1
content-signature-2.cdn.mozilla.net,b44c0f703afe05f35c8c857282b188e900619a07a05e07dcf7333f1b3fb14db8,mitmproxy,367,0,sha256WithRSAEncryption,2048,RSA,1,v3,0,1
amazonalexa.com,b1eef110cf480df27d9293507b1b97fef30cc0f3dd88f87f929a33f2f33a1d0e,mitmproxy,367,0,sha256WithRSAEncryption,2048,RSA,1,v3,0,1
copper6.com,08ffcd2d547e9c587e43c9bc33c55e419a8d539c00f4f5c11d249ead80b59ef1,mitmproxy,367,0,sha256WithRSAEncryption,2048,RSA,1,v3,0,1
ad-score.com,f47211875f96e381ccbebb6cd711bedfa1be5fbcb743162c01769fc290228634,mitmproxy,367,0,sha256WithRSAEncryption,2048,RSA,1,v3,0,1
static.chartbeat.com,b8dc1e435ca92ff71c8da30828028db02d425b85eef7103c7a77e417906ba3f9,mitmproxy,367,0,sha256WithRSAEncryption,2048,RSA,1,v3,0,1
turing-writingassistance.edge.microsoft.com,d140bca9156d7f1ded423032e3983ed97b7179dbd54b9067e9b85f7f36c65fd9,mitmproxy,367,0,sha256WithRSAEncryption,2048,RSA,1,v3,0,1
polka.typekit.com,3c41803a06029aa5e2a6fdbd9e97920589759755139ff14918249e8784d9f3c8,mitmproxy,367,0,sha256WithRSAEncryption,2048,RSA,1,v3,0,1
rtbwise.com,fe30581d014eed29bb5068ff614e94cac7cc1d44b1262e226f04d3890732c29c,mitmproxy,367,0,sha256WithRSAEncryption,2048,RSA,1,v3,0,1
us.rtbwise.com,9a81bdc8fd5759355a8a072b8b2e4d2bfb011fd07d43f52db2edaf893206ce4b,mitmproxy,367,0,sha256WithRSAEncryption,2048,RSA,1,v3,0,1
trace.us.rtbwise.com,4b46e964f00c3ada30f165dec892ba105c4cd5940f05b27994777e757e1f40f0,mitmproxy,367,0,sha256WithRSAEncryption,2048,RSA,1,v3,0,1
inst-fs-iad-prod.inscloudgate.net,05bd9619a5dc80247146ca71c9cd169e564cdeb90dc0bf397d46242309ff592f,mitmproxy,367,0,sha256WithRSAEncryption,2048,RSA,1,v3,0,1
usc.pptservicescast.officeapps.live.com,c74989e03704fa8d56d9b512f5981ae7487acc998401422ced2f59cc75f7115e,mitmproxy,367,0,sha256WithRSAEncryption,2048,RSA,1,v3,0,1
gdmf-ados.v.aaplimg.com,3761ade9f2ff53ea6f0952a66ad82be2b8478052bcda9b91270a974bfe98d03e,mitmproxy,367,0,sha256WithRSAEncryption,2048,RSA,1,v3,0,1
anycast.adnxs.com,1617b028c27cacb064f8d067f970da92fae17f5f9b4c7c4d67e01649f2e615b0,mitmproxy,367,0,sha256WithRSAEncryption,2048,RSA,1,v3,0,1
cdn.segment.com,38fb0f849fdbd9a979359c4c7c9b22fb088d7b0526672e9326682f47ec18986e,mitmproxy,367,0,sha256WithRSAEncryption,2048,RSA,1,v3,0,1
track.activemetering.com,431ef470f3aeb5ccb03409729814f4bcc0c932886bbeb20970282d427c43d749,mitmproxy,367,0,sha256WithRSAEncryption,2048,RSA,1,v3,0,1
idpix.media6degrees.com,84f73bca1a1aa446146e5a3159fd3c112c7d6feae1b712621ae6b02db3ac93b3,mitmproxy,367,0,sha256WithRSAEncryption,2048,RSA,1,v3,0,1
sentry.insops.net,f922cfdc470e4421394a21d7c3ce8810586c6cf4666a8c6c7ecaa392c2a72278,mitmproxy,367,0,sha256WithRSAEncryption,2048,RSA,1,v3,0,1
px-cloud.net,38175e4e1bb6cb6743246e5d211a4823d0fc399e0e6cf27b9b9269942e15167c,mitmproxy,367,0,sha256WithRSAEncryption,2048,RSA,1,v3,0,1
gateway.grammarly.com,66b1b2d66d753a72bcd9dc82209690c783b53b49e989a6e4c9fc87c9610084ca,mitmproxy,367,0,sha256WithRSAEncryption,2048,RSA,1,v3,0,1
1.connectivity-test.static.microsoft,82fe8e033a358d0a0303526c9b4c857202d7e32fb4eb17c10ccd399402d8ea84,mitmproxy,367,0,sha256WithRSAEncryption,2048,RSA,1,v3,0,1
mon16-normal-alisg.tiktokv.com,1a09e376f6c56042fa1f46f8ab8fd710a135f87062d2b0c4eafe00ec2ebca264,mitmproxy,367,0,sha256WithRSAEncryption,2048,RSA,1,v3,0,1
gspe19-2-ssl.ls.apple.com.edgesuite.net,874b9c44011233ca9c3b1cb1c9cc9434a2b1468d9d6774a1cd8d2b207b87901f,mitmproxy,367,0,sha256WithRSAEncryption,2048,RSA,1,v3,0,1
android-safebrowsing.google.com,d80c61b7ec3da7734ed7486dd2383ef8b5ac68312c76ecccd17ba82ea59361da,mitmproxy,367,0,sha256WithRSAEncryption,2048,RSA,1,v3,0,1
mid.rkdms.com,827724c750fee8527fa2e1a09fcdec8d0fe07ce89de8b757d58be33d5ecf6bed,mitmproxy,367,0,sha256WithRSAEncryption,2048,RSA,1,v3,0,1
winatp-gw-eus.microsoft.com,82b8824afbe65ed0285e0d72226f8cc277d62467312aa7c4afc6e20091478ee6,mitmproxy,367,0,sha256WithRSAEncryption,2048,RSA,1,v3,0,1
agents.msua04.manage.microsoft.com,848297d7d4aaa803051c5728c9c10d6f482be8c38ecf01a3996942077b5d166f,mitmproxy,367,0,sha256WithRSAEncryption,2048,RSA,1,v3,0,1
warp.media.net,abf14eb1ff94659223dc6d3cb058a381899410618269608846ea518d91c49e33,mitmproxy,367,0,sha256WithRSAEncryption,2048,RSA,1,v3,0,1
public-prod-dspcookiematching.dmxleo.com,13b230d8c9c7fb92ef52d25ba3749409c19cc7fdc60a4ba050536577a1fb3e6e,mitmproxy,367,0,sha256WithRSAEncryption,2048,RSA,1,v3,0,1
singular.net,086e4a04c3598757cb868de70ac3e5b6a80062f89d175f2c753ea7457bb83361,mitmproxy,367,0,sha256WithRSAEncryption,2048,RSA,1,v3,0,1
unagi.amazon.com,519e1eda32d6fad607869d94e27d824daaeaae4100432a3b1a99a48726bd58a7,mitmproxy,367,0,sha256WithRSAEncryption,2048,RSA,1,v3,0,1
mediavine.com,e67dd26f717f228b4520adc170d9a7639336927d93b0b49d6d8c6d61b35db3ac,mitmproxy,367,0,sha256WithRSAEncryption,2048,RSA,1,v3,0,1
walkme.com,65f3d872d88cdcfebe1cbc8060e42bde054e11f26e38f21054e30d960cb37b34,mitmproxy,367,0,sha256WithRSAEncryption,2048,RSA,1,v3,0,1
intercomcdn.com,eff20d5c70c5cb279454fbd13999d0d965dedbcdecf12b9f9245a13dc6ed10fa,mitmproxy,367,0,sha256WithRSAEncryption,2048,RSA,1,v3,0,1
cdn.amplitude.com,5f82a32f447746dec023e52a08be6c58bfa1b623789c3da681b233e2c76decdb,mitmproxy,367,0,sha256WithRSAEncryption,2048,RSA,1,v3,0,1
beacons3.gvt2.com,d1c758019ac21060cda5f7542bce4719e471bf23ccf72183e1ac2e852d74ae18,mitmproxy,367,0,sha256WithRSAEncryption,2048,RSA,1,v3,0,1
shell.cdn.office.net,754154279e2c8a694409e25cb3a36038d850f97290f42ee33e10a57c409edcea,mitmproxy,367,0,sha256WithRSAEncryption,2048,RSA,1,v3,0,1
testnav.com,937d75f5e7fded90e3a398e43af62b73acc9286b3c7855b30762ce22a90f5d42,mitmproxy,367,0,sha256WithRSAEncryption,2048,RSA,1,v3,0,1
cdn2.inner-active.mobi,5141068f6fcc9d1720ca3a2b20cfbd258a503a5147bb5f9ee19b8f93c0e3bf60,mitmproxy,367,0,sha256WithRSAEncryption,2048,RSA,1,v3,0,1
nodeapi.classlink.com,914ef1e92a3c78385bb9ed2e36c1897181ff21f25d4803fd319521019a8e9049,mitmproxy,367,0,sha256WithRSAEncryption,2048,RSA,1,v3,0,1
e13678.dscb.akamaiedge.net,c76c26f4067dc7a692267e1255839358bb7ba9b6ce9bffe922aac5a094adff43,mitmproxy,367,0,sha256WithRSAEncryption,2048,RSA,1,v3,0,1
api.amazonvideo.com,3f22d6893c362d5fc95f78b6f55003db3772d2c13d9fbcc116ad27b087fcb529,mitmproxy,367,0,sha256WithRSAEncryption,2048,RSA,1,v3,0,1
news.iadsdk.apple.com,5fdfe9deddda3109129ca95cf31ce455fcad1d9ffe3b848201c972b95474a271,mitmproxy,367,0,sha256WithRSAEncryption,2048,RSA,1,v3,0,1
ads.betweendigital.com,c441066f4eb48156a61cdd01832b8b0b3047c7550f20b915986e41879f6f685d,mitmproxy,367,0,sha256WithRSAEncryption,2048,RSA,1,v3,0,1
ice.360yield.com,45aa5b1d8aa328eff263e1eaeb04dde87c39263c133050d373c136a838a15876,mitmproxy,367,0,sha256WithRSAEncryption,2048,RSA,1,v3,0,1
e1329.g.akamaiedge.net,dc95857f101b4d0eef3183dc7ba931286fcc1683f056b007b6525a96d6b7199f,mitmproxy,367,0,sha256WithRSAEncryption,2048,RSA,1,v3,0,1
secure.gravatar.com,5624987b0f9c8eb1ac4cb189a02a07c8cbb0a1f1ed1f15af8a9322ef58141526,mitmproxy,367,0,sha256WithRSAEncryption,2048,RSA,1,v3,0,1
ib.anycast.adnxs.com,c7dd245113cbe6ae48b2ed4d152dfe012af206eac2811161009c57b7672e4753,mitmproxy,367,0,sha256WithRSAEncryption,2048,RSA,1,v3,0,1
api.onesignal.com,15482239d415ee09d0ffa7ad861d8eafa8bc09e2c2e5091210ddf459b417ae30,mitmproxy,367,0,sha256WithRSAEncryption,2048,RSA,1,v3,0,1
mobilemaps.googleapis.com,bd63e319d6ad955fdf67110e1827742ae848f1ad7c3409cb15bb0c635cb11f6e,mitmproxy,367,0,sha256WithRSAEncryption,2048,RSA,1,v3,0,1
gcp.api.sc-gw.com,7c338272db539c3e33d797afbd2e00d728fc309fac11d51cedf9ba06094ad764,mitmproxy,367,0,sha256WithRSAEncryption,2048,RSA,1,v3,0,1
pn.ybp.yahoo.com,d7add07d96cfb11a256d5f36e18205f8a4d10103be949bcd67fcf512cbe51cb6,mitmproxy,367,0,sha256WithRSAEncryption,2048,RSA,1,v3,0,1
app-ads-services.com,80b83260aedfc693c2aa5bb3bce637b7991a091fe98fdd807ac7ec5ad950c0a3,mitmproxy,367,0,sha256WithRSAEncryption,2048,RSA,1,v3,0,1
sync-t1.taboola.com,6647934ce803d8938d85ee27d18c78f09e96318099f775f4f3e00279c4453815,mitmproxy,367,0,sha256WithRSAEncryption,2048,RSA,1,v3,0,1
a1818.dscw154.akamai.net,39c0509a41681e07268923ff43a65021d64c11d8fbecc463d0181d15d1006b24,mitmproxy,367,0,sha256WithRSAEncryption,2048,RSA,1,v3,0,1
us-central1-gcp.api.sc-gw.com,f9d796410fb968a36c74cc98a9c7b9d5d4aa2f722c9cbae9c11b7ee62cb26c1f,mitmproxy,367,0,sha256WithRSAEncryption,2048,RSA,1,v3,0,1
www.msftncsi.com.edgesuite.net,23b71d2434f83e2f04a5dcbaac5996182260301490e95e1e2dcbd78aacbaa69b,mitmproxy,367,0,sha256WithRSAEncryption,2048,RSA,1,v3,0,1
whiteboard.microsoft.com,0a91e5e2421ea445e978ad3a0332669fcdf42826d81792ab8ea156816dbac551,mitmproxy,367,0,sha256WithRSAEncryption,2048,RSA,1,v3,0,1
ocsp2.globalsign.com,64c833c7dede84212f6b29f16bf87dfeac50d8055b2317181d5cf2572ae51ad6,mitmproxy,367,0,sha256WithRSAEncryption,2048,RSA,1,v3,0,1
download.testnav.com,aaa6b0305c963f0a0b05b66a8f9267a96a366ff386ffee32a25d354e4b08c4bf,mitmproxy,367,0,sha256WithRSAEncryption,2048,RSA,1,v3,0,1
p16-sign-sg.tiktokcdn.com,08fd1aef696a7730eddc321869eb147c9e243397827e8f386c72c63c5f19dadf,mitmproxy,367,0,sha256WithRSAEncryption,2048,RSA,1,v3,0,1
sync.kueezrtb.com,f2acae64f76edd0388ebfe1b1a3738325fc3b3a5471ae66cf6c9fd9777c030f7,mitmproxy,367,0,sha256WithRSAEncryption,2048,RSA,1,v3,0,1
my.microsoftpersonalcontent.com,ea4c664ca1db2377ee7ff472b951f676746b1f3719e9b3b507183302b5fd7ba2,mitmproxy,367,0,sha256WithRSAEncryption,2048,RSA,1,v3,0,1
speechs3proto2-pa.googleapis.com,fcb3a693a8c2f0db898ae64bd55af1ef9a0fca537809e181a7c964a67c1883e1,mitmproxy,367,0,sha256WithRSAEncryption,2048,RSA,1,v3,0,1
sp.analytics.yahoo.com,8a789b3699c7b9393f82f20387248631141c326a8b2df29e28773995843476d8,mitmproxy,367,0,sha256WithRSAEncryption,2048,RSA,1,v3,0,1
location.life360.com,4b8669dfe3ca1740c8a985921d86caa8ce795139eb1c9fab00aa1075eb672bc6,mitmproxy,367,0,sha256WithRSAEncryption,2048,RSA,1,v3,0,1
du11hjcvx0uqb.cloudfront.net,c1d9fbb25d1ee1ff8c62bbbbf33a8d3e05aba56bf839b20ef96a1e799719bb74,mitmproxy,367,0,sha256WithRSAEncryption,2048,RSA,1,v3,0,1
aup.apis.classlink.com,50d6c7230e2bad4ced07ee39f69e6a9388568a92f1297b22a90854c583395a34,mitmproxy,367,0,sha256WithRSAEncryption,2048,RSA,1,v3,0,1
ib.3lift.com,c69387441b0d67a79c8ec83f2fb11024bbf059fbe6a6c7fcad02a52e1ecf0a55,mitmproxy,367,0,sha256WithRSAEncryption,2048,RSA,1,v3,0,1
applications.apis.classlink.com,ed9cb196f3d01c30ad7879877f033fc3aac7ccc674b7c6af9860725a19387102,mitmproxy,367,0,sha256WithRSAEncryption,2048,RSA,1,v3,0,1
nearbysharing-pa.googleapis.com,a6229599ec20389ce1c2c14d2c5c3aa81d77a2b609cc488f8e3961d7b7d575c9,mitmproxy,367,0,sha256WithRSAEncryption,2048,RSA,1,v3,0,1
iphonesubmissions.apple.com,75c3defcb9517abc5178e4ee303e1c07bafc3c674014d9b029ef5d21d32c5582,mitmproxy,367,0,sha256WithRSAEncryption,2048,RSA,1,v3,0,1
ags.privatelink.msidentity.com,7a929c79615e6de0e40e363bdfb7f951e723206b8ad0b01cf3118d0a1e5c3a05,mitmproxy,367,0,sha256WithRSAEncryption,2048,RSA,1,v3,0,1
sdkapi.dsp-api.moloco.com,594967f3159ec89cad16997289481b30df2cc740e82147ef53fdb182fea3a36c,mitmproxy,367,0,sha256WithRSAEncryption,2048,RSA,1,v3,0,1
csgdtm-svc-agent.dell.com,901683b4d5010cd89ee895482a0e0cc9c1a7c95737b843085af350b1daaebb3b,mitmproxy,367,0,sha256WithRSAEncryption,2048,RSA,1,v3,0,1
ecn.dev.virtualearth.net,649e3e3bf0fa20c9cf57ca345d84119db6195f43cd261c879c3279b31bcfdede,mitmproxy,367,0,sha256WithRSAEncryption,2048,RSA,1,v3,0,1
ymmobi.com,69954225dd4d9d260c77e2b03951729c00cbc4c0a3b1e1909f9978c8cbc3bfed,mitmproxy,367,0,sha256WithRSAEncryption,2048,RSA,1,v3,0,1
gw-iad-bid.ymmobi.com,9fddeb48a347c0a4c49fa6cbdd2488f1f25506a6f1205157ad963345dc3313bd,mitmproxy,367,0,sha256WithRSAEncryption,2048,RSA,1,v3,0,1
js.intercomcdn.com,4dd948157b59f3f74a1e91f3e2d8911a53e2082feaaeaf9d36452cc182511328,mitmproxy,367,0,sha256WithRSAEncryption,2048,RSA,1,v3,0,1
jwplayer.com,4730f90c359ba152b3ac6acad79c915dd108e2cf3f03798ea35f76d9f2019aa9,mitmproxy,367,0,sha256WithRSAEncryption,2048,RSA,1,v3,0,1
stocks-data-service.apple.com,4966d0f5cf62989510a6ccce8eddfbd7844806ff38e3de092298d596ad916ca3,mitmproxy,367,0,sha256WithRSAEncryption,2048,RSA,1,v3,0,1
exchange.mediavine.com,386264ff0abb176b803c4d6339f329260dbd6c175585a25633ee7fcdde3ccee4,mitmproxy,367,0,sha256WithRSAEncryption,2048,RSA,1,v3,0,1
o-sdk.mediation.unity3d.com,6637d80a8853752718f46bf3442689c8ec2c44603c499245bbea92e45de176a8,mitmproxy,367,0,sha256WithRSAEncryption,2048,RSA,1,v3,0,1
is-ssl.mzstatic.com.itunes-apple.com.akadns.net,7963b3d2ce5bb3fa8452283cc5392e58abe2537150cc8d8a65d24d80fd6b6b7b,mitmproxy,367,0,sha256WithRSAEncryption,2048,RSA,1,v3,0,1
d.adroll.com,c8eb465318b27ecc208637c02e3ef68b61ea72c50a2655ae6e127fc4e927bb68,mitmproxy,367,0,sha256WithRSAEncryption,2048,RSA,1,v3,0,1
identity.ess.apple.com,cc9939a8caa093ffa835667e29ade12c7993b028a249f6c823244e54377d1daf,mitmproxy,367,0,sha256WithRSAEncryption,2048,RSA,1,v3,0,1
klaviyo.com,8cc085b25f83994d95e16937d505cbcdbc5c58d0ae736c1bae9a38d3f2addd78,mitmproxy,367,0,sha256WithRSAEncryption,2048,RSA,1,v3,0,1
publicassets.cdn-apple.g.aaplimg.com,4613f9698361907607f10f42649041b47b930430b147298a1189d392f116c618,mitmproxy,367,0,sha256WithRSAEncryption,2048,RSA,1,v3,0,1
tags.srv.stackadapt.com,ed9de9c3e07c5eaca5b2e2d31ef754bd91eec31b74448352ab151c2eae6bbfdf,mitmproxy,367,0,sha256WithRSAEncryption,2048,RSA,1,v3,0,1
id.hadron.ad.gt,e50f891a8686caff2d8b817cb0d0e37c8c80d4fef6cc91e54041f95a92114d87,mitmproxy,367,0,sha256WithRSAEncryption,2048,RSA,1,v3,0,1
pac.zdxcloud.net,0cb394cb52c1f344f9007f8757e675ec4bb7b95d2cd02804d4c2fdeb5fbb9199,mitmproxy,367,0,sha256WithRSAEncryption,2048,RSA,1,v3,0,1
csync.copper6.com,0a3522cf03a99d5fd516841beb9075c47a7b7c3a93346b7331d173b038b87980,mitmproxy,367,0,sha256WithRSAEncryption,2048,RSA,1,v3,0,1
mountain.com,453048ad61a5505ce854c36811dc0db02a1b584d4c71e3858f072229b2681d04,mitmproxy,367,0,sha256WithRSAEncryption,2048,RSA,1,v3,0,1
userlocation.googleapis.com,b4178a1fa2582f6e0df3dc29a2c116af7595b81a4ed7301601039d5aad009008,mitmproxy,367,0,sha256WithRSAEncryption,2048,RSA,1,v3,0,1
wikipedia.com,8eb28d636b304e242d697cbd66a886b5f60529f6b8ac23201cc3f48a8e997020,mitmproxy,367,0,sha256WithRSAEncryption,2048,RSA,1,v3,0,1
qsearch-a.akamaihd.net,7c1d92481cf750e16a4e90ad6458a0b6eb9d1d49c6b5e5c6cbcb0a4b3f342754,mitmproxy,367,0,sha256WithRSAEncryption,2048,RSA,1,v3,0,1
force.com,f956cebb510241d3afdbf7366fd2dd21409a1e460e793eaca7603f24f8be50db,mitmproxy,367,0,sha256WithRSAEncryption,2048,RSA,1,v3,0,1
cc-embed.adobe.com,eabcb7dc7331426007dd8e2ca7574e645936dd536488b608d61f05324e019bb4,mitmproxy,367,0,sha256WithRSAEncryption,2048,RSA,1,v3,0,1
webcast-frontier16-normal-alisg.tiktokv.com,c9be9a1a0652b0e573b76efeb812ed23e1ab9d1184112a1fb10ca9101a198f33,mitmproxy,367,0,sha256WithRSAEncryption,2048,RSA,1,v3,0,1
us-v20.events.endpoint.security.microsoft.com,5e46d78993681cd42b60c5d0b5d1617db1f64d00cb2b14ce5f6fca9a8c0f446d,mitmproxy,367,0,sha256WithRSAEncryption,2048,RSA,1,v3,0,1
b.applovin.com,757693522e8ca2fbb5b5d00378d06eb6675680f4f05e2295290661c0cea2c944,mitmproxy,367,0,sha256WithRSAEncryption,2048,RSA,1,v3,0,1
webcast-frontier22-normal-alisg.tiktokv.com,4f3a66d617e625469cdd7fe6e45074119fcc65c2d567d3264441b97242fb5201,mitmproxy,367,0,sha256WithRSAEncryption,2048,RSA,1,v3,0,1
excel.officeapps.live.com,47497801dee8554fea8474bc7dd40b5d06a90b17aa937a220742313022533ece,mitmproxy,367,0,sha256WithRSAEncryption,2048,RSA,1,v3,0,1
hackaday.com,0368f32886deae7084505520a1e405ab412ae10235e2e478c58ef0206705f91d,mitmproxy,367,0,sha256WithRSAEncryption,2048,RSA,1,v3,0,1
navvy.media.net,0b0a1844480081f0c05b3360ca8c61b0ade187a7e759bdfbdee74ef380e79c47,mitmproxy,367,0,sha256WithRSAEncryption,2048,RSA,1,v3,0,1
idp.classlink.com,e8de7f57da6f7e7282c4991aed3885320425dd0a396216d0d64da46b8eef5a5d,mitmproxy,367,0,sha256WithRSAEncryption,2048,RSA,1,v3,0,1
espressif.com,cb7c949cbc2609b32a58df6d3e4a254983af761a431a724f1dd6831ca96118db,mitmproxy,367,0,sha256WithRSAEncryption,2048,RSA,1,v3,0,1
api.samsungcloud.com,570d1cb39a91fb2232f0c287106298c42a59ddfd0b647c22526c6d3847f476de,mitmproxy,367,0,sha256WithRSAEncryption,2048,RSA,1,v3,0,1
restrictedapps-pa.googleapis.com,9c2e68422330b8afcd815fea179799a805516d35c56511fe2e08eae90c9aea72,mitmproxy,367,0,sha256WithRSAEncryption,2048,RSA,1,v3,0,1
esxdos.org,7125d1e1be84fd92e68dcf9e94d8361b661a9a72117ad80573c0cfa975b695ba,mitmproxy,367,0,sha256WithRSAEncryption,2048,RSA,1,v3,0,1
27-courier.push.apple.com,95686a6b1f1f9eaacb623c6f7a0c6a90f124b472b3ad73a9fce091a09fe98402,mitmproxy,367,0,sha256WithRSAEncryption,2048,RSA,1,v3,0,1
5-courier.push.apple.com,e9aaa5635af15873062f0d0ff220c5d5ff9e9e3acf47d2316848d53eeeee667f,mitmproxy,367,0,sha256WithRSAEncryption,2048,RSA,1,v3,0,1
25-courier.push.apple.com,0173d84d3f6f3670b1d815664ca9f1cbd1f9dcda1ef3f28bbc6b977651da80ad,mitmproxy,367,0,sha256WithRSAEncryption,2048,RSA,1,v3,0,1
28-courier.push.apple.com,f9bbede126dbfc8a92573e250b9242015aa09dae25f487287ab23d4d22c19de8,mitmproxy,367,0,sha256WithRSAEncryption,2048,RSA,1,v3,0,1
11-courier.push.apple.com,548cacd81e3067fc2096f3276d43548c3c09e60e8ccd24a55d4c490af1b85f93,mitmproxy,367,0,sha256WithRSAEncryption,2048,RSA,1,v3,0,1
3-courier.push.apple.com,10251692ef2a81607d6f756e9fa6705d139428453cd2ebd92d11c62661d3e1f6,mitmproxy,367,0,sha256WithRSAEncryption,2048,RSA,1,v3,0,1
31-courier.push.apple.com,84563bfcc6534ff3f15d4c0d34fb3254cf35c2f423b709abb6503f3fb68a9de5,mitmproxy,367,0,sha256WithRSAEncryption,2048,RSA,1,v3,0,1
37-courier.push.apple.com,02c68d462da849cc5c687c8f25c80d866e54abe5c08517d2090f1f124852d14d,mitmproxy,367,0,sha256WithRSAEncryption,2048,RSA,1,v3,0,1
18-courier.push.apple.com,26c6b9d5bd7470acc7e01d84ed069dabde37cc7a46705367132569efaaa60ea3,mitmproxy,367,0,sha256WithRSAEncryption,2048,RSA,1,v3,0,1
9-courier.push.apple.com,8a65aaa3d7b459faf9563c2f5a2ab9452c62e4a6b4114d28401566773d215595,mitmproxy,367,0,sha256WithRSAEncryption,2048,RSA,1,v3,0,1
21-courier.push.apple.com,0124b01876924808cd8323fc6342f70bb9d17aff218201f1ea39efc52817a00c,mitmproxy,367,0,sha256WithRSAEncryption,2048,RSA,1,v3,0,1
33-courier.push.apple.com,5d67227af1b93a7de9f2ca4f792c4faefebd5654580901b6d82d5bb683a0153d,mitmproxy,367,0,sha256WithRSAEncryption,2048,RSA,1,v3,0,1
12-courier.push.apple.com,604693a873ebf0237af74d755c4dee55285bba5c92095382adf7e7f9cde056ea,mitmproxy,367,0,sha256WithRSAEncryption,2048,RSA,1,v3,0,1
49-courier.push.apple.com,dd85718c7e77424cca7efa00c6d7652f2cf99686ffbcbc4199332dc302b0a3fc,mitmproxy,367,0,sha256WithRSAEncryption,2048,RSA,1,v3,0,1
34-courier.push.apple.com,d3e15e4220d657bb96324c32c6874106f799338b15a4ee2138be27e51d913fdd,mitmproxy,367,0,sha256WithRSAEncryption,2048,RSA,1,v3,0,1
8-courier.push.apple.com,ceac052304aa690b1384cdbbede1f1d34cdc325cce84b6cd6ca0ef14136282c8,mitmproxy,367,0,sha256WithRSAEncryption,2048,RSA,1,v3,0,1
13-courier.push.apple.com,52669266c8bb0041c9a702b00faf7858d0faa84cfb684b215e2f1fb5d4b507f3,mitmproxy,367,0,sha256WithRSAEncryption,2048,RSA,1,v3,0,1
6-courier.push.apple.com,19f745f8135150bf6b51e6a2776a2a31ce262e6502077a322aa76281412e9512,mitmproxy,367,0,sha256WithRSAEncryption,2048,RSA,1,v3,0,1
20-courier.push.apple.com,ebcbcc2b6089f697fa5559b276da2f192500eda129a31649e7cbe6d9947af5fd,mitmproxy,367,0,sha256WithRSAEncryption,2048,RSA,1,v3,0,1
32-courier.push.apple.com,b5c2578bf485d0df8ed7176b6c03b55793e1f2560001bf4ca91a4a156ef4bd45,mitmproxy,367,0,sha256WithRSAEncryption,2048,RSA,1,v3,0,1
4-courier.push.apple.com,61055dd569532325ac8ff6ea0d8ee21cb88c84ac117969a8dda3d6448ee3e0ce,mitmproxy,367,0,sha256WithRSAEncryption,2048,RSA,1,v3,0,1
48-courier.push.apple.com,7a10eff4a5be9fd7acf33d5a3ef3065652311332442282399fb49ee8a7af47e0,mitmproxy,367,0,sha256WithRSAEncryption,2048,RSA,1,v3,0,1
43-courier.push.apple.com,5ed1c52ca1cd6f3061a720312d5571c95f3c9a62c19c47b527b9a93a002f47ad,mitmproxy,367,0,sha256WithRSAEncryption,2048,RSA,1,v3,0,1
23-courier.push.apple.com,f8024fef7997e12e372d00c943712bd2ab2f35f9b4d5a26ddaf35eb1b147a742,mitmproxy,367,0,sha256WithRSAEncryption,2048,RSA,1,v3,0,1
35-courier.push.apple.com,9a5586f3801c3e4adc8c5b40def182be4848003b5aae510f11425ba4768a3a9f,mitmproxy,367,0,sha256WithRSAEncryption,2048,RSA,1,v3,0,1
44-courier.push.apple.com,e5f9c43f897b2141693c871556e9181ab659eecfc77eeae753f9eb3138f4ef67,mitmproxy,367,0,sha256WithRSAEncryption,2048,RSA,1,v3,0,1
2-courier.push.apple.com,b4e36fa8d3c660c8896559ea3f6e5ccce6ac7a971d278e6d7379179c162b5cc2,mitmproxy,367,0,sha256WithRSAEncryption,2048,RSA,1,v3,0,1
36-courier.push.apple.com,841b29d3a89760388b98bda2d91965e6dfc371bc844ed92b19a99ab932709ea2,mitmproxy,367,0,sha256WithRSAEncryption,2048,RSA,1,v3,0,1
16-courier.push.apple.com,a37b96ad998450a5b2783b07c8c6b4e6d5e16ede12268049722398402cc0ff58,mitmproxy,367,0,sha256WithRSAEncryption,2048,RSA,1,v3,0,1
29-courier.push.apple.com,2c9600ba7dec427645f5d0ee1c8f502145aeee2fc95db65a1bcbbb1028762af2,mitmproxy,367,0,sha256WithRSAEncryption,2048,RSA,1,v3,0,1
41-courier.push.apple.com,42c2335053616d954e4e8da66f1591c69ccdd623282eb20401bbffc176fae043,mitmproxy,367,0,sha256WithRSAEncryption,2048,RSA,1,v3,0,1
30-courier.push.apple.com,33ab3b197dc79819d488b7e31af08e27eefeed3167eb42d27e5b1dc667c1920d,mitmproxy,367,0,sha256WithRSAEncryption,2048,RSA,1,v3,0,1
24-courier.push.apple.com,4d69b8b95d7cdd35591f1ce6c980dfd84911d44cb27c33a8b53830b43284f7e0,mitmproxy,367,0,sha256WithRSAEncryption,2048,RSA,1,v3,0,1
42-courier.push.apple.com,297ae8b4f0f04f27cd4082936b3a7e79df8c7f15c20a3c5bee6110efbd014baa,mitmproxy,367,0,sha256WithRSAEncryption,2048,RSA,1,v3,0,1
50-courier.push.apple.com,b30944fe8731e0ca15e7624cbb95f87e2ce55b9628021baa82f2cc301bec4ff3,mitmproxy,367,0,sha256WithRSAEncryption,2048,RSA,1,v3,0,1
45-courier.push.apple.com,fe055b8593545c0e0e1ea72b88f98a7a67e9f295d308e3ebee87b52d6ec4511c,mitmproxy,367,0,sha256WithRSAEncryption,2048,RSA,1,v3,0,1
10-courier.push.apple.com,1e6eb502d66cf1d540000d1436271998e61cf2c73471e114cbcd66fdb17dfc93,mitmproxy,367,0,sha256WithRSAEncryption,2048,RSA,1,v3,0,1
19-courier.push.apple.com,a74f4dbd44e8a4f2b7314b89a8a940ce8d45bf6bed618194eaa84b359b75bf65,mitmproxy,367,0,sha256WithRSAEncryption,2048,RSA,1,v3,0,1
22-courier.push.apple.com,5937b65540a153b81ff1aae8ecf97035615ddb42b5484018e646558c33ffd827,mitmproxy,367,0,sha256WithRSAEncryption,2048,RSA,1,v3,0,1
39-courier.push.apple.com,a07f115f4d86855363f727f5856db6074fb5612ad3f121efbc883876f4194839,mitmproxy,367,0,sha256WithRSAEncryption,2048,RSA,1,v3,0,1
15-courier.push.apple.com,bf62cefa436d40d9f3070ce9ba566a6c9b75606dcce323fbc976105fb2ca1114,mitmproxy,367,0,sha256WithRSAEncryption,2048,RSA,1,v3,0,1
14-courier.push.apple.com,737b0c7a9fe956977b3c6804470439dc05e64d681853098381d5e4dfbce856ab,mitmproxy,367,0,sha256WithRSAEncryption,2048,RSA,1,v3,0,1
26-courier.push.apple.com,7d91f8b81241e35fe76c89bb00e3a8a67eecc36720230d5303fe8bf8f7c9a7ac,mitmproxy,367,0,sha256WithRSAEncryption,2048,RSA,1,v3,0,1
17-courier.push.apple.com,2587ad485e63fd9c5bdfbb073731c333b64c859aed697a30db56e88517c53ab5,mitmproxy,367,0,sha256WithRSAEncryption,2048,RSA,1,v3,0,1
47-courier.push.apple.com,c9820b1bbf27bc5533d2ef92cd91be55ea52597cba439ffa2fde72629da21d6c,mitmproxy,367,0,sha256WithRSAEncryption,2048,RSA,1,v3,0,1
40-courier.push.apple.com,107e1e89f2c9634e5d13fadcdf4d3548062b5a04207b549840f11e31cc3d290f,mitmproxy,367,0,sha256WithRSAEncryption,2048,RSA,1,v3,0,1
46-courier.push.apple.com,11c33ac5bf3e2f18859026d65419a79502949b55b6c465b4a584ae81e6e5883f,mitmproxy,367,0,sha256WithRSAEncryption,2048,RSA,1,v3,0,1
7-courier.push.apple.com,260b2abf1f2707effc887e37025ec0c6ba3d801469521b1f84dda51a70ac9252,mitmproxy,367,0,sha256WithRSAEncryption,2048,RSA,1,v3,0,1
38-courier.push.apple.com,2bde652721d7ae7921edce2fa703b1b51e477c0900e342ea85f98b05fd11415a,mitmproxy,367,0,sha256WithRSAEncryption,2048,RSA,1,v3,0,1
us-east1-aws.api.sc-gw.com,3ec498c0a909c4d07ac5c393b17b4ce6440c4974a060325d2019ef74c5fb6bb5,mitmproxy,367,0,sha256WithRSAEncryption,2048,RSA,1,v3,0,1
www.canva.com,bbd78a0256035e9d7d3591b8adb10f088526c00ae0d3aa8837329152966ed0dd,mitmproxy,367,0,sha256WithRSAEncryption,2048,RSA,1,v3,0,1
gspe35-applecdn-cutover.ls-apple.com.akadns.net,1cbde5829a817bbc4a05cec5901ea28298ad709af1ebdfe94faaf9ccb9e760c0,mitmproxy,367,0,sha256WithRSAEncryption,2048,RSA,1,v3,0,1
gcs-us-00003.content-storage-upload.googleapis.com,355698613b2ee74039b1ee0e76a8d41f12c33f8f5142ed00a1bca4d5e9c57ecd,mitmproxy,367,0,sha256WithRSAEncryption,2048,RSA,1,v3,0,1
chat-e2ee.c10r.facebook.com,bdda60abdd27d13a2e698a0a7f19e7941771ffbd3c00c026bb8a801a414a35e5,mitmproxy,367,0,sha256WithRSAEncryption,2048,RSA,1,v3,0,1
pixel.onaudience.com,2d09ed5d0312c21e66033c61d7cf763ccce8bc6a6d9d346ed4688385d1909e1a,mitmproxy,367,0,sha256WithRSAEncryption,2048,RSA,1,v3,0,1
0.pool.ntp.org,ceb8fd67f66c8811f019b00949dc0bcac4508d6d1cea38608e464eb44cf71ef6,mitmproxy,367,0,sha256WithRSAEncryption,2048,RSA,1,v3,0,1
featureassets.org,5e04b7a4462d0c86d743cbf92836aa84802a2bdd26d28983ee7e3a4045ef762f,mitmproxy,367,0,sha256WithRSAEncryption,2048,RSA,1,v3,0,1
assets.clever.com,140d56eb0c551ff4805b4637cc4874ea68df4ce8ba3f07d1a950fa671829ed4e,mitmproxy,367,0,sha256WithRSAEncryption,2048,RSA,1,v3,0,1
unlinkability.apple.com,9f07f815689a28a2f225c204591686cf6eaf7c84bbe0ab695eedb855da0d6bb3,mitmproxy,367,0,sha256WithRSAEncryption,2048,RSA,1,v3,0,1
admaster.cc,7f2a722d09bc974a255867b3c18c6593452f57c2f53876a0cf485c67e498dd7c,mitmproxy,367,0,sha256WithRSAEncryption,2048,RSA,1,v3,0,1
analytics-log.classlink.io,5b931d5394131295adfb5422b64396de521841b1b7f0eb7f5736a274c4488aaa,mitmproxy,367,0,sha256WithRSAEncryption,2048,RSA,1,v3,0,1
0-courier.push.apple.com,2013d0dbc4c6e10d3666f86e3e4a648320edb769992554bb6a8bd44721274592,mitmproxy,367,0,sha256WithRSAEncryption,2048,RSA,1,v3,0,1
identrust.com,3730a90731a0e2ce770beb191f196fd7c9ebe071945c39e2d7a3b03e33021e27,mitmproxy,367,0,sha256WithRSAEncryption,2048,RSA,1,v3,0,1
telogis.com,86cccee72ecfd20acefb036452f7712cef4ba2d38406cc0ed03bc627c60ed45a,mitmproxy,367,0,sha256WithRSAEncryption,2048,RSA,1,v3,0,1
a.ad.gt,5411c0928faf07104d9c8572e54635396002ab6ac162fcc452150a86d79bf465,mitmproxy,367,0,sha256WithRSAEncryption,2048,RSA,1,v3,0,1
revenuecat.com,66d5a58b2ebcbeb20197503121e1dbf02f5819e992ebe83b2e3816c5480d12a1,mitmproxy,367,0,sha256WithRSAEncryption,2048,RSA,1,v3,0,1
crt.sectigo.com,0670fac21dbafaa0a08100b63b95627723af07184369d6d8e9f427ee1ab15312,mitmproxy,367,0,sha256WithRSAEncryption,2048,RSA,1,v3,0,1
secure.quantserve.com,35eaff1027d19de5803207ccf42c7b103d74d498dad5ae0145379e1fcdd85c34,mitmproxy,367,0,sha256WithRSAEncryption,2048,RSA,1,v3,0,1
wu2z-api.samsungcloud.com,7b3dc22231a0388c9ced6347bafee4e6b5f9c9c3aa455604f2972853811615ac,mitmproxy,367,0,sha256WithRSAEncryption,2048,RSA,1,v3,0,1
fmf.fe2.apple-dns.net,5f1b58d02825b3a21ee046ae061c3a64fc0f07f6d5ba30608cf5d207eda8b29e,mitmproxy,367,0,sha256WithRSAEncryption,2048,RSA,1,v3,0,1
sync.pmbmonetize.live,4ee5c411e0e8b371d9621add884f56f19752027cef5c7770301f3f528694af75,mitmproxy,367,0,sha256WithRSAEncryption,2048,RSA,1,v3,0,1
tasks-pa.googleapis.com,3066dc7324554629f145deef16acd47bd23e8e18ebe113c6f883cc6488c8325b,mitmproxy,367,0,sha256WithRSAEncryption,2048,RSA,1,v3,0,1
ay.delivery,1a886d204d572d683973cb1b7efb9406afbda0672d13ba0206b67c26d8d7a53d,mitmproxy,367,0,sha256WithRSAEncryption,2048,RSA,1,v3,0,1
a1744.dscw154.akamai.net,9e3e47ce2dcc919abbde88046ae8b14709f3a785516343a6024207d296661880,mitmproxy,367,0,sha256WithRSAEncryption,2048,RSA,1,v3,0,1
api.revenuecat.com,c1fbdc3ce99ee5072eb9ebb841610d6de9023dc36f662e60eab5530cdc498354,mitmproxy,367,0,sha256WithRSAEncryption,2048,RSA,1,v3,0,1
syndication.twitter.com,cfc733acccfc35e464474b945be0b01b1c2a05d6450bf514c71a85d7fe13b94e,mitmproxy,367,0,sha256WithRSAEncryption,2048,RSA,1,v3,0,1
frontier.tiktokv.com,c95b430e94c253605ca208732ffeb1721dad27dc40fada3011e8a8ba61293880,mitmproxy,367,0,sha256WithRSAEncryption,2048,RSA,1,v3,0,1
suggestqueries-clients6.youtube.com,e7da15ddcc4eea16c089dbe912571c7dd61055d57a227233c9039cb36c0a826d,mitmproxy,367,0,sha256WithRSAEncryption,2048,RSA,1,v3,0,1
lfodown01-b.cloudsink.net,d74c7b046cc13fcd4c31ae117ecd02554553d463ed55b0a1fa4162326a568206,mitmproxy,367,0,sha256WithRSAEncryption,2048,RSA,1,v3,0,1
emxdgt.com,af70e28c80c472fc71673874822570e46b39044d3f8a444bff9fa4c7433235b8,mitmproxy,367,0,sha256WithRSAEncryption,2048,RSA,1,v3,0,1
bpi.rtactivate.com,44f81e4f07f4e9ee134a208aad924dbbe28a446ab7c3a2f9935e1eeb7204e6a3,mitmproxy,367,0,sha256WithRSAEncryption,2048,RSA,1,v3,0,1
net.globalredir.akadns.net,beb40c97a63d27a4380deff4e0aabca9ac178538df509768ceee8e538b6f9d99,mitmproxy,367,0,sha256WithRSAEncryption,2048,RSA,1,v3,0,1
wv.inner-active.mobi,e99b9a46f7b51594c48166a16c8408748d8100f6d73ccb8e4d481c9a1cac536c,mitmproxy,367,0,sha256WithRSAEncryption,2048,RSA,1,v3,0,1
cm.adgrx.com,fa7eb2f3d090e714ffb13db8f0a93891cf06a86c773366e6fab7393dfd4e6ab2,mitmproxy,367,0,sha256WithRSAEncryption,2048,RSA,1,v3,0,1
resources.licenses.adobe.com,5833c9a8fc8e250a559a7469d9c809bcf455fd0c981b4c514f9b696720d8b011,mitmproxy,367,0,sha256WithRSAEncryption,2048,RSA,1,v3,0,1
launchpad-wrapper.privacymanager.io,0c8bee27f8d7e8df9c43d13f70203ebb8e53da7c23b36691909b5dcdec34a580,mitmproxy,367,0,sha256WithRSAEncryption,2048,RSA,1,v3,0,1
forter.com,422df5071b3b7f8c1e1623be3418cdae083c0264455c5a048573d834dd15d827,mitmproxy,367,0,sha256WithRSAEncryption,2048,RSA,1,v3,0,1
krk2.kargo.com,2708ee4d9da47c901284598811cd4d41b80a0363999b3aeb5e983f90bdafbc8f,mitmproxy,367,0,sha256WithRSAEncryption,2048,RSA,1,v3,0,1
dl-edge.smartscreen.microsoft.com,a166be9196291526b13eeb3407a43da805ee2bda2318c3e5721ffdf92d16223f,mitmproxy,367,0,sha256WithRSAEncryption,2048,RSA,1,v3,0,1
wikipedia.org,3c6a42394585e55d23bfa3bf5667aac8369e6d7e6d39a7642bf7174daf3751b8,mitmproxy,367,0,sha256WithRSAEncryption,2048,RSA,1,v3,0,1
gtrace.mediago.io,3e260677345d42c32299c1d161bd092a12868a1f2f63159ae0e10ba4fb0f3e2a,mitmproxy,367,0,sha256WithRSAEncryption,2048,RSA,1,v3,0,1
pat-issuer.cloudflare.com,b37089f1f83ce252aa1460b499177344e6da476895783930d151285a5981359f,mitmproxy,367,0,sha256WithRSAEncryption,2048,RSA,1,v3,0,1
block.opendns.com,3583586f1e4ce1a0f69f4f82644180397195cfa54daf4aaf56a3917543a60ee8,mitmproxy,367,0,sha256WithRSAEncryption,2048,RSA,1,v3,0,1
subscriptionsfirstparty-pa.googleapis.com,944e612bc91a1245066fb2cf3280225ce3f769785453a676fdfa256e99381736,mitmproxy,367,0,sha256WithRSAEncryption,2048,RSA,1,v3,0,1
dap.pat-issuer.cloudflare.com,f16ae2b75416b73fc18f31d9847e6178eaca1d436526f54f6eae797db4ddf725,mitmproxy,367,0,sha256WithRSAEncryption,2048,RSA,1,v3,0,1
iosapps.itunes.g.aaplimg.com,c03f6e6983ef7a9f7d136451a6699eb552b2a7a46c181f9f61920e6a4fb5a647,mitmproxy,367,0,sha256WithRSAEncryption,2048,RSA,1,v3,0,1
todo-ta-g7g.amazon.com,20dbb6823d420d41f949f0a61101c1dd1de8b0670c8ee5a9f88a2c7ccbd705d9,mitmproxy,367,0,sha256WithRSAEncryption,2048,RSA,1,v3,0,1
nav.smartscreen.microsoft.com,f782b1055f86f25b2cca20ab0e1f568fa2916025e1372c5831975a40b43a4b76,mitmproxy,367,0,sha256WithRSAEncryption,2048,RSA,1,v3,0,1
gue1-spclient.spotify.com,b4d81816a08b4f5fe45f8406900d2a94c50f46b1ee5a9f5429aa1dff45147579,mitmproxy,367,0,sha256WithRSAEncryption,2048,RSA,1,v3,0,1
pus6-collabhubrtc.officeapps.live.com,db3a929b26865bc4af0d190d1200cb2a0e4412b092a36e76b5312379ed596d9a,mitmproxy,367,0,sha256WithRSAEncryption,2048,RSA,1,v3,0,1
api-js.mixpanel.com,ff413656a0fa7e9e4c89f622d88700d034da5964d0fa96ab552c4e1dc23c807f,mitmproxy,367,0,sha256WithRSAEncryption,2048,RSA,1,v3,0,1
eastus1-mediap.svc.ms,e0886d416cc8d0b4075fc96197c496d632a81def648f5144635c909a22d0175c,mitmproxy,367,0,sha256WithRSAEncryption,2048,RSA,1,v3,0,1
rules.quantcount.com,d807490a22c55c3387c06dacc903ebaf7b9b8f44d464aad6f0bf30af32e15a33,mitmproxy,367,0,sha256WithRSAEncryption,2048,RSA,1,v3,0,1
us.telemetry.zoom.us,9d7e879d1b60edf820ac6d4bbe22f18eb5b6a1e4f5e01b754c06e0f540919712,mitmproxy,367,0,sha256WithRSAEncryption,2048,RSA,1,v3,0,1
pixelfnt-us.dsp-api.moloco.com,96e1179b29b529bb3a66a4f00254a3065908691f9f17400df7d7705cd6156680,mitmproxy,367,0,sha256WithRSAEncryption,2048,RSA,1,v3,0,1
array811.prod.do.dsp.mp.microsoft.com,665d4241d764a6e404875dbda6a4eb06b6a25ade1f24928b3546d7c04092e0c6,mitmproxy,367,0,sha256WithRSAEncryption,2048,RSA,1,v3,0,1
static.licdn.com,f31a6d861469b55904fd69ab354bc2381b08bb659c14f7d120fb94d766ec790e,mitmproxy,367,0,sha256WithRSAEncryption,2048,RSA,1,v3,0,1
filedownload.csw.lenovo.com,2a1fd8eac15f229cb03c72ad4d97a96636c927020f81ec942f9dd0c4888ee9c9,mitmproxy,367,0,sha256WithRSAEncryption,2048,RSA,1,v3,0,1
spoprod-a.akamaihd.net,ccbcaf40451b7721ffbacd7082bde4deff3d0fc8f34a875eedd74c913c01c9c2,mitmproxy,367,0,sha256WithRSAEncryption,2048,RSA,1,v3,0,1
moengage.com,3f4e79eb6a3ef57321985289c4e9f904b99678c5f90ab6c63e15ea2d237c8cac,mitmproxy,367,0,sha256WithRSAEncryption,2048,RSA,1,v3,0,1
dls.di.atlas.samsung.com,b6e7f71602f853d83cb28e605b371310df6c7e4347573dacdaedc79153586337,mitmproxy,367,0,sha256WithRSAEncryption,2048,RSA,1,v3,0,1
service-now.com,23daf6768e57771ab12927ec91f3479724aa2b615eec11835b9f49170938345e,mitmproxy,367,0,sha256WithRSAEncryption,2048,RSA,1,v3,0,1
visualwebsiteoptimizer.com,7275248df76c28af8b181687d407b58caf612f4243baabbd22a83773fd63b1e2,mitmproxy,367,0,sha256WithRSAEncryption,2048,RSA,1,v3,0,1
fa000000014.resources.office.net,c2bf529fce3eb32016198d210c0e6d87b635ba19ea7f4373279b24aec30029d7,mitmproxy,367,0,sha256WithRSAEncryption,2048,RSA,1,v3,0,1
functional.events.data.microsoft.com,e71e76e1ef52f8478ab009d48e41aa0218348e9fca195309baaf4bc3ce88805c,mitmproxy,367,0,sha256WithRSAEncryption,2048,RSA,1,v3,0,1
us.creativecdn.com,3df89d4646494fcebd7e8f4c157f0c5fa9d1a452ab52176d9c0f45e0aec037f5,mitmproxy,367,0,sha256WithRSAEncryption,2048,RSA,1,v3,0,1
yahoo.co.jp,3f717e02037a7c07b81aa95a90d6e812e53228b31ce2d2b39dc96ff07ceed6e4,mitmproxy,367,0,sha256WithRSAEncryption,2048,RSA,1,v3,0,1
im-apps.net,892795d6636a707e38c3192b1d4cae5eb21d70e5b0ca1d9a9ccace08bdcb1b3c,mitmproxy,367,0,sha256WithRSAEncryption,2048,RSA,1,v3,0,1
login.microsoft.com,6f6a9a89f8c43405c772589bdd6019220508a1d62562b0f03533c47259695260,mitmproxy,367,0,sha256WithRSAEncryption,2048,RSA,1,v3,0,1
mapbox.com,00ec3dd4798b10ba6f363950c5668bb7264ea2d85e301d6d28ffa067fcd51bc0,mitmproxy,367,0,sha256WithRSAEncryption,2048,RSA,1,v3,0,1
fid.agkn.com,aed9f9a0015616fb06964bc03adaced455693c2992d3823fdb90d899abf9adae,mitmproxy,367,0,sha256WithRSAEncryption,2048,RSA,1,v3,0,1
privacyportal.onetrust.com,48ecb092bebc6ec91c48166abc986e1ba45e84331fb130fbeebe33ff34d41353,mitmproxy,367,0,sha256WithRSAEncryption,2048,RSA,1,v3,0,1
a1806.dscw154.akamai.net,f6f98a4b3ff48f44db247d63a2f7c93dfec50dba41355bce6df3445a43a330b3,mitmproxy,367,0,sha256WithRSAEncryption,2048,RSA,1,v3,0,1
studio.workspace.google.com,0f195b0089ce17de2f78753b5145306aeaa3c9de2f8ede7c6363644a9a10404c,mitmproxy,367,0,sha256WithRSAEncryption,2048,RSA,1,v3,0,1
fp-us-att.rcs.telephony.goog,cd8ed139ff54f4a0815b7af042e638cb8d6b53918a44ed0d7a7b346515a75ca8,mitmproxy,367,0,sha256WithRSAEncryption,2048,RSA,1,v3,0,1
array613.prod.do.dsp.mp.microsoft.com,29c25fcce5ac35008a74e0766b3524bd5ce8c5a4e7bd47f1501c017c67595263,mitmproxy,367,0,sha256WithRSAEncryption,2048,RSA,1,v3,0,1
api.amazonalexa.com,f1372ac42dd0a13bd6e174e1dde4b3e937c98c4eac158172ffb95c01775380c6,mitmproxy,367,0,sha256WithRSAEncryption,2048,RSA,1,v3,0,1
pps.adobe.io,de5388cbbffae07be30ad07417b9ef699fd66d064427246ec6940d7673cbc736,mitmproxy,367,0,sha256WithRSAEncryption,2048,RSA,1,v3,0,1
pubsub.googleapis.com,e87e19706e07c5e8dd66c1f7e0aaf431e82c195742fc85bb7595b81ac0a3181e,mitmproxy,367,0,sha256WithRSAEncryption,2048,RSA,1,v3,0,1
ers.samsungcloud.com,246defbac221f74e9ec4855ad51791a38372042a9a702313bcae446f7488a79f,mitmproxy,367,0,sha256WithRSAEncryption,2048,RSA,1,v3,0,1
dev.visualwebsiteoptimizer.com,161b1c007f05a597ac488adefd0872657d7152bb7fe2381af557b2ff86222e41,mitmproxy,367,0,sha256WithRSAEncryption,2048,RSA,1,v3,0,1
aus5.mozilla.org,08a0594e655f17ff47f44ccfa21a3d52d86e9bbc1ce71c99303ddafdd3059ef2,mitmproxy,367,0,sha256WithRSAEncryption,2048,RSA,1,v3,0,1
se2.itunes.apple.com,fe55df937642d9ce6a22779f0dc7b84802038565772986fb74436233f4733116,mitmproxy,367,0,sha256WithRSAEncryption,2048,RSA,1,v3,0,1
signals.urs.microsoft.com,4bfa2dd3add101713098c1661360d856a9086bae52e54ee5b06df2410a228df4,mitmproxy,367,0,sha256WithRSAEncryption,2048,RSA,1,v3,0,1
eip-terr-na.cdp1.digicert.com.akahost.net,4b00c8765a67e7817f8d34dc6d56f4b5e22c23908c7f83c0c73dbad2c3911672,mitmproxy,367,0,sha256WithRSAEncryption,2048,RSA,1,v3,0,1
p19-oec-va.ibyteimg.com,fc2d61285d3bad959182ef5e8ab5c7ef58e6c87659aff5ea7a3de29745e8d9fc,mitmproxy,367,0,sha256WithRSAEncryption,2048,RSA,1,v3,0,1
baidu.com,b168f26c1819a6d53c535458993c77985116b674c1b4e878a63c802fd0cc570d,mitmproxy,367,0,sha256WithRSAEncryption,2048,RSA,1,v3,0,1
e5871.dscd.akamaiedge.net,267067e1c25378cf6beb54eff601d93efe4c1058248ae4782f195ea00cf2061a,mitmproxy,367,0,sha256WithRSAEncryption,2048,RSA,1,v3,0,1
sync.e-volution.ai,e3872fa911ff3b6eadaa047f588562ce54a5dfb1e03129265460601630ed44a7,mitmproxy,367,0,sha256WithRSAEncryption,2048,RSA,1,v3,0,1
kit.fontawesome.com,3f9fd79d8429d58dfa09e06cbdc6dd3b86a8b6c827ae4fada21264c6ed0a56d1,mitmproxy,367,0,sha256WithRSAEncryption,2048,RSA,1,v3,0,1
ioc-gw-prod-us-1a.sentinelone.net,afd96783139d2258f085cb233bfe0cf6b252c296cdcaf076b2e3dd347ffe7105,mitmproxy,367,0,sha256WithRSAEncryption,2048,RSA,1,v3,0,1
cdn.confiant-integrations.net,fc733fbd7e4743d03e592fac275606bac9e83c060c17efe5882b3ef66a146ed1,mitmproxy,367,0,sha256WithRSAEncryption,2048,RSA,1,v3,0,1
ioc-gw-prod-us-1b.sentinelone.net,518ae8455c0dcb5cebc2cdf4a1cd7cfb88e41c0f5afe6517c78d117ff87cd64c,mitmproxy,367,0,sha256WithRSAEncryption,2048,RSA,1,v3,0,1
match.360yield.com,d2df4774c14e47f9a5b66b1dfa8d7b21a4cee40dd7b3c90bfc7a9a7adf7f3929,mitmproxy,367,0,sha256WithRSAEncryption,2048,RSA,1,v3,0,1
shop.app,b1bb012c72f4253a237982d2f110ceea0fbfe6c45fd3e620e5614b86ff9c8a13,mitmproxy,367,0,sha256WithRSAEncryption,2048,RSA,1,v3,0,1
otlp-http-production.shopifysvc.com,bfada375d6564b4a707990da8fc492405d12a09eb0e16ac4aa52ea8f036461a1,mitmproxy,367,0,sha256WithRSAEncryption,2048,RSA,1,v3,0,1
ids.ad.gt,63ec206fed25025bc8248d1396bc3d7a21e77cad0a0fc66fd2241e1e85b88f75,mitmproxy,367,0,sha256WithRSAEncryption,2048,RSA,1,v3,0,1
p19-common-sign.tiktokcdn-us.com,ff6a978568e8ba1952e7af555bec990835ba9cbb131c0cf87755bfcf445e2d5f,mitmproxy,367,0,sha256WithRSAEncryption,2048,RSA,1,v3,0,1
www.reddit.com,feb87ad60f1aefbabe1ae9422578ba941f7481858ab504475b77c1766042e693,mitmproxy,367,0,sha256WithRSAEncryption,2048,RSA,1,v3,0,1
gtracenep.admaster.cc,5af031d440e91b69c35eaf2f1d3de04611c0e9995ab1e1e01b77a600bab4ba65,mitmproxy,367,0,sha256WithRSAEncryption,2048,RSA,1,v3,0,1
meraki.com,2580a07979d610481cd6278cceca8c72c3ec115d31bc0d3441b090fc01e165cd,mitmproxy,367,0,sha256WithRSAEncryption,2048,RSA,1,v3,0,1
e7808.dscg.akamaiedge.net,81a92e50ad63b12073c270734805cf709c0cf2bd2ecc00dda724003ea59fbb92,mitmproxy,367,0,sha256WithRSAEncryption,2048,RSA,1,v3,0,1
ocsp.godaddy.com,1bff47850bd90561163a00e4b69644b1387b4fdc2a8d05597717325ece57a949,mitmproxy,367,0,sha256WithRSAEncryption,2048,RSA,1,v3,0,1
ny4-bid.adsrvr.org,09455b8244aa59aa4341793bf590f1dc9a05daf31ad5dcfe86ab48a9fb6310c8,mitmproxy,367,0,sha256WithRSAEncryption,2048,RSA,1,v3,0,1
yandex.net,21ae1f27c24e08ec48b7a67db845d191a575e80f2c9de0aa15ecd7560101bd81,mitmproxy,367,0,sha256WithRSAEncryption,2048,RSA,1,v3,0,1
analytics-alv.google.com,e744c2a5c02163652b875bc3078baff16e8627c6fdd88df163bcd0204e0dce53,mitmproxy,367,0,sha256WithRSAEncryption,2048,RSA,1,v3,0,1
telemetry-incoming.r53-2.services.mozilla.com,1cba0d13b43d696ff7a760f3d3560b1dd4d263ae50debd8e7742389704a82ae0,mitmproxy,367,0,sha256WithRSAEncryption,2048,RSA,1,v3,0,1
s3-w.us-east-1.amazonaws.com,ae8e2f63e7857960047542b1e9b3b52a17e1853afd0d082a18674eff52681089,mitmproxy,367,0,sha256WithRSAEncryption,2048,RSA,1,v3,0,1
pus3-collabhubrtc.officeapps.live.com,596340d63833a3b5152d9ad115a3a9d5783b1474829d59137c8af507ca4afb51,mitmproxy,367,0,sha256WithRSAEncryption,2048,RSA,1,v3,0,1
config.office.com,a6e2920aaad1344e121b9381c5030b420fab221cb4b797755b5855bb16f9e1bd,mitmproxy,367,0,sha256WithRSAEncryption,2048,RSA,1,v3,0,1
tzm.px-cloud.net,22340758d4bdcba8976019fa35cb388475892096e0d315cf493b20fc2a1cf3fa,mitmproxy,367,0,sha256WithRSAEncryption,2048,RSA,1,v3,0,1
outlook.live.com,b59627e4e23c47287085f622db04b8b648b0eeea6f1cd2f2b1fa2eb2a3d7c4ae,mitmproxy,367,0,sha256WithRSAEncryption,2048,RSA,1,v3,0,1
music.apple.com,69f45403c27eaadd320c53852f266baa7b1126b0e07f0d804017eda579aca2d6,mitmproxy,367,0,sha256WithRSAEncryption,2048,RSA,1,v3,0,1
federatedcompute-pa.googleapis.com,6eec99baea89edf44b9c832cc068c5336408d8b26a801ac54ec31da988e1a7f5,mitmproxy,367,0,sha256WithRSAEncryption,2048,RSA,1,v3,0,1
hblg-nv.media.net,54f17103c4828c2d8c8f7a2ed665005f73be04283fb85809cb9e84401350a41a,mitmproxy,367,0,sha256WithRSAEncryption,2048,RSA,1,v3,0,1
demandbase.com,37f80baae45ab41f185c6b5bcfdf4affa0c0dcf168212dcfa10301c26fbc8676,mitmproxy,367,0,sha256WithRSAEncryption,2048,RSA,1,v3,0,1
sandbox.google.com,20e01aa3c82295dd55d55f4bb355876b357fe05283270b79b95c9f04e89ded11,mitmproxy,367,0,sha256WithRSAEncryption,2048,RSA,1,v3,0,1
cookies.nextmillmedia.com,46f4f82538507119f8c01f7a27ef5beb01e447e43b565401940ef379e6cd34d3,mitmproxy,367,0,sha256WithRSAEncryption,2048,RSA,1,v3,0,1
scontent.fallback.xx.fbcdn.net,4d13568b18de080071f595f4c4b0c84cde7041507a5ea7788442799bd7693999,mitmproxy,367,0,sha256WithRSAEncryption,2048,RSA,1,v3,0,1
ep7.facebook.com,d7e20f5a745e5fdcd18cf830360800c67a63c86773a6239a3fa8847c0b91d9eb,mitmproxy,367,0,sha256WithRSAEncryption,2048,RSA,1,v3,0,1
medallia.com,fe61905728bf979aa97e764e8fd413b809fdfa8bf2de63a5882b6ca8c56c4411,mitmproxy,367,0,sha256WithRSAEncryption,2048,RSA,1,v3,0,1
cloudpolicyclientsconfig.originmira.tm.svc.cloud.microsoft,cc431956ce6925dee5c2ce93fa7e919eec1d5a049bd1567efda259c17787d8e6,mitmproxy,367,0,sha256WithRSAEncryption,2048,RSA,1,v3,0,1
e28622.a.akamaiedge.net,17435a1bfc633448a580abab61a2fb48cd4ec021bfdf57d1bfcbc796872328a6,mitmproxy,367,0,sha256WithRSAEncryption,2048,RSA,1,v3,0,1
fei.pro-market.net,f068bb3f50405f344bc66fcb70b4cc31b5e472f31c71b18351eddfba47e65796,mitmproxy,367,0,sha256WithRSAEncryption,2048,RSA,1,v3,0,1
d37unsldgykj8z.cloudfront.net,83b270560eb087491bb967a5eaf03affcb9e215c6ffd03407c35229b07b59215,mitmproxy,367,0,sha256WithRSAEncryption,2048,RSA,1,v3,0,1
data.ad-score.com,14f7e8eb8a907158084a6c29d93005d789b1b9e05c1c4c6a749bf07ce987306f,mitmproxy,367,0,sha256WithRSAEncryption,2048,RSA,1,v3,0,1
relay-iad.sentry.insops.net,8e10248ed85a9c769d521414fa35a6971e5aa28c89b2448359057596b55f81b4,mitmproxy,367,0,sha256WithRSAEncryption,2048,RSA,1,v3,0,1
products.apis.classlink.com,785b4545616f325b69c0f04f3f42a31ef6a7ad1eeddff4bbc642b5258965dcda,mitmproxy,367,0,sha256WithRSAEncryption,2048,RSA,1,v3,0,1
slack.com,30e4dd66a7f7ebaf346373492b6a4a28ce34f9b3eac782911067f1a0d1bd6d82,mitmproxy,367,0,sha256WithRSAEncryption,2048,RSA,1,v3,0,1
androidplatformbackuprestore-pa.googleapis.com,9ed6cc0abc3a50b04754f1df2d3da6213dd1a82f0712bdd07d748a8f239a489e,mitmproxy,367,0,sha256WithRSAEncryption,2048,RSA,1,v3,0,1
edge-web.dual-gslb.spotify.com,b2b4308684d6b9196839bff7197ce6759462d6f31310caccc1cbba8e0a074cb4,mitmproxy,367,0,sha256WithRSAEncryption,2048,RSA,1,v3,0,1
xga-serving-pa.googleapis.com,8e9059287befd2f5eba9a729fdb4c2860e9a1033a891b7d12ce3a06921620ad2,mitmproxy,367,0,sha256WithRSAEncryption,2048,RSA,1,v3,0,1
cdn.inst-fs-iad-prod.inscloudgate.net,bddc64cbdefc01b7e5f6b6dfe28c3133bcc6065fd5e61c4bf144cadbc4261ec6,mitmproxy,367,0,sha256WithRSAEncryption,2048,RSA,1,v3,0,1
consent.config.office.com,d33d0001a8d077b8ff6dac068429b6b4071b45f7962efaa2a26eeaf9ca42ec3d,mitmproxy,367,0,sha256WithRSAEncryption,2048,RSA,1,v3,0,1
calendar-a.wbx2.com,fb837358cf6ee8b3a636dc7353b23c6767d0508034690ee54cc23493c1bc8563,mitmproxy,367,0,sha256WithRSAEncryption,2048,RSA,1,v3,0,1
api16-access-wf-sg.pangle.io,d920a20fc4b850b80f85e540ba1448d28309360efc8a925913a8167818c56fca,mitmproxy,367,0,sha256WithRSAEncryption,2048,RSA,1,v3,0,1
win10-trt.msedge.net,3b127ef63115cda8b378c6e5092efa87352e3c5d131d8d9415991a5171ed483d,mitmproxy,367,0,sha256WithRSAEncryption,2048,RSA,1,v3,0,1
fa000000195.resources.office.net,def36b5164ee20bc6089e7c71f6bd77b6646b0ea8ce10547a74d73756a1eb88e,mitmproxy,367,0,sha256WithRSAEncryption,2048,RSA,1,v3,0,1
capi.grammarly.com,6e492f1cc7d3c49a774011eace0829f62e1e383ac420ad27d7fb8601c8c6818a,mitmproxy,367,0,sha256WithRSAEncryption,2048,RSA,1,v3,0,1
hb.yellowblue.io,a3507f18ac45fe99a2a321ac44d19436a00dbbff6f855bc297bf81ee47bce3c5,mitmproxy,367,0,sha256WithRSAEncryption,2048,RSA,1,v3,0,1
fp-us-verizon.rcs.telephony.goog,31f6da87a18c647a33181f4ca989b3f772c686775630593fa1dfa78808889614,mitmproxy,367,0,sha256WithRSAEncryption,2048,RSA,1,v3,0,1
browser.sentry-cdn.com,a9dae292a239061c275659b416211ce28bcb35f34bb0f8efa1debd282ce05d53,mitmproxy,367,0,sha256WithRSAEncryption,2048,RSA,1,v3,0,1
semanticlocation-pa.googleapis.com,bb472b04ec81980e8ac6bac43ce155a6a7b921ef76b2359eedb9f0661486cde8,mitmproxy,367,0,sha256WithRSAEncryption,2048,RSA,1,v3,0,1
beacon-nf.rubiconproject.com,7b3ff49b325788a6634a558dd857913957f59c6cf94b5f8b5bd926a01a31a2bd,mitmproxy,367,0,sha256WithRSAEncryption,2048,RSA,1,v3,0,1
wikimedia.org,88323f2ef3cfcf6acb82678ca11ec50eb7a28ebdc1cfee3efb7bdf1224c17778,mitmproxy,367,0,sha256WithRSAEncryption,2048,RSA,1,v3,0,1
nam10.safelinks.protection.outlook.com,6a591a0bd1aca95c4015547c5bd509d7da966a055cd5d047ecb8e4438cf3f558,mitmproxy,367,0,sha256WithRSAEncryption,2048,RSA,1,v3,0,1
cyberark.com,9b4db0820717c58d0134e96ac7001c10e651b2ac43d4ffd9df4edd01306023f1,mitmproxy,367,0,sha256WithRSAEncryption,2048,RSA,1,v3,0,1
adsmoloco.com,3e4e4456b18407cc20ee09182cfba9b1255812622c3de2882ce286d29e59a057,mitmproxy,367,0,sha256WithRSAEncryption,2048,RSA,1,v3,0,1
cdn.quantummetric.com,28a19a5a4a715fa3d40b3ccbb86e70f4d5cf9f7263f8e291e985f5d0a49b39ba,mitmproxy,367,0,sha256WithRSAEncryption,2048,RSA,1,v3,0,1
escrowproxy.fe2.apple-dns.net,81bba3742a191d946d8000d7b87afeef700b05287dc95171259644d4c5742653,mitmproxy,367,0,sha256WithRSAEncryption,2048,RSA,1,v3,0,1
mon-boot.tiktokv.com,a587522a596f39a343e6b0a392878619c6836b489f8ff95c5eec4f92fb60039a,mitmproxy,367,0,sha256WithRSAEncryption,2048,RSA,1,v3,0,1
js.hs-banner.com,78864ab158cdbd293d714caef1a3ee8a57c50c70a5fb538b026fa9eae5655cc8,mitmproxy,367,0,sha256WithRSAEncryption,2048,RSA,1,v3,0,1
ipcdn-lb.apple.com.akadns.net,701694a6a1beb113ed0889b93a6fbf58818f6175c90d573aaeb83d3e73fcea94,mitmproxy,367,0,sha256WithRSAEncryption,2048,RSA,1,v3,0,1
data.eb.us1.thousandeyes.com,5585bca695ac9640b930e67174db7ebc5a005ca25cfaa5598761682a10ae2887,mitmproxy,367,0,sha256WithRSAEncryption,2048,RSA,1,v3,0,1
mail.yahoo.com,984acf210f4eaac7913f4b6c7d8dc0cad6fe0b13196b59a25127edeb3c7760cf,mitmproxy,367,0,sha256WithRSAEncryption,2048,RSA,1,v3,0,1
pps.services.adobe.com,c67028d357625a342e9af4712261e81d350a6d7f4af658e3d56324ef2a5f759e,mitmproxy,367,0,sha256WithRSAEncryption,2048,RSA,1,v3,0,1
gateway.unityads.unity3d.com,aecd7dd4b815142ddc717705b887c110c351b1b223986d6d83184d225c10e1a6,mitmproxy,367,0,sha256WithRSAEncryption,2048,RSA,1,v3,0,1
p19-oec-ttp.tiktokcdn-us.com,bd4d5b1bd669398bf91b39315248e7d4807962f507b39b23b0d2ebb31aacb35f,mitmproxy,367,0,sha256WithRSAEncryption,2048,RSA,1,v3,0,1
edge.fullstory.com,e620559e40be751f6bcaef03b4f99c8602bd0465970663369b7fe43877fc48cc,mitmproxy,367,0,sha256WithRSAEncryption,2048,RSA,1,v3,0,1
epm.cyberark.com,0c2488993709a80f0b2fb7f2306371d1507b9bf661639ba9768d728ac3e8cabd,mitmproxy,367,0,sha256WithRSAEncryption,2048,RSA,1,v3,0,1
syncingbridge.com,aafd0c52fe858efe402c45f884bd9f06038d30d6b4999fc5767d97b75835fe84,mitmproxy,367,0,sha256WithRSAEncryption,2048,RSA,1,v3,0,1
vimeo.com,ae39ecc8a19f81215e98b58c3fcf692473a384cedba33e2f4e227d9269846e52,mitmproxy,367,0,sha256WithRSAEncryption,2048,RSA,1,v3,0,1
array611.prod.do.dsp.mp.microsoft.com,20a3607ef6c1face3e98c2b943900284564f7899f573ab7f81b2753af8890a9a,mitmproxy,367,0,sha256WithRSAEncryption,2048,RSA,1,v3,0,1
aax-events-cell01-cf.us-east.aps.axp.amazon-adsystem.com,11ff2b712f039f25eaa1625b52964869d9c5febc47010e7141adaeb69849c780,mitmproxy,367,0,sha256WithRSAEncryption,2048,RSA,1,v3,0,1
e10499.dsce9.akamaiedge.net,57281e760f5a2d9b067b1ee2446ca0acdd1c528075bbce44893eee39b498f56c,mitmproxy,367,0,sha256WithRSAEncryption,2048,RSA,1,v3,0,1
t-0009.t-msedge.net,80ae51da561f1e0b05197e9abb0f33f09173d2031eb4cfbd9c4801ff56225d4d,mitmproxy,367,0,sha256WithRSAEncryption,2048,RSA,1,v3,0,1
array816.prod.do.dsp.mp.microsoft.com,52a7db8a0e96bbddb9f14fd009562be1bd7b7ea43e096f815278195a619d44e6,mitmproxy,367,0,sha256WithRSAEncryption,2048,RSA,1,v3,0,1
js.hs-analytics.net,1295a8e17be7ebf1e7dc9054212b5a1c29c5814301caa0259d87af02795d30c2,mitmproxy,367,0,sha256WithRSAEncryption,2048,RSA,1,v3,0,1
sid.storygize.net,05d0ceff2a110bab6b7f6a3f99ad6b09d9c6857216b2a0f01515badec00bdfda,mitmproxy,367,0,sha256WithRSAEncryption,2048,RSA,1,v3,0,1
google.cn,bc754dc779d5d61811af9aa7579836b74a13f2a4771dc33321e09d5dd23f94c0,mitmproxy,367,0,sha256WithRSAEncryption,2048,RSA,1,v3,0,1
pixel.33across.com,35e8c606676df0bef6e6beacb082a239626a005b53d534fe9ee098f481281ae6,mitmproxy,367,0,sha256WithRSAEncryption,2048,RSA,1,v3,0,1
array511.prod.do.dsp.mp.microsoft.com,06a54bb8f8accf9ab0c6ac630226e62f1693ddd53bec40476bbc93fcc49285b5,mitmproxy,367,0,sha256WithRSAEncryption,2048,RSA,1,v3,0,1
static.cdninstagram.com,b4b1b88dc10e3ef25ceb77799395634fbe43610ef670cb2fdb37b3aa58bbed49,mitmproxy,367,0,sha256WithRSAEncryption,2048,RSA,1,v3,0,1
mobile.zscaler.net,658605c8444938f385c51c72f7418fe481f4542a3e1ce568270b05de0fdd7b0e,mitmproxy,367,0,sha256WithRSAEncryption,2048,RSA,1,v3,0,1
ondevicesafety-pa.googleapis.com,718ff78f16917fbee09f4fd6b6cc00a161d249af73e8b9d0ccbb5482ba9865a4,mitmproxy,367,0,sha256WithRSAEncryption,2048,RSA,1,v3,0,1
gspe85-ssl.ls.apple.com,666c13b1defcbda91ba540730689cb896a8a08ee319af2fa94610273ebba2328,mitmproxy,367,0,sha256WithRSAEncryption,2048,RSA,1,v3,0,1
shftr.adnxs.net,2e56aad7ffa78f2b782e1120d849c9af2081233ee9206e15a0ba6e5430591002,mitmproxy,367,0,sha256WithRSAEncryption,2048,RSA,1,v3,0,1
array612.prod.do.dsp.mp.microsoft.com,4ea485cd6e69ec7f3a78bc6618dcc3a519505441b058d11fd1a5410905145112,mitmproxy,367,0,sha256WithRSAEncryption,2048,RSA,1,v3,0,1
digicert.com.cdn.cloudflare.net,02b85c8769fd115c6dbeb2ed081bee6ed6fedf70400555099c3579a90811f8ca,mitmproxy,367,0,sha256WithRSAEncryption,2048,RSA,1,v3,0,1
acsegateway.fe2.apple-dns.net,be25ec18e0d3e02f6b7b79c293fca39853be532965e513f211493d98940e6361,mitmproxy,367,0,sha256WithRSAEncryption,2048,RSA,1,v3,0,1
sts.applovin.com,f62b844ad9b8ada1ab54d04d74b7f0bbaafb6928de630913a9e31048d5bf6075,mitmproxy,367,0,sha256WithRSAEncryption,2048,RSA,1,v3,0,1
prod-mediate-events.applovin.com,7debe3eff18eb76d241908e83d08d41f5ea533f5eb4a299ad943220d714e99bb,mitmproxy,367,0,sha256WithRSAEncryption,2048,RSA,1,v3,0,1
attester.gateway.fe2.apple-dns.net,71015d8c838c68c2c12fa7a58f6e842cbcc847aad918b7ae6abefec1e91d2f03,mitmproxy,367,0,sha256WithRSAEncryption,2048,RSA,1,v3,0,1
oec19-normal-useast5.tiktokv.us,4751f2bba01510e85707ed973a6a4c258cb184c901f6b7a6eb7843d001304765,mitmproxy,367,0,sha256WithRSAEncryption,2048,RSA,1,v3,0,1
dclk-match.dotomi.com,9b2d4d072020284810c57b5309d55b9673f48bf4bb74ce82f282bc4680567b4c,mitmproxy,367,0,sha256WithRSAEncryption,2048,RSA,1,v3,0,1
array813.prod.do.dsp.mp.microsoft.com,72a17dcd3b31fdd380551161c33364a54eb452efc4f17e90054b4661c8cef9a8,mitmproxy,367,0,sha256WithRSAEncryption,2048,RSA,1,v3,0,1
sharethis.com,1141a34030fbe926e027061c74b33a31c028341b8d83cf85e7b6c5cf3782c6db,mitmproxy,367,0,sha256WithRSAEncryption,2048,RSA,1,v3,0,1
manage-dogfood.microsoft.com,b0712b707231beb1dbed8f831da3931f21cb326036bbcc362d9b8bb089ada59a,mitmproxy,367,0,sha256WithRSAEncryption,2048,RSA,1,v3,0,1
onedrive.com,65931216f3d0868c91a7cfe83c18226595c3c3df82a79a6863406d46dc849661,mitmproxy,367,0,sha256WithRSAEncryption,2048,RSA,1,v3,0,1
portal.manage-dogfood.microsoft.com,1667d0549012af353f3f80398f7764e4f97e26b2f524e7c66c64b5ee322b476c,mitmproxy,367,0,sha256WithRSAEncryption,2048,RSA,1,v3,0,1
array605.prod.do.dsp.mp.microsoft.com,6a3c67c008037599695e190bf8a4061006a98ecd7a9a3afe2483d6a57c6290cd,mitmproxy,367,0,sha256WithRSAEncryption,2048,RSA,1,v3,0,1
array616.prod.do.dsp.mp.microsoft.com,d8174e1b03e105380ed236799a6f5d567fd6108750277f011b84b6e663c5e718,mitmproxy,367,0,sha256WithRSAEncryption,2048,RSA,1,v3,0,1
tmc-g2.tm-4.office.com,838840e4ddbde3a2e5132416cd61e3420ab1e9196fe5e1268b5ec2e454a2c890,mitmproxy,367,0,sha256WithRSAEncryption,2048,RSA,1,v3,0,1
spot.im,4ec38a1b26ef8b1746a2b4fb85e5095502752feb6c471accd62b0ae89131181f,mitmproxy,367,0,sha256WithRSAEncryption,2048,RSA,1,v3,0,1
fmip.fe2.apple-dns.net,1f3e565259d53717fdcd6fd36fb9263e956174ecd01d6b061acbec5424d5c97f,mitmproxy,367,0,sha256WithRSAEncryption,2048,RSA,1,v3,0,1
app-analytics-services-att.com,868413291d871b668554828ecbe7bea5c1046615662585ce86aced3bb4aebd30,mitmproxy,367,0,sha256WithRSAEncryption,2048,RSA,1,v3,0,1
i6.liadm.com,64e7a7038bec79946c4a476f0dd702288d85f21a894442d7c810749248c2378f,mitmproxy,367,0,sha256WithRSAEncryption,2048,RSA,1,v3,0,1
rtr.innovid.com,a363da1038ff5664cb85088ca7c91059d1335cf797ac5041927f56e40baeef4b,mitmproxy,367,0,sha256WithRSAEncryption,2048,RSA,1,v3,0,1
ocsp.digicert.com.cdn.cloudflare.net,7f2910738f198bd05a7d59ef3c0edef58dcfccffe50a094760caf4e3f301aadc,mitmproxy,367,0,sha256WithRSAEncryption,2048,RSA,1,v3,0,1
optable.co,0f282dd8d3be1ed9a09ed1a62034783a5514129357f454200d8e11b7e457d459,mitmproxy,367,0,sha256WithRSAEncryption,2048,RSA,1,v3,0,1
id.crwdcntrl.net,28c22f4d0498150500df5465816398e818fdda500a0fecffe89335ef89ac65b4,mitmproxy,367,0,sha256WithRSAEncryption,2048,RSA,1,v3,0,1
assets.nflxext.com,6a667c9d432d0bbe0a52695c81d9427b731f259a6d88993d6d7cd119c683507d,mitmproxy,367,0,sha256WithRSAEncryption,2048,RSA,1,v3,0,1
cdn.walkme.com,a501aabdcbac41aeaae2283003e79e9212c2bfe0e82c68a6af327811ce6beef8,mitmproxy,367,0,sha256WithRSAEncryption,2048,RSA,1,v3,0,1
maps.google.com,8c886e691cb4d4a7acaabd72c9db49aa030547b0329f90e4830e74270c459ed0,mitmproxy,367,0,sha256WithRSAEncryption,2048,RSA,1,v3,0,1
player.aniview.com,843ec0217469db855b718221a68dd5d0260a7a8cdb69ad6598bb4156533c0704,mitmproxy,367,0,sha256WithRSAEncryption,2048,RSA,1,v3,0,1
adobeid-na1.services.adobe.com,816956c2edaf4da53f9e769f0a04c1f85d5344973cf85019c5b3f0890c54ac33,mitmproxy,367,0,sha256WithRSAEncryption,2048,RSA,1,v3,0,1
dc-api-v2.adobe.io,cad381bc0d57ac88f701fa98711deacb429571f3f761518cd27217f30645803d,mitmproxy,367,0,sha256WithRSAEncryption,2048,RSA,1,v3,0,1
e3925.dscg.akamaiedge.net,6d0cc1bc618db8d641fd23d4cd7ca5d610357d5746cb55f189afd07be2c83ff5,mitmproxy,367,0,sha256WithRSAEncryption,2048,RSA,1,v3,0,1
client.aps.amazon-adsystem.com,b13608f82bd77cecdbefe50bb25ccb40c3966bf00ae6c7084028d1043873556a,mitmproxy,367,0,sha256WithRSAEncryption,2048,RSA,1,v3,0,1
lcdn-locator-usuqo.apple.com.akadns.net,b9419423e91086f678cd332d0874f69750960fcfe09dcc93a4f4bc434a66bea8,mitmproxy,367,0,sha256WithRSAEncryption,2048,RSA,1,v3,0,1
cloud.com,690484736f58b92d64218b283e21cb89f09cd657b9b46d687018eb60a0532da0,mitmproxy,367,0,sha256WithRSAEncryption,2048,RSA,1,v3,0,1
pixel.rubiconproject.net.akadns.net,ded9fc8bf2b012d8622bfa9da3665a88c7ef06f156ba1af800a453b233cc8873,mitmproxy,367,0,sha256WithRSAEncryption,2048,RSA,1,v3,0,1
c21lg-d.media.net,29a3c740086cf9bc2792af56022d204b21f41f4e77eb3414344fa73224b4e164,mitmproxy,367,0,sha256WithRSAEncryption,2048,RSA,1,v3,0,1
js.hs-scripts.com,d93a67196d2ff0a56c87775f661f0d5e2abfe9f1d9d83263845707db273cfdd2,mitmproxy,367,0,sha256WithRSAEncryption,2048,RSA,1,v3,0,1
lcdn-locator.apple.com.akadns.net,e5af244f5b40e2d2063c5617a23886ea49106873365799911c3bc195fa316954,mitmproxy,367,0,sha256WithRSAEncryption,2048,RSA,1,v3,0,1
sync.ingage.tech,ba63beb77cd4bba2b00093127a3e5ec23cf846836ad91c85219aeb58d5671ba3,mitmproxy,367,0,sha256WithRSAEncryption,2048,RSA,1,v3,0,1
cma.itunes.apple.com,9d5e9763e5add8c411aef2116c172014bb3fc926304bf96d1341d58fba00d039,mitmproxy,367,0,sha256WithRSAEncryption,2048,RSA,1,v3,0,1
he.lijit.com,bf8d446ec5f8eaff074ba10deb21c577eb95a4b1551ed1b4cfa190150a48258a,mitmproxy,367,0,sha256WithRSAEncryption,2048,RSA,1,v3,0,1
static.zdassets.com,7b5d5e24f37d16eea549cda428cf6944c8c44b73bb7aef5445f2554b6760a76c,mitmproxy,367,0,sha256WithRSAEncryption,2048,RSA,1,v3,0,1
a1931.dscgi3.akamai.net,ac8f7a1c908f723b7e86448280525fb0afd4953647e2d040c3d3124dd456db2b,mitmproxy,367,0,sha256WithRSAEncryption,2048,RSA,1,v3,0,1
telem-edge.smartscreen.microsoft.com,c567b900f3b1ccc4c5ddec107058a3c3cb9edbbc3d5bd9185dafc277ead57fe8,mitmproxy,367,0,sha256WithRSAEncryption,2048,RSA,1,v3,0,1
config.teams.trafficmanager.net,675e9bc951aa20acf5cadaa2a9dc27405befec3467ee36d5ceae7c250fd69f12,mitmproxy,367,0,sha256WithRSAEncryption,2048,RSA,1,v3,0,1
copilot.microsoft.com,a8da5c57b9868b2269580fe2f0a7bb1ce7f45f50235cf903d48726ab9976b4f4,mitmproxy,367,0,sha256WithRSAEncryption,2048,RSA,1,v3,0,1
smadex.com,68bd4a8ab08c4a97defd12931c46b9a755560ce351a9e126cd53989293a3e0c1,mitmproxy,367,0,sha256WithRSAEncryption,2048,RSA,1,v3,0,1
europe.cp.wd.microsoft.com,4e964226091a32da7a18727e9f43be9da51f0ccd414edca8021c4dfde31f5a15,mitmproxy,367,0,sha256WithRSAEncryption,2048,RSA,1,v3,0,1
array809.prod.do.dsp.mp.microsoft.com,93866e2f5206ce9af848dc25d9f0f4f82f76fa3d5bfe6400fb4f7dab659e91bc,mitmproxy,367,0,sha256WithRSAEncryption,2048,RSA,1,v3,0,1
cs.openwebmp.com,d1a2d9c6f2c5e6196216ad855e9d7ad45dd6ecad7dfeadd6d61cd9e7e265227b,mitmproxy,367,0,sha256WithRSAEncryption,2048,RSA,1,v3,0,1
filedownload.lenovo.com,01bc8c5f8260eed31a5ed1c82538a6c0466d81fff319505646dc07ccd371649a,mitmproxy,367,0,sha256WithRSAEncryption,2048,RSA,1,v3,0,1
cp4.cloudflare.com,d29a1110dcdb2ad6abecdb21a4115b516a5c0a83ee1537f37307d9efc560ce88,mitmproxy,367,0,sha256WithRSAEncryption,2048,RSA,1,v3,0,1
self-events-data.trafficmanager.net,cf6bc031fd09a3ba4c4baad23ecd1b6c4b0f2ffb274e886521c678757f820e54,mitmproxy,367,0,sha256WithRSAEncryption,2048,RSA,1,v3,0,1
ecs.office.trafficmanager.net,7598b19a900b2345d8dbba743708592414a3896cd7b7f62fbba7b2dc1d890b89,mitmproxy,367,0,sha256WithRSAEncryption,2048,RSA,1,v3,0,1
gateway.zscalerone.net,696560494db0cd35ed5cc507d81cdc0fca7039001cb1cc3702e59d7268ae3808,mitmproxy,367,0,sha256WithRSAEncryption,2048,RSA,1,v3,0,1
mr-b01.tm-azurefd.net,de252b11653f2e73e7d7df93c75c89b6019806d9f7e24207b1ed43ed90a6fe9f,mitmproxy,367,0,sha256WithRSAEncryption,2048,RSA,1,v3,0,1
rs.fullstory.com,6f58a26436e24578a03788f41cdfa27d98fe57208a0a47caddbb99e38461f327,mitmproxy,367,0,sha256WithRSAEncryption,2048,RSA,1,v3,0,1
unity.com,6d102145572517199ac389c73678000040a5b08a5f91a0b0c511b3bd2e85f066,mitmproxy,367,0,sha256WithRSAEncryption,2048,RSA,1,v3,0,1
dynamic.criteo.com,d5ea3064a01aa99241a18cb8490c52c994c3c091d1f5e9e161fcb938254a2666,mitmproxy,367,0,sha256WithRSAEncryption,2048,RSA,1,v3,0,1
gspe19-ssl.g.aaplimg.com,849ba67a5f37092ca49fca8a4568d6c632cb1a55a9a5c3320144666873284f29,mitmproxy,367,0,sha256WithRSAEncryption,2048,RSA,1,v3,0,1
array606.prod.do.dsp.mp.microsoft.com,42b154e5aba59d53d9544c37aa5a9d4b7525a12ffdc25de256587e38cc69c050,mitmproxy,367,0,sha256WithRSAEncryption,2048,RSA,1,v3,0,1
fa000000043.resources.office.net,1e932452fc4cbd8873c3b07014d9501cb6c926d149e4d6143bddbf008f89bc7d,mitmproxy,367,0,sha256WithRSAEncryption,2048,RSA,1,v3,0,1
tfkc.de,9b8d017a73b61d4b6c55855b47f66b95ffdb57ffe30a36a32ec306939c06763b,mitmproxy,367,0,sha256WithRSAEncryption,2048,RSA,1,v3,0,1
stx-match.dotomi.com,403434c2909d2eac79e11c2adab4ff8f835c1f9b4e465e17bcb45c857f61d400,mitmproxy,367,0,sha256WithRSAEncryption,2048,RSA,1,v3,0,1
iterable.com,3778a1bb3355deef4595a1f1f23269f1eac8892b60189861fdc61c28c649cee6,mitmproxy,367,0,sha256WithRSAEncryption,2048,RSA,1,v3,0,1
instantmessaging-pa-jms-us.googleapis.com,c523e00296f7819770aad1141e8259ae95a2bad3ec5ae7db4ee19f1bca2de416,mitmproxy,367,0,sha256WithRSAEncryption,2048,RSA,1,v3,0,1
reddit.map.fastly.net,52eb35254aab52d91fc2b2a5b9adae727e5909a592070ffd0aacaa5d7c9d842b,mitmproxy,367,0,sha256WithRSAEncryption,2048,RSA,1,v3,0,1
config.extension.grammarly.com,0cb23e051e19645944b20a747d20aafcad0e507712fa23b13a80b6c00dd71b31,mitmproxy,367,0,sha256WithRSAEncryption,2048,RSA,1,v3,0,1
3.tlu.dl.delivery.mp.microsoft.com,afa85ee642239f95a939f26d450d26c2546dafeb1b4244aa2f7901fbd9c3679e,mitmproxy,367,0,sha256WithRSAEncryption,2048,RSA,1,v3,0,1
firefox.com,00549d8ed56d0578cfcd89f809b7949753acb53b5b13e65d0f43712831624132,mitmproxy,367,0,sha256WithRSAEncryption,2048,RSA,1,v3,0,1
apheleia-a.wbx2.com,38130d6808b3815e7e93786c901d3d6164007cf7a9a68c4b0edbf7899c515a87,mitmproxy,367,0,sha256WithRSAEncryption,2048,RSA,1,v3,0,1
gemini.gstatic.com,ebc6ec656ad68eb708a0344bea797ed808815e816084e7dfeebb4a68e97094e8,mitmproxy,367,0,sha256WithRSAEncryption,2048,RSA,1,v3,0,1
word-telemetry.officeapps.live.com,cec727c5cab874dc53d0d75471d2892306f849e52560bdca747efb2b969e5b5b,mitmproxy,367,0,sha256WithRSAEncryption,2048,RSA,1,v3,0,1
array513.prod.do.dsp.mp.microsoft.com,fa1772b1de99b5c9ac5f828f93399bc6876ff6868845bfca08ccbd11fbbe385a,mitmproxy,367,0,sha256WithRSAEncryption,2048,RSA,1,v3,0,1
lens.google.com,9b47b261efc9f0e6c175e9203adbd5fe99253ec8675a8a59569242bf4dfba88a,mitmproxy,367,0,sha256WithRSAEncryption,2048,RSA,1,v3,0,1
chat.openai.com,377a7dd495cfb2df60786df137c8c1291fc5360bdd22cca25137e2f15741a446,mitmproxy,367,0,sha256WithRSAEncryption,2048,RSA,1,v3,0,1
officehub.nel.measure.office.net,633d760e0480f8430094311f2bb417e711e31d61d40b614935c9b831b34436e1,mitmproxy,367,0,sha256WithRSAEncryption,2048,RSA,1,v3,0,1
d1ykf07e75w7ss.cloudfront.net,018392b00b7b8e1eba886f43fcce663982cc1ba311311f892512dd4600cc3b06,mitmproxy,367,0,sha256WithRSAEncryption,2048,RSA,1,v3,0,1
vpaid.doubleverify.com,c56f6631e09c0049dde6f8c73810f17a775bca9d17e8a8781cc73b25977b2bf0,mitmproxy,367,0,sha256WithRSAEncryption,2048,RSA,1,v3,0,1
1.pool.ntp.org,b697417d254a1cd5b3fdb4fd60d799d714dbe377801f5b366506698b6de8eee2,mitmproxy,367,0,sha256WithRSAEncryption,2048,RSA,1,v3,0,1
api.onedrive.com,1bf711b89007957e406fa382f4c17420fba5e4282948c16af307415ad626fcc0,mitmproxy,367,0,sha256WithRSAEncryption,2048,RSA,1,v3,0,1
oracle.com,cb79036494b2ffa2b8f6057bb8289f619293bddf31594ac75bc1274c9114c200,mitmproxy,367,0,sha256WithRSAEncryption,2048,RSA,1,v3,0,1
ms4.applovin.com,90edba0efcebc01cd453ca98f5229f99dc4c5445cee5eb041f0eaf9b3a9b3312,mitmproxy,367,0,sha256WithRSAEncryption,2048,RSA,1,v3,0,1
px.mountain.com,1f1020f56016186a7221485bc3ccd18b120a03c768fa9e75c43d16266b335dd0,mitmproxy,367,0,sha256WithRSAEncryption,2048,RSA,1,v3,0,1
ids4.ad.gt,1df43a3b5ce97f0bd29e1b9b2d38e5ce679cff45ce00567dbf84213ef7db5b35,mitmproxy,367,0,sha256WithRSAEncryption,2048,RSA,1,v3,0,1
cdn.liftoff-creatives.io,64026d301b9e12c5ff4e2a6a644fa36fe06802cf9e6f645e51063ea5e75a6e33,mitmproxy,367,0,sha256WithRSAEncryption,2048,RSA,1,v3,0,1
workspacevideo-pa.googleapis.com,ca909e5bb358263d1fbf26c3c5bba9d44cc0cf5a7501c2533b8a56caae2d826d,mitmproxy,367,0,sha256WithRSAEncryption,2048,RSA,1,v3,0,1
dcdiscovery.adobe.io,2ea862d54aac073c65066103cb19ea925e4fc033850efaa46c0d37cd00582551,mitmproxy,367,0,sha256WithRSAEncryption,2048,RSA,1,v3,0,1
usc1-gcp-v61.api.snapchat.com,458d0e4b35cbc50e325fc8fcb9aa1f62c10a2d5f788ca271f1b721c64d9e8a45,mitmproxy,367,0,sha256WithRSAEncryption,2048,RSA,1,v3,0,1
track.hubspot.com,3e1c382c84d1467cf1c908f4a0436a0ae07f5ff5dca8479a7b21c8030cf6bb9c,mitmproxy,367,0,sha256WithRSAEncryption,2048,RSA,1,v3,0,1
iadsdk.apple.com.akadns.net,f4e6b5c82de661e92581d6eb6d9c170537f5ce4c87e49f44601207c122a175b0,mitmproxy,367,0,sha256WithRSAEncryption,2048,RSA,1,v3,0,1
onenote.net,ce467be7ea11eb0da1aab0d145dbed8169295d9103c9d37f3933b9f0fdbb2188,mitmproxy,367,0,sha256WithRSAEncryption,2048,RSA,1,v3,0,1
odf.app-ads-services.com,66b47be028723dd8eb23c65b16a69bd0990b916a2af8b49d3c121ae6d9840fbb,mitmproxy,367,0,sha256WithRSAEncryption,2048,RSA,1,v3,0,1
site.com,b71eb059a8bae197b517112d8c46b55de673e1a7a2919daf77b98f7f32fcb6e4,mitmproxy,367,0,sha256WithRSAEncryption,2048,RSA,1,v3,0,1
inquisition.goguardian.com,2dcb3ebd0ec795be3026bb17475fd635e79f50ae94b4d8b61868b20356293d77,mitmproxy,367,0,sha256WithRSAEncryption,2048,RSA,1,v3,0,1
metrics-config.icloud.com,7ee6a09da93974243aa11aef29cfa4d89054b9cc70f24eab806e6367a51dc0de,mitmproxy,367,0,sha256WithRSAEncryption,2048,RSA,1,v3,0,1
static.klaviyo.com,4e2e9d0ab8a9c0c4f149b09a32aeb5259cd0c2ad73ca9bced22ee1bbb1698efa,mitmproxy,367,0,sha256WithRSAEncryption,2048,RSA,1,v3,0,1
sq-tungsten-ts.amazon-adsystem.com,22225f4e4f0a4522147b160215d9df046d5ef0a91b8061aad645f87529067aa7,mitmproxy,367,0,sha256WithRSAEncryption,2048,RSA,1,v3,0,1
cdn.iads.unity3d.com,ef63903e2289993c0fd16002cda3365397c8d99a3af90cc42dcd7bce5bd3b965,mitmproxy,367,0,sha256WithRSAEncryption,2048,RSA,1,v3,0,1
androidpay-users-pa.googleapis.com,517da25b439071db269fcb7c5e07ce955d78033760dbeccab7d5a6a34bd8bbd6,mitmproxy,367,0,sha256WithRSAEncryption,2048,RSA,1,v3,0,1
s.innovid.com,50988ac3690d68611cc89149cfea346f13fc83f94c7311a6179f6e349fa81bcc,mitmproxy,367,0,sha256WithRSAEncryption,2048,RSA,1,v3,0,1
i-sdk.mediation.unity3d.com,9a50ceea79bac7fc9635629e039ee855e00039845ce7855c60d57a55293efea6,mitmproxy,367,0,sha256WithRSAEncryption,2048,RSA,1,v3,0,1
cdn.onenote.net,09ec0fee5e1de3b9234e9fc769050952ec9f7bfa78182cd61d6313657635b9ca,mitmproxy,367,0,sha256WithRSAEncryption,2048,RSA,1,v3,0,1
digistorm.com,da3cbe128f18f51a17042a8394cd7f4f78c27059b1d8dd45fa4547f9083fa788,mitmproxy,367,0,sha256WithRSAEncryption,2048,RSA,1,v3,0,1
amplitude.life360.com,61ce2baa33d1309e5ad4231cea6d9185e6d38fbc6c13b55c5d50e1588afa255d,mitmproxy,367,0,sha256WithRSAEncryption,2048,RSA,1,v3,0,1
buy.itunes-apple.com.akadns.net,2b5d04287a31e48f783fd332fb46b1b903fc57a9e0f0c78347b1f03a49dda1f6,mitmproxy,367,0,sha256WithRSAEncryption,2048,RSA,1,v3,0,1
agents.manage.microsoft.com,0b63a029d8140628687cb7d70485a21fb456a7436d3ffa7c05495473c97df525,mitmproxy,367,0,sha256WithRSAEncryption,2048,RSA,1,v3,0,1
api.pinterest.com,bb7dcc61e9b4c709b3f728d2894a90484bf639b6d7add09d824bd96ded462367,mitmproxy,367,0,sha256WithRSAEncryption,2048,RSA,1,v3,0,1
edgekey.net.globalredir.akadns.net,abe9cb83fb1ea2098ed6abcb1785876066d67de57bd1851f89b9f6b8e881859a,mitmproxy,367,0,sha256WithRSAEncryption,2048,RSA,1,v3,0,1
is-ssl-cdn.itunes-apple.com.akadns.net,9f3598d5e1f91c3dab19f4c087eff6f34d995556526357fa61e8e7791a903d5c,mitmproxy,367,0,sha256WithRSAEncryption,2048,RSA,1,v3,0,1
ecs.nel.measure.office.net,e0bd9ed3378a67c5020f2e7cf19a1157641152d8359650f1df70bf7a5d63afc5,mitmproxy,367,0,sha256WithRSAEncryption,2048,RSA,1,v3,0,1
cms.analytics.yahoo.com,bda7ee0be79b6c763be264536aafb88597271492138f825a3184c9a9819c5e58,mitmproxy,367,0,sha256WithRSAEncryption,2048,RSA,1,v3,0,1
vfw.amazon-adsystem.com,fb9b6f8ef5f8cd896e4b2d862f89dc921f4536671fac400b482b3b8fb331fc30,mitmproxy,367,0,sha256WithRSAEncryption,2048,RSA,1,v3,0,1
swscan.apple.com,40db4854b8cec7171a0bb601c8d0278f0c1ec2e85ac563a4a3070cf746a8a6d6,mitmproxy,367,0,sha256WithRSAEncryption,2048,RSA,1,v3,0,1
www.microsoft.com-c-3.edgekey.net,9ef5c3abfeda5a3fcfdc526bf7c1666c122fe39b01b3e063bab73fe44e666cea,mitmproxy,367,0,sha256WithRSAEncryption,2048,RSA,1,v3,0,1
travelaudience.com,63579f030e550bd74ac3df4d24d0cf4d3931ccc7863b651da869d31b94d49784,mitmproxy,367,0,sha256WithRSAEncryption,2048,RSA,1,v3,0,1
cdp1.digicert.com.splitter-eip.akadns.net,657c497e35b41278a9a5ecb8d3890126fd0b43d3d1cc92d318d10e3d28e3caef,mitmproxy,367,0,sha256WithRSAEncryption,2048,RSA,1,v3,0,1
liftoff.io,68095ab0e85b8fd42c124d48159a1a653e7d87711120f92feddb5ca74f94444f,mitmproxy,367,0,sha256WithRSAEncryption,2048,RSA,1,v3,0,1
fa000000129.resources.office.net,e790a5c430bfe0ec65cafc7ab4ddeb3140a195c57148d04f83e5810b67e22bc8,mitmproxy,367,0,sha256WithRSAEncryption,2048,RSA,1,v3,0,1
certificates.godaddy.com,9781594d74f9c09b1693bbe684ab24f671b6a3ff1dd901403ab1fc5942ae6e81,mitmproxy,367,0,sha256WithRSAEncryption,2048,RSA,1,v3,0,1
prod-streaming-video-msn-com.akamaized.net,af1bdeb0d93aed3b991a9602aa0ddcc430f3058c660801bfffb0c6a7c1819707,mitmproxy,367,0,sha256WithRSAEncryption,2048,RSA,1,v3,0,1
colossusssp.com,f1b498c625e366001c3246c8b259f70c8bbf61fbf3cdeffee2f2b85ff93be80c,mitmproxy,367,0,sha256WithRSAEncryption,2048,RSA,1,v3,0,1
drive.usercontent.google.com,91524d2d65894ccade2ccf3c2d148bc36e405ba8c352a6b3f370c69699796fa8,mitmproxy,367,0,sha256WithRSAEncryption,2048,RSA,1,v3,0,1
2.pool.ntp.org,c9204517ad3036c6ed82a8cf2da9fe6fcfc738be48e596abd3639e4c1032a5b1,mitmproxy,367,0,sha256WithRSAEncryption,2048,RSA,1,v3,0,1
c.media-amazon.com,8843e469f557e4ec18cf62eba316b310bb1677824e63684e829ebc59660c0956,mitmproxy,367,0,sha256WithRSAEncryption,2048,RSA,1,v3,0,1
cdn2.smoot.apple.com,8841fd37dce7b6f38c51bc17c8d46b1d6530b5ae0b2f7d89fe3aec669cb1832c,mitmproxy,367,0,sha256WithRSAEncryption,2048,RSA,1,v3,0,1
traffic-nts-ip-assoc.xz.fbcdn.net,765ec01b5ccb01d1a7b21c7883c84875e5c5665512564a0fd5f95d81020a9769,mitmproxy,367,0,sha256WithRSAEncryption,2048,RSA,1,v3,0,1
mobile.facebook.com,facac507d25f0d9522b178de7a8babc4e51de55efc1e2a1eaa8a7b0ec50e9b34,mitmproxy,367,0,sha256WithRSAEncryption,2048,RSA,1,v3,0,1
fa000000174.resources.office.net,6018730a99bbe9cd196b92b056bea50e0d85d6b826ed231154f54025b0505818,mitmproxy,367,0,sha256WithRSAEncryption,2048,RSA,1,v3,0,1
edge.adobedc.net,fdf528fe6b33c007a6a793c1e7db6c58eb94568cf5fcaf1c859f7674cc8bbdf7,mitmproxy,367,0,sha256WithRSAEncryption,2048,RSA,1,v3,0,1
itunes-cdn.itunes-apple.com.akadns.net,9c432e385ddce5982709a7b64df5887faa64cb6535108e6747a1c5f8ab253f4c,mitmproxy,367,0,sha256WithRSAEncryption,2048,RSA,1,v3,0,1
odin.adobe.com,c9f4951be53800453382c6fb27578e6bdcef6dcbb24ad41963b759f9786fd826,mitmproxy,367,0,sha256WithRSAEncryption,2048,RSA,1,v3,0,1
notifications-ueeshp-pa.googleapis.com,a4eb076c1fe0f92b47dd5c041dbcc6522e90d8b14667101b539276a39aa9047e,mitmproxy,367,0,sha256WithRSAEncryption,2048,RSA,1,v3,0,1
prod.odcsm1.live.com.akadns.net,c0eb61146cd10b070827b6e163301a14707cb2b5b7b268172ce39b793b73894d,mitmproxy,367,0,sha256WithRSAEncryption,2048,RSA,1,v3,0,1
server.events.data.microsoft.com,1c9abc6737fd1b57b7fed6bd611ec88d1acabfa66fb114935488965040bf3b9a,mitmproxy,367,0,sha256WithRSAEncryption,2048,RSA,1,v3,0,1
gw.geoedge.be,6a12e2576f5b63a03619339273492b9411fda1707a6914e89204e97b8933898d,mitmproxy,367,0,sha256WithRSAEncryption,2048,RSA,1,v3,0,1
api.intentiq.com,0a191c5a51d4abdfc31d4b980b2e62f6ee355ae85064f002a79d14c5c6b8241b,mitmproxy,367,0,sha256WithRSAEncryption,2048,RSA,1,v3,0,1
ae.iads.unity3d.com,a832f11c70f88c7c0482379e9ded387a31d010e64ba0ce21bd89fbdfd5fde9e2,mitmproxy,367,0,sha256WithRSAEncryption,2048,RSA,1,v3,0,1
array622.prod.do.dsp.mp.microsoft.com,c2939d448a6f4c91596b1537cf499a7e8d5cd8f49c2f59d2849ff5dafd26bcbf,mitmproxy,367,0,sha256WithRSAEncryption,2048,RSA,1,v3,0,1
array805.prod.do.dsp.mp.microsoft.com,86091cf5dae8ba73464f6a086adc405d40a773ab04e9cb154ba9d73b7c20edcd,mitmproxy,367,0,sha256WithRSAEncryption,2048,RSA,1,v3,0,1
array815.prod.do.dsp.mp.microsoft.com,975d9074c34d6c0a6b7ab83cbc562558a5cdd937b394ef4b6223e7eaa4f72c8e,mitmproxy,367,0,sha256WithRSAEncryption,2048,RSA,1,v3,0,1
cdp1.digicert.com.eip.akadns.net,cd05fd3edd44eba38539b2b84d2ca4f89ed664b9616fd3ebb70e70e2e02ed5a4,mitmproxy,367,0,sha256WithRSAEncryption,2048,RSA,1,v3,0,1
array604.prod.do.dsp.mp.microsoft.com,aad3b2d01cbaa244feda534917852ef517a99ce703887b14cc3a6f46dbf68a8c,mitmproxy,367,0,sha256WithRSAEncryption,2048,RSA,1,v3,0,1
stocks-edge.apple.com,9a45b034f3ad1d24564e2e29e644a68d99400dbd6a625f91ea5acf97c7c826c2,mitmproxy,367,0,sha256WithRSAEncryption,2048,RSA,1,v3,0,1
dig.tiktokv.us,9db6cbf6dd7eccc4808fa2b5fa7d9394853c534e15354d40d3c86c37832e32b9,mitmproxy,367,0,sha256WithRSAEncryption,2048,RSA,1,v3,0,1
video.twimg.com,70559b17633652d179e69b1fe7b97ed60e643424f398d324c5be8ba00c619677,mitmproxy,367,0,sha256WithRSAEncryption,2048,RSA,1,v3,0,1
sdkopmetrics-us.dsp-api.moloco.com,c0a8c8e687b0759022d9955697f604672dbae38d03e57b304880ab5dd13d89f8,mitmproxy,367,0,sha256WithRSAEncryption,2048,RSA,1,v3,0,1
mira.config.skype.com,68866088798dec498b38c93ddfa4eec182a825e34fb6255beb493d53191c9dd4,mitmproxy,367,0,sha256WithRSAEncryption,2048,RSA,1,v3,0,1
adblockplus.org,9a55972aea86d86e8933b2f474f6f7fc693b890aca867800fc5a2924e41295a9,mitmproxy,367,0,sha256WithRSAEncryption,2048,RSA,1,v3,0,1
dt-external-217593033.us-east-1.elb.amazonaws.com,1bf9b2df433d1894c949b3547284af9baee0ec42f5e4bc80f0b8b693fc187139,mitmproxy,367,0,sha256WithRSAEncryption,2048,RSA,1,v3,0,1
cs.minutemedia-prebid.com,96a5ea0466d4849caf7953a057ec558f4794b161872ad6818c7949c951c5f5de,mitmproxy,367,0,sha256WithRSAEncryption,2048,RSA,1,v3,0,1
nrich.ai,d51098e52463c1229868f340878b1a36164c83926c30198e902231a4b7fe5a36,mitmproxy,367,0,sha256WithRSAEncryption,2048,RSA,1,v3,0,1
loadus.exelator.com,6dc90286c68a533fec51e1c8904655d789ddd1675ef5c40775b5831d4dd07628,mitmproxy,367,0,sha256WithRSAEncryption,2048,RSA,1,v3,0,1
m.youtube.com,53f63250d206b41e97c4b2f52f14b472165d933ecac1e91caf018d7f7b354306,mitmproxy,367,0,sha256WithRSAEncryption,2048,RSA,1,v3,0,1
extension.femetrics.grammarly.io,4fc8ce6278bd49fffa3aab5d3de64096ea3b2b05752625b64f756b89bae9fac1,mitmproxy,367,0,sha256WithRSAEncryption,2048,RSA,1,v3,0,1
telemetry.canva.com,ddc79b66f2911157985172b724127e33a7721ae5199747c2ca0032d5b1e2097a,mitmproxy,367,0,sha256WithRSAEncryption,2048,RSA,1,v3,0,1
roaming-prod-weightedww.trafficmanager.net,a2c0bb0941242e1baa3f33fbbea44777b3321d4989fe9ea0bc6d7efaae6d41c1,mitmproxy,367,0,sha256WithRSAEncryption,2048,RSA,1,v3,0,1
tr-eop-acdc.office.com,8455427f53d8d142d2103cfed64e5946247228af67d736a2775729429b92c8ef,mitmproxy,367,0,sha256WithRSAEncryption,2048,RSA,1,v3,0,1
tr-ecs-acdc.office.com,a8e87fcf595c1a3d6202adde55f2a726396bdfca109236885a5d2b35ada534dd,mitmproxy,367,0,sha256WithRSAEncryption,2048,RSA,1,v3,0,1
sync.resetdigital.co,29243ffe0c5a4531bec4dc85f8aa6c09773f73ad84bcffd5abafba08796aae37,mitmproxy,367,0,sha256WithRSAEncryption,2048,RSA,1,v3,0,1
mwzeom.zeotap.com,3804a3e6594ec91a1d68214f321ad7f46b004eec4822d127955c046a1772230d,mitmproxy,367,0,sha256WithRSAEncryption,2048,RSA,1,v3,0,1
secure-gl.imrworldwide.com,81da350a8139ed22d5e193913f2350f6b2be2f2b71c73067b6a46758f967fed5,mitmproxy,367,0,sha256WithRSAEncryption,2048,RSA,1,v3,0,1
aax-events-cell02-cf.us-east.3px.axp.amazon-adsystem.com,f262d838795396e4602fba4eae1ef8739ca6d0c5464a02a15fcdbab06183d73f,mitmproxy,367,0,sha256WithRSAEncryption,2048,RSA,1,v3,0,1
tr-ecs-atm.office.com,fc616afe220c2f965cb28e4faf991d406bce7ca55d8b7b2ec4c184f04ae18311,mitmproxy,367,0,sha256WithRSAEncryption,2048,RSA,1,v3,0,1
cacerts.digicert.com,a767178ea3f4487f1e8ff21040862f75f3edc6da8dbc0ff67f2d4e3a547cf6a3,mitmproxy,367,0,sha256WithRSAEncryption,2048,RSA,1,v3,0,1
dsp.nrich.ai,dc66148ef2bd9bc8ba76e40340053f535b6e63017562bf00eb7b3efe207851a4,mitmproxy,367,0,sha256WithRSAEncryption,2048,RSA,1,v3,0,1
js.ad-score.com,282798201a347fb7da88e511ffd3bdd83ddef5f9475a3cd7a00c88ce8cdbaffe,mitmproxy,367,0,sha256WithRSAEncryption,2048,RSA,1,v3,0,1
pixels.ad.gt,255fc4d3b33aa3637398ba6a180d9ca3ff315c7dec929ac99ff7cbd82c854b88,mitmproxy,367,0,sha256WithRSAEncryption,2048,RSA,1,v3,0,1
array509.prod.do.dsp.mp.microsoft.com,e032df67275f01b23368bead68d9e64eb984b9474afaaf71a3597ac605d4b440,mitmproxy,367,0,sha256WithRSAEncryption,2048,RSA,1,v3,0,1
easylist-downloads.adblockplus.org,2ce398029040fe55355ce072ffa9caee711e4cc0ece6d501675c146bfa222c27,mitmproxy,367,0,sha256WithRSAEncryption,2048,RSA,1,v3,0,1
tr-eop-atm.office.com,5ba158380872faa771b5eda6df91c6fa2958d9efcec9b9ac8768d569fe81eba8,mitmproxy,367,0,sha256WithRSAEncryption,2048,RSA,1,v3,0,1
help.apple.com,3641d0ef87577c0c8ceac5dd16ed53d6d0ef69267b25374607454239a2110f22,mitmproxy,367,0,sha256WithRSAEncryption,2048,RSA,1,v3,0,1
urbanairship.com,fa67c895844c22ace0caa3427d96c7d69a1fab09654d96b2b38293eda5fe5033,mitmproxy,367,0,sha256WithRSAEncryption,2048,RSA,1,v3,0,1
array820.prod.do.dsp.mp.microsoft.com,bb5c57eb7860160bcb5f5004a1adba3caa87f65c07022319237234fdfd4e36dc,mitmproxy,367,0,sha256WithRSAEncryption,2048,RSA,1,v3,0,1
p.ad.gt,a94de03fad43e0d9e1150e852c2faa0149aa006a69a773d4a62ca70a91fefa6a,mitmproxy,367,0,sha256WithRSAEncryption,2048,RSA,1,v3,0,1
array804.prod.do.dsp.mp.microsoft.com,85672594e7b7d97ecdb103f5a9287ff704cfd142980d577025db44bce59e1bc1,mitmproxy,367,0,sha256WithRSAEncryption,2048,RSA,1,v3,0,1
teamviewer.com,33f264182cd40770f6c73a6dd44469aee29f0784520891a69adcae82afea7523,mitmproxy,367,0,sha256WithRSAEncryption,2048,RSA,1,v3,0,1
split.io,09bc3eab4c1186421adbd209b9148b30c1d26dc905598397e89559577b98b8ca,mitmproxy,367,0,sha256WithRSAEncryption,2048,RSA,1,v3,0,1
admatic.de,b6f9fe3dbd3ce888af8b299862aa566c3236390e9a98a40ba098c9c71102f7ca,mitmproxy,367,0,sha256WithRSAEncryption,2048,RSA,1,v3,0,1
detectportal.firefox.com,fe9aa2bf32eb598b53f334e7e29da48a4b5ecf82266e6b9a96d7d18d98bbfc51,mitmproxy,367,0,sha256WithRSAEncryption,2048,RSA,1,v3,0,1
array520.prod.do.dsp.mp.microsoft.com,3267f7013192738d4625990df3d1f02d605982f9630bc9fe71ede2d3cf85ae20,mitmproxy,367,0,sha256WithRSAEncryption,2048,RSA,1,v3,0,1
conv-a.wbx2.com,8d3b2e524dbbf03dcf9fc8eab845fb2d26984ebac68e1ea91ca4e813a7ace121,mitmproxy,367,0,sha256WithRSAEncryption,2048,RSA,1,v3,0,1
player.vimeo.com,7a9571dae2f57e4c93141632f59fe7432556429da7e82af13383b0766056610e,mitmproxy,367,0,sha256WithRSAEncryption,2048,RSA,1,v3,0,1
dropbox.com,0f6c062ffa0003653826de3662539494a5f2092097bcb93d2963c8790b7db39b,mitmproxy,367,0,sha256WithRSAEncryption,2048,RSA,1,v3,0,1
www.netflix.com,38fa668e57b86cbe3f14051ca7c85750dd3006422b8b3a2e02b01268dc7690ca,mitmproxy,367,0,sha256WithRSAEncryption,2048,RSA,1,v3,0,1
outlook.ms-acdc.office.com,03eff2de71dd713b0e5b821375fdc2e54cae0ce7d1d8a2d4da3c1f4db111866c,mitmproxy,367,0,sha256WithRSAEncryption,2048,RSA,1,v3,0,1
t.contentsquare.net,bccf54075ec436924f0a4e29915ec1bc30ef1663d667c9f04fb2480d7960775a,mitmproxy,367,0,sha256WithRSAEncryption,2048,RSA,1,v3,0,1
prod.us-east-1.cxm-bcn.publisher-services.amazon.dev,66c82f448b6c93321edefead3a9b5fe4b92cbb7514877ebb6cd7e87ac08c00c0,mitmproxy,367,0,sha256WithRSAEncryption,2048,RSA,1,v3,0,1
dual-spo-0005.spo-msedge.net,60ae9ba861d6334515313f072ae64df6e38e50f18d98f6e3030b5eb13a49dbfd,mitmproxy,367,0,sha256WithRSAEncryption,2048,RSA,1,v3,0,1
push.services.mozilla.com,085961f09228e2d224f8f8440b7d8f8a956abf331be7b8539b7878cda83b5fd6,mitmproxy,367,0,sha256WithRSAEncryption,2048,RSA,1,v3,0,1
robinfrontend-pa.googleapis.com,6d7d8dee4ba14097fbd3299f3558d519edd73e7a0c62b902886d8af19e8d1466,mitmproxy,367,0,sha256WithRSAEncryption,2048,RSA,1,v3,0,1
gue1-dealer.g2.spotify.com,809ae3aeb426001e0a7821b569b8d0847876f2606f67e22b48dc92e590e760ef,mitmproxy,367,0,sha256WithRSAEncryption,2048,RSA,1,v3,0,1
sf16-static.i18n-pglstatp.com,061717a3efafc0b0d16dfe98b578c3ef9b4acfa3cd8331259a6b26e843763825,mitmproxy,367,0,sha256WithRSAEncryption,2048,RSA,1,v3,0,1
scss.adobesc.com,885b706152f177d1cd2274c9859dfe8ae8b4dce76a7a2ca11b6a454ac5c94cce,mitmproxy,367,0,sha256WithRSAEncryption,2048,RSA,1,v3,0,1
clean.gg,069425d10033d5fb6ffac7d7cad2185401f38a582ba1e5de2ddae34e2de5a555,mitmproxy,367,0,sha256WithRSAEncryption,2048,RSA,1,v3,0,1
crazyegg.com,ce8eea5046c1cacd50d6e40062ad052b7eb826a441005aa2c79ce4fab33d5138,mitmproxy,367,0,sha256WithRSAEncryption,2048,RSA,1,v3,0,1
f-log-extension.grammarly.io,79ae3fa022c6b51ce1ccffbaefe33ef2d8d0c753bd6ba44c91a700706bb29b9f,mitmproxy,367,0,sha256WithRSAEncryption,2048,RSA,1,v3,0,1
downloaddispatch.g.aaplimg.com,624d2ac1b04537f152bdfe645d5c736b3b015b877a5131b7d84b96bc220eb1b5,mitmproxy,367,0,sha256WithRSAEncryption,2048,RSA,1,v3,0,1
a.klaviyo.com,452ea7d36e06bcf1be890634cb34961a0fac27b587903f35db672fd0b1ab8eca,mitmproxy,367,0,sha256WithRSAEncryption,2048,RSA,1,v3,0,1
identitytoolkit.googleapis.com,bafc9822d15e84fec71a4721d904d49d4d0fe474a5459d22fcd795353378e261,mitmproxy,367,0,sha256WithRSAEncryption,2048,RSA,1,v3,0,1
i.clean.gg,05310267f7b00ea96e76648f2a31464cfb85d5caf30c359386842ccc2c70b3cc,mitmproxy,367,0,sha256WithRSAEncryption,2048,RSA,1,v3,0,1
h.online-metrix.net,078263df7a67c49eebd18ae28b0e6623c1ada95a689fb203e661285e0cf51d5c,mitmproxy,367,0,sha256WithRSAEncryption,2048,RSA,1,v3,0,1
kidsmanagement-pa.googleapis.com,bd6a18a9e0813ae7fd4f168c0071a2e60a7dc92538c8532acde0f62ad596d1e7,mitmproxy,367,0,sha256WithRSAEncryption,2048,RSA,1,v3,0,1
clickagy.com,a685eb9332bca26b13523d78987be53cdb7b3e9d3f31ad4031d0b26f6693dce4,mitmproxy,367,0,sha256WithRSAEncryption,2048,RSA,1,v3,0,1
ds.ciscospark.com,32d494fcda7fef65f9ff80f26771e8d91519217518988ed2f9ea6c39d7bc167a,mitmproxy,367,0,sha256WithRSAEncryption,2048,RSA,1,v3,0,1
sas.pcms.apple.com,2d13bc3b73e507d0f5a56531008f0fe2075e7034db81a01a28f8a7161571bf17,mitmproxy,367,0,sha256WithRSAEncryption,2048,RSA,1,v3,0,1
service.officepy.svc.usercontent.microsoft,9029d7230c5d833832ec62134e5f5ccfb3a4e95967185b7bc0063423d50212d1,mitmproxy,367,0,sha256WithRSAEncryption,2048,RSA,1,v3,0,1
sportradarserving.com,dc9e15cf719d58f73da472fc2d00b3f2aeea83dc4b3ce64bd710bd9e41fef5f6,mitmproxy,367,0,sha256WithRSAEncryption,2048,RSA,1,v3,0,1
prod.taos-platsvcs.trafficmanager.net,c21894954f25a550fc49b5280e2d68fc1ef84b829c5b3295f8eab9293ce2bb29,mitmproxy,367,0,sha256WithRSAEncryption,2048,RSA,1,v3,0,1
direct.quic-core-proxy-gcpsg-v3.gcpsg.byteglb.com,aee7d323ca087a2f8e6f07b61f90ce3b0ea656503105e28320f5b48b01cc1f60,mitmproxy,367,0,sha256WithRSAEncryption,2048,RSA,1,v3,0,1
jumpjump.io,98981de38584b0d82930c1cec4e0fa76f3005719177a55a9ddcbcabd32d0b553,mitmproxy,367,0,sha256WithRSAEncryption,2048,RSA,1,v3,0,1
a726.dscd.akamai.net,7fc8154945aa9b077f32014ff14178e96ea90267383e5501d5d32db2c659517c,mitmproxy,367,0,sha256WithRSAEncryption,2048,RSA,1,v3,0,1
api3.branch.io,fa934250c8a7d22c74aef61d0ad96a1462fc01f2573809af50ae15c1f003a2cf,mitmproxy,367,0,sha256WithRSAEncryption,2048,RSA,1,v3,0,1
api-h2.tiktokv.com,e97fef1849ffe844389dd5d4ac04305c8ac9f91d8baea6e1ee57e64e93b5d421,mitmproxy,367,0,sha256WithRSAEncryption,2048,RSA,1,v3,0,1
mobile-collector.newrelic.com,4890e042504770ad6e8c02d3757b5803f8e13d7c6b357c735e6cc4e025733990,mitmproxy,367,0,sha256WithRSAEncryption,2048,RSA,1,v3,0,1
a68.dscg4.akamai.net,3d4488e0694f77568410bc09a367f48aa8352dcbeb69642960c25919b10591b1,mitmproxy,367,0,sha256WithRSAEncryption,2048,RSA,1,v3,0,1
pixels.spotify.com,add01064a765be90d7cf020101b04c0816ea7778caec0c6fe069a4e70cecd7e8,mitmproxy,367,0,sha256WithRSAEncryption,2048,RSA,1,v3,0,1
www-alv.google-analytics.com,671a051413af46d6f4e708f02be557a66e5df76f89429fa0cd4abbfc2eb839c1,mitmproxy,367,0,sha256WithRSAEncryption,2048,RSA,1,v3,0,1
wgcs.skyhigh.cloud,59c19989c1e00765dd0340adc7230cd927e896f1abd4986f8e3ae380c53d1886,mitmproxy,367,0,sha256WithRSAEncryption,2048,RSA,1,v3,0,1
tps-dn-ue1.doubleverify.com,cc352278d834db97c45ea5c043f79fa77da78f256fee9fd6968f0e5eae610e53,mitmproxy,367,0,sha256WithRSAEncryption,2048,RSA,1,v3,0,1
array817.prod.do.dsp.mp.microsoft.com,57afb50726e3cad6be9a42ea4437f381f793fd471b917ecef228dcdc22740de3,mitmproxy,367,0,sha256WithRSAEncryption,2048,RSA,1,v3,0,1
the-ozone-project.com,44216e894b626e057005b85d97baaec5456ca31925357efdfdb8d1d1f6c6b85d,mitmproxy,367,0,sha256WithRSAEncryption,2048,RSA,1,v3,0,1
taboola.map.fastly.net,20d17a0e742c548798f79a2fd38bfefb56009421a81864638c1756b86ad3e85d,mitmproxy,367,0,sha256WithRSAEncryption,2048,RSA,1,v3,0,1
scripts.mf.webcontentassessor.com,f8854c86e59112ffcb172f73d807277148da6e55a44ad58063a4dc9bdf1f8e26,mitmproxy,367,0,sha256WithRSAEncryption,2048,RSA,1,v3,0,1
tls13.taboola.map.fastly.net,c2b53eb98d642112b30b525915f1e21046fd9345b82853bfbd4e316f117baa62,mitmproxy,367,0,sha256WithRSAEncryption,2048,RSA,1,v3,0,1
redd.it,2ef2af9b7151c5b3bd6b3a45dbe21f080b17f67a1369009721b8d3822b31be9a,mitmproxy,367,0,sha256WithRSAEncryption,2048,RSA,1,v3,0,1
svc.ha-teams.office.com,de24e69724c17c08cd13c2de706a808b2b6234d7d245080f866e20b01ed6ae40,mitmproxy,367,0,sha256WithRSAEncryption,2048,RSA,1,v3,0,1
sync.ad.cpe.dotomi.com,80236c47b73da96fdb5c0aa3d296c15faeb2979a04c5c672ad3e4524b3b70c11,mitmproxy,367,0,sha256WithRSAEncryption,2048,RSA,1,v3,0,1
match.sync.ad.cpe.dotomi.com,366c56131f3ca868cb92fa37d669471982ab8fe8cb47e5fe66dd1d5a0ab31212,mitmproxy,367,0,sha256WithRSAEncryption,2048,RSA,1,v3,0,1
mobile.adsafeprotected.com,e7d13069fb1f59cd8ea32257df0e1cacd7a0e9addc4b7b73393ca0ae1f98104c,mitmproxy,367,0,sha256WithRSAEncryption,2048,RSA,1,v3,0,1
public.servenobid.com,87818fac07e322362e6c16bcbfb2af7fa01158cf60d47538349fe58aaf341c90,mitmproxy,367,0,sha256WithRSAEncryption,2048,RSA,1,v3,0,1
clienttracing-pa.googleapis.com,3ecf0cca5abc99574cb49509cdecf9d99bb47da2c63263e17563404b171e7bcb,mitmproxy,367,0,sha256WithRSAEncryption,2048,RSA,1,v3,0,1
api.github.com,e6d03fab5fe3488c9d587b3e2c9196b6d27c7ebb843bfa17f197b82e27bb53bd,mitmproxy,367,0,sha256WithRSAEncryption,2048,RSA,1,v3,0,1
elb.the-ozone-project.com,db9fd888285af18f203bb91366c2e8265ff62df6cc15e85b53fe6189166b562a,mitmproxy,367,0,sha256WithRSAEncryption,2048,RSA,1,v3,0,1
lcs-ulecs.adobe.io,9aaca2d17fdc0c090fa6619d511a105456894c0a094a8a9ca26f22d7f03a46f9,mitmproxy,367,0,sha256WithRSAEncryption,2048,RSA,1,v3,0,1
aws.api.sc-gw.com,0a9d3c809eac185021a6d1449b5294f392df474a0ac4251a21fbe93cc72ce873,mitmproxy,367,0,sha256WithRSAEncryption,2048,RSA,1,v3,0,1
captive-cidr.origin-apple.com.akadns.net,227dbf09f7d927efce95505b1a6097e5eb50aebee6cf4ecc6a69b6d8ea4b08fb,mitmproxy,367,0,sha256WithRSAEncryption,2048,RSA,1,v3,0,1
trkn.us,9fd6d5d3608cde5e8c6bdc01441fc527df3c23d2a9058e320bc38f522858fa05,mitmproxy,367,0,sha256WithRSAEncryption,2048,RSA,1,v3,0,1
na.edge.optable.co,90f1f8c8ef2842cce325d587f69ef690106066d34b41b946c80a55ceccc8eab6,mitmproxy,367,0,sha256WithRSAEncryption,2048,RSA,1,v3,0,1
dls-udc.dqa.samsung.com,1af69a2a33cdbdc6d0fd9810740a8823b854c63bcdaa611dee857d894be7bd2f,mitmproxy,367,0,sha256WithRSAEncryption,2048,RSA,1,v3,0,1
redirector.gvt1.com,e8336854e7ae096c79d9be6df84db68e62ee51bfdc27e9b211132e994893a068,mitmproxy,367,0,sha256WithRSAEncryption,2048,RSA,1,v3,0,1
ffc-static-cdn.oobesaas.adobe.com,057c671682f5296bc48b8c4d23d21f9d65481f72302b434791241bd1fdd8fcb5,mitmproxy,367,0,sha256WithRSAEncryption,2048,RSA,1,v3,0,1
m.sni.global.fastly.net,b4f8d0816ab55f1ce82fd29246eaa4e4bda67fb28061a61b99f45cfc70406e5b,mitmproxy,367,0,sha256WithRSAEncryption,2048,RSA,1,v3,0,1
prd-lender.cdp.internal.unity3d.com,29b47c376cc1f91a874290f1f399c318fa82fb94015e84cff3d3472e1cff2e7d,mitmproxy,367,0,sha256WithRSAEncryption,2048,RSA,1,v3,0,1
hubapi.com,70ae11e03f61d916a4d43daea3590b3560dd4566bfa20e442ee1435f72575a0f,mitmproxy,367,0,sha256WithRSAEncryption,2048,RSA,1,v3,0,1
js7k.com,a53e691519c102b8c21eab2fefc9f534cd2ae684510e850dbabc7a2bb82d6e39,mitmproxy,367,0,sha256WithRSAEncryption,2048,RSA,1,v3,0,1
array515.prod.do.dsp.mp.microsoft.com,a419b75bce20e541f2b70d44e8774fa2928cb8080d2be71bf96a86e1744b9dab,mitmproxy,367,0,sha256WithRSAEncryption,2048,RSA,1,v3,0,1
teams.live.com,f23a3bd61006c104dbdc4347d2fc0794c052531f13788eb6aef34032ecc29342,mitmproxy,367,0,sha256WithRSAEncryption,2048,RSA,1,v3,0,1
eop.mira.tm.svc.cloud.microsoft,5b90d2b1eaa11aacc36d711c462ab5e11c9c0a422e7f211995980d6ee85b1105,mitmproxy,367,0,sha256WithRSAEncryption,2048,RSA,1,v3,0,1
buy.itunes.apple.com,7ddd3791737e5d6fb7079cb353f82811f5a50fef6ae38f39569ae26c98e859dd,mitmproxy,367,0,sha256WithRSAEncryption,2048,RSA,1,v3,0,1
t-0009.fb-t-msedge.net,f25745c960d42833d6529ef9e79c1cd72ee6200619d25be43c52171efc88cd62,mitmproxy,367,0,sha256WithRSAEncryption,2048,RSA,1,v3,0,1
continuum.dds.microsoft.com,597addc8e4c20a7bd088c19519bce6379ca2326afb83ccb6ecba468fc4289b97,mitmproxy,367,0,sha256WithRSAEncryption,2048,RSA,1,v3,0,1
array819.prod.do.dsp.mp.microsoft.com,3d52b9327ef35da7e0952edf89b432550bcf2ed5e56b01873a36339d736528bf,mitmproxy,367,0,sha256WithRSAEncryption,2048,RSA,1,v3,0,1
permutive.com,7faf5eda5730e5e3191cdf5108c6604d45c6b38327a319295fc39a182f530b1d,mitmproxy,367,0,sha256WithRSAEncryption,2048,RSA,1,v3,0,1
nrb.ybp.yahoo.com,6eac8982966c3d7b33c8099bda09c76907aa7630a7ec193b8393efd014fdbac8,mitmproxy,367,0,sha256WithRSAEncryption,2048,RSA,1,v3,0,1
go-eu.trouter.teams.microsoft.com,58914ac788a193c929c23394a055287d6c25afda8df48eff7ad74e222a0c71dd,mitmproxy,367,0,sha256WithRSAEncryption,2048,RSA,1,v3,0,1
www.tiktok.com,6dc18bf1d8d5dc566301ebd70533efee27b18ad1c532a39e3ff307fd634f2fee,mitmproxy,367,0,sha256WithRSAEncryption,2048,RSA,1,v3,0,1
a434.dscd.akamai.net,9b3be1b92e81d7b38c812c02f2d6926f932972a227f06f9dd0e504e2224b6ca4,mitmproxy,367,0,sha256WithRSAEncryption,2048,RSA,1,v3,0,1
createjs.com,6cd6df36456b3289797d45a7e47b35316fdac9c3f5269ce8116625b7841b318b,mitmproxy,367,0,sha256WithRSAEncryption,2048,RSA,1,v3,0,1
code.createjs.com,82913064280df33b2be9ce52e01954fd1c22bfc4935b039dbaaba0c19a4ce155,mitmproxy,367,0,sha256WithRSAEncryption,2048,RSA,1,v3,0,1
yammer.com,60e4862c34e8adddef6540efe72f685345e1078e4962189f2ad04eb96051abb1,mitmproxy,367,0,sha256WithRSAEncryption,2048,RSA,1,v3,0,1
mobilefuse.com,fa2c5d9c9577184fa741bbe8da11b659dc529b1281639918800e2ca48bdb40e9,mitmproxy,367,0,sha256WithRSAEncryption,2048,RSA,1,v3,0,1
secure.flashtalking.com,f3eb323bfc2f6c8c7402f12729a6e4ace422264b76f1223bcbcf4acc4f3fbc11,mitmproxy,367,0,sha256WithRSAEncryption,2048,RSA,1,v3,0,1
cdn-cookieyes.com,3752a9e616d2788984934465f67cd4501c41e49ff1b3a64f41580f7540cacaba,mitmproxy,367,0,sha256WithRSAEncryption,2048,RSA,1,v3,0,1
edge.gycpi.b.yahoodns.net,78c425ccb807e17fec761df526a9d44e895e90416cddde32179ae2786602304c,mitmproxy,367,0,sha256WithRSAEncryption,2048,RSA,1,v3,0,1
connectivitycheck.cbg-app.huawei.com,e6e1edd72af53cfa1feb639787725dfbd6d39abb8207a080444902b73201aa0d,mitmproxy,367,0,sha256WithRSAEncryption,2048,RSA,1,v3,0,1
roovza.launches.appsflyersdk.com,24edd5a444f67df1dd7db00265c2bc973e20e9d027e77c7ecf37b1a8a3f4e40b,mitmproxy,367,0,sha256WithRSAEncryption,2048,RSA,1,v3,0,1
r.casalemedia.com,a9f42a6d8e4e49d1189158ae58f0793b431f3c608926b014a2a75ddd19352f9b,mitmproxy,367,0,sha256WithRSAEncryption,2048,RSA,1,v3,0,1
vam-bid.adsrvr.org,ea86c7887c5125eb88618c06cce4f44053ddba620dd5630bff97ea028ca3eb8f,mitmproxy,367,0,sha256WithRSAEncryption,2048,RSA,1,v3,0,1
cdn-content.ampproject.org,246fe75f28a9cd81880c2a8ce4951fce477166bc952cd28bb1412ccd399ad33a,mitmproxy,367,0,sha256WithRSAEncryption,2048,RSA,1,v3,0,1
videoamp.com,7c2a9f6cf1eb19df0cab70d061141a3f037c67af7aa35e3f0d74498a672a65f5,mitmproxy,367,0,sha256WithRSAEncryption,2048,RSA,1,v3,0,1
ns1p.net,f808428de55e0bea6788dce97367e7231bd4ef488091930acd6eeed3b36c3ccb,mitmproxy,367,0,sha256WithRSAEncryption,2048,RSA,1,v3,0,1
pixel-eu.rubiconproject.com,097fe6047253c82861116e8013ca7ec3007b7f75f3ea18f24678c4a74f9a6932,mitmproxy,367,0,sha256WithRSAEncryption,2048,RSA,1,v3,0,1
chromesyncpasswords-pa.googleapis.com,7ce8b6c83a143f8712930c01b88a0266bacd62a714b9fbc876533f19a0554342,mitmproxy,367,0,sha256WithRSAEncryption,2048,RSA,1,v3,0,1
ekr.zdassets.com,227fbcf41fd4ac94b8b69e7457743cdce19778d9bca0ccdedb6747563f0a2984,mitmproxy,367,0,sha256WithRSAEncryption,2048,RSA,1,v3,0,1
dl.duosecurity.com,57d59dcc03c84c4e56ed89573b3c7de54640afd5226fd73a82af08d3d9a6ea73,mitmproxy,367,0,sha256WithRSAEncryption,2048,RSA,1,v3,0,1
nlnetlabs.nl,172e73150d1a63401d5ebc44e4a9ba840ec49a82f10c937748c9d4c2a09faa49,mitmproxy,367,0,sha256WithRSAEncryption,2048,RSA,1,v3,0,1
avast.com,5b74559dd1fcc730b1973d14f13b104663912a3f2847f438dcc72fefec0aa547,mitmproxy,367,0,sha256WithRSAEncryption,2048,RSA,1,v3,0,1
cl3-cdn.origin-apple.com.akadns.net,29ac6fbbcc861d4c34c272b1f8d8aa5cf54d7a51de812c8606f33909f77598fe,mitmproxy,367,0,sha256WithRSAEncryption,2048,RSA,1,v3,0,1
csp-reporting.cloudflare.com,98e359986a0dc69e8fab58d2fcff22eb23f20a9d3a0ef61ba341257393c8f4a0,mitmproxy,367,0,sha256WithRSAEncryption,2048,RSA,1,v3,0,1
d1gsg05rq1vjdw.cloudfront.net,8d8fbab8e7b7b3ae909fd1130f190259a468717f575ba22fcc688b4f8f985da1,mitmproxy,367,0,sha256WithRSAEncryption,2048,RSA,1,v3,0,1
app.digistorm.com,5839ab97fd6cd53431c8d6e91b030343b9eaeba8862878358d70872797cb257a,mitmproxy,367,0,sha256WithRSAEncryption,2048,RSA,1,v3,0,1
doh-dns-apple-com.v.aaplimg.com,38a6a1db6e4403f7900540b0346cd2372cc2d758d2f7ee7a6120b7d89e3f58e5,mitmproxy,367,0,sha256WithRSAEncryption,2048,RSA,1,v3,0,1
array504.prod.do.dsp.mp.microsoft.com,6ef90655b247fd72be7ec1e6604f425b1f5f398c89c6dd5d63410dcf180e6383,mitmproxy,367,0,sha256WithRSAEncryption,2048,RSA,1,v3,0,1
lamssettings-pa.googleapis.com,42c67ebd97f50791586487e7bdb0c45a40954d73a565ab7ca982d316772afe25,mitmproxy,367,0,sha256WithRSAEncryption,2048,RSA,1,v3,0,1
profile.gc.fe2.apple-dns.net,fd06639904e2034c7dea54cd9f354ef0893227d0748f6a8caacb157df55c047b,mitmproxy,367,0,sha256WithRSAEncryption,2048,RSA,1,v3,0,1
content.googleapis.com,89507ebf4be60bd9a0c8ffcec1c268d45cc8dd22485c9c0fd7c326e8027174f0,mitmproxy,367,0,sha256WithRSAEncryption,2048,RSA,1,v3,0,1
sync.technoratimedia.com,b7e1bbb9c4cc7a1de2a5bfbfefb01daa28791a4b7cd9f9d8c80914ec48da0150,mitmproxy,367,0,sha256WithRSAEncryption,2048,RSA,1,v3,0,1
southcentralus1-mediap.svc.ms,426266f085895a50b83ebc1d28e26a07bd509f26f16744a4609b61283918fbf7,mitmproxy,367,0,sha256WithRSAEncryption,2048,RSA,1,v3,0,1
usercontent.goog,32f83b1754d467a3a9518b08cab58105704d3a87975f8620a6ad7ed839cded37,mitmproxy,367,0,sha256WithRSAEncryption,2048,RSA,1,v3,0,1
config.inmobi.com,05c97e219d36157a8237f334e47ea8b51e81dd991eda9c367ba65cb0a6ab3f36,mitmproxy,367,0,sha256WithRSAEncryption,2048,RSA,1,v3,0,1
usc-excel.officeapps.live.com,5c66b94de424d48a22a7908d872e95862ac64f25b634829599ddbbc1a7d5797f,mitmproxy,367,0,sha256WithRSAEncryption,2048,RSA,1,v3,0,1
save-pa.googleapis.com,61f964207e59836b2a3d189e21ff96928e34e6424f6edbd8af6324d00679b8b8,mitmproxy,367,0,sha256WithRSAEncryption,2048,RSA,1,v3,0,1
wns.notify.trafficmanager.net,267bd559fbfc6de525175e037fc322b7cec3c4a30f89bc9635851271de552451,mitmproxy,367,0,sha256WithRSAEncryption,2048,RSA,1,v3,0,1
pds-init.ess.apple.com,5e53cfc512295187bca982732ee011d76c71be2b0a141f8bd7196142f70c92a1,mitmproxy,367,0,sha256WithRSAEncryption,2048,RSA,1,v3,0,1
cryptauthenrollment.googleapis.com,7c9ae314ae17cb86452611f4af019e705b07fcf1839ea93e6932e0397449bef7,mitmproxy,367,0,sha256WithRSAEncryption,2048,RSA,1,v3,0,1
et-eus.w.inmobi.com,1c40dc3af8b024fe51db1f3a3defd39c121863b12528aa085f639da4dfc53d2e,mitmproxy,367,0,sha256WithRSAEncryption,2048,RSA,1,v3,0,1
array516.prod.do.dsp.mp.microsoft.com,67296ccdd2a2c379e247078ecfbec1d62f732a6e9c45af37078b95c7babf062d,mitmproxy,367,0,sha256WithRSAEncryption,2048,RSA,1,v3,0,1
tp.b16066390-frontier.amazonalexa.com,80d517c02124c42de568293614e4894dc80a9e9c244c3ec7dfa85a0fd5dd38c2,mitmproxy,367,0,sha256WithRSAEncryption,2048,RSA,1,v3,0,1
teams-mrc-ww-acdcatm.trafficmanager.net,3e13255e06b878a618b4d96e16ea55edffc8d2ef273701a5fd29f09ea2a8c6f5,mitmproxy,367,0,sha256WithRSAEncryption,2048,RSA,1,v3,0,1
usr.undertone.com,266b1a76c03800a4ad2b67daa940d37196fe6c46c3f0bbcd41124f3710ed2025,mitmproxy,367,0,sha256WithRSAEncryption,2048,RSA,1,v3,0,1
pus7-collabhubrtc.officeapps.live.com,44c448c97d758dd8c88446c788d55b475df46e2652a3e4b9a76787339359b538,mitmproxy,367,0,sha256WithRSAEncryption,2048,RSA,1,v3,0,1
calendarpushsubscription-pa.googleapis.com,09211b9bce0222bd88432a0d33aa59b0adc2db747cdf3900c156193ed550bd3e,mitmproxy,367,0,sha256WithRSAEncryption,2048,RSA,1,v3,0,1
itunes.apple.com.edgesuite.net,ea9f6bafbf7c5602115c79cae144002b926d987315dd45152362bc75f9671f15,mitmproxy,367,0,sha256WithRSAEncryption,2048,RSA,1,v3,0,1
init-p01md-row.push-apple.com.akadns.net,d6907c71824fa65dcf20c7a22d6ed4e6cba17e14e166c44d979c812d8dd6255a,mitmproxy,367,0,sha256WithRSAEncryption,2048,RSA,1,v3,0,1
pay.google.com,701d269e6add650aed7d3f2a39a1b5d2dc02bae292be66371b0545d1edec0a69,mitmproxy,367,0,sha256WithRSAEncryption,2048,RSA,1,v3,0,1
tnc0-normal-alisg.tiktokv.com,64219d372687bdbe3ca858e9366468b358e820b4298c01e633dfb7ed5ff1f956,mitmproxy,367,0,sha256WithRSAEncryption,2048,RSA,1,v3,0,1
ad.adsrvr.org,2abce872eaeec734549bf75e084d831897f44d518e10320c28bd660165c2081a,mitmproxy,367,0,sha256WithRSAEncryption,2048,RSA,1,v3,0,1
hybrid.skyhigh.cloud,bffcef97c6cc38e5b37e125d9d21cde8f8cb02cbbce39788eae207945defc1e9,mitmproxy,367,0,sha256WithRSAEncryption,2048,RSA,1,v3,0,1
p16-sign-va.tiktokcdn.com,4d2944c6bc81a17cdf549e84e64a4c19d68a37acb2db44dbdc3c2fba00c1c3ac,mitmproxy,367,0,sha256WithRSAEncryption,2048,RSA,1,v3,0,1
a.sportradarserving.com,83384502cf0901bd32546a893939eee5388c301784059f53dc806bb1f45f83e4,mitmproxy,367,0,sha256WithRSAEncryption,2048,RSA,1,v3,0,1
appboot.netflix.com,6ca37b8147b394ea594ad3e3f33dcc3ed3c53f6269f5679ef524cc6813042e4d,mitmproxy,367,0,sha256WithRSAEncryption,2048,RSA,1,v3,0,1
braze-images.com,e1b8b195f893346d503bca75dd18b3d41bb29bbe179cbfdfc5b35f87f6b80f38,mitmproxy,367,0,sha256WithRSAEncryption,2048,RSA,1,v3,0,1
mads.amazon-adsystem.com,990aae9104ecefe236c137395d9e017e0df2025c280d3434df1df094f78c4e98,mitmproxy,367,0,sha256WithRSAEncryption,2048,RSA,1,v3,0,1
ardownload3.adobe.com,ae2c88d14191f4acc7ab810b7c1a05e4be5eda4469e33cf8d2e01dbde620643b,mitmproxy,367,0,sha256WithRSAEncryption,2048,RSA,1,v3,0,1
array623.prod.do.dsp.mp.microsoft.com,88ac7ee6bc23bf5d54d0a42663047aeb7a49d4486dd27b52dd0a4cb62adb39e9,mitmproxy,367,0,sha256WithRSAEncryption,2048,RSA,1,v3,0,1
vc.hotjar.io,d915142023a0eed0960f42531e454fbb7808a662ba8b261b51e5243464c37e20,mitmproxy,367,0,sha256WithRSAEncryption,2048,RSA,1,v3,0,1
maptiles.apple.map.fastly.net,b0ed488b3d0b040a6c7b0d5551726d15180e2a377cb91394ee0298576497822b,mitmproxy,367,0,sha256WithRSAEncryption,2048,RSA,1,v3,0,1
criteo-sync.teads.tv,e99a123501742b93e7cc97ee20f35763bbcb02526edd9bd8d876d16e4ee4eb0b,mitmproxy,367,0,sha256WithRSAEncryption,2048,RSA,1,v3,0,1
adobecorp.data.adobedc.net,515ac0e010ba444bec4d337a4e2cd04369cf3f526b3bb815f57049130d975f0e,mitmproxy,367,0,sha256WithRSAEncryption,2048,RSA,1,v3,0,1
init.supersonicads.com,eb95e1c8a4f4044129df478c007e7d65f52bd2f28cab1c4a857d6fe960905e17,mitmproxy,367,0,sha256WithRSAEncryption,2048,RSA,1,v3,0,1
script.crazyegg.com,f9d45f014a498d59522de38da212b81898b4db9bd9aec48ac59b1e7e7b8a5f11,mitmproxy,367,0,sha256WithRSAEncryption,2048,RSA,1,v3,0,1
spl.zeotap.com,3422a3b0239c1609271af7d313a98ef70710f0d5fb7a40b1de60d9acb9cfa523,mitmproxy,367,0,sha256WithRSAEncryption,2048,RSA,1,v3,0,1
knowbe4.com,f2580f9e8109393dfaddaac20588c8e83462f36160596a98258cc9a9c37862dd,mitmproxy,367,0,sha256WithRSAEncryption,2048,RSA,1,v3,0,1
nm.push.prod.netflix.com,c87300237de228ec92c09896d40e4bcbd2fd6cf3175e6ac83571730d6cc3d60b,mitmproxy,367,0,sha256WithRSAEncryption,2048,RSA,1,v3,0,1
cdn4.forter.com,65e3905b6604911c3df174b8dbb02844a32b72e7b9de2b6b393a45e29f645a35,mitmproxy,367,0,sha256WithRSAEncryption,2048,RSA,1,v3,0,1
ws.prod.cloud.netflix.com,bf7c761b6aa9da423b8ac452e1038e461a243345ed05f4cea022abb72de8b2fd,mitmproxy,367,0,sha256WithRSAEncryption,2048,RSA,1,v3,0,1
swdist.apple.com,ce1b65bcc6b52b74558bf5a9d3b9e099efd6ba9987ad1c1745a55abb26f2bf94,mitmproxy,367,0,sha256WithRSAEncryption,2048,RSA,1,v3,0,1
image-cdn-fa.spotifycdn.com,d4d0ce4847435144321fef0d212d2480c4496bb4a0a560a6180d9f8ef0b39743,mitmproxy,367,0,sha256WithRSAEncryption,2048,RSA,1,v3,0,1
adlightning.com,8a9d980e75c3e2972be22306193c916cd7193f62e0db0d6010c5780ab07015b0,mitmproxy,367,0,sha256WithRSAEncryption,2048,RSA,1,v3,0,1
meeting-container-a.wbx2.com,bbdfb17cfda89f813bcdfb8c439ab5ee78737d53630448ff648229381eaa44b6,mitmproxy,367,0,sha256WithRSAEncryption,2048,RSA,1,v3,0,1
array812.prod.do.dsp.mp.microsoft.com,b835d2d6c4819481c5acbca342728caf3270f8b5b7f8df7597cfa9f6dae2d4b0,mitmproxy,367,0,sha256WithRSAEncryption,2048,RSA,1,v3,0,1
sync.itunes.apple.com,8c4370e4928d806bd665fc3def482f986afe2b7139d2d067f743befd9fcbc263,mitmproxy,367,0,sha256WithRSAEncryption,2048,RSA,1,v3,0,1
lf16-gecko-source.tiktokcdn-us.com,3ee0ff27f5cc6e6cbc14dabff1eb47e8fd6c79c490f4ad94006b26fe0361b29d,mitmproxy,367,0,sha256WithRSAEncryption,2048,RSA,1,v3,0,1
a1241.dsct.akamai.net,e5f1dc17d70a1082fa0c50e605c83ca44c55dafc9287fd7a0f114f5cb89da946,mitmproxy,367,0,sha256WithRSAEncryption,2048,RSA,1,v3,0,1
z-p42-instagram.fallback.c10r.instagram.com,d5a546f88fe0d3ae68cc2d63a82eb2d442716cc5cace61c973c64a2de2154444,mitmproxy,367,0,sha256WithRSAEncryption,2048,RSA,1,v3,0,1
mira-cmn.tm-4.office.com,8a86a23d7e4700788f4dba5ed1d9149a8012e6776e57cc3672853b14335b500a,mitmproxy,367,0,sha256WithRSAEncryption,2048,RSA,1,v3,0,1
google.com.br,3e973b8886ff1a0ac4ea742e6c3138ecae8a17802aae8f2b8d485c6cc9c3732c,mitmproxy,367,0,sha256WithRSAEncryption,2048,RSA,1,v3,0,1
analytics.rlcdn.com,f97bbec372ca0b5577b9f1778f8d92d718f749d1a22836cd2f916ff14a7b2bb3,mitmproxy,367,0,sha256WithRSAEncryption,2048,RSA,1,v3,0,1
tpsc-uw1.doubleverify.com,09009bb6477a4c1c8e10372f99736b498e58cc40f108638e3df1eb83288c301c,mitmproxy,367,0,sha256WithRSAEncryption,2048,RSA,1,v3,0,1
gpi3.life360.com,ac85868af2d11b9fff5829a535d480e533727e535142dfb2aa742a835d07dd5a,mitmproxy,367,0,sha256WithRSAEncryption,2048,RSA,1,v3,0,1
agent.api.astra.dell.com,127442e21cb5395e5b4b04e10056055496630954e693d34efee4bb196b5a8ea1,mitmproxy,367,0,sha256WithRSAEncryption,2048,RSA,1,v3,0,1
prebid.adnxs.com,3069cc44513e3ba9e58adabf276c9bf3d3b67f60d80b4bd9d7879794e3ae5abc,mitmproxy,367,0,sha256WithRSAEncryption,2048,RSA,1,v3,0,1
array620.prod.do.dsp.mp.microsoft.com,c54b6fd5ea69036cd6c5630aa9a87fd457fcd23b4dccd433bb21dee438d0f346,mitmproxy,367,0,sha256WithRSAEncryption,2048,RSA,1,v3,0,1
ad-events.flashtalking.com,96d49937f771bf0c4ed80808a5f9d226941552f4b0fa866c7048deb28f5222bf,mitmproxy,367,0,sha256WithRSAEncryption,2048,RSA,1,v3,0,1
mobile-gtalk.l.google.com,beda3b041edb6424d406d4f5e1ca39e119e134a0909ca2354d14cf07ab140f13,mitmproxy,367,0,sha256WithRSAEncryption,2048,RSA,1,v3,0,1
x.com,746e21fed4671c32e863f4b7cea841965c85d4209b1fc0837c9a30493bcfbed6,mitmproxy,367,0,sha256WithRSAEncryption,2048,RSA,1,v3,0,1
raindrop-a.wbx2.com,a8f344ec0bd668b22117ec5fada2d56374737a6586c6837fcc784c03a23f3a81,mitmproxy,367,0,sha256WithRSAEncryption,2048,RSA,1,v3,0,1
supply.inmobicdn.net,76d8135bfba4ed75f67bec5183f2a3b49c637810e5c7c8f2832d57a59024e718,mitmproxy,367,0,sha256WithRSAEncryption,2048,RSA,1,v3,0,1
web-banner.ads.aps.amazon-adsystem.com,28898a09aa4fe09ed395c17eb58932a2fc0830b68e3da20ea54624e5e12bcf67,mitmproxy,367,0,sha256WithRSAEncryption,2048,RSA,1,v3,0,1
ingest.quantummetric.com,db9d57539d75df391e7ef793c8ca53217e56c90cd37ba3ec194ca10d169d16e3,mitmproxy,367,0,sha256WithRSAEncryption,2048,RSA,1,v3,0,1
api.iterable.com,cbe780da7b3b2dc95ee8ae16ef242dde9dcdac4ca3d374d49811217bbf7234b6,mitmproxy,367,0,sha256WithRSAEncryption,2048,RSA,1,v3,0,1
teams-events-data.trafficmanager.net,712c64b6b07c1878ff33ece0cd6a3c9b2810bca5ca9bc7fd831946ab554f94d4,mitmproxy,367,0,sha256WithRSAEncryption,2048,RSA,1,v3,0,1
example.org,5d86ef05632c23a30edf644234f823ea6a6177e6fe537d8e0c45fb826bd8ddb4,mitmproxy,367,0,sha256WithRSAEncryption,2048,RSA,1,v3,0,1
raw.githubusercontent.com,f3e0eb0c3369aaea9156397c59ac66fecbde162f0945802d542c0424d78a0da4,mitmproxy,367,0,sha256WithRSAEncryption,2048,RSA,1,v3,0,1
array601.prod.do.dsp.mp.microsoft.com,3aefe64e4778aa3904224b125fa866c7ca49d9f37b40a436572f58d39c28ceb2,mitmproxy,367,0,sha256WithRSAEncryption,2048,RSA,1,v3,0,1
api-partner.spotify.com,0ff7377fbd4c35e8ec0574b3e42dc7b46c2e0554943caf5da2a5aafaf611284f,mitmproxy,367,0,sha256WithRSAEncryption,2048,RSA,1,v3,0,1
appleid.cdn-apple.com,869bdc1060daed83b5c915e9baa1ebcb242f2e82331ed7de03e2009c3ac66e1b,mitmproxy,367,0,sha256WithRSAEncryption,2048,RSA,1,v3,0,1
events.ads.vungle.com,21880c5dbcd27fddde46092add5bca535de594b77c2e4416097f1cdb28a6ba41,mitmproxy,367,0,sha256WithRSAEncryption,2048,RSA,1,v3,0,1
micro.rubiconproject.com,15272964492ad9d207070a990c5d6310fc8aa1f6f7b357d7ed6f65e264031e34,mitmproxy,367,0,sha256WithRSAEncryption,2048,RSA,1,v3,0,1
array512.prod.do.dsp.mp.microsoft.com,321f9e7408f86e590364c5e5e28ae4dc8770f85091a6e1835ec4d3007cfb07e1,mitmproxy,367,0,sha256WithRSAEncryption,2048,RSA,1,v3,0,1
static-tracking.klaviyo.com,280f833df5f36606b36c1361bcda9d4ae6e079197c8f244b4d06eacd02f7cc43,mitmproxy,367,0,sha256WithRSAEncryption,2048,RSA,1,v3,0,1
synchroscript.deliveryengine.adswizz.com,e49517bc1adf019b01dc2a239462255ad55df9b2ce0dae90fe6be5160831ecb3,mitmproxy,367,0,sha256WithRSAEncryption,2048,RSA,1,v3,0,1
use1-wps-prod.apple.com,043023f7ad81dde1eff653742206f105df2cd28d17bf43069c2124105d102b27,mitmproxy,367,0,sha256WithRSAEncryption,2048,RSA,1,v3,0,1
mobile-data.onetrust.io,48b891ea6b5dceadf1fcc0452830db7338ea1b40ff9f43483a3125d5484a229e,mitmproxy,367,0,sha256WithRSAEncryption,2048,RSA,1,v3,0,1
bidtheatre.com,796864342736273330aa931f53f521380bb232af9200805a7ac7b506d74e0d45,mitmproxy,367,0,sha256WithRSAEncryption,2048,RSA,1,v3,0,1
janus-a.wbx2.com,f91ad87dd6b086fcb4d1b5859700f6d011b7ff1d9aeb00f4593f2cc443086df5,mitmproxy,367,0,sha256WithRSAEncryption,2048,RSA,1,v3,0,1
adsby.bidtheatre.com,e191aa95d0a39335a5eb750c73123de51c0bcefcccdb8667a01ec17281c9457c,mitmproxy,367,0,sha256WithRSAEncryption,2048,RSA,1,v3,0,1
cabana-server.g.aaplimg.com,69e0e785e573375e5e8fc5b8f2375c02198d5f649ed225e5b594e635827dfdc0,mitmproxy,367,0,sha256WithRSAEncryption,2048,RSA,1,v3,0,1
dcs.adobedc.net,b438ca444c059dcc9852c373d6dfcfa7824591e651f262193ba85697f3a0a23d,mitmproxy,367,0,sha256WithRSAEncryption,2048,RSA,1,v3,0,1
b.videoamp.com,07ff9ea1b89412565290bf6fe1c2d6c84d94c1023864a12c42fa754e2d6eabb9,mitmproxy,367,0,sha256WithRSAEncryption,2048,RSA,1,v3,0,1
tagan.adlightning.com,923e393e6e3508afa3c8a7230098657924c141ec0368ca86cedad5987929ca22,mitmproxy,367,0,sha256WithRSAEncryption,2048,RSA,1,v3,0,1
ladsp.com,8f945a8cad3e18bf82d8bccc24264234b02da0e68b1f0b8224e8af105820efd0,mitmproxy,367,0,sha256WithRSAEncryption,2048,RSA,1,v3,0,1
array803.prod.do.dsp.mp.microsoft.com,00b113aa7a64dc8a78a742108956990e86a64d3d311b34874fbadc05b36e1f66,mitmproxy,367,0,sha256WithRSAEncryption,2048,RSA,1,v3,0,1
match.adsby.bidtheatre.com,ef56aa17a0742824a17972cb09f83e442a603f287094ea8516e688c6998fc6d0,mitmproxy,367,0,sha256WithRSAEncryption,2048,RSA,1,v3,0,1
app.adjust.com,5595b136aaca52bfa682d6c5e0dac38d3a9d69523ee9400b6332c2550cc34cbd,mitmproxy,367,0,sha256WithRSAEncryption,2048,RSA,1,v3,0,1
array505.prod.do.dsp.mp.microsoft.com,5f8a77eb7f37cdd1e8709f103e6e305a7606c0b20b7d0f52462fd939b64d0c36,mitmproxy,367,0,sha256WithRSAEncryption,2048,RSA,1,v3,0,1
clmbtech.com,bbc66f4ea82c7ab10ab380a4d775cc9b6ab36fe03738483806015e3807be91d2,mitmproxy,367,0,sha256WithRSAEncryption,2048,RSA,1,v3,0,1
express.adobe.com,55f0008cca23d81fffee611fdb48a63505b2a85a83dec58737af446c0563e966,mitmproxy,367,0,sha256WithRSAEncryption,2048,RSA,1,v3,0,1
mparticle.com,144490aa9ef448e285063ddd34b2843cc4339b774e4245747775623ab7d1c53a,mitmproxy,367,0,sha256WithRSAEncryption,2048,RSA,1,v3,0,1
evergage.com,ea2274c0272ce724503dfe1e8305bfe172acd7c97e905a3edd339f7ca0c49e27,mitmproxy,367,0,sha256WithRSAEncryption,2048,RSA,1,v3,0,1
evidon.com,a58c635682cc685a25b4f4f7240a6a6f75d55c7c771bcef061c55288c945e93b,mitmproxy,367,0,sha256WithRSAEncryption,2048,RSA,1,v3,0,1
protechts.net,0bf11da1d113e2b274b66478f0b166a16c2e278bc0c2c24d5daf9241c2360b90,mitmproxy,367,0,sha256WithRSAEncryption,2048,RSA,1,v3,0,1
panther.goguardian.com,4233ce50d10a12d438b9fd575acb987a29b2d50503469ea83b4c21418a34f2ea,mitmproxy,367,0,sha256WithRSAEncryption,2048,RSA,1,v3,0,1
datadome.co,a5c7fc9d10c0d1ba5216132f51cfed2d5b635bd066a35170c78530137cee3431,mitmproxy,367,0,sha256WithRSAEncryption,2048,RSA,1,v3,0,1
act.org,9c6c9aeee4796ff2312fd95969db4906941e35d607027683cc11c1bd3e4fceb5,mitmproxy,367,0,sha256WithRSAEncryption,2048,RSA,1,v3,0,1
dsp-service.admatic.de,fcb69beda752fe0d8b4ca7d824f653a523fb428983670f9f15aa03cda9775b58,mitmproxy,367,0,sha256WithRSAEncryption,2048,RSA,1,v3,0,1
adsdk.microsoft.com,026e579519540f7fe0e58fe005ea75063ef858a01eb356a7d13db5bd93e119cd,mitmproxy,367,0,sha256WithRSAEncryption,2048,RSA,1,v3,0,1
paysafecard.com,0bdb4865c9fc8ce54f58f171fd5368c706e4f24fa235a568566d42cddf016057,mitmproxy,367,0,sha256WithRSAEncryption,2048,RSA,1,v3,0,1
gslb.goskope.com,24066165085237e3e22f27f53c6f4251d59aee03b8877851b45d9b2bea5988b8,mitmproxy,367,0,sha256WithRSAEncryption,2048,RSA,1,v3,0,1
array801.prod.do.dsp.mp.microsoft.com,ec44b75f1bd3f1d5c2bccf993fc8010defb2461d8812cd8fc9bb33956c09f1b4,mitmproxy,367,0,sha256WithRSAEncryption,2048,RSA,1,v3,0,1
res.cloudinary.com,d1f1e8055e60ac4403ad8a105a5c2ec876576dce525676fc38d3af366046d3a0,mitmproxy,367,0,sha256WithRSAEncryption,2048,RSA,1,v3,0,1
r.stripe.com,e1fcf2e4ed4737fa9986746f88a1ea199bbda7ee81961e16c53bfc75624fea9d,mitmproxy,367,0,sha256WithRSAEncryption,2048,RSA,1,v3,0,1
www.tm.prd.ags.akadns.net,d804a96b4c38890a83e496d2915486c7be38aa0efc131e665c08176be6a4ac47,mitmproxy,367,0,sha256WithRSAEncryption,2048,RSA,1,v3,0,1
u-ams.4dex.io,4fd2f36b7857a111a7631c7adbcf4dc4eda43231c08db1fb54abd76a0150eeb0,mitmproxy,367,0,sha256WithRSAEncryption,2048,RSA,1,v3,0,1
www.paypal.com,81a5f06b20c9a76d0882b8f889d054b3555b7eade9bb576a9df08ca430456afa,mitmproxy,367,0,sha256WithRSAEncryption,2048,RSA,1,v3,0,1
display.bidder.taboola.com,08bd8ce7e82473bdf359ed9c1d96682521ae655d8bba00de89ba935c6b909c8e,mitmproxy,367,0,sha256WithRSAEncryption,2048,RSA,1,v3,0,1
p.jwpcdn.com,a74a9f3cea121b317a13e09728c08c65990efbc760369636edffd6b31e74726c,mitmproxy,367,0,sha256WithRSAEncryption,2048,RSA,1,v3,0,1
fa000000006.resources.office.net,0727912053b6239398e740638f5248dcec82414dc938845e2813ebaa0f6a1ed4,mitmproxy,367,0,sha256WithRSAEncryption,2048,RSA,1,v3,0,1
ssl.p.jwpcdn.com,a4c3cc2a4f56094387c094a552ea9ad3388b3bceea5d867a69962a70dd951ab2,mitmproxy,367,0,sha256WithRSAEncryption,2048,RSA,1,v3,0,1
api-cloudfront.life360.com,4425b8547e8ebbbf91d0b8ff6fb861bc9e68255e9367e66a1572faea7bd8c822,mitmproxy,367,0,sha256WithRSAEncryption,2048,RSA,1,v3,0,1
api.unity.com,649a9eb907c0a591da6cacee4138399b2eca6e50116f3fba7d9992a95e6aeb7e,mitmproxy,367,0,sha256WithRSAEncryption,2048,RSA,1,v3,0,1
send-asr.acrobat.com,72ee371ce258ef01d47b0b33bf828a37ff80b40212d5207a626778ea3165d352,mitmproxy,367,0,sha256WithRSAEncryption,2048,RSA,1,v3,0,1
gocm.c.appier.net,8ba4b5c846a96ca5f21ae095c3f0cad4aaabc0cdf8cc2cb5b2b32c80d50d9b34,mitmproxy,367,0,sha256WithRSAEncryption,2048,RSA,1,v3,0,1
image-cdn-ak.spotifycdn.com,344332251c3fd94841ad8794288855b4350bc7857c0d2c6ffa62237db2a49d00,mitmproxy,367,0,sha256WithRSAEncryption,2048,RSA,1,v3,0,1
probe.icloud.com,6cc6191aa7a65c191ac55011005bc891ada29b64f9e9020f46da390ad52fbe1b,mitmproxy,367,0,sha256WithRSAEncryption,2048,RSA,1,v3,0,1
us.bytedance.map.fastly.net,fc68acd6a277970ff99ef27b1cbf778ec664b0cb6d68ba3eb17ced7556c807bb,mitmproxy,367,0,sha256WithRSAEncryption,2048,RSA,1,v3,0,1
default.na.gateway.devices.a2z.com,edb0786d66edfd0542bf38239e9ac8d983c6ec1df01b796f712ddfd62402c6fe,mitmproxy,367,0,sha256WithRSAEncryption,2048,RSA,1,v3,0,1
gateway.gslb.goskope.com,34d320f242f21a1a4eb1ea0a8cba325d758f5288f8568cd013d39a0b34c5d5e1,mitmproxy,367,0,sha256WithRSAEncryption,2048,RSA,1,v3,0,1
android.l.google.com,cc9166df208648907465c804f08db7eb5897c5d34c41f2d6945706e86c532b4e,mitmproxy,367,0,sha256WithRSAEncryption,2048,RSA,1,v3,0,1
gateway-asset.ce.apple-dns.net,f04603a0871f4ae670a6af81ab8ec32b553c7856ad55c2be7b8bd868cd820d53,mitmproxy,367,0,sha256WithRSAEncryption,2048,RSA,1,v3,0,1
mobile.zscalerone.net,4e88332e4d4b5c449d047baffd5fbd34a9b6ccd850019d862368a5465c3f4341,mitmproxy,367,0,sha256WithRSAEncryption,2048,RSA,1,v3,0,1
trial-eum-clienttons-s.akamaihd.net,474bc5e38cd6ab6c722015deb07ffceaf2864ba8bd973151a02d7804558e71d1,mitmproxy,367,0,sha256WithRSAEncryption,2048,RSA,1,v3,0,1
mr-z01.tm-azurefd.net,5a492a51f65cea431203c4acf10b9da1bc770fc1815f19da7666de6af104875d,mitmproxy,367,0,sha256WithRSAEncryption,2048,RSA,1,v3,0,1
array617.prod.do.dsp.mp.microsoft.com,26473714840bfa56c8deeaa1698593d3fb8e6533cde1b3be1cdfb8648289a388,mitmproxy,367,0,sha256WithRSAEncryption,2048,RSA,1,v3,0,1
www.tm.prd.ags.trafficmanager.net,9223f01c8060509adf1af6a134884a8a5b7d8299c3e941f2036688e856d50117,mitmproxy,367,0,sha256WithRSAEncryption,2048,RSA,1,v3,0,1
api-emea.flightproxy.teams.microsoft.com,b08c6ec3fe11e58650ce52142635469c18e8335bf219024d94daafc70bd75188,mitmproxy,367,0,sha256WithRSAEncryption,2048,RSA,1,v3,0,1
trial-eum-clientnsv4-s.akamaihd.net,fde9cb257d340624b52cace584c6dc52c542f5c717ada347a107b6bf1f0bd5fa,mitmproxy,367,0,sha256WithRSAEncryption,2048,RSA,1,v3,0,1
i.w55c.net,c239172f2ad1cd1d272afc1512cdf0f5ffe95911e8a9abda54711e4b496e33b3,mitmproxy,367,0,sha256WithRSAEncryption,2048,RSA,1,v3,0,1
l.clarity.ms,9db7f176b96d242ef7f9e2d140ac9b3c11f03ff98c2cd0915b9a42e4b41be45b,mitmproxy,367,0,sha256WithRSAEncryption,2048,RSA,1,v3,0,1
shb-sync.com,254aeb0cd871248d2f662862be7b6b481b11c2548d367ff1dd034a49d6e9cf89,mitmproxy,367,0,sha256WithRSAEncryption,2048,RSA,1,v3,0,1
cdn-ffc.oobesaas.adobe.com,3b6746e20b0353260ae6acd81816ddc43642209f3fa87051688ec0d9cf3a1d91,mitmproxy,367,0,sha256WithRSAEncryption,2048,RSA,1,v3,0,1
b.clarity.ms,32cd4f508a48a4d83c8f48dc45a29da368fc8c5528905d43e110a958bb2c23f3,mitmproxy,367,0,sha256WithRSAEncryption,2048,RSA,1,v3,0,1
gspe21-ssl.ls.apple.com,f6392abd0bb637cf1bb9ebbb5cd3b72c3cc70a6c16655ee539abe0dc640e8ea3,mitmproxy,367,0,sha256WithRSAEncryption,2048,RSA,1,v3,0,1
e.clarity.ms,365f9b44f7df6415cd3510931af9b01fd4f1746b6013854e869b2cf52d3b288d,mitmproxy,367,0,sha256WithRSAEncryption,2048,RSA,1,v3,0,1
shb.richaudience.com,ab784bb7847c51d78f3bc87909aaaeffd4660b20896bb7cfe3de721c71d7024b,mitmproxy,367,0,sha256WithRSAEncryption,2048,RSA,1,v3,0,1
api.addins.omex.office.net,e6fe9aed22b9dc253855ae548c075aeebef5c353480e6718132699bd29180679,mitmproxy,367,0,sha256WithRSAEncryption,2048,RSA,1,v3,0,1
array519.prod.do.dsp.mp.microsoft.com,284b7d0b3a5653962927e9cc9d4d53ef6ad1f73b27d16b7ec581297f662398d8,mitmproxy,367,0,sha256WithRSAEncryption,2048,RSA,1,v3,0,1
agents.msua06.manage.microsoft.com,edbb18aa3b5f13be9b9826d1f957f287db82d2825686c3ada4166ae77161aeaa,mitmproxy,367,0,sha256WithRSAEncryption,2048,RSA,1,v3,0,1
k.clarity.ms,9c581189e9ef3998a04ca26d20548a756a38070cffa254790e53d78d4d8fea62,mitmproxy,367,0,sha256WithRSAEncryption,2048,RSA,1,v3,0,1
ajax.aspnetcdn.com,178f3551000fab3fbdb8badd9e7b0090f3026616a683d377e2b61dd52ead7e1c,mitmproxy,367,0,sha256WithRSAEncryption,2048,RSA,1,v3,0,1
wayfair.com,c58f4f82e9ebc585d9b35d1e66021a341c27e8bfafed85986314e09a93d6ddbd,mitmproxy,367,0,sha256WithRSAEncryption,2048,RSA,1,v3,0,1
actgateway-extension.act.org,32df5ddda159bd60922138d4a47c8bf8cd169fc1609014c14eba883a3c7e918f,mitmproxy,367,0,sha256WithRSAEncryption,2048,RSA,1,v3,0,1
i.clarity.ms,91c9788ac1fc08cccc126ded54ff71d1c6f3c23b9844d621879ccc0ce6858006,mitmproxy,367,0,sha256WithRSAEncryption,2048,RSA,1,v3,0,1
j.clarity.ms,add48068b15ac7682732bef79f3fe7f5db947e39ae5f3bdb3199b3bc9bf1dc61,mitmproxy,367,0,sha256WithRSAEncryption,2048,RSA,1,v3,0,1
infinitedata-pa.googleapis.com,226b13a838d56aa1d2e7df86890f17e5af0d217c024816c3b54904b419ad647b,mitmproxy,367,0,sha256WithRSAEncryption,2048,RSA,1,v3,0,1
v.clarity.ms,862eee30e5b4d7f315dc8582b6d2022bed4d28db8a998bf102a45f5385ff84b4,mitmproxy,367,0,sha256WithRSAEncryption,2048,RSA,1,v3,0,1
n.clarity.ms,335a36adeaa14ca9ab27fd5525f456bcfbc1970b33676d9913102c4ed55dfaca,mitmproxy,367,0,sha256WithRSAEncryption,2048,RSA,1,v3,0,1
ade.clmbtech.com,16e35004262e2ff7da89935eaff3588bf9eef756718c1a148feb4f9c34070dfa,mitmproxy,367,0,sha256WithRSAEncryption,2048,RSA,1,v3,0,1
e86303.dscx.akamaiedge.net,3478489a98dcd65d4471359f63ad2cc51ebbd8eb49eb4abfbe8cc552123311c6,mitmproxy,367,0,sha256WithRSAEncryption,2048,RSA,1,v3,0,1
feedback-pa.googleapis.com,c1abdb573d8c3b5a49a394f0082a13491aa9420f95f0a802a11a3f342032b524,mitmproxy,367,0,sha256WithRSAEncryption,2048,RSA,1,v3,0,1
fp-us-tmobile.rcs.telephony.goog,458aa9cc09d0e38eaabd3cb6b9fc0f16d080561fe3525591e92c0ebfa23eb23f,mitmproxy,367,0,sha256WithRSAEncryption,2048,RSA,1,v3,0,1
upload.wikimedia.org,5b13bf84541b8235b86c760f9dfe88b055e4fb1663d6f62351b9d30c4a0b33b2,mitmproxy,367,0,sha256WithRSAEncryption,2048,RSA,1,v3,0,1
cdn.openai.com,1f21d6ff1e961452dd86de996a9506ae85b008b6118c5ff15f8768d8bae885f1,mitmproxy,367,0,sha256WithRSAEncryption,2048,RSA,1,v3,0,1
lf19-gecko-source.tiktokcdn-us.com,9e51a1ba15953a52288a79b8136ff86a4138c5264b1520b517897c44a51ad3fd,mitmproxy,367,0,sha256WithRSAEncryption,2048,RSA,1,v3,0,1
adx.g.doubleclick.net,6abe1bbfa4a053cb52ac0c4ea21b22959bd73e1c21e3dc1cede9dc5d1b5c9a45,mitmproxy,367,0,sha256WithRSAEncryption,2048,RSA,1,v3,0,1
citrix.com,4551678da6c741d730d82ca80c458569587e4597d5cea8496201327d1ae075dc,mitmproxy,367,0,sha256WithRSAEncryption,2048,RSA,1,v3,0,1
features.netscalergateway.net,8c574601a4507ae8efa12bd2a8dbbea0cd0dea8a06b7d5609a4f7ed430f24da4,mitmproxy,367,0,sha256WithRSAEncryption,2048,RSA,1,v3,0,1
e7366.dscb.akamaiedge.net,21f434c495abfedb30f6e326f592ffcf78ed532f5e52843d2570322b63e375d5,mitmproxy,367,0,sha256WithRSAEncryption,2048,RSA,1,v3,0,1
www.google.cn,a8ef4f169280c2d5ba4c8476127c94c7ff350c1a089f491353a6fdf5dba1d419,mitmproxy,367,0,sha256WithRSAEncryption,2048,RSA,1,v3,0,1
array517.prod.do.dsp.mp.microsoft.com,4b95fa02680a4a512c34e374d87d2d0714daf33cf5ae4495dc0d4691ea6886d4,mitmproxy,367,0,sha256WithRSAEncryption,2048,RSA,1,v3,0,1
bounceexchange.com,e5775f7da02633783a371c74b8aa42f02089ed75d952617ef1cafa325afd5c63,mitmproxy,367,0,sha256WithRSAEncryption,2048,RSA,1,v3,0,1
axon.ai,b71c45997340182556939c59b367f561ca3440a144de6dda57783379bdc0f5e1,mitmproxy,367,0,sha256WithRSAEncryption,2048,RSA,1,v3,0,1
iosantiabuse-pa.googleapis.com,d1b50e45ed3feca359fb826adbfa14dd3efebfc21eb4c618f428a9ef5c84f646,mitmproxy,367,0,sha256WithRSAEncryption,2048,RSA,1,v3,0,1
t13.io,5a69eb15537dcf30c712264c40fa48ad4092829184aad49b3fd8bca430fcab09,mitmproxy,367,0,sha256WithRSAEncryption,2048,RSA,1,v3,0,1
init-cdn.itunes-apple.com.akadns.net,dcaf02b4cfabd2808bbd89e2ab064186ddeb6118245564987a99d64c4d99cb50,mitmproxy,367,0,sha256WithRSAEncryption,2048,RSA,1,v3,0,1
bobdi-exter-1vqeilnw5zym1-5134ab8e5a874149.elb.us-east-1.amazonaws.com,5636fbc564cb5e056f0fc2d5052101fd949a02d5468fa0f1691c65d094971b41,mitmproxy,367,0,sha256WithRSAEncryption,2048,RSA,1,v3,0,1
s2s.t13.io,ca94e69a780edf78e4ad08e378552ec388e67b48fe2c7e736538191798b99a6d,mitmproxy,367,0,sha256WithRSAEncryption,2048,RSA,1,v3,0,1
sandbox-dist.itunes-apple.com.akadns.net,ab472406e7b4e0173d410306d11a87ad8856c49f6cf9c870cb9a9631ea72be5a,mitmproxy,367,0,sha256WithRSAEncryption,2048,RSA,1,v3,0,1
mediaservices.cdn-apple.com,a775913c1ba0338d4f6289a1f51a6be132880614b22639f654a694573a7c8d26,mitmproxy,367,0,sha256WithRSAEncryption,2048,RSA,1,v3,0,1
client-upgrade-a.wbx2.com,b39e311fb89520f60a6ca796af990d864d3200a4b80569a494a94ddb92d25a8e,mitmproxy,367,0,sha256WithRSAEncryption,2048,RSA,1,v3,0,1
ec.walkme.com,072cee26eacc73e1a49ad0b1e1c66aa6bc5536b2dff24d15ea568158e5892702,mitmproxy,367,0,sha256WithRSAEncryption,2048,RSA,1,v3,0,1
tapestry.tapad.com,33b3577e7a65109a66761cc1ce7a9ad93c0461c9bb702867046e2670ae28ea9b,mitmproxy,367,0,sha256WithRSAEncryption,2048,RSA,1,v3,0,1
api.twitter.com,1f7bae29ec41547b9d03b380bf91498df7be7ad71edb46a6a1190a8010bfe4b8,mitmproxy,367,0,sha256WithRSAEncryption,2048,RSA,1,v3,0,1
calendarsync-pa.googleapis.com,c00a69f12d94eb35c8a760f0543301e95f819584ad0f540990120c55ff330f4a,mitmproxy,367,0,sha256WithRSAEncryption,2048,RSA,1,v3,0,1
firebase.googleapis.com,36b776f0cd2c7cf7c0f703f4941dc93a2407a76d9e70f955b8d6d4567d5a5384,mitmproxy,367,0,sha256WithRSAEncryption,2048,RSA,1,v3,0,1
api.permutive.com,35a72ace83c9fbb024bea5840eb5ca558ba1b40b0a128794808987539448bb4a,mitmproxy,367,0,sha256WithRSAEncryption,2048,RSA,1,v3,0,1
cookieyes.com,442f4dc4043c57a1acd94769ec1a13a44dca99eb2c8f3029602744b4e9264ff2,mitmproxy,367,0,sha256WithRSAEncryption,2048,RSA,1,v3,0,1
atlassian.com,9cb41be2ab2097096a275ee9170bffb38bda44f4d83589a0d158a5acaf6b3922,mitmproxy,367,0,sha256WithRSAEncryption,2048,RSA,1,v3,0,1
pushmessage.samsung.com,e68546ba6ca78dd1146ad0770ada8fda4bbfedb86e6c6470412cab69d3788d42,mitmproxy,367,0,sha256WithRSAEncryption,2048,RSA,1,v3,0,1
nrdp.nm.push.prod.netflix.com,600fb8615c254486be2f48424cf2a6b9410bb7f51affe83650e02a8541a9ef6f,mitmproxy,367,0,sha256WithRSAEncryption,2048,RSA,1,v3,0,1
array818.prod.do.dsp.mp.microsoft.com,64a51aab369c6095b7c1436aa6dbe7d5975a1a19563b05f1760f3380db34c52e,mitmproxy,367,0,sha256WithRSAEncryption,2048,RSA,1,v3,0,1
brandmetrics.com,45e6237a0cfb621869b76b0eb8bedf66c83c12042470318621cfc8dbfa703af8,mitmproxy,367,0,sha256WithRSAEncryption,2048,RSA,1,v3,0,1
sdk.pushmessage.samsung.com,3a8e28f0c9352cea0fc559c2cc455f3bc33b32e30304dc1a99c394a899fefb83,mitmproxy,367,0,sha256WithRSAEncryption,2048,RSA,1,v3,0,1
permutive.app,6beb7d882cedb0f37a577a0131d9552a811ade62e5abc95bafae4622af99409c,mitmproxy,367,0,sha256WithRSAEncryption,2048,RSA,1,v3,0,1
north-america-mask.wrr.me.apple-dns.net,ffe9bfdb79bde2d3791357e3cf5626c657790cc939e8f9af9673e3cf8a8810f9,mitmproxy,367,0,sha256WithRSAEncryption,2048,RSA,1,v3,0,1
s-static.innovid.com,9eccf5e7362abf0fcdab50ad4211a2db3d22a94bb01bde4e62fa682aea612548,mitmproxy,367,0,sha256WithRSAEncryption,2048,RSA,1,v3,0,1
j.sni.global.fastly.net,3dd30cfcfda069aec48669a0a949c289254f9478beb525537dd7b3628bf1ff2f,mitmproxy,367,0,sha256WithRSAEncryption,2048,RSA,1,v3,0,1
parsely.com,4a867b90917130d51a71cfdc1f950367291d6f6cb0acab57fed12f01b57d89c9,mitmproxy,367,0,sha256WithRSAEncryption,2048,RSA,1,v3,0,1
pi.ispot.tv,bbea3d6ccec4b209f254c435931799f00ec269eac1e01214b90fc3c0325d5295,mitmproxy,367,0,sha256WithRSAEncryption,2048,RSA,1,v3,0,1
nexx360.io,2793f53eccef8099d61b6a2e947d206dd8b9a0d3bd517ee2ae9803d99ebe5ee9,mitmproxy,367,0,sha256WithRSAEncryption,2048,RSA,1,v3,0,1
sg.semasio.net,f032741a49b7431a9ff8831f9cc226b1f773bd99f216a17fdb048a14544d4c2b,mitmproxy,367,0,sha256WithRSAEncryption,2048,RSA,1,v3,0,1
fast.nexx360.io,82f52c6472f8202d848d96cf8a87ea45515a3add5a30b7f50fc4e96491c96b55,mitmproxy,367,0,sha256WithRSAEncryption,2048,RSA,1,v3,0,1
comodoca.com.cdn.cloudflare.net,eb863c9b62cdb02e017c81cac87d22b39b4bd2e56e79a805827f5165ffb30f27,mitmproxy,367,0,sha256WithRSAEncryption,2048,RSA,1,v3,0,1
sdk.split.io,b551e73d5f2fd8a7dad1b26936f1a14e26aa63c505c5089fef226badbd47d3d0,mitmproxy,367,0,sha256WithRSAEncryption,2048,RSA,1,v3,0,1
rtbc-ue1.doubleverify.com,2ec0998c4583241670e8c15cda273af491bcebb73e6655576909369ac6854835,mitmproxy,367,0,sha256WithRSAEncryption,2048,RSA,1,v3,0,1
bidmachine.io,0d95aaf6f415befec2f0ac389cd279c64eb9cf9ca9242b7d3e34b15dfabc5f58,mitmproxy,367,0,sha256WithRSAEncryption,2048,RSA,1,v3,0,1
conviva.com,b58c4d648dcb06e52a9141f4aab4e33c0cfef79d2b7235673ead004e990baca0,mitmproxy,367,0,sha256WithRSAEncryption,2048,RSA,1,v3,0,1
pptsgs.officeapps.live.com,555e69024e711419be3c8e8c4c372f19904dfbb023a956a6b1f43babbc79318c,mitmproxy,367,0,sha256WithRSAEncryption,2048,RSA,1,v3,0,1
researchnow.com,893cbfa233dc0d7eccd2e5b2c6c1bd688a65672fe99c0cbefe27b32b099b1b9a,mitmproxy,367,0,sha256WithRSAEncryption,2048,RSA,1,v3,0,1
www.yammer.com,c099878313ced4f58348dc8c744cc5be865829a2419f77c37a4b754413a0a076,mitmproxy,367,0,sha256WithRSAEncryption,2048,RSA,1,v3,0,1
vimeocdn.com,ee1da1dd1dfa3750594dcb1a62aa4d43bd01bc1d35e3f436b831e68f17f464dd,mitmproxy,367,0,sha256WithRSAEncryption,2048,RSA,1,v3,0,1
slackb.com,5c285f8523fec2f241fae8ac21d562b31352f75d4f300b6d3021cfb1e76a235a,mitmproxy,367,0,sha256WithRSAEncryption,2048,RSA,1,v3,0,1
news-edge.fe2.apple-dns.net,559af276b42e33546e60c6cdfe939ce1ac1a09b9b4050e3b7854182fbbcf71dc,mitmproxy,367,0,sha256WithRSAEncryption,2048,RSA,1,v3,0,1
e6603.g.akamaiedge.net,852761d14d063464789aa268ce472111474f14f7affb9c1fb709a443a092e50a,mitmproxy,367,0,sha256WithRSAEncryption,2048,RSA,1,v3,0,1
prod.uidapi.com,61b9e34c7cdaa2eb5d1a45864a80b19954e4b59a1411cccb6ce12218b791c996,mitmproxy,367,0,sha256WithRSAEncryption,2048,RSA,1,v3,0,1
auth0.com,9d8ec7faa927564cea6926db5c4bc95e5578f784d1165998eebd6e103fe86bd4,mitmproxy,367,0,sha256WithRSAEncryption,2048,RSA,1,v3,0,1
paypalobjects.com,9d097656e895f8b289a5d9c0993feeff55bb6ab59c6df83c83daf954e43b8852,mitmproxy,367,0,sha256WithRSAEncryption,2048,RSA,1,v3,0,1
cdsassets.apple.com,b934ad3739f4d9e018a6ba7ab4703501cce0612f6efb69fa2cd751873dc5d19f,mitmproxy,367,0,sha256WithRSAEncryption,2048,RSA,1,v3,0,1
cstat-lb.apple.com.akadns.net,d961e3bbd738c43e16279bf4a3748792b301ec80baa697e45242c812d8308f2b,mitmproxy,367,0,sha256WithRSAEncryption,2048,RSA,1,v3,0,1
tag.researchnow.com,1152a7ef93de9da1700d33f003852153e26d366df444423039c1c3a7ae54edd8,mitmproxy,367,0,sha256WithRSAEncryption,2048,RSA,1,v3,0,1
a.clarity.ms,41d291b95eba79e211583cbfa99eec1724faa6e085c8a4e85365226c915cad0a,mitmproxy,367,0,sha256WithRSAEncryption,2048,RSA,1,v3,0,1
dms.licdn.com,8568cead5541efaff28317f171f3d23547ce77eefa6654d1d2a9063a29b6ccaa,mitmproxy,367,0,sha256WithRSAEncryption,2048,RSA,1,v3,0,1
px.owneriq.net,eae05efcdb42c06b377b2b8f7aa186dee37929b66a9bd42b2f27a8376484ff29,mitmproxy,367,0,sha256WithRSAEncryption,2048,RSA,1,v3,0,1
c.evidon.com,b9683c3c6926668c37b770df9f0881e6a8fa3d5bd9ee6c96103878eb49d4b553,mitmproxy,367,0,sha256WithRSAEncryption,2048,RSA,1,v3,0,1
braze.com.cdn.cloudflare.net,8601fbc2f0293188d726deb159c7988cc2274e29944b479e195a177b087a4ae6,mitmproxy,367,0,sha256WithRSAEncryption,2048,RSA,1,v3,0,1
mediatek.com,c32ccbca6716cb8ebac6a26bcedd02cd4584c4232b5df0437ee61b3377b0662a,mitmproxy,367,0,sha256WithRSAEncryption,2048,RSA,1,v3,0,1
api16-normal-c-alisg.tiktokv.com,bd86ac2f6f6382cb6cc82296f1756837243b957767413a1c5d94aa8aee51dc20,mitmproxy,367,0,sha256WithRSAEncryption,2048,RSA,1,v3,0,1
evt.undertone.com,95b3f292540b386cac830db6d00b019d45c33a2098fefefa673ae846e70d0299,mitmproxy,367,0,sha256WithRSAEncryption,2048,RSA,1,v3,0,1
verisign.com,609a5cc7672429b3aa0eb5ae93601e7b37d99976fc2da90cec08756a41a16ef6,mitmproxy,367,0,sha256WithRSAEncryption,2048,RSA,1,v3,0,1
region1.google-analytics.com,16f3c567b27a4555d0984d07bcd327a0bd85541cbe50ea99963777dc8859258c,mitmproxy,367,0,sha256WithRSAEncryption,2048,RSA,1,v3,0,1
pd-cdn.itunes-apple.com.akadns.net,0a66cd325a8c2a71967b03f28d380d7982ad146c8080b86604648c260ba77bb7,mitmproxy,367,0,sha256WithRSAEncryption,2048,RSA,1,v3,0,1
pghub.io,0205a6ec7d3794e4ec533430b0f0a5e8aeade539308cdcce2074e5aebab4ca10,mitmproxy,367,0,sha256WithRSAEncryption,2048,RSA,1,v3,0,1
a13lrv2jf2efa0-ats.iot.us-west-2.amazonaws.com,6adf8275b64b364feaeadcc895aea869bb620c2475eb5ea0f1ee6969ad17dba9,mitmproxy,367,0,sha256WithRSAEncryption,2048,RSA,1,v3,0,1
1drv.com,9d15cda4eb4372a9779a2609c7f34d3ddd0eb606e5b360f2ad0d1a6b099e3087,mitmproxy,367,0,sha256WithRSAEncryption,2048,RSA,1,v3,0,1
www.office.com,a3532348e054beb2d014d274f18bc68e1993a374932ea1739d69e1f8ced299ea,mitmproxy,367,0,sha256WithRSAEncryption,2048,RSA,1,v3,0,1
z.clarity.ms,706847a42b7ee9593c2a873306d27073fa40e3ed4b93b83d30cccc13554af1bc,mitmproxy,367,0,sha256WithRSAEncryption,2048,RSA,1,v3,0,1
wp.pl,d385037a2832b152d982ff760c8f1faa9973b6bbc9d6e56f3c80e268b832a47e,mitmproxy,367,0,sha256WithRSAEncryption,2048,RSA,1,v3,0,1
nflxvideo.net,ab8c26fecf4da86db738f937a0a9059df016c1f56ae269f0f15f6cac83a5be71,mitmproxy,367,0,sha256WithRSAEncryption,2048,RSA,1,v3,0,1
capi.samsungcloud.com,ad1d45b6ef3c38ed4c41d016d757f335925f469d9911db321a7f4b20a72cf5bb,mitmproxy,367,0,sha256WithRSAEncryption,2048,RSA,1,v3,0,1
us.ck-ie.com,03992524101e6a2bf54b5252559c2a6b6695b58e540d32dbb5f9b070064e56c4,mitmproxy,367,0,sha256WithRSAEncryption,2048,RSA,1,v3,0,1
api19-normal-useast5.tiktokv.us,708f94b1971efbefe86c2d5f73ffdf2629a694383002320472e72caebc090ac1,mitmproxy,367,0,sha256WithRSAEncryption,2048,RSA,1,v3,0,1
login.dotomi.com,53803bcc2f93c580c45959935bf674921da4be886e5794bbbf923b3eb8349fe5,mitmproxy,367,0,sha256WithRSAEncryption,2048,RSA,1,v3,0,1
cdn.jwplayer.com,0eed9b4be1bc1018559e655efc202c03b9d59debdb2720b96179356450853225,mitmproxy,367,0,sha256WithRSAEncryption,2048,RSA,1,v3,0,1
adscale.de,d960f5e9e4abea7d29e0128927d59dfced040c6c484932e1cc9b4d084dda3545,mitmproxy,367,0,sha256WithRSAEncryption,2048,RSA,1,v3,0,1
t1.gstatic.com,934dcfe45ec589b4bc0ccfede51819a7c2069b47c1f2f5ac7f908c2da5239090,mitmproxy,367,0,sha256WithRSAEncryption,2048,RSA,1,v3,0,1
canvaslms.com,f6737ac54e06b4e157faedcd655bf7d6e7d324302770eaa1c43298b73f926e51,mitmproxy,367,0,sha256WithRSAEncryption,2048,RSA,1,v3,0,1
n.sni.global.fastly.net,98d24b1dfb3c10bd6bfedd8ff0470fe22a7820ed1e18254deac1e1e003e392ba,mitmproxy,367,0,sha256WithRSAEncryption,2048,RSA,1,v3,0,1
c2shb.pubgw.yahoo.com,20e7aec362a919e25b571b2a9b4b21da80d3ff67ed1e2d39da4fb9852d6a6ec6,mitmproxy,367,0,sha256WithRSAEncryption,2048,RSA,1,v3,0,1
www.paypalobjects.com,ed7a512794f1293174c5af08332b76b219ebcfe5938f74471bb21bc487dbf210,mitmproxy,367,0,sha256WithRSAEncryption,2048,RSA,1,v3,0,1
ads.scorecardresearch.com,e9e1ab62240c12a375407ba740e62dd2723ed377a2d31dabc6dda8d0434c62ac,mitmproxy,367,0,sha256WithRSAEncryption,2048,RSA,1,v3,0,1
z-p42-chat-e2ee-ig-fallback.facebook.com,a1fa26f74620669947887e3dfb601c5266ca77437f4fd956f77c80e39e9b085c,mitmproxy,367,0,sha256WithRSAEncryption,2048,RSA,1,v3,0,1
api19-normal-useast8.tiktokv.us,704a935220a590b537d620f76faae8b4c425029cb31d3f3c9d8850cdaa7ee446,mitmproxy,367,0,sha256WithRSAEncryption,2048,RSA,1,v3,0,1
gsp9-ssl.apple.com,57d5adccc7eaf026f9b8a8a21fecc17d98a754bb4bbfff11fcbfa50fde44907f,mitmproxy,367,0,sha256WithRSAEncryption,2048,RSA,1,v3,0,1
mweb.ck.inmobi.com,d0a77e30acb6ea0b760c24a1c703e5278c63145a0f36e9edaacb85cde43b57ad,mitmproxy,367,0,sha256WithRSAEncryption,2048,RSA,1,v3,0,1
infolinks.com,d621dbc82f6883680c4299e58b6eaec8e20eae9bf2f9c7942093451160d07f3a,mitmproxy,367,0,sha256WithRSAEncryption,2048,RSA,1,v3,0,1
quick-actions.express.adobe.com,a4dfe999ec066f67ca3a36d57b68a36b0da11ca0814be6204b28bcb0e559b236,mitmproxy,367,0,sha256WithRSAEncryption,2048,RSA,1,v3,0,1
sso.canvaslms.com,14125a6a8f86ce80396fdcf6105b1aca1a425421a475ca11b3b15952ce945331,mitmproxy,367,0,sha256WithRSAEncryption,2048,RSA,1,v3,0,1
apps.mzstatic.com.g.aaplimg.com,bf9e29001b38773356a3ef018c97cd5b19506ba6be6aa50b82ebefe524124fda,mitmproxy,367,0,sha256WithRSAEncryption,2048,RSA,1,v3,0,1
dnacdn.net,40be6a7ae9e7ac569c06501d73f4c05daddbabecd3f7e1011c4c945c942d90fd,mitmproxy,367,0,sha256WithRSAEncryption,2048,RSA,1,v3,0,1
api.aadrm.com,a1a45107b47a392636ee3f6d8f5464beded9e7ac9bc2f1b05ed2370d6b242f93,mitmproxy,367,0,sha256WithRSAEncryption,2048,RSA,1,v3,0,1
winatp-gw-cus.microsoft.com,eb4c735e1fbeed2efd78e538887d41dbde97215c9def2d755e0fa4258cd9807e,mitmproxy,367,0,sha256WithRSAEncryption,2048,RSA,1,v3,0,1
nam12.safelinks.protection.outlook.com,5e53e5132b7ff319b675670205e25cc7452f086aa9af3febc78126a3dfc582bb,mitmproxy,367,0,sha256WithRSAEncryption,2048,RSA,1,v3,0,1
assets-mercury.v.aaplimg.com,f801046c9191873571b2b2e0a748f7ac6bddab4a46ec76cf3d95575c452978cb,mitmproxy,367,0,sha256WithRSAEncryption,2048,RSA,1,v3,0,1
xlgmedia.com,60f17a40339cd3937b0610e9f17f7529c32bbee073fb5c9e35117f19a6488408,mitmproxy,367,0,sha256WithRSAEncryption,2048,RSA,1,v3,0,1
s.xlgmedia.com,37937fbe4362eda8566cbe734c1ea31ed32f92e91f85c530d54ebbffb3d11c01,mitmproxy,367,0,sha256WithRSAEncryption,2048,RSA,1,v3,0,1
t.wayfair.com,f672da33ed7873c20d2f0bd4701559fdf4b60ae48ddbecea07c3beb60e6f93c2,mitmproxy,367,0,sha256WithRSAEncryption,2048,RSA,1,v3,0,1
t2.gstatic.com,6cd206a5d38c09d422b9d811617c5b562e560ba44fcec4da8ba31ca337dd7b70,mitmproxy,367,0,sha256WithRSAEncryption,2048,RSA,1,v3,0,1
powerapps.com,4620ae776949d58b3753e90f73c48a0060e4d67a4455454836830fe320b65d21,mitmproxy,367,0,sha256WithRSAEncryption,2048,RSA,1,v3,0,1
fa000000002.resources.office.net,c0ca4d1545f23a83ed58003c3191bdffb8277da1ebf60a5fc3108c0eb882e32c,mitmproxy,367,0,sha256WithRSAEncryption,2048,RSA,1,v3,0,1
tags.creativecdn.com,ca0b2cb00c9e065291034c721c07687df6660a6441b8c1a98930092b75d48c8e,mitmproxy,367,0,sha256WithRSAEncryption,2048,RSA,1,v3,0,1
ssp.wp.pl,bfb31414d8ec54140de7e6b45ce591fbc1a36965bd188b44759539fa7d87c955,mitmproxy,367,0,sha256WithRSAEncryption,2048,RSA,1,v3,0,1
geo.yahoo.com,06b271855a687d11ec12e0edfbd1149519ab0ed70d82e57d96bdfd7041b899ce,mitmproxy,367,0,sha256WithRSAEncryption,2048,RSA,1,v3,0,1
edgeapi.slack.com,6329ab42a21269b2894ff8a722ed8921c6a8638d9d74036152f78bce2b95e5ea,mitmproxy,367,0,sha256WithRSAEncryption,2048,RSA,1,v3,0,1
truoptik.com,2c011165850e945e3bfaf596341141bf21a54d9f1d2fd39d29c8bf3840717553,mitmproxy,367,0,sha256WithRSAEncryption,2048,RSA,1,v3,0,1
liveintent.com,349e93658c1118659a6ec0801b5eb1de794d53cbe553724d3d05a0e67dc6f147,mitmproxy,367,0,sha256WithRSAEncryption,2048,RSA,1,v3,0,1
dmp.truoptik.com,0b49a79a79ddf8c7558f406e9b36e0aa812484bf5a403081ec286922dbcacd12,mitmproxy,367,0,sha256WithRSAEncryption,2048,RSA,1,v3,0,1
hb.apis.dell.com,eb9bedd9b95059fec95dbd545feb88582ac2f9c3244898da9e4ff704d0685604,mitmproxy,367,0,sha256WithRSAEncryption,2048,RSA,1,v3,0,1
log.cookieyes.com,095ce688d2914e71f43998ce819341a7b212d9262ae613cc6bcf187f95160999,mitmproxy,367,0,sha256WithRSAEncryption,2048,RSA,1,v3,0,1
array603.prod.do.dsp.mp.microsoft.com,88f624c0238d3307b74c02046f28e3b974ce16a51224abed5580cfd022d3a999,mitmproxy,367,0,sha256WithRSAEncryption,2048,RSA,1,v3,0,1
api-ssp.spot.im,8e5fbb2c6febec98e821567891e34c12b647b5501427c2e80f74daeb3bd62825,mitmproxy,367,0,sha256WithRSAEncryption,2048,RSA,1,v3,0,1
guc3-spclient.spotify.com,9563c92a9bf4f46bcb2625a4113f0776efdd3e80d68e016a6eac79911a511be2,mitmproxy,367,0,sha256WithRSAEncryption,2048,RSA,1,v3,0,1
entitlements.edge-itunes-apple.com.akadns.net,265c278f7c2fd8cfaaeeb23941d8bcdf4433bd0bd3cf869966afa59e20bc1db6,mitmproxy,367,0,sha256WithRSAEncryption,2048,RSA,1,v3,0,1
preview.redd.it,ac3d6f9211f3fbb76034886dff93f39c66a5590d75585317655ff1f157fc0b58,mitmproxy,367,0,sha256WithRSAEncryption,2048,RSA,1,v3,0,1
pm-widget.taboola.com,1f540435864b31cf579ccf521362297699c05dc0d391b8d53f82f71b4b43aea3,mitmproxy,367,0,sha256WithRSAEncryption,2048,RSA,1,v3,0,1
agents.msua02.manage.microsoft.com,441a86b408bcdc93720c3eb5ec34d7d163ce94b448cd7ea6aae4739821cf6922,mitmproxy,367,0,sha256WithRSAEncryption,2048,RSA,1,v3,0,1
sre.vwapps.io,fa5bb533be28d6d1dcc829d8a0943726db401941ebcd37498c32f1bde431845e,mitmproxy,367,0,sha256WithRSAEncryption,2048,RSA,1,v3,0,1
ih.adscale.de,b22bd1c79c6f7743197b5a943166840bf154d7943532e1cc8432319ca113a935,mitmproxy,367,0,sha256WithRSAEncryption,2048,RSA,1,v3,0,1
aggr19-normal.tiktokv.com,36d998d07eaf0ba4733b66c6005183a960a91ab34565467e2417e70204faa15a,mitmproxy,367,0,sha256WithRSAEncryption,2048,RSA,1,v3,0,1
stun.cloudflare.com,87c4712bba47eb7c544207e3af90fb4e4da9eda8b46bac788c183db8c1456cf6,mitmproxy,367,0,sha256WithRSAEncryption,2048,RSA,1,v3,0,1
onedscolprdcus22.centralus.cloudapp.azure.com,b02ae8563dabf933c5c9f99ccf29f2ffaac1ee3483e407dd9d649c592e4c99fd,mitmproxy,367,0,sha256WithRSAEncryption,2048,RSA,1,v3,0,1
euc-excel-telemetry.officeapps.live.com,cfa95d178cfcb3d95a79f283639b18a1e1039ae8798294edcd063da308641a93,mitmproxy,367,0,sha256WithRSAEncryption,2048,RSA,1,v3,0,1
kktlab.ru,346fc49987e0e08a4790c9258c56bc1b47224735c603061d061e1ca108582b31,mitmproxy,367,0,sha256WithRSAEncryption,2048,RSA,1,v3,0,1
onedscolprdcus16.centralus.cloudapp.azure.com,4ad8f978fc54ac045c917087e4ec5317300e1c847ce53b7bf6a6e799d4a464cf,mitmproxy,367,0,sha256WithRSAEncryption,2048,RSA,1,v3,0,1
dev.kktlab.ru,c7fc8b0ece7f2a0908be6500442e82bec266f7c9ff9d2a7e0b3587dc5f65e544,mitmproxy,367,0,sha256WithRSAEncryption,2048,RSA,1,v3,0,1
onedscolprdcus17.centralus.cloudapp.azure.com,13829fab1248adf95016a6be46aada0872a97793c2f3feb5c820337be9c6682d,mitmproxy,367,0,sha256WithRSAEncryption,2048,RSA,1,v3,0,1
gcdn.co,3c9292269b5a8410d8804da066d4a25c3d3725265de9bf04653f2afe0ef2a804,mitmproxy,367,0,sha256WithRSAEncryption,2048,RSA,1,v3,0,1
onedscolprdcus06.centralus.cloudapp.azure.com,1e8a7795b25aa9a2c5a2697afad046fe9a6185fa51280547653885554b4ca098,mitmproxy,367,0,sha256WithRSAEncryption,2048,RSA,1,v3,0,1
init-cdn-lb.ess-apple.com.akadns.net,06f6f2b25d052427a1ff551778f941401dcf022d2b56aa6649e7dc2b45dcd4bd,mitmproxy,367,0,sha256WithRSAEncryption,2048,RSA,1,v3,0,1
onedscolprdeus14.eastus.cloudapp.azure.com,58ac05b1fa872eb451a90a6dbb4e5ab6634dd8de9c4554d4cccb39afafa741df,mitmproxy,367,0,sha256WithRSAEncryption,2048,RSA,1,v3,0,1
onedscolprdcus01.centralus.cloudapp.azure.com,9df5bd964fcfd6c8cc7b82d85d06b2d35b1c3bbf3255bc94f6aff833cc87c73d,mitmproxy,367,0,sha256WithRSAEncryption,2048,RSA,1,v3,0,1
vat-bid.adsrvr.org,c78a38ca3516e99ebff0fdc968cc20f9df076f525245263ab1f05bfc42755ad2,mitmproxy,367,0,sha256WithRSAEncryption,2048,RSA,1,v3,0,1
onedscolprdcus05.centralus.cloudapp.azure.com,b48588132d67b970c55827dc1e45f36afaa860fb9942c8062639eb6cc267d263,mitmproxy,367,0,sha256WithRSAEncryption,2048,RSA,1,v3,0,1
grs.dbankcloud.com,5670911a4aae1fc44a0273369df5ab19047abe3d760d3608d0e2c8126b5649a3,mitmproxy,367,0,sha256WithRSAEncryption,2048,RSA,1,v3,0,1
beacon-sjc2.rubiconproject.com,12419b5b698401025175cacd46d7478d94c4764851aadeaa9847c47d1d2df277,mitmproxy,367,0,sha256WithRSAEncryption,2048,RSA,1,v3,0,1
onedscolprdcus09.centralus.cloudapp.azure.com,11bec854551532f940e74c90a15bb0d619034b59284dba3ffcedff5a6aa0ee09,mitmproxy,367,0,sha256WithRSAEncryption,2048,RSA,1,v3,0,1
onedscolprdeus13.eastus.cloudapp.azure.com,199b7d7620d4133384adcded78f196d928c8211c9a0c298a8fb8c6df3c6d2704,mitmproxy,367,0,sha256WithRSAEncryption,2048,RSA,1,v3,0,1
admixer.net,631b043adf71ab2de11c6b3ce8c7c0d9d9b780896c8ae665d7cd8e707f5e0d6f,mitmproxy,367,0,sha256WithRSAEncryption,2048,RSA,1,v3,0,1
onedscolprdcus11.centralus.cloudapp.azure.com,f83e0078ea78c129589567545596fc4adfc1f2017e72eaa3b2e2e53cc10e779f,mitmproxy,367,0,sha256WithRSAEncryption,2048,RSA,1,v3,0,1
stats.gc.apple.com,2af23c202390d6acfd5c747ed4e8c8a3f6355fb463758f0fa6cd62ccf8d3c068,mitmproxy,367,0,sha256WithRSAEncryption,2048,RSA,1,v3,0,1
onedscolprdcus07.centralus.cloudapp.azure.com,6d790af1a035464be6d3b49350aa21b7b65428b986658e81dbe92eedce839848,mitmproxy,367,0,sha256WithRSAEncryption,2048,RSA,1,v3,0,1
onedscolprdcus02.centralus.cloudapp.azure.com,457ace4aed3b9b02a64784b0d880687623713bd2003e05a5681d115c248abbcf,mitmproxy,367,0,sha256WithRSAEncryption,2048,RSA,1,v3,0,1
pickasso.spotifycdn.com,8d789d0c3185a3007adf93e83ec9f3fc04a4358516ddf2be53ac0f9b49d62d88,mitmproxy,367,0,sha256WithRSAEncryption,2048,RSA,1,v3,0,1
ei.rlcdn.com,10581911afcb60fa9ed957a0717a6c3dc64488d11e36653a518ba25164d7db50,mitmproxy,367,0,sha256WithRSAEncryption,2048,RSA,1,v3,0,1
onedscolprdeus10.eastus.cloudapp.azure.com,517740e6701d4e3e0ff47017bab9c5574029fd5b039b72b9faf8f35d71bdf418,mitmproxy,367,0,sha256WithRSAEncryption,2048,RSA,1,v3,0,1
onedscolprdcus14.centralus.cloudapp.azure.com,58719964b56030e5bc55ae824b4a5144f98122f8314c1bee822fa754d59e18e8,mitmproxy,367,0,sha256WithRSAEncryption,2048,RSA,1,v3,0,1
safety-alert.apple.com,bb7d78db46aa3e09e43f379915554bac318c0048e03ac9b89afdc780f37e42ec,mitmproxy,367,0,sha256WithRSAEncryption,2048,RSA,1,v3,0,1
onedscolprdcus19.centralus.cloudapp.azure.com,216f370aeb163364884ad6d62fd1b42fbde7036cb962c05ca5a7e0cbac593082,mitmproxy,367,0,sha256WithRSAEncryption,2048,RSA,1,v3,0,1
onedscolprdeus19.eastus.cloudapp.azure.com,bd03d5c0544ae13170824c5483c1f0e3a80ec82c5f57b1fed92b4aac6c391edc,mitmproxy,367,0,sha256WithRSAEncryption,2048,RSA,1,v3,0,1
onedscolprdeus09.eastus.cloudapp.azure.com,eb22142c3aea33ca72f0bfb6cf1a4dbac110035941b520b4d706ad6aff377c1c,mitmproxy,367,0,sha256WithRSAEncryption,2048,RSA,1,v3,0,1
onedscolprdcus13.centralus.cloudapp.azure.com,ae537dba21ac80853f12905f48a110d86b38858f5b1bc9105343ca781695bc26,mitmproxy,367,0,sha256WithRSAEncryption,2048,RSA,1,v3,0,1
onedscolprdeus20.eastus.cloudapp.azure.com,b8b98767e7119435c8686accadda8e445537ba1a193721274703f5f9e4ab8723,mitmproxy,367,0,sha256WithRSAEncryption,2048,RSA,1,v3,0,1
onedscolprdcus03.centralus.cloudapp.azure.com,68660a672d861272774979d76f69bef905af31cad3d1e9e9f440a838b365631e,mitmproxy,367,0,sha256WithRSAEncryption,2048,RSA,1,v3,0,1
onedscolprdeus21.eastus.cloudapp.azure.com,f8d569c563b19c78d622f6ed49c2fbd2e7ac527afa3e91a3c419648ecf05b655,mitmproxy,367,0,sha256WithRSAEncryption,2048,RSA,1,v3,0,1
onedscolprdcus00.centralus.cloudapp.azure.com,393276a8737e457c0a75717a4686572f96a1ce8c147e5d15ff2c14c9b5b0da32,mitmproxy,367,0,sha256WithRSAEncryption,2048,RSA,1,v3,0,1
onedscolprdeus02.eastus.cloudapp.azure.com,22576f2aa4fe1660e0264c6df7c62bd731240560f6614f9f59a3f509a869a901,mitmproxy,367,0,sha256WithRSAEncryption,2048,RSA,1,v3,0,1
onedscolprdeus12.eastus.cloudapp.azure.com,4770505e15d9e50b92b9d547f2750dc7970b52c2cc9f89c9a1f01214a465f8be,mitmproxy,367,0,sha256WithRSAEncryption,2048,RSA,1,v3,0,1
onedscolprdcus23.centralus.cloudapp.azure.com,b27cecd0a509d520522662c2b7da37ec41dcace6e0d74ce88b73193e36bf29ee,mitmproxy,367,0,sha256WithRSAEncryption,2048,RSA,1,v3,0,1
createpdf.acrobat.com,7e5932d6f03da2f9aeff1fb75c9234214974c92b06096c52251a12691587b504,mitmproxy,367,0,sha256WithRSAEncryption,2048,RSA,1,v3,0,1
onedscolprdeus07.eastus.cloudapp.azure.com,3e4704091ec3737040b700715f96f9e1ca821a6a68ae880bd42b2431b25f6e3f,mitmproxy,367,0,sha256WithRSAEncryption,2048,RSA,1,v3,0,1
onedscolprdeus15.eastus.cloudapp.azure.com,d3dfb9210ebbb940cbdb0fdeb76f64697fe200d759dd27043ede22ca07bdc800,mitmproxy,367,0,sha256WithRSAEncryption,2048,RSA,1,v3,0,1
xiaomi.com,f0a2d1de98a5a0e4e9baf31699a70ce6aac57593970fc3ca549d07233daac3fc,mitmproxy,367,0,sha256WithRSAEncryption,2048,RSA,1,v3,0,1
onedscolprdeus08.eastus.cloudapp.azure.com,e19876aea0b87e132a30f45d1d6d03c4e44d738723d73b985852135357cb0b36,mitmproxy,367,0,sha256WithRSAEncryption,2048,RSA,1,v3,0,1
proximity-a.wbx2.com,6776dfe5a519ce1124675b3f27298cc36480aa14a83e1d86cdff350d5ba973e7,mitmproxy,367,0,sha256WithRSAEncryption,2048,RSA,1,v3,0,1
valid.origin-apple.com.akadns.net,6aa9083a64996303d6a0ae22175afea292ca00d0bcf80032b265e9b56c68ff98,mitmproxy,367,0,sha256WithRSAEncryption,2048,RSA,1,v3,0,1
pub.doubleverify.com,33420913ca3fae3b153cc5e58ec01a6c381fe70abddabfc1211edea943ce7045,mitmproxy,367,0,sha256WithRSAEncryption,2048,RSA,1,v3,0,1
onedscolprdeus22.eastus.cloudapp.azure.com,a1b517309cddf8c50e1f71140ba591de6e9ffe90a06a4f1984190b3b42e5340a,mitmproxy,367,0,sha256WithRSAEncryption,2048,RSA,1,v3,0,1
onedscolprdcus12.centralus.cloudapp.azure.com,a750d5ebec1118f547f41527e55f85c83f0af50abe320d3b05bab717a289a29f,mitmproxy,367,0,sha256WithRSAEncryption,2048,RSA,1,v3,0,1
array807.prod.do.dsp.mp.microsoft.com,2e6aac58b1cea59ae404fc22ae2a086f5107e03c6791044f441b8da4ac150e1e,mitmproxy,367,0,sha256WithRSAEncryption,2048,RSA,1,v3,0,1
a.c.appier.net,152760c48d252b32aa72f52bc410f76d59b544f96670c76c1e9b714c7b020138,mitmproxy,367,0,sha256WithRSAEncryption,2048,RSA,1,v3,0,1
onedscolprdcus08.centralus.cloudapp.azure.com,1d0e91a53248e7328a0c3c15580cc0e9e59f382be60663b71743dcbec38870f0,mitmproxy,367,0,sha256WithRSAEncryption,2048,RSA,1,v3,0,1
tubemogul.com,d540462e1031534c5ac491229cd4c2bf23f2953f6ede19abe70db1ec6f8a9dd0,mitmproxy,367,0,sha256WithRSAEncryption,2048,RSA,1,v3,0,1
onedscolprdcus10.centralus.cloudapp.azure.com,7ae8c5757a9fac15b8a226e6f85919befadcecd9fe4fbdd91141e79c34a298b6,mitmproxy,367,0,sha256WithRSAEncryption,2048,RSA,1,v3,0,1
onedscolprdcus20.centralus.cloudapp.azure.com,98c3c25382f631c865e6cd0b6f69b00111b729f7fa1cc2ac3338f0fdf048e0c2,mitmproxy,367,0,sha256WithRSAEncryption,2048,RSA,1,v3,0,1
onedscolprdeus17.eastus.cloudapp.azure.com,d2c9d37eba06fabfd639a54df28c35d64a203fc4e6560d6bee81dcd4730b30d1,mitmproxy,367,0,sha256WithRSAEncryption,2048,RSA,1,v3,0,1
onedscolprdeus03.eastus.cloudapp.azure.com,aff9ce37aea5ecb1a532c2bf1aa9161fc4c0b439a078463af34809b03ac38ff2,mitmproxy,367,0,sha256WithRSAEncryption,2048,RSA,1,v3,0,1
rtd-tm.everesttech.net,8e2db4e61c7c0b7be203acbd1029ea712177b3e18df9ac12f498a377f5ebdeb1,mitmproxy,367,0,sha256WithRSAEncryption,2048,RSA,1,v3,0,1
eu-west-1-cs-rtb.openwebmp.com,79e6cb5e86b73f28c63dcf09588688aec334cf924f1197309fcb70a9f1ce6e62,mitmproxy,367,0,sha256WithRSAEncryption,2048,RSA,1,v3,0,1
onedscolprdcus04.centralus.cloudapp.azure.com,db1e4dc37ae520ad1b6ca4156a7af05ccdd32bbfc8fc52356b3494117ea342be,mitmproxy,367,0,sha256WithRSAEncryption,2048,RSA,1,v3,0,1
onedscolprdeus01.eastus.cloudapp.azure.com,384c8bf0939bed91e52acd6b5b9fb4fc20c8b742b9696ff157f5706e33c282a6,mitmproxy,367,0,sha256WithRSAEncryption,2048,RSA,1,v3,0,1
onedscolprdeus05.eastus.cloudapp.azure.com,95b96d12e8a92e680d800e4599355c0178c05989dc2628c1933432b92fca89b7,mitmproxy,367,0,sha256WithRSAEncryption,2048,RSA,1,v3,0,1
mfx.mobilefuse.com,859d0bdd1520f5e62fd9af2e1160b76671bd0e97843d190101045927a433a079,mitmproxy,367,0,sha256WithRSAEncryption,2048,RSA,1,v3,0,1
onedscolprdeus23.eastus.cloudapp.azure.com,05b745e2df131b0f9829b8a4174fd3196f1c233413f9dd9bda32db00735ca954,mitmproxy,367,0,sha256WithRSAEncryption,2048,RSA,1,v3,0,1
streamingapi-ford-soa-24-prod-360.mountain.siriusxm.com,bd348ce469c1c40bb0470b15a602fee5a8e57756190a93a985c67fcbb9914a37,mitmproxy,367,0,sha256WithRSAEncryption,2048,RSA,1,v3,0,1
cdn.optable.co,4e2b50646c26dbdfb8b74b7451f50c980a3539957a743c2f217e9562c5b5a2a2,mitmproxy,367,0,sha256WithRSAEncryption,2048,RSA,1,v3,0,1
check.analytics.rlcdn.com,a95b61375752a293ac480a37e922ac16804ffc35364c6a0bda6d2f3e00bb19c2,mitmproxy,367,0,sha256WithRSAEncryption,2048,RSA,1,v3,0,1
onedscolprdeus06.eastus.cloudapp.azure.com,e0e486c4ce017d1195fe19d90fc3396d5d042ea22f4abf0ba75db03bf700b00d,mitmproxy,367,0,sha256WithRSAEncryption,2048,RSA,1,v3,0,1
onedscolprdeus11.eastus.cloudapp.azure.com,db6f7466349e2c502d232ca171452186e7000b0ba5ac9abc2b51bc37eaf106dc,mitmproxy,367,0,sha256WithRSAEncryption,2048,RSA,1,v3,0,1
api16-dual-event-sg2.pangle.io,31fd8c29e286fb847d2d520c3a028e5d60d04ce8195842029ba322893177d433,mitmproxy,367,0,sha256WithRSAEncryption,2048,RSA,1,v3,0,1
onedscolprdeus16.eastus.cloudapp.azure.com,41548c88142ad0204ccb2b4273a5222d3a33d2ff897a2d45bce4e479e2fb1567,mitmproxy,367,0,sha256WithRSAEncryption,2048,RSA,1,v3,0,1
onedscolprdeus18.eastus.cloudapp.azure.com,42da05f3e2f385bf69f1a89817a793370d18bc3c720b255c95f00397d09321d2,mitmproxy,367,0,sha256WithRSAEncryption,2048,RSA,1,v3,0,1
tracker.samplicio.us,6d8f33cb07d73fae8fa25a14a80d767c2e6bab809720eec497cf5f2c649ad77e,mitmproxy,367,0,sha256WithRSAEncryption,2048,RSA,1,v3,0,1
createpdf-asr.acrobat.com,fb6abf908b659e1e2dd42bd0602fa19d51f1bcb43a6e99795db7ea2448189d57,mitmproxy,367,0,sha256WithRSAEncryption,2048,RSA,1,v3,0,1
sf16-ies-music-sg.tiktokcdn.com,04ec66cb4241b335ee6611986af135a18fccc79f329db4a3ee4176867925e5f8,mitmproxy,367,0,sha256WithRSAEncryption,2048,RSA,1,v3,0,1
uts-api.itunes.apple.com,cb2899e66b285ad71246fb828991d86e1105fd8b593490d6f593902f4728f003,mitmproxy,367,0,sha256WithRSAEncryption,2048,RSA,1,v3,0,1
amp-api.music.apple.com,9d5dab5238e41219eb5fad09bb66a3e1fe467294e7c9b6198efff6b1d002e039,mitmproxy,367,0,sha256WithRSAEncryption,2048,RSA,1,v3,0,1
jwpltx.com,1070d1ef5cef91c139467786920406fd068970a309c7ed58075e63c6c4f07bf2,mitmproxy,367,0,sha256WithRSAEncryption,2048,RSA,1,v3,0,1
onedscolprdeus04.eastus.cloudapp.azure.com,3c5f32b2d807a4661c873108938063d3654dc0d631cea3bce5c838e78c1f8846,mitmproxy,367,0,sha256WithRSAEncryption,2048,RSA,1,v3,0,1
onedscolprdeus00.eastus.cloudapp.azure.com,96087c65dcf18a2cd9aeb5cdc6a30d9ab5fcdef4ae99d105bebf22dfd63a50e9,mitmproxy,367,0,sha256WithRSAEncryption,2048,RSA,1,v3,0,1
jsdelivr.net.cdn.cloudflare.net,65a1ed02b3965f9712de2b8cdf0f659a53f0a2a35b78c4a851c28fd83292f2e8,mitmproxy,367,0,sha256WithRSAEncryption,2048,RSA,1,v3,0,1
cdn.jsdelivr.net.cdn.cloudflare.net,2eaf9884fd79910359ffc9ae6f30b2c8469bb60d75f820dfc36074cc8a14bc77,mitmproxy,367,0,sha256WithRSAEncryption,2048,RSA,1,v3,0,1
solutions.cdn.optable.co,aa2692794884e9bae1af33b6115add41f69706816add386e4fa5ca86ee02063d,mitmproxy,367,0,sha256WithRSAEncryption,2048,RSA,1,v3,0,1
pull-f5-tt01.tiktokcdn-us.com,be16853b1d752f997557ab9e43dcbde6b35a6b8e774bfde03ab208730f09799d,mitmproxy,367,0,sha256WithRSAEncryption,2048,RSA,1,v3,0,1
entitlements.jwplayer.com,fa10b222a19aa21ceb874d2248c4218b42334c11066ddc526872dc051a1e4cd6,mitmproxy,367,0,sha256WithRSAEncryption,2048,RSA,1,v3,0,1
dualstack.reddit.map.fastly.net,2a6f926f80de4fb7550e6a02708404f04f6808a5ac475e8f0d560c49c81dc439,mitmproxy,367,0,sha256WithRSAEncryption,2048,RSA,1,v3,0,1
adtelligent.com,89702daabe4b010640b462c6d403f174d015eb9616bb31090f630297d31f7081,mitmproxy,367,0,sha256WithRSAEncryption,2048,RSA,1,v3,0,1
performancematters.com,132303d849a4a1e8ba5786aa99e421cc76fb5d22fa78461bd2f8d7eecc87a00d,mitmproxy,367,0,sha256WithRSAEncryption,2048,RSA,1,v3,0,1
di.rlcdn.com,9abed422fea2df8c9f74f74c568fe4b7c25864e952e0460a313333a496569fd8,mitmproxy,367,0,sha256WithRSAEncryption,2048,RSA,1,v3,0,1
ln-0002.ln-msedge.net,54aa76e7d77c1b04d123c52898cfdef30c0afd4c47cabc35a487cb8cd6f4db30,mitmproxy,367,0,sha256WithRSAEncryption,2048,RSA,1,v3,0,1
postnav-edge.smartscreen.microsoft.com,896a65b935cfce61d4d1f6896110d9f49ce81cf5fe39469f4a2cf424c584b50c,mitmproxy,367,0,sha256WithRSAEncryption,2048,RSA,1,v3,0,1
y.clarity.ms,140fbe2fa9ebf3709c7ad629a0f78f435f7b94488700b529a3e1870e1eb0041d,mitmproxy,367,0,sha256WithRSAEncryption,2048,RSA,1,v3,0,1
pull-f5-tt02.tiktokcdn-us.com,2c1411db223264c848058ef5b1a3ee55b8c54707a6c6c0f20248d58f1b9b2c9b,mitmproxy,367,0,sha256WithRSAEncryption,2048,RSA,1,v3,0,1
router.infolinks.com,7f1a56542094ccedd14cad5d9a0a071e5471f6d89f001c06975a682b082f177f,mitmproxy,367,0,sha256WithRSAEncryption,2048,RSA,1,v3,0,1
api.company-target.com,26df00283bb5aabc1224fc249572a666ecfa1e27b80244b5ac6c37edb0b723ab,mitmproxy,367,0,sha256WithRSAEncryption,2048,RSA,1,v3,0,1
js-cdn.dynatrace.com,58b35cebcc96ed794b8881c9027efc0ccf7fbc6eb980603574ab9f4dab6b2a10,mitmproxy,367,0,sha256WithRSAEncryption,2048,RSA,1,v3,0,1
array618.prod.do.dsp.mp.microsoft.com,e5c0ee587455e6b9f85c7b56906b7bda5b2faba12358c3dc2b5cd22da5fda562,mitmproxy,367,0,sha256WithRSAEncryption,2048,RSA,1,v3,0,1
hbrcv.adobe.com,c07d8abe09d5a33dcfddcdae35f6bfe08317b7cdf9f4043b1dcd606595c08dec,mitmproxy,367,0,sha256WithRSAEncryption,2048,RSA,1,v3,0,1
api.stores.us-east-1.prod.paets.advertising.amazon.dev,c336e778a9df4ec1529a8305ad9f9b0effb3cd481826a5e53800da57fb2c18b7,mitmproxy,367,0,sha256WithRSAEncryption,2048,RSA,1,v3,0,1
s.tribalfusion.com,fdc55443638d2166ce36e8221c7d7208f0508b7977b4c065d2fb57920fd38549,mitmproxy,367,0,sha256WithRSAEncryption,2048,RSA,1,v3,0,1
people-companion.public.onecdn.static.microsoft,c80ff9f39aacf0f937883629b4fb84c8d04411ab902ac9dc36813186031a55c2,mitmproxy,367,0,sha256WithRSAEncryption,2048,RSA,1,v3,0,1
sandbox.itunes-apple.com.akadns.net,3e32c5664ea1ad359bb6bbffb6a770350500c319bc2f99ecaa34d69b05dabcca,mitmproxy,367,0,sha256WithRSAEncryption,2048,RSA,1,v3,0,1
bazaarvoice.com,08aba8219a539929dda90c93963d8f5bcc0448eed5d77f17ecea36ee059b084f,mitmproxy,367,0,sha256WithRSAEncryption,2048,RSA,1,v3,0,1
salesforce-scrt.com,46763eeb22001be4f076db80119df2f843e1efee2ead3c4755c35a64462ae39c,mitmproxy,367,0,sha256WithRSAEncryption,2048,RSA,1,v3,0,1
nam02.safelinks.protection.outlook.com,97eab247334a00dc12adfbaa477c8a287c2bfae11f529b063418aecc6d390139,mitmproxy,367,0,sha256WithRSAEncryption,2048,RSA,1,v3,0,1
app.link,ec7f4eaa46f6f8db6615115881334761a2d56a7d01a6aa54cbc52d79b3b04a5e,mitmproxy,367,0,sha256WithRSAEncryption,2048,RSA,1,v3,0,1
device-api.urbanairship.com,8da537942f48182e354aa852662c945ffc75894695f591c1957dacc94dc58c42,mitmproxy,367,0,sha256WithRSAEncryption,2048,RSA,1,v3,0,1
mediarithmics.com,e589a15957d0171ee8b7618c489617dea484de5a035952f12de7e1269e7e9dcb,mitmproxy,367,0,sha256WithRSAEncryption,2048,RSA,1,v3,0,1
cdn.evgnet.com,2fe3d6d37fd8021a077e68da72fe47774578ab9425cccb73ae3effcd88b0ac13,mitmproxy,367,0,sha256WithRSAEncryption,2048,RSA,1,v3,0,1
hangouts.clients6.google.com,c38d277c345565be89542d0521d416b2635f04a10ad6289f1ffc23245a67c96d,mitmproxy,367,0,sha256WithRSAEncryption,2048,RSA,1,v3,0,1
amp-api-apps-akam.itunes-apple.com.akadns.net,824f87d894bc8c474f1b730a5865992633eb4f104298e3533248429e74205f88,mitmproxy,367,0,sha256WithRSAEncryption,2048,RSA,1,v3,0,1
usercentrics.eu,becc0d9ff28d8fc62850f276c8551ce4e51cc0296dd3f9da0db538df3255836f,mitmproxy,367,0,sha256WithRSAEncryption,2048,RSA,1,v3,0,1
cl2-cdn.origin-apple.com.akadns.net,4384958b4b8dee14cb8ba1e9156d37be862b3ecd33f9a0027fadd3881b572722,mitmproxy,367,0,sha256WithRSAEncryption,2048,RSA,1,v3,0,1
cognito-identity.us-east-1.amazonaws.com,086a619c8d6a9d7e540dfc7c2e112aa0ad87ce4471e96eea39b58b678dc54daf,mitmproxy,367,0,sha256WithRSAEncryption,2048,RSA,1,v3,0,1
public-cdn.cloud.unity3d.com,83d6a3546c6cf6b55af20c7960e99d53b310ff53493c10adf1353373ebc17c73,mitmproxy,367,0,sha256WithRSAEncryption,2048,RSA,1,v3,0,1
engagements.appsflyer.com,c1b4164e1d25b49e7bd0d824abe783e8c7a62411b5c843500ad7a7048a49181f,mitmproxy,367,0,sha256WithRSAEncryption,2048,RSA,1,v3,0,1
array503.prod.do.dsp.mp.microsoft.com,aeeb37da243ccf7a045ccc5556680bc4df6f8af797d3817608d1e17b3c9822a0,mitmproxy,367,0,sha256WithRSAEncryption,2048,RSA,1,v3,0,1
jsdelivr.map.fastly.net,4c7b0bffa7607aac72f7066345686e4944a20444703ec6969d4d6b3d8d1f0103,mitmproxy,367,0,sha256WithRSAEncryption,2048,RSA,1,v3,0,1
content-storage-download.googleapis.com,30433c73c2e16c1db36fda70b1e383a2ab192904679b0c35b922464194e89485,mitmproxy,367,0,sha256WithRSAEncryption,2048,RSA,1,v3,0,1
usync.ingage.tech,f6541b88da0edcf3b781d88d4d61e19d3c995a1d9b0d81a046f31b06b488123b,mitmproxy,367,0,sha256WithRSAEncryption,2048,RSA,1,v3,0,1
discord.com,16307541068f84ae3bc73789dc1997a92f106bb415b0496880478c317b1fe5f0,mitmproxy,367,0,sha256WithRSAEncryption,2048,RSA,1,v3,0,1
v16m.tiktokcdn.com,14f99e2134036d8848fcc731801d12db6928ddb9581fb3ae877de7833d810d9a,mitmproxy,367,0,sha256WithRSAEncryption,2048,RSA,1,v3,0,1
wordonline.nel.measure.office.net,ebbe1fc3ed78178de9a7deba2996e0888b1fb9c54be2db9824b75f9cfa972895,mitmproxy,367,0,sha256WithRSAEncryption,2048,RSA,1,v3,0,1
auth.services.adobe.com,3c8dc31fe92d369615165446c896ff0f1afdbee741a75646b9961122ec25bdb6,mitmproxy,367,0,sha256WithRSAEncryption,2048,RSA,1,v3,0,1
census-app.scorecardresearch.com,f4b3c91b33030545fb56ecd20cc485b4f4d2af8b7041a101303e3c1ac0c3ed00,mitmproxy,367,0,sha256WithRSAEncryption,2048,RSA,1,v3,0,1
www.google.com.br,5baa39c0b2d034a82386bc489a0612275a04acd6dc990df3878550442255dd6e,mitmproxy,367,0,sha256WithRSAEncryption,2048,RSA,1,v3,0,1
update.adsrvr.org,6535e61ba24355fc6e09f473b8d37deb30400b09daabff8d64f3c5aabef42fcb,mitmproxy,367,0,sha256WithRSAEncryption,2048,RSA,1,v3,0,1
fa000000128.resources.office.net,58c9a27282c26c61682919973583bef5a8c9d5ea7f8d36df3ef11b7135ec6ebc,mitmproxy,367,0,sha256WithRSAEncryption,2048,RSA,1,v3,0,1
mp.4dex.io,4353ecfdd844d8166c08d96c21500a72d10add1c491394d21d0fb02a27613d83,mitmproxy,367,0,sha256WithRSAEncryption,2048,RSA,1,v3,0,1
api-apac.flightproxy.teams.microsoft.com,7fa5f98b0f19667eb20a02f44290cf2ed65170891749f8e562f16dfcdf0fdf06,mitmproxy,367,0,sha256WithRSAEncryption,2048,RSA,1,v3,0,1
s.update.adsrvr.org,6535e61ba24355fc6e09f473b8d37deb30400b09daabff8d64f3c5aabef42fcb,mitmproxy,367,0,sha256WithRSAEncryption,2048,RSA,1,v3,0,1
rakuten.com,a0a758308aee585d69ee3a8a2f5881dc8aaa02dd6cb7d82791a4a11054adcf4e,mitmproxy,367,0,sha256WithRSAEncryption,2048,RSA,1,v3,0,1
meetings.clients6.google.com,9822d284d3c060bb963bfd67902e80fdf78a43f24fa50ecf4b9916f6fd13a803,mitmproxy,367,0,sha256WithRSAEncryption,2048,RSA,1,v3,0,1
impression.appsflyer.com,f67078a976bedaaa0955f4c786e4b7bdeb9ec6885571d81414ace7552406342b,mitmproxy,367,0,sha256WithRSAEncryption,2048,RSA,1,v3,0,1
ocps.webex.com,c4212a58640dd8f8ccc1f3a85a5c43ee93a4dd654d52b2dd87586b7fbfbc91d4,mitmproxy,367,0,sha256WithRSAEncryption,2048,RSA,1,v3,0,1
adingo.jp,52cb6008b18edde086b61ec0781c6797fb752662d6b13af7614ee5f48363db4c,mitmproxy,367,0,sha256WithRSAEncryption,2048,RSA,1,v3,0,1
tr-ofc-atm.office.com,a754787c5eb5491220ab028fe6fc209a708bf8275a211ed3e0ac90d7ec4226d5,mitmproxy,367,0,sha256WithRSAEncryption,2048,RSA,1,v3,0,1
widgets.outbrain.com,54458f662561ad65697f7a9359b7e9d6210f6e179915c4008b43d32ce5684d47,mitmproxy,367,0,sha256WithRSAEncryption,2048,RSA,1,v3,0,1
tr-ofc-mira.office.com,c34fee362df433b0771e2d238bb76e158e8be186b90bd74554480947c99a91d0,mitmproxy,367,0,sha256WithRSAEncryption,2048,RSA,1,v3,0,1
osano.com,76ee4422ce792b9c321341d02d0264ef4d1a4da8cdad36014bb798820fceca54,mitmproxy,367,0,sha256WithRSAEncryption,2048,RSA,1,v3,0,1
portal.office.com,5adcbd0f94ec2f615834e918f387203824c7808ca0815b4af828d48e1afeae5f,mitmproxy,367,0,sha256WithRSAEncryption,2048,RSA,1,v3,0,1
known-issues.apple.com,640b5187db67e2a89ed949b3220c88f40262e55d0bbc2631d8210b6086c000c6,mitmproxy,367,0,sha256WithRSAEncryption,2048,RSA,1,v3,0,1
idportal-cdn-prd.unity.com,28df89b75423fbeb8b05041f9b0093be866e02132e743b54e31faa56e7d42e44,mitmproxy,367,0,sha256WithRSAEncryption,2048,RSA,1,v3,0,1
id.rtb.mx,aa660a698d1ebc10ccc010730abc8220896d007858b53eb7f04aa72f672b4339,mitmproxy,367,0,sha256WithRSAEncryption,2048,RSA,1,v3,0,1
cookie-matching.mediarithmics.com,42cbfdf89383574369df3ea861cd743a31b1e7ff4790dfc1bf9858f8625d3d61,mitmproxy,367,0,sha256WithRSAEncryption,2048,RSA,1,v3,0,1
ax-0002.ax-msedge.net,a7c021cc2b8c7ec7814e7623ceb4489aae0c9d080b219bb4e35a7a970acad329,mitmproxy,367,0,sha256WithRSAEncryption,2048,RSA,1,v3,0,1
pull-flv-f77-tt01.tiktokcdn-us.com,6daeacccf04f193ece72f27b94edd38215a2d7cb79dc706f14822b772992bd61,mitmproxy,367,0,sha256WithRSAEncryption,2048,RSA,1,v3,0,1
vidstat.taboola.com,e940031589d9dd42ab49949199642c715bc8bd789ed9d4191dbdead260ca2e4b,mitmproxy,367,0,sha256WithRSAEncryption,2048,RSA,1,v3,0,1
acsegateway.icloud.com,05da4a0dfea46e2ee915d609b2332528b447470c70c0fff5c78d5bab8ce60cd9,mitmproxy,367,0,sha256WithRSAEncryption,2048,RSA,1,v3,0,1
firebaseappcheck.googleapis.com,d3b2707a8c0a130b4a8959ae5c78b9b68feba2381b237c67e5270310a8ac33a7,mitmproxy,367,0,sha256WithRSAEncryption,2048,RSA,1,v3,0,1
pac.zscalerone.net,a92e35be06e970ce3d470daa2baa8c06c4019e2ab6d390ccb7359bbf6ee1ffff,mitmproxy,367,0,sha256WithRSAEncryption,2048,RSA,1,v3,0,1
s.c.appier.net,4a36b632b78c0ef318a7992041071bcdf8e2eee66debd08d35957b7e8f1b4f8b,mitmproxy,367,0,sha256WithRSAEncryption,2048,RSA,1,v3,0,1
avs-alexa-14-na.amazon.com,3f5e3a24f8c431dfbc1217183eb3fd450fb62bad9813cd2c0e27c7a155f7ebbc,mitmproxy,367,0,sha256WithRSAEncryption,2048,RSA,1,v3,0,1
pull-flv-f77-tt02.tiktokcdn-us.com,1287fec142c93dccceb07ce2bf3fefb9de718c8fde5003572750d3e23bc48483,mitmproxy,367,0,sha256WithRSAEncryption,2048,RSA,1,v3,0,1
pubmatic-match.dotomi.com,2c4905fe4cd9c3bdd61609dbad0596b59e6849c5f8bb30e26a3314ea5532a32a,mitmproxy,367,0,sha256WithRSAEncryption,2048,RSA,1,v3,0,1
aiinfrastructure.static.microsoft,8fb1233cd54562a77a8f845475f0721178dc98e1b067b850aa469b7ad81ef55d,mitmproxy,367,0,sha256WithRSAEncryption,2048,RSA,1,v3,0,1
balena-cloud.com,3b28296210cd3d969642f94e90968f3db13176ee6d4df2a824c849db00f6aaae,mitmproxy,367,0,sha256WithRSAEncryption,2048,RSA,1,v3,0,1
static.cdn.admatic.de,42efc04641e2e8b14e3e325be304ca0d71b9acd6bbeda9e751629a74769bec3d,mitmproxy,367,0,sha256WithRSAEncryption,2048,RSA,1,v3,0,1
aka.ms,0eac43e0f6075d548bd9c5aff947cdfe8a519bc991edcec77384e0d0be5f1a6d,mitmproxy,367,0,sha256WithRSAEncryption,2048,RSA,1,v3,0,1
onelink.me,057d6491de0bb3804d3fcf24dbb871cfa64886ca3c33bd7a958f927cc9eddb18,mitmproxy,367,0,sha256WithRSAEncryption,2048,RSA,1,v3,0,1
mc.yandex.ru,54af11ef8ecf2bc9033dc9d4551d77a1c0444863cb5e848dd6c9bd2eab435483,mitmproxy,367,0,sha256WithRSAEncryption,2048,RSA,1,v3,0,1
conn-service-us-04.allawnos.com,400522debbe15628e9f8b2e82d50ce0e7adad3cc90229710764263f3349b4302,mitmproxy,367,0,sha256WithRSAEncryption,2048,RSA,1,v3,0,1
nvidia.com,189a46ad192a78572e233d1a08d9cec2c0c326e14b3f58c9cd67abc9c3acf70a,mitmproxy,367,0,sha256WithRSAEncryption,2048,RSA,1,v3,0,1
bouncex.net,c61dd8ad4c19f21c0945a2af0a165fdc727551c8014fa86a1fdffe4587d69fcf,mitmproxy,367,0,sha256WithRSAEncryption,2048,RSA,1,v3,0,1
tzm.protechts.net,ea459d8a4c6f7e52c7b1aec4584d32b321f5b76732679d1bf46cd7697f93ae62,mitmproxy,367,0,sha256WithRSAEncryption,2048,RSA,1,v3,0,1
aidc.apple.com,821183de325f2a2db52f116a795b3c6206eeab3243de3cbe7746bb559b113082,mitmproxy,367,0,sha256WithRSAEncryption,2048,RSA,1,v3,0,1
partners.paysafecard.com,0877ca747e32c03234ab316c7d10644b224b795a3340cc164e7d49107ce04acb,mitmproxy,367,0,sha256WithRSAEncryption,2048,RSA,1,v3,0,1
dataservice.protection.outlook.com,04b9520b2bc9a382ff14bf9646d7e5bf8188b23286ebbfadd4ce1574cd29fa62,mitmproxy,367,0,sha256WithRSAEncryption,2048,RSA,1,v3,0,1
fa000000136.resources.office.net,e17ccc11449f6627968be1737ba0551ba14a87f5108ba6ea1a0928ffdd4c7889,mitmproxy,367,0,sha256WithRSAEncryption,2048,RSA,1,v3,0,1
2.tlu.dl.delivery.mp.microsoft.com,011908303964e16ea7d30a12c20328e836728eda091afd0cb593a41d4f2e06e4,mitmproxy,367,0,sha256WithRSAEncryption,2048,RSA,1,v3,0,1
dmp.im-apps.net,3e56db1c3a2936b9d367c29f6fde33351262a684324229f3fc46fcb4c433177c,mitmproxy,367,0,sha256WithRSAEncryption,2048,RSA,1,v3,0,1
assets.bounceexchange.com,ce946a09cf9f39202759ec6beccd94c8d47f3ac9bdffb62c50ae1b763f3e797b,mitmproxy,367,0,sha256WithRSAEncryption,2048,RSA,1,v3,0,1
edge-chat.facebook.com,5f71cc65ecb2b7a954be11f3acb5a40e7ac32bbbfb57963a6f1f94093b270861,mitmproxy,367,0,sha256WithRSAEncryption,2048,RSA,1,v3,0,1
static-forms.klaviyo.com,6c04458fff4fca085be7ea8728d0462d1b6fa0742d513b79e30674e5fceca4ed,mitmproxy,367,0,sha256WithRSAEncryption,2048,RSA,1,v3,0,1
datadoghq.com,6eefa60e82754194230006c94791a92dc8349468b3ad3a1277d1d017f0b509be,mitmproxy,367,0,sha256WithRSAEncryption,2048,RSA,1,v3,0,1
tr-ofc-afdwac.office.com,fb0cbe65163a795592fbac6e35a8bfc3a13deffaebc47f5b993bc494760dcb0a,mitmproxy,367,0,sha256WithRSAEncryption,2048,RSA,1,v3,0,1
cdn.brandmetrics.com,dc86e79a63289b1bb219250081551314cdda6cd8451c2692e1374ea3802be3fd,mitmproxy,367,0,sha256WithRSAEncryption,2048,RSA,1,v3,0,1
array501.prod.do.dsp.mp.microsoft.com,9a9a91e79c33da12348c84ff33e6fd92794df30a68feaf0f7e1bbb9312c39087,mitmproxy,367,0,sha256WithRSAEncryption,2048,RSA,1,v3,0,1
ads.travelaudience.com,260336a33caf81213f889e1947bdbba47ce47c454aec87f0b2fa1d5a22815085,mitmproxy,367,0,sha256WithRSAEncryption,2048,RSA,1,v3,0,1
events.goskope.com,904b9d8938d1e3d4c7bcfa282955ffb6fb0cdd32e72efe60432e6f5b627c25e5,mitmproxy,367,0,sha256WithRSAEncryption,2048,RSA,1,v3,0,1
api.bidmachine.io,1434fdb8e9bf1cdfe264fcf080c8c48fc7b184871428028bcced1f024a48b35d,mitmproxy,367,0,sha256WithRSAEncryption,2048,RSA,1,v3,0,1
api.mapbox.com,12731b71deaead4616213b05b55bdb92bd1705df9d4e927c3511c6595a7d23d1,mitmproxy,367,0,sha256WithRSAEncryption,2048,RSA,1,v3,0,1
bat-bing-com.ax-0001.ax-msedge.net,93dee4a8f0263c7575a2451c26661310ac109dae00c838d243debb93ef805747,mitmproxy,367,0,sha256WithRSAEncryption,2048,RSA,1,v3,0,1
adrta.com,99ea95a691f59ab0420bc6959a93b67edc513351994bda4fa3fe10e5967a16c8,mitmproxy,367,0,sha256WithRSAEncryption,2048,RSA,1,v3,0,1
rokt.com,cf29046a91cd7933896181cab39fe07110a2589876c953fe691567a940515e9a,mitmproxy,367,0,sha256WithRSAEncryption,2048,RSA,1,v3,0,1
cksync.yahoo.co.jp,1c1a5b2da682a1ff98122dc84b7e0cc80c3cb3a7469bed74532a7774da5ba855,mitmproxy,367,0,sha256WithRSAEncryption,2048,RSA,1,v3,0,1
gspx-ssl.ls.apple.com,a5b823f7d3af28f391ed0c31b236e75d3843a5dd6bf10384c2b00f7000f69d17,mitmproxy,367,0,sha256WithRSAEncryption,2048,RSA,1,v3,0,1
fl.cambiumtds.com,d11798ab10f59158979e973993742025759c3572f5dbef78a71098f212715eda,mitmproxy,367,0,sha256WithRSAEncryption,2048,RSA,1,v3,0,1
www.apple.com.edgekey.net,00817670bc3b47c13f2b26ae11d36a7e918ab0c54fbe7c71c7c7396ac5728854,mitmproxy,367,0,sha256WithRSAEncryption,2048,RSA,1,v3,0,1
adobe.net,314a983d9bbd2b511e0e03aaa5e75560dc3c17237a66b5fc057ec87662c38279,mitmproxy,367,0,sha256WithRSAEncryption,2048,RSA,1,v3,0,1
www.dropbox.com,aa3c3555b4934aff3b2c9d2a3af47833d2ad211fca8e9793eddab935fc7d2252,mitmproxy,367,0,sha256WithRSAEncryption,2048,RSA,1,v3,0,1
b.ns1p.net,c1ee493231e90320ac873fd8ef699d5dc8b3ab640554ea8a3e4008695e35e43d,mitmproxy,367,0,sha256WithRSAEncryption,2048,RSA,1,v3,0,1
heapanalytics.com,47d4b227e22f4c7621069a8383fc7190ce458f452a9969b5a4134de766f3f621,mitmproxy,367,0,sha256WithRSAEncryption,2048,RSA,1,v3,0,1
js.hubspot.com,12b16464ab2d62319684392795fd6e7e5b07b6776ad39daca454df95a951217b,mitmproxy,367,0,sha256WithRSAEncryption,2048,RSA,1,v3,0,1
att.launches.appsflyersdk.com,7c35ad0b80cd98866af2be6c7f82d196b5f1fc25a1b6cc56387ca5192853243a,mitmproxy,367,0,sha256WithRSAEncryption,2048,RSA,1,v3,0,1
bat.bing.net,421bab446788eeaea811643f747e73a2e1fcefe333095b40ea2ffd51e84fb30d,mitmproxy,367,0,sha256WithRSAEncryption,2048,RSA,1,v3,0,1
id.unity.com,c2ff7bfd8cec198b8aabd3c6e03360b6fbf69b12d3667b988a590213c6929563,mitmproxy,367,0,sha256WithRSAEncryption,2048,RSA,1,v3,0,1
exchange.kueezrtb.com,737373e3e99e1d149a65d4150e09020edbd3c7a4c03e3d2e49d4501a1917eb87,mitmproxy,367,0,sha256WithRSAEncryption,2048,RSA,1,v3,0,1
aes.us-east.ono.axp.amazon-adsystem.com,3f9d8c5c935fa3747684ffb8479ee02b6045d0c09800dd03956a80c8be335d61,mitmproxy,367,0,sha256WithRSAEncryption,2048,RSA,1,v3,0,1
versatranshosting.tylerhost.net,c88de360444fd35f832fd51f4f3b20bb0ebbd37cf73cfe2f5a4b193d7a4ccda4,mitmproxy,367,0,sha256WithRSAEncryption,2048,RSA,1,v3,0,1
learningbeyondpaper.com,402573be3bcd44500fda98c94269810930e565b50ac06b9b71251f6861ae88b1,mitmproxy,367,0,sha256WithRSAEncryption,2048,RSA,1,v3,0,1
lms-cdn.learningbeyondpaper.com,7389c24af42822b2e3125bf1901b8c943ce21fa81b676e9401e62ee6aebe2736,mitmproxy,367,0,sha256WithRSAEncryption,2048,RSA,1,v3,0,1
cdp1.digicert.com.akamaized.net,79d9b69ded09e83756ae1e5a5d4864f70adcc7fc99ed28e171c89778231e7495,mitmproxy,367,0,sha256WithRSAEncryption,2048,RSA,1,v3,0,1
mediagotechnology.com,38fbeabfa0617fe459d7308fac2a87e9001bcd8b60d1816bc2e8b7eb3314d997,mitmproxy,367,0,sha256WithRSAEncryption,2048,RSA,1,v3,0,1
a124.dscd.akamai.net,af761e5795f3724f84f8fc48fa30fb4b8bc89f6036a621ebba700b5d6fa5d283,mitmproxy,367,0,sha256WithRSAEncryption,2048,RSA,1,v3,0,1
ads.rubiconproject.com,9441f5b901e97687fc01c0054d00d32550096bda0808f8c10208db9cdc7a41f1,mitmproxy,367,0,sha256WithRSAEncryption,2048,RSA,1,v3,0,1
t.teads.tv,f062ecaf74c15c1c052eabf15278366ce0bd06c34ab570924a95e827447b060a,mitmproxy,367,0,sha256WithRSAEncryption,2048,RSA,1,v3,0,1
publishers.advertising.a2z.com,a26f7ae03d8fd802a8569f408902f4d3b29625f3bfcac53bf04f5c02cc230941,mitmproxy,367,0,sha256WithRSAEncryption,2048,RSA,1,v3,0,1
rtlog22-normal-alisg.tiktokv.com,e719b118b6e0db354479b6d70aa2ee52210aad5cac4862d797aff57bfff6f341,mitmproxy,367,0,sha256WithRSAEncryption,2048,RSA,1,v3,0,1
array518.prod.do.dsp.mp.microsoft.com,0901273dea3697c7209c1a2ca7136a58b7554f006cb160656a7493173953dcb1,mitmproxy,367,0,sha256WithRSAEncryption,2048,RSA,1,v3,0,1
marketiq.com,ceec5d583736c68ababeea03905d9acdcb3580e47c01650f8ff24b22718b38e1,mitmproxy,367,0,sha256WithRSAEncryption,2048,RSA,1,v3,0,1
trendmicro.com,8b5f099b704593f897a98a0a5713ab9c50d44362b07f21f0e968f2081dca56c6,mitmproxy,367,0,sha256WithRSAEncryption,2048,RSA,1,v3,0,1
apc.loki.delve.office.com,c13a7474e2ddcbb6b0294913da7ddae5a1f909839b4f7da4df4061673c07f369,mitmproxy,367,0,sha256WithRSAEncryption,2048,RSA,1,v3,0,1
tvsquared.com,a5987f05da82980efb5f76b1102513a4fd5f0a6d390788d8e168e43b2a1a2483,mitmproxy,367,0,sha256WithRSAEncryption,2048,RSA,1,v3,0,1
discordapp.com,2214ee90ee9dd3a4b356ab3c14a6b3e45a5775534a4ad8fc1a35127d91cfd853,mitmproxy,367,0,sha256WithRSAEncryption,2048,RSA,1,v3,0,1
links.tospotify.com,0a9725574394c387503124948666dd8c0f1545aa360cdaa3ef0c1135c1f89b1d,mitmproxy,367,0,sha256WithRSAEncryption,2048,RSA,1,v3,0,1
gamepass.com,bca823b4bc6d8fae2cabb21682615aa570dece7dd5bbc5952028fa1b19e54fa5,mitmproxy,367,0,sha256WithRSAEncryption,2048,RSA,1,v3,0,1
axonix.com,6c488bd5fb8e3d332f1459e07260384972f7b32063646d8ad4b7131ece21d733,mitmproxy,367,0,sha256WithRSAEncryption,2048,RSA,1,v3,0,1
lifecycle.office.com,8674345fca07d1ca1e263eeae9d41ce26f7f4618fc17c1c91e4359841acb7021,mitmproxy,367,0,sha256WithRSAEncryption,2048,RSA,1,v3,0,1
messaging.lifecycle.office.com,6bb8d340bd9bf07c52e130f7cb14081f564528db882794a1fca4e3b8488ba201,mitmproxy,367,0,sha256WithRSAEncryption,2048,RSA,1,v3,0,1
array507.prod.do.dsp.mp.microsoft.com,9608352c267e9ade88c6ba1f9c75ad290c96e0ebe1656ec24bfb07a071cd059e,mitmproxy,367,0,sha256WithRSAEncryption,2048,RSA,1,v3,0,1
p16-sg.tiktokcdn.com,4b98340eacb5fb2e9ea1336c1efc0edd2311f2ba1cd6d41adedca979fd716321,mitmproxy,367,0,sha256WithRSAEncryption,2048,RSA,1,v3,0,1
array621.prod.do.dsp.mp.microsoft.com,a8754f7f7c44fa0f2a602a6b56a5296c8c62a5f86f315d1bbf81eab880449f29,mitmproxy,367,0,sha256WithRSAEncryption,2048,RSA,1,v3,0,1
prd.jwpltx.com,0cb0c2cd47161cc1e5615ef7767ea346dc5c90b8a20385adba2c6d1dc3084294,mitmproxy,367,0,sha256WithRSAEncryption,2048,RSA,1,v3,0,1
p16-common.tiktokcdn-us.com,fb9fd2ba6e8080b816f9397ef03d30c7418fc228096c4dbe9b1698721507bb45,mitmproxy,367,0,sha256WithRSAEncryption,2048,RSA,1,v3,0,1
catalog.gamepass.com,55ed0b4fab0a0c411c3ef9e201cfc3ab848de8c831cc7bd7663a1da05172dd6c,mitmproxy,367,0,sha256WithRSAEncryption,2048,RSA,1,v3,0,1
apac.cc.skype.com,c9b258b9a13dec0ad9fb22d716b3029806be3c5b2d93a3b23bd6c30d357fca3e,mitmproxy,367,0,sha256WithRSAEncryption,2048,RSA,1,v3,0,1
prebid-a.rubiconproject.com,ad99923f3d2ead5254d3ea0d68f91591a0c03cf9c669e99fd9eb5996c378be2c,mitmproxy,367,0,sha256WithRSAEncryption,2048,RSA,1,v3,0,1
api.taboola.com,16504b4006b275b8496c5c574f2879c98ee4e171d56b7de8e630e327a078f4ee,mitmproxy,367,0,sha256WithRSAEncryption,2048,RSA,1,v3,0,1
google.co.in,6c3835ed4be5388be8cc9f09f5e32019dfe38b6ffe8b38e799bb4ae06303055d,mitmproxy,367,0,sha256WithRSAEncryption,2048,RSA,1,v3,0,1
stackpath.bootstrapcdn.com,f4e4f8fcf7a6a52a7e12e6f4c153e1cc9e3b00bf917cafac83906de699bea38b,mitmproxy,367,0,sha256WithRSAEncryption,2048,RSA,1,v3,0,1
pixel.quantcount.com,8a465d0bcd20e3b581492af373077c93cbf23065476598c7a1007b0455416ed5,mitmproxy,367,0,sha256WithRSAEncryption,2048,RSA,1,v3,0,1
directory-search-a.wbx2.com,166c29fcb12139d85664bcf95052ed063b5169e5f1fb10e0d95ef10609e6038d,mitmproxy,367,0,sha256WithRSAEncryption,2048,RSA,1,v3,0,1
www.tm.v4.a.prd.aadg.akadns.net,3db6a2f3ed44b89e792553813d7769d5d08c05c9a967a8738e75aab5802ea00b,mitmproxy,367,0,sha256WithRSAEncryption,2048,RSA,1,v3,0,1
remoteprovisioning.googleapis.com,b295360e1323225fbc0322e42473c223edc3fb40bc1d0b277f33ed47ef9e4e5d,mitmproxy,367,0,sha256WithRSAEncryption,2048,RSA,1,v3,0,1
gcos.adobe.io,624c95ca83368bf327895d95a3a7c642975bf5db4fd61b621c6b9a11839fac40,mitmproxy,367,0,sha256WithRSAEncryption,2048,RSA,1,v3,0,1
pay-users-pa.googleapis.com,b8a90c97e3bfc4b6a072931bd2be881e811f7216be4d2f84705bfc39f87b0b1e,mitmproxy,367,0,sha256WithRSAEncryption,2048,RSA,1,v3,0,1
p1.parsely.com,ce110278c5ec0ee9d508efa35d9cdfb31a9ea84ccc8181121f4371a093ec08cf,mitmproxy,367,0,sha256WithRSAEncryption,2048,RSA,1,v3,0,1
cs-rtb.minutemedia-prebid.com,b654c879dde8255c6e301d3c3fbb132beecc98f28b13a9d9a28b9b93f2eee8e9,mitmproxy,367,0,sha256WithRSAEncryption,2048,RSA,1,v3,0,1
pagead2.googleadservices.com,6487855e214c48d8e4c0d845713eb81b744db39d1e1a19f6a0795acd3471a6d2,mitmproxy,367,0,sha256WithRSAEncryption,2048,RSA,1,v3,0,1
prod.tahoe-analytics.publishers.advertising.a2z.com,8a2713e54d24926e6e8b93291b4d804f5a887c006f6c7ce24833bc06643ad197,mitmproxy,367,0,sha256WithRSAEncryption,2048,RSA,1,v3,0,1
ocsp.comodoca.com.cdn.cloudflare.net,8018decbbeb4dbd42cbca5434a6bd8932cb0399fab6f8a1c88a007f589a944a8,mitmproxy,367,0,sha256WithRSAEncryption,2048,RSA,1,v3,0,1
us-east-eb2.3lift.com,c3dd6e57461237f7a8911a122514b6eff090552e557dba0324380a2520befc3f,mitmproxy,367,0,sha256WithRSAEncryption,2048,RSA,1,v3,0,1
calliope-anycast.prod.infra.webex.com,9bb26889e7473b548921b5782b3f3397ace475b8df17aabaed58d4cf2287ab03,mitmproxy,367,0,sha256WithRSAEncryption,2048,RSA,1,v3,0,1
onedriveclubproddm20002.blob.core.windows.net,08718646cc3fc6396a9c3c587f1c51e2234bda2a942e31cb8be9b69ab535f26b,mitmproxy,367,0,sha256WithRSAEncryption,2048,RSA,1,v3,0,1
t3.gstatic.com,e8e6cad2b0b0ff32799880a359e4220055d1328daf927c3c14834cd01db8b1de,mitmproxy,367,0,sha256WithRSAEncryption,2048,RSA,1,v3,0,1
sf16.tiktokcdn-us.com,9a7cde45faa819bdbff38e2c11387fc46b0abf0aa87cc3f2c94eb5664677b609,mitmproxy,367,0,sha256WithRSAEncryption,2048,RSA,1,v3,0,1
sdk.privacy-center.org,8d113fb6f1f280b686f8fcb7e017e8ab23eeb49be5cbf9fc9f22c98ac98a622c,mitmproxy,367,0,sha256WithRSAEncryption,2048,RSA,1,v3,0,1
onedriveclubproddm20001.blob.core.windows.net,a700fac6c8ba8969d71ddb0ae5b3dc2704622d1e1e84fd0af3bcb96bc063d11e,mitmproxy,367,0,sha256WithRSAEncryption,2048,RSA,1,v3,0,1
onedriveclubproddm20022.blob.core.windows.net,b66566cecf56d0ae54edb82b17e3f43e8193d6cae1e0492c0bdb4084000d5398,mitmproxy,367,0,sha256WithRSAEncryption,2048,RSA,1,v3,0,1
dcs-ups.g03.yahoodns.net,8da95006e4a04e2078f593fe6846cff04ccff62811e235fca63e3946c83a70c6,mitmproxy,367,0,sha256WithRSAEncryption,2048,RSA,1,v3,0,1
duolingo.com,7dc98115d3e7a30347a74c63bf99b7261dfb7e823cc5890d001125bc6726d464,mitmproxy,367,0,sha256WithRSAEncryption,2048,RSA,1,v3,0,1
conn-service-us-05.allawnos.com,e4a64c6ffb49283fb52d762dd6cc315e50b74d6de8a7a07bf7dd9d147b2212d2,mitmproxy,367,0,sha256WithRSAEncryption,2048,RSA,1,v3,0,1
onedriveclubproddm20007.blob.core.windows.net,b28f4a146a8da73d002237d11dcf7664804355f85b9cdce01dc00a54bdb988bc,mitmproxy,367,0,sha256WithRSAEncryption,2048,RSA,1,v3,0,1
onedriveclubproddm20006.blob.core.windows.net,3d3f541b7696d33f13e2ef218e4e975868dfda32a0b169e30fa2c6a94e44b1ca,mitmproxy,367,0,sha256WithRSAEncryption,2048,RSA,1,v3,0,1
unif-id.ssp.inmobi.com,19fe9d07d5f51734a9e325f329ce35ddd43d9fe6f74cce7680fbe62efb6213aa,mitmproxy,367,0,sha256WithRSAEncryption,2048,RSA,1,v3,0,1
aax-events-cell02-cf.us-west.3px.axp.amazon-adsystem.com,f0c3968581530963fb4907a1e9fe6d608d97aa433c7b3e769a6c68d646ddbf61,mitmproxy,367,0,sha256WithRSAEncryption,2048,RSA,1,v3,0,1
onedriveclubproddm20024.blob.core.windows.net,03ed5a0d4aac70738e2ddaf96557cb7a50e9d1e3833d69ed51c0a4b6037a093a,mitmproxy,367,0,sha256WithRSAEncryption,2048,RSA,1,v3,0,1
onedriveclubproddm20009.blob.core.windows.net,2c428ee8377b98c9ef199e4cc0a3ed117f8453e3962b19105e9b8dd23a35094d,mitmproxy,367,0,sha256WithRSAEncryption,2048,RSA,1,v3,0,1
onedriveclubproddm20026.blob.core.windows.net,0f126acaddc6d593e964f0675105e65850b070ea82d910287a87c8f16a03917c,mitmproxy,367,0,sha256WithRSAEncryption,2048,RSA,1,v3,0,1
gsp57-ssl-locus.ls.apple.com,316dc569eb171b23aa64e49e9101a00859ff89d76a40019814edb786aad172a9,mitmproxy,367,0,sha256WithRSAEncryption,2048,RSA,1,v3,0,1
consent.trustarc.com,63bcb849004dbfe1c1e15d11dda345e3a3ed7d0824d92208b5c6d7c12e6a5572,mitmproxy,367,0,sha256WithRSAEncryption,2048,RSA,1,v3,0,1
onedriveclubproddm20018.blob.core.windows.net,4b1c4bf571844a986b77536327fe8e8fc8eea2b41c514d6a8d7e8feb2a25131f,mitmproxy,367,0,sha256WithRSAEncryption,2048,RSA,1,v3,0,1
sendgrid.net,ac2fbbf9e90d06ccbba62102f129f1eb88498ab171fc9aae67b9864b7876aecd,mitmproxy,367,0,sha256WithRSAEncryption,2048,RSA,1,v3,0,1
match.marketiq.com,aec3da392cb2124bdca167b0b577c012a941fb435f249df3827c490e20fd2a6d,mitmproxy,367,0,sha256WithRSAEncryption,2048,RSA,1,v3,0,1
onedriveclubproddm20008.blob.core.windows.net,5f5d9b64d564c113f7ddfdddee21df89ad245191525680f7284b778d687c3d4a,mitmproxy,367,0,sha256WithRSAEncryption,2048,RSA,1,v3,0,1
sse-ws-p189.apple.com,7b1ac3e3dd79c22eb1d2b2d76a6a451749510e171193321efd2f8921044ebeac,mitmproxy,367,0,sha256WithRSAEncryption,2048,RSA,1,v3,0,1
us-auth2.samsungosp.com,a6e5f35b5717e224c949131abbc0772dace5ca7119eade058f77ff9d81d6cf0a,mitmproxy,367,0,sha256WithRSAEncryption,2048,RSA,1,v3,0,1
telemetry.sdk.inmobi.com,1919f7fa2d6e7ccbc24482aa26534f4da00ff91f1e6e756bdbf91dc11ea1ae4f,mitmproxy,367,0,sha256WithRSAEncryption,2048,RSA,1,v3,0,1
oath.com,d80b21462bc0c54c476a1aea84fec4bfe327ff4263e0c025b4cf8b5dbe60ba3e,mitmproxy,367,0,sha256WithRSAEncryption,2048,RSA,1,v3,0,1
protected-by.clarium.io,abae5e06b0e98887b701b4908be13aecbdb308e6a105f74e79cc6eeeb28384cc,mitmproxy,367,0,sha256WithRSAEncryption,2048,RSA,1,v3,0,1
exchange.postrelease.com,7c9e35fe975825b8d3dbba04f7d3d1cf2061f6dc8bede433efa8a52a41565ae8,mitmproxy,367,0,sha256WithRSAEncryption,2048,RSA,1,v3,0,1
fpinit-us-w.edge-itunes-apple.com.akadns.net,605672504511f94da89959e75086ca406c6719bc203ab95e14d84c211010496b,mitmproxy,367,0,sha256WithRSAEncryption,2048,RSA,1,v3,0,1
sdk.iad-05.braze.com,021f6d800190f8dc47a6144166001ce1c9f9843d52e63848df1f7ed54c1e2ffb,mitmproxy,367,0,sha256WithRSAEncryption,2048,RSA,1,v3,0,1
stats.wp.com,00192d246f63e49040975388b4baead8e7393c11c645eb37d2327111a4299339,mitmproxy,367,0,sha256WithRSAEncryption,2048,RSA,1,v3,0,1
cs.ns1p.net,a496c54961bf4a046d1a08a0145c333995f5ad15b442545fbc8eb705918d2766,mitmproxy,367,0,sha256WithRSAEncryption,2048,RSA,1,v3,0,1
cs.ingage.tech,79b247521760e87af76b84d836f1cf75ae6ae56956567e63a098a97224e25ad2,mitmproxy,367,0,sha256WithRSAEncryption,2048,RSA,1,v3,0,1
appboycdn.com,3c44d7021fba4b3ff62513b919c9a6662fa944b664b23c0e0ae946a36dcb54c2,mitmproxy,367,0,sha256WithRSAEncryption,2048,RSA,1,v3,0,1
js.appboycdn.com,5cba154d50d5ccf60281dcb0d9f79ee53a61f2f3035e3816e1fe16c16d10f2e7,mitmproxy,367,0,sha256WithRSAEncryption,2048,RSA,1,v3,0,1
cdn-f.adsmoloco.com,87a3b15ff748b871d4493edab86fddf4b82af84c2b03717be51c6d216c4c22b4,mitmproxy,367,0,sha256WithRSAEncryption,2048,RSA,1,v3,0,1
sf16-teko.tiktokcdn.com,241a0ec42a988f1faaadb998f601e39a37da6bbadc3cd33153f3804814319dd8,mitmproxy,367,0,sha256WithRSAEncryption,2048,RSA,1,v3,0,1
static.canva.com,7e1b7488e7331b81b45a4c421a3127dc4e4a0b07afcf9c5c35d68f4e20b5dda0,mitmproxy,367,0,sha256WithRSAEncryption,2048,RSA,1,v3,0,1
ottadvisors.com,1fd5412ec94a08785ac4408a1b29d1e9154d9b9522577e2cca8cfc07662390ad,mitmproxy,367,0,sha256WithRSAEncryption,2048,RSA,1,v3,0,1
sync.ottadvisors.com,bb9b6db1cf067c1ee4e9f02bfd662ce5c5bed88585c6b8cf62da022528115eeb,mitmproxy,367,0,sha256WithRSAEncryption,2048,RSA,1,v3,0,1
bidder.criteo.com,911871029db19a5ae8218fbca8f8548990418899903881378b3b6bcb331050f4,mitmproxy,367,0,sha256WithRSAEncryption,2048,RSA,1,v3,0,1
gbc.criteo.com,3029006e706c1c73812899f1a7f5b97a166a1f39bacb642d9f476b90c31be7d8,mitmproxy,367,0,sha256WithRSAEncryption,2048,RSA,1,v3,0,1
openrtb-us-east-1.axonix.com,519fb847c83cc888f7cece9cfc83571f3094aced06a1830738eefc5fc6d43980,mitmproxy,367,0,sha256WithRSAEncryption,2048,RSA,1,v3,0,1
winatp-gw-eus3.microsoft.com,5cb738ea8f8b582caef5fec5e4a11109e6d5eb7f67e41d03aef84e3bc947294d,mitmproxy,367,0,sha256WithRSAEncryption,2048,RSA,1,v3,0,1
cta-service-cms2.hubspot.com,67dbb8fa56b5123460531622d468cdfd1277b1d419d5cc1f71b634b048a37f51,mitmproxy,367,0,sha256WithRSAEncryption,2048,RSA,1,v3,0,1
l.evidon.com,fa6b441e002dce5e8ef587a43c5fa79bc49263952679d5399e8d0595afc9e1b3,mitmproxy,367,0,sha256WithRSAEncryption,2048,RSA,1,v3,0,1
e6449.a.akamaiedge.net,9e0eaa7b2499cf5167d7a9fb5ad46d8cd6b8be8ba33544279da3ca8207776064,mitmproxy,367,0,sha256WithRSAEncryption,2048,RSA,1,v3,0,1
onedriveclubprodbn20005.blob.core.windows.net,e944569bb8bc2392a46d04c47dd1b5f2eeed96919a3552c81cf49e95b9762ff3,mitmproxy,367,0,sha256WithRSAEncryption,2048,RSA,1,v3,0,1
wac-0003.wac-msedge.net,ad17551b362d39b2394c65f225b61c4c7cdc87e6010e09689dda41114070b389,mitmproxy,367,0,sha256WithRSAEncryption,2048,RSA,1,v3,0,1
revcontent.com,ce15a33508cf51b80e3c8050aab8cb3e7ad14e7dde86db9586849bb59a1acdd5,mitmproxy,367,0,sha256WithRSAEncryption,2048,RSA,1,v3,0,1
onedriveclubprodbn20040.blob.core.windows.net,c6130bfde133a98e860c757a9accb7e2d621e42902d72d108274473a21e2a7e1,mitmproxy,367,0,sha256WithRSAEncryption,2048,RSA,1,v3,0,1
browser-intake-us5-datadoghq.com,d1b256f079f139f705ac57cae64df6ac0c31d5fa53a1f978a11647e8bc87e6fb,mitmproxy,367,0,sha256WithRSAEncryption,2048,RSA,1,v3,0,1
uci.cdn.office.net,83bbc6eee1b80f181f69eba624df578594b1abaacf5bd32718e0534091784605,mitmproxy,367,0,sha256WithRSAEncryption,2048,RSA,1,v3,0,1
s.ns1p.net,9ae8887fa5a758eb6a081d16727c17775e346c5868163f3721742225a7eb0ea1,mitmproxy,367,0,sha256WithRSAEncryption,2048,RSA,1,v3,0,1
cp-rp16-normal-alisg.tiktokv.com,5f2b597e03a15027813be48774b332ce5f9ee063592af44a106801d9fd17d52d,mitmproxy,367,0,sha256WithRSAEncryption,2048,RSA,1,v3,0,1
fast.a.klaviyo.com,559525e360ca3d2d8a3f4b8c2cc101f8a031e41f759cc6fe565d98b83419e2a1,mitmproxy,367,0,sha256WithRSAEncryption,2048,RSA,1,v3,0,1
go.mediagotechnology.com,e10873b7e388410892842dba0367b9befe533403ce7bb17aa84b5c2c5c6a3bff,mitmproxy,367,0,sha256WithRSAEncryption,2048,RSA,1,v3,0,1
vcs-sg.tiktokv.com,badc7768fa00d3f04a3dbd92c77430388072394ba2f77fade14811feab4e227f,mitmproxy,367,0,sha256WithRSAEncryption,2048,RSA,1,v3,0,1
discovery-prod-weightedww.trafficmanager.net,54b2af93a49772bd76dfaf9a06266a8a39675a932d24bd363ed043ec543e110e,mitmproxy,367,0,sha256WithRSAEncryption,2048,RSA,1,v3,0,1
o13855.ingest.sentry.io,36534a2f534ba684519e70276fca7501b476f5b3f77bd63817bcd607ee3754bc,mitmproxy,367,0,sha256WithRSAEncryption,2048,RSA,1,v3,0,1
chunk-composing.canva.com,78811acb06cc9dca3b5835c0742fe5183c1dfb4db387cf3ec7d7004a7cab99da,mitmproxy,367,0,sha256WithRSAEncryption,2048,RSA,1,v3,0,1
beacons4.gvt2.com,38f98252547a9e389a652b2ff14dfd2e5703cb60fba3135c4e9df223c267fcda,mitmproxy,367,0,sha256WithRSAEncryption,2048,RSA,1,v3,0,1
onedriveclubprodbn20009.blob.core.windows.net,fb012792315b55612859efdddcfc9210af3bce119295304af8dda1fa2f1d266c,mitmproxy,367,0,sha256WithRSAEncryption,2048,RSA,1,v3,0,1
search.namequery.com,9fa75afa6dd12f0ae8258f1387ecc46ea00c2b1cfcd07aab94a9241dee647873,mitmproxy,367,0,sha256WithRSAEncryption,2048,RSA,1,v3,0,1
nym2-ib.adnxs.com,99a2146f41c4aa1a5da161ad961e73309cb1a9ff6f3c924dbbe6425e8cd8e0be,mitmproxy,367,0,sha256WithRSAEncryption,2048,RSA,1,v3,0,1
mr-b02.tm-azurefd.net,2d14c635c0cae239a10c3b5805bd3767ad6ae36ef7e6377f6ba20a22f0c091e7,mitmproxy,367,0,sha256WithRSAEncryption,2048,RSA,1,v3,0,1
kochava.com,0274f85ae7f2b5026bfe49219356051772b1c70d92ca0352d67970d0ba9f88cb,mitmproxy,367,0,sha256WithRSAEncryption,2048,RSA,1,v3,0,1
onedriveclubprodbn20015.blob.core.windows.net,216a967b17d0b7cd051e154413e192ec20deaa341643bcb20c1b79f806f6eac9,mitmproxy,367,0,sha256WithRSAEncryption,2048,RSA,1,v3,0,1
prod-rel-ffc-ccm.oobesaas.adobe.com,0e416a4fff68a96a94287094f3aac606e84088fb661d9d7eb16f1fc6631efa28,mitmproxy,367,0,sha256WithRSAEncryption,2048,RSA,1,v3,0,1
pixel.byspotify.com,7779a90d9c86aa881c5d17e4a3fa7abdeceb92130df175f430058ab4d28aa9a8,mitmproxy,367,0,sha256WithRSAEncryption,2048,RSA,1,v3,0,1
a1988.dscg1.akamai.net,d89245be1037f20d2b7d90e7803cde7695b6cc1b9c95d79068dd3c3279ceb5f2,mitmproxy,367,0,sha256WithRSAEncryption,2048,RSA,1,v3,0,1
impression-east.liftoff.io,a3cdb646ed2608e11ed97f90910a7b8f1506fc4572cb2d12327231f8f2056236,mitmproxy,367,0,sha256WithRSAEncryption,2048,RSA,1,v3,0,1
prod.configsvc1.live.com.akadns.net,03fc9e48cea83c612bcb7b4a153408b3d02a2a5e0c211d17fbfafabbf31ae58e,mitmproxy,367,0,sha256WithRSAEncryption,2048,RSA,1,v3,0,1
onedriveclubprodbn20043.blob.core.windows.net,ca122e455f51126926d53841d200d867b4f191b2b93a220efe40a20617e71ec9,mitmproxy,367,0,sha256WithRSAEncryption,2048,RSA,1,v3,0,1
onedriveclubprodbn20052.blob.core.windows.net,2921a43b5b4af7cdcdae2a93b135cba2d8e1f887c8b77511b49f3cbd20c1d82e,mitmproxy,367,0,sha256WithRSAEncryption,2048,RSA,1,v3,0,1
s3-1-w.amazonaws.com,60261e902e9fd4c72b723372d1fa1adc6d1b7cc4afea63e2f1b82ab96698ede4,mitmproxy,367,0,sha256WithRSAEncryption,2048,RSA,1,v3,0,1
cs-ob.yellowblue.io,bbca5030ce3a3140c232a7bab281b4205440a444fa924b5ccf989c4c9dc6cc5e,mitmproxy,367,0,sha256WithRSAEncryption,2048,RSA,1,v3,0,1
apple-native-relay.apple.com,8420dabb2cd789139f548d20724b5b1bd8a38d770c1a71e5ebfa2c1fc729b793,mitmproxy,367,0,sha256WithRSAEncryption,2048,RSA,1,v3,0,1
cmp.osano.com,7e3b8fe5d2b1771d8baf55168d6354fd3c412f5711c95922b268f1b167130653,mitmproxy,367,0,sha256WithRSAEncryption,2048,RSA,1,v3,0,1
api.stripe.com,34aee5e62466645b18d1ef018efa303bc717bdda2d43170468ff825029cea728,mitmproxy,367,0,sha256WithRSAEncryption,2048,RSA,1,v3,0,1
onedriveclubprodbn20016.blob.core.windows.net,09dd7bcd7478e7cb4002bbf3bf68b735f393727346a9e7d75097f1b85ed0e0ab,mitmproxy,367,0,sha256WithRSAEncryption,2048,RSA,1,v3,0,1
xplosion.de,9382ca4920b3533d1098cf2f2234e1cf38a5800f3438091c92be4efb600867ca,mitmproxy,367,0,sha256WithRSAEncryption,2048,RSA,1,v3,0,1
criteo-partners.tremorhub.com,6af707f8af6e145a7d92e47059c864e68dcab16f71ba089b1660cd0b49c2a5bf,mitmproxy,367,0,sha256WithRSAEncryption,2048,RSA,1,v3,0,1
humb.apple.com,c48e98ec4dc24a2f486f75b4e7f0c50e5c53c89b95b8730cd45f604873394ac7,mitmproxy,367,0,sha256WithRSAEncryption,2048,RSA,1,v3,0,1
nam04.safelinks.protection.outlook.com,0d4c6c6c1ff7b86741a7c62e0b0d2d0c81e115a33fbd7b33de38a1ea6614afd7,mitmproxy,367,0,sha256WithRSAEncryption,2048,RSA,1,v3,0,1
cws.conviva.com,668209548002df7dc12770f8967e506d4d7e1aec66ef0534eefc67c8c48e4a7a,mitmproxy,367,0,sha256WithRSAEncryption,2048,RSA,1,v3,0,1
p.alcmpn.com,d5bf357ca9564c72e58817c523b47ceffa602743c12786e8f3d286308a8f6a24,mitmproxy,367,0,sha256WithRSAEncryption,2048,RSA,1,v3,0,1
cchome.adobe.io,d436a5aed5dc3b963604ecda84b2b3ecc94b4273c0bdbbc11d99421d47343af8,mitmproxy,367,0,sha256WithRSAEncryption,2048,RSA,1,v3,0,1
mktoresp.com,8b40437f9844f4b937779ad2f68fdb153b9fdb927b2223ebe8c425b5ef768476,mitmproxy,367,0,sha256WithRSAEncryption,2048,RSA,1,v3,0,1
locationhistoryaggregates-pa.googleapis.com,863a2417b63fd6d8ce97d9257ab25856a7fd1302ffb32f2505f6087a5c557126,mitmproxy,367,0,sha256WithRSAEncryption,2048,RSA,1,v3,0,1
policy.samsungcloud.com,ee1c2d2837803730b61e2611edd05cc5efda59e23af35756a5fb82ddfae93e0c,mitmproxy,367,0,sha256WithRSAEncryption,2048,RSA,1,v3,0,1
eu-prod.asyncgw.teams.microsoft.com,129a633e9ad4c96e701af4bca2b17149e9ad25067ca72d14c8684ee0fd62e1c9,mitmproxy,367,0,sha256WithRSAEncryption,2048,RSA,1,v3,0,1
adsdk.bing.net,79c9fef0acc357eec902079ca9c1256a374d6670a726d06ab0167b1a13717370,mitmproxy,367,0,sha256WithRSAEncryption,2048,RSA,1,v3,0,1
alexa-14.na.gateway.devices.a2z.com,bf8e816b5b0c991391ae0d64fb1a6da76eb3e0cedd86cf8677483b5b4ea19436,mitmproxy,367,0,sha256WithRSAEncryption,2048,RSA,1,v3,0,1
api.amplitude.com,eb89b5410a18ee04dd7121d8b3eb18f2cb9cd72e86a91bfbc4603161777012a3,mitmproxy,367,0,sha256WithRSAEncryption,2048,RSA,1,v3,0,1
definitionupdates.microsoft.com,5ef779dd292e856917d9cec886f943d3b35913150fd776e3c393a50ebd41c154,mitmproxy,367,0,sha256WithRSAEncryption,2048,RSA,1,v3,0,1
ox-rtb-us-east1.openx.net,0094b83e45c0d22871aabf19893b81ae3ede7a7726146677d9f93d425376cc4a,mitmproxy,367,0,sha256WithRSAEncryption,2048,RSA,1,v3,0,1
poll.gras.samsungdm.com,5019826b7afcbb18c7a57863d8dbb642a6990a3f077995406818c8e8eba0f0b5,mitmproxy,367,0,sha256WithRSAEncryption,2048,RSA,1,v3,0,1
a1994.dscr.akamai.net,5900eede9ca128f970cb7c69a8c8680bc35a6cb646d5e26d417ace140b05696e,mitmproxy,367,0,sha256WithRSAEncryption,2048,RSA,1,v3,0,1
gsp36-ssl.ls.apple.com,d2006f1b18fe76e00bd853f42c2acf8c9a8253ac12b3d07393d2ad60eef931ec,mitmproxy,367,0,sha256WithRSAEncryption,2048,RSA,1,v3,0,1
ex.co,68ef7f82f8f77d9b268531d4a3db9a2205ad4a5996f229f845e633dfc8327d0c,mitmproxy,367,0,sha256WithRSAEncryption,2048,RSA,1,v3,0,1
www-www.bing.com.trafficmanager.net,a0948092baec123a2570d6eca056e14d4cad80ec574e339d38536498411b7777,mitmproxy,367,0,sha256WithRSAEncryption,2048,RSA,1,v3,0,1
superbet.ro,dcba80634c4cf900a781fff83d19b4825253cfbca1787b6ed372f105234f88e9,mitmproxy,367,0,sha256WithRSAEncryption,2048,RSA,1,v3,0,1
redditmedia.com,4b9fb09b55062d79466698e46d83a380080bef02d4f72effd8527f6ae8c84e15,mitmproxy,367,0,sha256WithRSAEncryption,2048,RSA,1,v3,0,1
cjs.diagnostics.office.com,572439cbe219a2d53102ce28edc2609e575d7bd27aee683d0c27edf69b9da49a,mitmproxy,367,0,sha256WithRSAEncryption,2048,RSA,1,v3,0,1
device.autopatch.microsoft.com,1c4d66505d5bb51c7c0c4f5b76c4e43180032836d22ff386118bbe33df7e6cf9,mitmproxy,367,0,sha256WithRSAEncryption,2048,RSA,1,v3,0,1
autodesk.com,b30776127aa3a150c24e29b73619f341421d80e1992013d5295c72227e247c7a,mitmproxy,367,0,sha256WithRSAEncryption,2048,RSA,1,v3,0,1
feed.pghub.io,4c0d9013589a116f36e52714d022ebb6f93f90544f93c395d53857aca46ec80e,mitmproxy,367,0,sha256WithRSAEncryption,2048,RSA,1,v3,0,1
sadownload.mcafee.com,44fb03aec0404d96e249643ef98096958800675a74925a981cdccfb339faf229,mitmproxy,367,0,sha256WithRSAEncryption,2048,RSA,1,v3,0,1
walmart.com,b9db0bf2e9a3ddb0be2addc584b8e0b1e64aa6661226e1bc35e7f3ac9dc4f66d,mitmproxy,367,0,sha256WithRSAEncryption,2048,RSA,1,v3,0,1
events.mapbox.com,cb4313357e339e4337a5c542624cb60cd0aaa3b1f7cb258dfac3fe4b8f1c42de,mitmproxy,367,0,sha256WithRSAEncryption,2048,RSA,1,v3,0,1
papi.walkme.com,8bf40be05574c92a2bc52386cd361c9a782224b7fee3f41dceb1b061df9081a8,mitmproxy,367,0,sha256WithRSAEncryption,2048,RSA,1,v3,0,1
us-east1-aws.duplex.sc-gw.com,8e7051b6c7f4dfa47d9eb757608eaff7b077fa98f205b1adf7502bd797ba7d64,mitmproxy,367,0,sha256WithRSAEncryption,2048,RSA,1,v3,0,1
pps.whatsapp.net,b0a31b2da8233e7420936369f74bf5fe78af63ad099eed36afc562c6fa5fa0d6,mitmproxy,367,0,sha256WithRSAEncryption,2048,RSA,1,v3,0,1
events.bouncex.net,8518286fe5b1ad92abf0166c5e0fbc2dd26c878485db0c2086e05ee89908b551,mitmproxy,367,0,sha256WithRSAEncryption,2048,RSA,1,v3,0,1
na1e-acc.services.adobe.com,95b669db3cb6d905e56907bada83fe5a4200bbf599d51e5228ef74a403deb675,mitmproxy,367,0,sha256WithRSAEncryption,2048,RSA,1,v3,0,1
commerce.itunes.apple.com.edgesuite.net,1bea59d3dd48da68463ce8be8211b8a81f7724f79449a4f2081be431dd1cfc44,mitmproxy,367,0,sha256WithRSAEncryption,2048,RSA,1,v3,0,1
messages.google.com,c0d884f43cb84bccc691ddcbd382fa4aba8f2a8513581366d0da6be79703eb2d,mitmproxy,367,0,sha256WithRSAEncryption,2048,RSA,1,v3,0,1
global.telemetry.insights.video.a2z.com,40a3e646eb0d1caf79d47394afe239ea79126efc6a671f67dd06f824b50bc7ac,mitmproxy,367,0,sha256WithRSAEncryption,2048,RSA,1,v3,0,1
retail.offer-display.live.superbet.ro,874fbb2ac91dc4e18246df54e96ea398a3ae61b938cd6c5bbe94254abaa71de6,mitmproxy,367,0,sha256WithRSAEncryption,2048,RSA,1,v3,0,1
app.pendo.io,29c1eaf669906e82c710d5873ef3996e49771a4dbca0ea5d670eef2aa4c815d2,mitmproxy,367,0,sha256WithRSAEncryption,2048,RSA,1,v3,0,1
js.hsadspixel.net,a9c15533bdff277beb8c916c174669c1849e9cd89b71f6e61dde4253110a1a9a,mitmproxy,367,0,sha256WithRSAEncryption,2048,RSA,1,v3,0,1
ketchcdn.com,c64ad155a1bf466d808fe12b9d2f7de24e62a42d191292677a8cd568990b5016,mitmproxy,367,0,sha256WithRSAEncryption,2048,RSA,1,v3,0,1
global.ketchcdn.com,ef61629765e84a6b1567fd02ae666835551bed2c214e7e729088c2acc1576d83,mitmproxy,367,0,sha256WithRSAEncryption,2048,RSA,1,v3,0,1
atm.eop.mira.tm.svc.cloud.microsoft,96889aba8a0db1870dc4b6a3629f34dfc95e961602786ef78d2a293425617224,mitmproxy,367,0,sha256WithRSAEncryption,2048,RSA,1,v3,0,1
accuweather.com,319068f20ada09876c543248d5f65973aa8b57e5bf1a8027c21588a89ee104aa,mitmproxy,367,0,sha256WithRSAEncryption,2048,RSA,1,v3,0,1
in1-gw2-04-3d6c3051.eastus2.cloudapp.azure.com,7b8abc6cec7278999c5bd852d44d40357895545a9772afee2fe0cb77ce51f884,mitmproxy,367,0,sha256WithRSAEncryption,2048,RSA,1,v3,0,1
www.fbsbx.com,790b4a462374906d53079e638ccc7716e7f0c0f880cdf8145570ec21fc26ab4e,mitmproxy,367,0,sha256WithRSAEncryption,2048,RSA,1,v3,0,1
logging.diagnostics.office.com,570a0f9299280b3f1def2f633bddc62cd8fa870db1845ceb98432159f58ac9b1,mitmproxy,367,0,sha256WithRSAEncryption,2048,RSA,1,v3,0,1
perf-na1.hsforms.com,2f3b79ddf92f83b239d11b62d81ddac554d450f0c999fdf47132dcd09177ae5c,mitmproxy,367,0,sha256WithRSAEncryption,2048,RSA,1,v3,0,1
reqhfg-launches.appsflyersdk.com,d07f0c10c1f6d786f75a63b668cb659a684ddc335c3720609a8a3ac6eaceb1bd,mitmproxy,367,0,sha256WithRSAEncryption,2048,RSA,1,v3,0,1
ocsp.pki.goog,d3bf71a56ef22216bb7e7e633205677e3207c30949cdb7b8eba775a17ce9702a,mitmproxy,367,0,sha256WithRSAEncryption,2048,RSA,1,v3,0,1
analytics.pangle-ads.com,aa5c912a8e12f0790ee82ee1c90a9068f774762defb57b478d8521eeeac1a8df,mitmproxy,367,0,sha256WithRSAEncryption,2048,RSA,1,v3,0,1
d5p.de17a.com,2f68883093e2b8260c659738171422123c7dfd05d51297958cce41d1ae9564a0,mitmproxy,367,0,sha256WithRSAEncryption,2048,RSA,1,v3,0,1
secure-us.imrworldwide.com,d8645974bd2c44761e926969b52a4c0920c2ed8887c764ea19cc5d06c1b18978,mitmproxy,367,0,sha256WithRSAEncryption,2048,RSA,1,v3,0,1
cdn.discordapp.com,ca7ba1e9681fae2f8ffa854da77615e1512a85b5ed553b6d8b354eb956f81e92,mitmproxy,367,0,sha256WithRSAEncryption,2048,RSA,1,v3,0,1
arcticwolf.net,5432b905e02719079192ed2df6f639d58aa6b854b3d356ba8e3f45ae3cccc3e8,mitmproxy,367,0,sha256WithRSAEncryption,2048,RSA,1,v3,0,1
lenovosoftware.com,4f32eaea761323071bdcaa5401f0df30d2ffbf897f66066c6c7f8fad83022786,mitmproxy,367,0,sha256WithRSAEncryption,2048,RSA,1,v3,0,1
log22-normal-alisg.tiktokv.com,e43f6df58e779a02e1de15b5f07653aa1ca7f0a6e914b8cb99e74cbecfe64323,mitmproxy,367,0,sha256WithRSAEncryption,2048,RSA,1,v3,0,1
uber.com,86f102ef20dd9aa116e734bb07861b637de60edda1ced49528f68390e9a68239,mitmproxy,367,0,sha256WithRSAEncryption,2048,RSA,1,v3,0,1
wa2-bid.adsrvr.org,797636fd34e93479d2cb21c87939d2c44af7ed1eb812f09b316d7c91cecb179b,mitmproxy,367,0,sha256WithRSAEncryption,2048,RSA,1,v3,0,1
in2-gw2-05-3d6c3051.eastus2.cloudapp.azure.com,f0d93029bd7695cd3f24fbd1dcae4f963ec9e84ff5e7a4505682d44bec29a9ae,mitmproxy,367,0,sha256WithRSAEncryption,2048,RSA,1,v3,0,1
onedriveclubprodbn20004.blob.core.windows.net,f4e9b24d807504a1b143a4d82bbd128689cf104835a35dc6790f18081210923a,mitmproxy,367,0,sha256WithRSAEncryption,2048,RSA,1,v3,0,1
uss.xplosion.de,bf3139f497547326f758c9e66d42a5ffd790d0bd4bce3adb8d169db38750d5dd,mitmproxy,367,0,sha256WithRSAEncryption,2048,RSA,1,v3,0,1
weather-edge.fe2.apple-dns.net,f8c218b57d8d77d0f603ab0f9df1d44827b733f817c057412c03df80ddb6b054,mitmproxy,367,0,sha256WithRSAEncryption,2048,RSA,1,v3,0,1
cookiebot.com,c89a69cb43b699ca65c4b85506e1ff3548da1633d4ebaa3ec755329dd4284a91,mitmproxy,367,0,sha256WithRSAEncryption,2048,RSA,1,v3,0,1
platform.twitter.map.fastly.net,2b7d338c016f0a038558a4dbd61db7efcb1aacf5b50c72b313d102aad59771b6,mitmproxy,367,0,sha256WithRSAEncryption,2048,RSA,1,v3,0,1
dc.dqa.samsung.com,c875e8cf10155189053081a43691414bbb420435a2faf3c6ba1d95fcad444d9a,mitmproxy,367,0,sha256WithRSAEncryption,2048,RSA,1,v3,0,1
iphonesubmissions.v.aaplimg.com,9f1608be95a53f875501137a247868a3b7070a6d05bb46c677970c3684b432c7,mitmproxy,367,0,sha256WithRSAEncryption,2048,RSA,1,v3,0,1
e5977.dsce9.akamaiedge.net,c7c5d3da297751a0bce318d65494694d40a1e7cb3a030876d59c5d770cebcb35,mitmproxy,367,0,sha256WithRSAEncryption,2048,RSA,1,v3,0,1
a-0003.a-msedge.net,dc889bdbb95d04d497930dedb6fbd5fbfab03f8b1981bff29b2c16d7e1d2c5fe,mitmproxy,367,0,sha256WithRSAEncryption,2048,RSA,1,v3,0,1
apnx-match.dotomi.com,366a92a4b1752e5d07822e0e702d7e6672758730a3a5d3e038f2eff98626e979,mitmproxy,367,0,sha256WithRSAEncryption,2048,RSA,1,v3,0,1
in1-gw2-05-3d6c3051.eastus2.cloudapp.azure.com,2fedfa1f2b536cdd83616269f2b839b8ff7cb5440505a2c74d123c8f0be14b70,mitmproxy,367,0,sha256WithRSAEncryption,2048,RSA,1,v3,0,1
prod.client.wosc.services.microsoft.com,2a0133a28c5998551d69408f528a1799772f44164f54b57f635cf77ea2826fc5,mitmproxy,367,0,sha256WithRSAEncryption,2048,RSA,1,v3,0,1
a2047.mm3.akamai.net,db53d4eadf82e7ee49197ffdc26714e14a767be88357f00bb30ea1cf8e3263cb,mitmproxy,367,0,sha256WithRSAEncryption,2048,RSA,1,v3,0,1
c-bing-com.ax-0001.ax-msedge.net,8c6de8ad9de770012cca185e3b6e816da4bcbac2f36de3a6cc5e4bc52d103d01,mitmproxy,367,0,sha256WithRSAEncryption,2048,RSA,1,v3,0,1
nam11.safelinks.protection.outlook.com,1444db0b4362023ff54ccb50d15f7023d6dc20dec3b0a89786b65191ba36b803,mitmproxy,367,0,sha256WithRSAEncryption,2048,RSA,1,v3,0,1
mobileadmin.zscalerone.net,799d3ace65fedefdd64e362052a29c14aa2edc1f2dc324f1a78a22d3741515b2,mitmproxy,367,0,sha256WithRSAEncryption,2048,RSA,1,v3,0,1
onedriveclubprodbn20003.blob.core.windows.net,770213eba9734821ab649842abebc568d6fba0334f21e7f2355e1a373389c906,mitmproxy,367,0,sha256WithRSAEncryption,2048,RSA,1,v3,0,1
media.canva.com,b944ce4d7005ab64e1c8967805e3079c51b460761f111ba449e1383fd0f14e5b,mitmproxy,367,0,sha256WithRSAEncryption,2048,RSA,1,v3,0,1
e8960.b.akamaiedge.net,d80068ddbf4590bbbc000001a37c41300bb9c8667e391c5efd8a65af1030f42e,mitmproxy,367,0,sha256WithRSAEncryption,2048,RSA,1,v3,0,1
www.google.co.in,fb05cf921ab4d74f386f7e4439f757e4fe65e763210c624ed10b2ed82e1e2170,mitmproxy,367,0,sha256WithRSAEncryption,2048,RSA,1,v3,0,1
login.okta.com,8b892568a238169a8c13e405300b590a0220c9b085f5d026cd9b9f5ab919e48c,mitmproxy,367,0,sha256WithRSAEncryption,2048,RSA,1,v3,0,1
ocso.com,2d7931703bd71b79b21c32dc5ac9a2287fdc047dbada4b745e1d60c859ee34a1,mitmproxy,367,0,sha256WithRSAEncryption,2048,RSA,1,v3,0,1
files-asr.acrobat.com,ea6debbaba7bd7eb33b53a9dbcc3c6aee2977d221c03bc4953c4bd5860c1ff11,mitmproxy,367,0,sha256WithRSAEncryption,2048,RSA,1,v3,0,1
i.l-new.inmobicdn.net,2656fd9184f0e8d0240b6a740e5932d2f01d67f65d0a4440d724ad2db1bdf8c6,mitmproxy,367,0,sha256WithRSAEncryption,2048,RSA,1,v3,0,1
v77.tiktokcdn.com,d76b4f90e7ab291867abdd402d6a144a95a7dde43261cac9c738d1f553dc83af,mitmproxy,367,0,sha256WithRSAEncryption,2048,RSA,1,v3,0,1
merchant-ui-api.stripe.com,46f60ff856259d308d8ea8142e0eb12233ca9973fd9a1191c0c9f42ca28e17d4,mitmproxy,367,0,sha256WithRSAEncryption,2048,RSA,1,v3,0,1
b79c66077e27a1c100292a6aa5da291cfa7da7ef982a7d0d2708be38d76b31f.us-east-1.prod.service.minerva.devices.a2z.com,b337ade92134168b17e64a9149be45f23f8d45ee660dbd118ce6d95365b99459,mitmproxy,367,0,sha256WithRSAEncryption,2048,RSA,1,v3,0,1
casale-match.dotomi.com,c4249e4c8876c183e38580fed12282566b0fb0e97245714144fd25c24055ade6,mitmproxy,367,0,sha256WithRSAEncryption,2048,RSA,1,v3,0,1
gem.gbc.criteo.com,08191697aa2a20a93b371f99539baf95c5bb7a0322e99956c306b584f55ff6b9,mitmproxy,367,0,sha256WithRSAEncryption,2048,RSA,1,v3,0,1
array609.prod.do.dsp.mp.microsoft.com,0f23f5ccb32fa772bbd4a5e6bdc9965d9474af112e058d196d56b0b8cc80cedd,mitmproxy,367,0,sha256WithRSAEncryption,2048,RSA,1,v3,0,1
edge-microsoft-com.ax-0002.ax-msedge.net,5332ec386e4783dbaaac1b50842a8486eaae662709a9d3672f709f91b373b3db,mitmproxy,367,0,sha256WithRSAEncryption,2048,RSA,1,v3,0,1
mab.chartbeat.com,50b1214ff6f6d4407bbe39e1899a7f946ffbc9a9d62cc0c87b6ec68cf58600d3,mitmproxy,367,0,sha256WithRSAEncryption,2048,RSA,1,v3,0,1
ag.gbc.criteo.com,d152b5ab4cdd66bcd4b88c73427150bd5238e43290af48375298996be08dd78c,mitmproxy,367,0,sha256WithRSAEncryption,2048,RSA,1,v3,0,1
data-edge.smartscreen.microsoft.com,145445b8107b0a43fb029eb638924008cb527e6d8b3f8e88ea95c35adcec3d2d,mitmproxy,367,0,sha256WithRSAEncryption,2048,RSA,1,v3,0,1
in2-gw2-03-3d6c3051.eastus2.cloudapp.azure.com,7adafbb7d83f017316090de85edc9683bd8b182728cbbdff8553f91453d0c833,mitmproxy,367,0,sha256WithRSAEncryption,2048,RSA,1,v3,0,1
posthog.com,efbec8beb81839126e44a265e20c13f37e14dde7192b45c71b031cb6b86c6506,mitmproxy,367,0,sha256WithRSAEncryption,2048,RSA,1,v3,0,1
v45.tiktokcdn-us.com,4cf607b55657bb6ec324c9cd524b773b99f593db4f7b172291b85a16c74d197d,mitmproxy,367,0,sha256WithRSAEncryption,2048,RSA,1,v3,0,1
onenote.com,3fc567b230618041af997b51c8b8f28f80d97082d13c1b121863d6eb62d99d0e,mitmproxy,367,0,sha256WithRSAEncryption,2048,RSA,1,v3,0,1
bluecava.com,74d8df4eb27888faff8e135e4f83e6522919ba1205c698e9a8fdb23c86132ec4,mitmproxy,367,0,sha256WithRSAEncryption,2048,RSA,1,v3,0,1
graph.whatsapp.net,9e3af089cb5cd62c7fb89c3aadce7647db8d3ed01a552acbb1e8ed95ad0e649e,mitmproxy,367,0,sha256WithRSAEncryption,2048,RSA,1,v3,0,1
api.x.com,68bb3c4ea4ddcba44e7860b18cad01d4cb79495be063bac1838aeb30aa5a5a22,mitmproxy,367,0,sha256WithRSAEncryption,2048,RSA,1,v3,0,1
occ.a.nflxso.net,feac4de90fa26e6fcd6fa722014a2fad22bad0f7f2c8221458461da0226ae585,mitmproxy,367,0,sha256WithRSAEncryption,2048,RSA,1,v3,0,1
open.spotify.com,9d5bc255dd6a4fd4de24ba32b8eb2f76a3807ba450de40ea18454d02762650c7,mitmproxy,367,0,sha256WithRSAEncryption,2048,RSA,1,v3,0,1
oneget.org,8761c563dba35c348217c9a64ac0e70d0c2501534054253371704e60f5518dc6,mitmproxy,367,0,sha256WithRSAEncryption,2048,RSA,1,v3,0,1
chromesyncentities-pa.googleapis.com,8e0987a268850be078c80b356f356d03522e4a918929419ae4ce0b7d5cc565e6,mitmproxy,367,0,sha256WithRSAEncryption,2048,RSA,1,v3,0,1
miui.com,c9c5679490ef3869bd4f401e28d2cb87d8d8d48a75800865ecc648d850265288,mitmproxy,367,0,sha256WithRSAEncryption,2048,RSA,1,v3,0,1
cdn.oneget.org,e781a2f6e460be6c987ff28fa2924aa5bdf6c04fbd6f0cea9e8de1c8fdfa04d3,mitmproxy,367,0,sha256WithRSAEncryption,2048,RSA,1,v3,0,1
in2-gw2-04-3d6c3051.eastus2.cloudapp.azure.com,2b0aefe8b12b75e5b6e4ddce7739bbcfc27b21b3912e8106027a19fff3759e39,mitmproxy,367,0,sha256WithRSAEncryption,2048,RSA,1,v3,0,1
userway.org,99df76045959bf05bceb124899c50330f7774de64513d802794b8f078d16140f,mitmproxy,367,0,sha256WithRSAEncryption,2048,RSA,1,v3,0,1
fonts.shopifycdn.com,3c7fd80023d45913c5def10f88edd2eb9efdb7cce3900afa4d609b4c848b5277,mitmproxy,367,0,sha256WithRSAEncryption,2048,RSA,1,v3,0,1
bg.microsoft.map.fastly.net,0b4a9f48e905e2ed45c69751064e872453cd2f21e1d3b753081a66347094a3f0,mitmproxy,367,0,sha256WithRSAEncryption,2048,RSA,1,v3,0,1
lh2.l.google.com,bcbf06eb061fe57bf193a0c658bc9d62914cf488f994ba2b6782012c5dbcafcb,mitmproxy,367,0,sha256WithRSAEncryption,2048,RSA,1,v3,0,1
liftdsp.com,eeb00eca194811c6dabba0508559087966a28164e92f3dec6894ca1e6b4ff18c,mitmproxy,367,0,sha256WithRSAEncryption,2048,RSA,1,v3,0,1
e1.emxdgt.com,0c17fa2fb484f2036d9019d0d7acf37dcae5e07348ec5973e34cb923ecd30514,mitmproxy,367,0,sha256WithRSAEncryption,2048,RSA,1,v3,0,1
v19.tiktokcdn-us.com,e36a64256aa81163cd7bdfc666d30ab22772d97f025f8c09aba9be0ccbb0c113,mitmproxy,367,0,sha256WithRSAEncryption,2048,RSA,1,v3,0,1
onedscolprdcus21.centralus.cloudapp.azure.com,ee00fb75d1e90a5e6e3d2a262855adfd08eb4b29915a7f0e221ada91eb6ffa1f,mitmproxy,367,0,sha256WithRSAEncryption,2048,RSA,1,v3,0,1
trc-events.taboola.com,3ad8b05f4f304d04e07eac5c39df3d94cd1c5336893bb396e63d71730cba4399,mitmproxy,367,0,sha256WithRSAEncryption,2048,RSA,1,v3,0,1
pool.liftdsp.com,c80c4e3984ec00887ebeba8257989508f8154e2172b5855f8d3054cb99a3875f,mitmproxy,367,0,sha256WithRSAEncryption,2048,RSA,1,v3,0,1
sync6.im-apps.net,a7e1f0a52af0903dd353f8fcf889bc51b2f565df839da255c10bfc9ba7724ad3,mitmproxy,367,0,sha256WithRSAEncryption,2048,RSA,1,v3,0,1
apis.mcafee.com,894873de2f134e2ba8b915f003d56b18eb7e899199d8449df13ef5818a7b62c2,mitmproxy,367,0,sha256WithRSAEncryption,2048,RSA,1,v3,0,1
a1802.dscw154.akamai.net,d0cc74cd56819f1598f10854aab7cc1a2c92eed738ea05f915dd98a6edb3e46b,mitmproxy,367,0,sha256WithRSAEncryption,2048,RSA,1,v3,0,1
onedscolprdcus18.centralus.cloudapp.azure.com,433f50f5b5b1290438b106976c3dc39cd2e6b3bfc803b97f29266b3a2182b8cb,mitmproxy,367,0,sha256WithRSAEncryption,2048,RSA,1,v3,0,1
ib.msn.com,b6c87d9a1f8fee7b745fa549f53dffc2952395a55f8d46d7e8d338f83ad431a5,mitmproxy,367,0,sha256WithRSAEncryption,2048,RSA,1,v3,0,1
p19-common-sign-useastred.tiktokcdn-eu.com,2edd4fdb835577c8d72758fb2e1cb1e675bd47cf8d37130d69754a3bb7a9b97a,mitmproxy,367,0,sha256WithRSAEncryption,2048,RSA,1,v3,0,1
rtb-trk4.linkedin.com,ef513920f79f11fbd72152b5ddbd514b295594c8e8ec8a66e86c098cdd7bee4b,mitmproxy,367,0,sha256WithRSAEncryption,2048,RSA,1,v3,0,1
www.samsung.com,cafe029dd48d14cc6bf2dd1f175f4e04659c7acd173224d689aa2efbb211d20e,mitmproxy,367,0,sha256WithRSAEncryption,2048,RSA,1,v3,0,1
ka-p.fontawesome.com,98ab0ab6146f3f86d6888613f58b1108552777f37722c5b3413ee5ffa7accfe1,mitmproxy,367,0,sha256WithRSAEncryption,2048,RSA,1,v3,0,1
api.samsungconsent.com,ffec445adb31776039907d6fae3ce32f57bd561e4c98bb0363a45a6c39f9929c,mitmproxy,367,0,sha256WithRSAEncryption,2048,RSA,1,v3,0,1
onedscolprdwus03.westus.cloudapp.azure.com,cbea5725a06f3736c4cc9312c55e888ae5c2622e70fb94d7291ad2b452791cac,mitmproxy,367,0,sha256WithRSAEncryption,2048,RSA,1,v3,0,1
myworkday.com,0bf7ce5acffc5089201f701317f2c80c20e1bd7418dbe732cbe82f7143ba9c0e,mitmproxy,367,0,sha256WithRSAEncryption,2048,RSA,1,v3,0,1
pixel.wp.com,26ece8d8ca6e6667fac27c2c8e1752ca18b6e4e1ff704726b38fbc8bcbcc04b1,mitmproxy,367,0,sha256WithRSAEncryption,2048,RSA,1,v3,0,1
mtp.sag.us-ashburn-1.oci.oraclecloud.com,76f033a45d3d44cc2e90512a8a0f771a4211d075ec528fe17863202143a31d79,mitmproxy,367,0,sha256WithRSAEncryption,2048,RSA,1,v3,0,1
config.mtp.sag.us-ashburn-1.oci.oraclecloud.com,01c1515d9c89585b0412f733d4bbfcc7c95cd2ecd544c09d743d62b3f20f4ea3,mitmproxy,367,0,sha256WithRSAEncryption,2048,RSA,1,v3,0,1
onedscolprdcus15.centralus.cloudapp.azure.com,6740f3fbd6c9e8095b5f127f09839ace26f2f24fb29d2a0df25f209377119094,mitmproxy,367,0,sha256WithRSAEncryption,2048,RSA,1,v3,0,1
a874.b.akamai.net,f36bcfceb17fed904c214c8b23edc69d795404506ab3dfbb5a889eba2c9af3d5,mitmproxy,367,0,sha256WithRSAEncryption,2048,RSA,1,v3,0,1
tagged-by.rubiconproject.net.akadns.net,757dfa8b1b57460fe21951d67447f0f64919b1c26b61ccb4e6f7e7e7ca8b6c50,mitmproxy,367,0,sha256WithRSAEncryption,2048,RSA,1,v3,0,1
agents.msua01.manage.microsoft.com,772f122433018cc70af3826d6693961dfb40d0b3fb183601267ae71483bf0465,mitmproxy,367,0,sha256WithRSAEncryption,2048,RSA,1,v3,0,1
images-eds-ssl.xboxlive.com,104cf44332118f486b9ab944efd41249b938d67382c7055a86a2f277cccdff70,mitmproxy,367,0,sha256WithRSAEncryption,2048,RSA,1,v3,0,1
onedscolprdwus22.westus.cloudapp.azure.com,37715b24623f00248dd8713f9335e3c0bd1d9feb6bfe7e79d3365d6556c05bd3,mitmproxy,367,0,sha256WithRSAEncryption,2048,RSA,1,v3,0,1
ghent-gce-sc.bidswitch.net,833b1e0c674c942b050b0b055cbb392b09452644d721b4593d93bf0267e63565,mitmproxy,367,0,sha256WithRSAEncryption,2048,RSA,1,v3,0,1
download.lenovo.com,1dd60ad1278d36df8dc118018031c6970aa15d3f12e8eddb2e83986657dcf829,mitmproxy,367,0,sha256WithRSAEncryption,2048,RSA,1,v3,0,1
sdk-events.inner-active.mobi,1043db833f410b52b52db7a401f7ae4e2cc3c6024db0ee899056f205fb9ce278,mitmproxy,367,0,sha256WithRSAEncryption,2048,RSA,1,v3,0,1
onedscolprdwus12.westus.cloudapp.azure.com,c455d29a260a47da0303481a75d6eb272793e82dee8eebd4198fab04c730038d,mitmproxy,367,0,sha256WithRSAEncryption,2048,RSA,1,v3,0,1
onedscolprdwus18.westus.cloudapp.azure.com,a6781e06bf4d5b0e0436e9e43f412b03145c03e9c081b25599a24b38f9dc579c,mitmproxy,367,0,sha256WithRSAEncryption,2048,RSA,1,v3,0,1
d-code.liadm.com,95aad4f447aba43011ebd6261355c777abe70db336b704243c6df984467684cf,mitmproxy,367,0,sha256WithRSAEncryption,2048,RSA,1,v3,0,1
msft-ssp-useast.adnxs.com,e8115004648168c1f9707f88447a181c2f9a8c331dfa4ad361ebbe194fdf85f5,mitmproxy,367,0,sha256WithRSAEncryption,2048,RSA,1,v3,0,1
sync.graph.bluecava.com,353e64d263ec106ef267b2e81c78f2055c12bb67ed4b667f9615fdeb2e694974,mitmproxy,367,0,sha256WithRSAEncryption,2048,RSA,1,v3,0,1
ssl.sc.omtrdc.net,843e1eb38d75e04da8a6f7a6284b97dadefd14c5c5dc023a59e0504f332b4807,mitmproxy,367,0,sha256WithRSAEncryption,2048,RSA,1,v3,0,1
merchant-center-analytics.goog,f04ce021fa4c29b6420fcdd2e6a4b9b50dfd0ac78c9f86596c3af3b37ad18785,mitmproxy,367,0,sha256WithRSAEncryption,2048,RSA,1,v3,0,1
res1.applovin.com,4a5882c38a25aa2b62a75d9924a1b8ad4bc157bc6f9bd7a694e7e863a7c4c203,mitmproxy,367,0,sha256WithRSAEncryption,2048,RSA,1,v3,0,1
www.merchant-center-analytics.goog,5689216826a24a7acac64482af760e06dac06d30b8afec541987012b37b88e64,mitmproxy,367,0,sha256WithRSAEncryption,2048,RSA,1,v3,0,1
onedscolprdwus04.westus.cloudapp.azure.com,8bd02ae28e3d347195f3cb621636cf3b114d36a9e56d81013771413f1b7cdad5,mitmproxy,367,0,sha256WithRSAEncryption,2048,RSA,1,v3,0,1
onedscolprdwus21.westus.cloudapp.azure.com,af1b72a4d509826ee683adb80d218b96d9ad5ce2d4a5bedf6a5232ee47c4a3ea,mitmproxy,367,0,sha256WithRSAEncryption,2048,RSA,1,v3,0,1
www.baidu.com,805a35405d4961ea45a3b55b53ba93cc902f88581b61c6aaab1492bb9c133b65,mitmproxy,367,0,sha256WithRSAEncryption,2048,RSA,1,v3,0,1
onedscolprdwus23.westus.cloudapp.azure.com,5b8c618459569a3a727887614a0d2da473b0ceeffa73fe6aaf0e3d75c8ead54d,mitmproxy,367,0,sha256WithRSAEncryption,2048,RSA,1,v3,0,1
i.ctnsnet.com,a89dc597524136c667a321ae200c3fb8421f2b377ab1c5864c58c06b0d5b1051,mitmproxy,367,0,sha256WithRSAEncryption,2048,RSA,1,v3,0,1
onedscolprdwus11.westus.cloudapp.azure.com,d58dd9515f0bc86f9f053adc9c23fe1746774dab3d418ed2100f8f2905b707a4,mitmproxy,367,0,sha256WithRSAEncryption,2048,RSA,1,v3,0,1
javadl-esd-secure.oracle.com,45077cdd4ac79fb282a55965501fcc061f89476d1d3deb886ce15e3137dbfda9,mitmproxy,367,0,sha256WithRSAEncryption,2048,RSA,1,v3,0,1
cadmus.script.ac,82bcfa6160b5c6d74c727539db402351714add984e55a46362a007e165bd504c,mitmproxy,367,0,sha256WithRSAEncryption,2048,RSA,1,v3,0,1
onedscolprdwus07.westus.cloudapp.azure.com,b6d6d452676ca40c552454b54e118f7bef75e587c08a35d64480309925e0eb3d,mitmproxy,367,0,sha256WithRSAEncryption,2048,RSA,1,v3,0,1
onedscolprdwus01.westus.cloudapp.azure.com,cd5e5bd610be95bd1b6a8cdfc469777f8a92959d85dfb9e278ae15dca0e6351b,mitmproxy,367,0,sha256WithRSAEncryption,2048,RSA,1,v3,0,1
onedscolprdwus16.westus.cloudapp.azure.com,0acfa1e4bd07dd604f8a13d3c34da25de0437e62233a80ecdcd5f2a437a54864,mitmproxy,367,0,sha256WithRSAEncryption,2048,RSA,1,v3,0,1
onedscolprdwus08.westus.cloudapp.azure.com,309452de36bb861e5926518838b63d660df347d93a470b9833a39a82ed67a797,mitmproxy,367,0,sha256WithRSAEncryption,2048,RSA,1,v3,0,1
onedscolprdwus05.westus.cloudapp.azure.com,3e5ca5d9f1f53df3b9110fc276a0f436f3a582cd82b456fdcdcae6c87e5ddc52,mitmproxy,367,0,sha256WithRSAEncryption,2048,RSA,1,v3,0,1
onedscolprdwus17.westus.cloudapp.azure.com,9311234bb42bcbb1c1ebf4128dfc29d089acddff94ea6b9eee96a0829a618c1c,mitmproxy,367,0,sha256WithRSAEncryption,2048,RSA,1,v3,0,1
identify.prod.nam.csc.cisco.com,e45a5535c6770f01d90c82bd60ad408fadc8d4e4d9b7a079e80c5aa368e5832b,mitmproxy,367,0,sha256WithRSAEncryption,2048,RSA,1,v3,0,1
onedscolprdwus14.westus.cloudapp.azure.com,178c3d34f7a22206a6d9cf5800c5e7cd3063dc72b6c63cffb99b2c63e6161f7c,mitmproxy,367,0,sha256WithRSAEncryption,2048,RSA,1,v3,0,1
onedscolprdwus15.westus.cloudapp.azure.com,fde866d4c89a8c2834653620dbe0cfb17ba4294b895358aa64d60b7d3dfc5f51,mitmproxy,367,0,sha256WithRSAEncryption,2048,RSA,1,v3,0,1
onedscolprdwus20.westus.cloudapp.azure.com,3596e10a20409df12a456cff3dcf9e1bc8466fc53193b1d35754d59c91b347c6,mitmproxy,367,0,sha256WithRSAEncryption,2048,RSA,1,v3,0,1
onedscolprdwus09.westus.cloudapp.azure.com,2ae7df9f0e24dab501bf31790f3a76d87e72a17eb6a8905d34b2f62bf5155c7e,mitmproxy,367,0,sha256WithRSAEncryption,2048,RSA,1,v3,0,1
tiktokglobalshopv.com,50238225b05fcedc67bff4cc13e66a611d178b25bdc6fd1758356d3a119b675c,mitmproxy,367,0,sha256WithRSAEncryption,2048,RSA,1,v3,0,1
images.ctfassets.net,998138e1c4ad2d8f5853b47b882ac5eb2e99b008b9bdbd4d475be8aac02caf16,mitmproxy,367,0,sha256WithRSAEncryption,2048,RSA,1,v3,0,1
ts.itunes.apple.com,e2003e992998f3cd51e7ef9ba19c6459dae14c24e95c128bf83a50bcfbb9113d,mitmproxy,367,0,sha256WithRSAEncryption,2048,RSA,1,v3,0,1
onedscolprdwus06.westus.cloudapp.azure.com,5347cb20051eaef43dfd9daefca75b5ee1c606b2fffd78535cfe9ddb4ac2a350,mitmproxy,367,0,sha256WithRSAEncryption,2048,RSA,1,v3,0,1
login.msa.msidentity.com,663c943e56e6990ab6bf1957254a701a8c93cc04a874c39c96e12a0d39af8667,mitmproxy,367,0,sha256WithRSAEncryption,2048,RSA,1,v3,0,1
onedscolprdwus10.westus.cloudapp.azure.com,22ee738d87275034f21dc84d9e0a57c49ca9abadb544948183a042cbda5e1920,mitmproxy,367,0,sha256WithRSAEncryption,2048,RSA,1,v3,0,1
onedscolprdwus19.westus.cloudapp.azure.com,ffdfb2c9009f7d0beb1c7277c870e07c1bf910b7b62c3f75a84b6466d0851e31,mitmproxy,367,0,sha256WithRSAEncryption,2048,RSA,1,v3,0,1
cs.adingo.jp,d5b3fd7371a10bb8ea91e6b24cb2f123511079ae882619410b8b8ca78de7fb0a,mitmproxy,367,0,sha256WithRSAEncryption,2048,RSA,1,v3,0,1
onedscolprdwus13.westus.cloudapp.azure.com,0b02667a198efe4e113ed5e25601759cce02bab5cd617b8ce2c72300868baf53,mitmproxy,367,0,sha256WithRSAEncryption,2048,RSA,1,v3,0,1
onedscolprdwus02.westus.cloudapp.azure.com,4803c202dd23b7b73108c8ad7c015f4dcccb8f71a899a9dc8a8a3f4fe3d82d14,mitmproxy,367,0,sha256WithRSAEncryption,2048,RSA,1,v3,0,1
eur.loki.delve.office.com,a1ac4652666a0aeeb18a473c572543a3c7e24e2dd192fb2cae0286d43321107c,mitmproxy,367,0,sha256WithRSAEncryption,2048,RSA,1,v3,0,1
p16-common-ipv6-sign.tiktokcdn-us.com,ef15cd00deb27b71841f9380d0e75c70aecfcac375d423df5026bdd632a7be8e,mitmproxy,367,0,sha256WithRSAEncryption,2048,RSA,1,v3,0,1
p19-common-ipv6-sign.tiktokcdn-us.com,91882f73f0c2ddf06d86598920d10a1d06c6078e47c2819ba48240c4579feb31,mitmproxy,367,0,sha256WithRSAEncryption,2048,RSA,1,v3,0,1
yandex.com,18077a78e5634838e26174c7f736e4c35fabb359d81f25a7380f4e8841d8209a,mitmproxy,367,0,sha256WithRSAEncryption,2048,RSA,1,v3,0,1
w.org,73dc57fab5dd815ae9b3e5f3a18f8be3df07beedfdd363210765e0d98308b64b,mitmproxy,367,0,sha256WithRSAEncryption,2048,RSA,1,v3,0,1
dart.l.doubleclick.net,cc643e05acf3a8a6d2a783df37ebee4c0b74336a6da86f052846d33004c8176b,mitmproxy,367,0,sha256WithRSAEncryption,2048,RSA,1,v3,0,1
sf-ssp.tiktokcdn.com,63d2d725a9afe31c88a6cae31040297adcc5bd0a22ff2b2b025e2766cf8f9e1c,mitmproxy,367,0,sha256WithRSAEncryption,2048,RSA,1,v3,0,1
array810.prod.do.dsp.mp.microsoft.com,cb5ab058f93ad9910b14464a5a6aa2873e5ba7e3aee728ece68f8ce94728bcab,mitmproxy,367,0,sha256WithRSAEncryption,2048,RSA,1,v3,0,1
media.tenor.com,3f2c0b7f317357d22a9cca61b58da864d883c879141f168ebcc7e977956e763f,mitmproxy,367,0,sha256WithRSAEncryption,2048,RSA,1,v3,0,1
api-lsa.lenovosoftware.com,be6380b7cef8fe2be97ad2c403a322f7828866211c044f1b6e53d135a25a9f62,mitmproxy,367,0,sha256WithRSAEncryption,2048,RSA,1,v3,0,1
onedscolprdwus00.westus.cloudapp.azure.com,5287a93750ee38f15257ff56ca5551672550ffbc41ab21397424a16c192886a6,mitmproxy,367,0,sha256WithRSAEncryption,2048,RSA,1,v3,0,1
b-code.liadm.com,1f3fc33dc55c47b8636759bf8da64ec6ab0566fdcae9408279c97d1950f35106,mitmproxy,367,0,sha256WithRSAEncryption,2048,RSA,1,v3,0,1
accounts.spotify.com,4932fb3f4dd4a651afdc650a216adfdd305abe5054315bdc05ab81fef96e2d16,mitmproxy,367,0,sha256WithRSAEncryption,2048,RSA,1,v3,0,1
client-side-metrics.us5.us.criteo.net,3175cbd0401782f7e6e72226485abeb7f72913d824646355fc539e4c1b8292ea,mitmproxy,367,0,sha256WithRSAEncryption,2048,RSA,1,v3,0,1
cdn.auth0.com,db7b6585c3675f7d68afac3133da8446032831438940b932f767f05e7a346ceb,mitmproxy,367,0,sha256WithRSAEncryption,2048,RSA,1,v3,0,1
csync-global.smartadserver.com,0e49d9dc5ed95ba4aea48739d908fc3c43eef9c8b34e81d0df45e0921ab97cc8,mitmproxy,367,0,sha256WithRSAEncryption,2048,RSA,1,v3,0,1
scripts.webcontentassessor.com,68e8b241bb222a0766b0c7085978290339889b8bf46cf99f41cbc0ea596d1ed0,mitmproxy,367,0,sha256WithRSAEncryption,2048,RSA,1,v3,0,1
rl.quantummetric.com,e7d0029eb2da208a58287f5e5e6d6485be051c3415b73476f7eeb04c7cf56ef2,mitmproxy,367,0,sha256WithRSAEncryption,2048,RSA,1,v3,0,1
browserleaks.org,0792ae817a5f0ec49b57288d89f04d4db29c9b74530fef29028529b158b55e32,mitmproxy,367,0,sha256WithRSAEncryption,2048,RSA,1,v3,0,1
pips.taboola.com,b42bf947b090252e55a2afbfede8a4616693cb86f05db700d29ba36c2c7466e7,mitmproxy,367,0,sha256WithRSAEncryption,2048,RSA,1,v3,0,1
grs.dbankcloud.cn,483350a285b3ec642c18d6ea6b715acdd66dd05095c3292f80e89caade2fa0b4,mitmproxy,367,0,sha256WithRSAEncryption,2048,RSA,1,v3,0,1
downloads.hpdaas.com,54c446f6682a901fbe99afd592eab9e7865b1d93dc437a1a2d77955a0f19af2f,mitmproxy,367,0,sha256WithRSAEncryption,2048,RSA,1,v3,0,1
s.w.org,e0f2e85f7e6755286dd03892a524b6b3149606dde606a54abe56de1d1d6c80b9,mitmproxy,367,0,sha256WithRSAEncryption,2048,RSA,1,v3,0,1
clevertap-prod.com,2e7afadb4464fe6bc3cb57ad85012b5478db1bf83ca83822d19a7790d0a416df,mitmproxy,367,0,sha256WithRSAEncryption,2048,RSA,1,v3,0,1
teams-cloud-microsoft.s-0005.dual-s-msedge.net,4a03388882be3fd3eeb6e5bfecd145451e6846ae290e27986fa9edb927ac9294,mitmproxy,367,0,sha256WithRSAEncryption,2048,RSA,1,v3,0,1
commerce.microsoft.com,6014d533039d731c3a001801a5540539f1a8f570bda57d67bb9282eabdf7de4f,mitmproxy,367,0,sha256WithRSAEncryption,2048,RSA,1,v3,0,1
array602.prod.do.dsp.mp.microsoft.com,eaf25305a1ab3eea387d29694a6248596420322c04233b851578ba41dc5b9bab,mitmproxy,367,0,sha256WithRSAEncryption,2048,RSA,1,v3,0,1
cdn.mxpnl.com,02a27654e9b7242b2a79c31bf0e06a55e23dd7ea199c8efa63b05656b29e77fa,mitmproxy,367,0,sha256WithRSAEncryption,2048,RSA,1,v3,0,1
prod.pinterest.global.map.fastly.net,1b1951bf7cba8a3597f8c8edf30dbd5f0b0f7fd6ba5f4a7d414d82a85272b531,mitmproxy,367,0,sha256WithRSAEncryption,2048,RSA,1,v3,0,1
sync.adtelligent.com,0e9f97dd7f4a18ca01b1f105331e2a66312d0351c180e82cadff0885cf07af7b,mitmproxy,367,0,sha256WithRSAEncryption,2048,RSA,1,v3,0,1
pandg.tapad.com,17888c0820b3d0b7d2bb9304b5dd74b77d51b2d8bde4ce6f0474250edd224555,mitmproxy,367,0,sha256WithRSAEncryption,2048,RSA,1,v3,0,1
friend.gc.apple.com,55546faa0adf5b84a00f8fd76f32ab07be6bb57484cd6e4f7d666336d70194b1,mitmproxy,367,0,sha256WithRSAEncryption,2048,RSA,1,v3,0,1
i0.wp.com,ac2a1700b6f83484a041a30ebe3d5efd498a7d12bec4fc9b094896e31495b539,mitmproxy,367,0,sha256WithRSAEncryption,2048,RSA,1,v3,0,1
guc3-dealer.g2.spotify.com,97e53797a4fde8e5cd6256d59be674ab81f4481f6b33941684401d2075235df3,mitmproxy,367,0,sha256WithRSAEncryption,2048,RSA,1,v3,0,1
pbr1-collabhubrtc.officeapps.live.com,5c562fa5d15e9acdad512af3f267553706ce7c1290c208ece85a9b43969adbca,mitmproxy,367,0,sha256WithRSAEncryption,2048,RSA,1,v3,0,1
gecko31-normal-alisg.tiktokv.com,d471b7bf8f997ffd53b7a71596e6089e3905e5f445da3f571a0d355cc97f0c69,mitmproxy,367,0,sha256WithRSAEncryption,2048,RSA,1,v3,0,1
cma.itunes-apple.com.akadns.net,7c33ac4312bdeeaed0f1dd4d0ba56176685d95eac7bce9e83f730a9458947152,mitmproxy,367,0,sha256WithRSAEncryption,2048,RSA,1,v3,0,1
sf16-ies-music-va.tiktokcdn.com,8f2312d8b14bc050e41f021561c5f26e53a1ec1ac24f610717170cfbc8314780,mitmproxy,367,0,sha256WithRSAEncryption,2048,RSA,1,v3,0,1
nytimes.com,6d4ed720ab6de89f2a1be822edd9ab7c629ab371985a1e0c21f056ffcf653736,mitmproxy,367,0,sha256WithRSAEncryption,2048,RSA,1,v3,0,1
groovinads.com,604773f16507fd3632842481e91daeda2503c5150b3a0b14bad362a32a7ee51b,mitmproxy,367,0,sha256WithRSAEncryption,2048,RSA,1,v3,0,1
styles.redditmedia.com,fdb39663df9b6542beaff7f4bbf582b9f0a1fff7f9d8239e51dfb4ae4634f623,mitmproxy,367,0,sha256WithRSAEncryption,2048,RSA,1,v3,0,1
iponweb.net,b14f3aa909eb2620c6b0081f9dbd155c56170571fe5877a5a34ed65fd45f32ae,mitmproxy,367,0,sha256WithRSAEncryption,2048,RSA,1,v3,0,1
profile.gc-apple.com.akadns.net,01e6febd31736c384656aed34967b1632bce5632fae6087c8f55414f7938350f,mitmproxy,367,0,sha256WithRSAEncryption,2048,RSA,1,v3,0,1
prebid.admatic.de,fae0845e0a2366944ef3c9c1b8619505b1864dc90a00ead38e74b364fd25bbc3,mitmproxy,367,0,sha256WithRSAEncryption,2048,RSA,1,v3,0,1
gpi2.life360.com,8dfa5a44675de43921092cac63a5d5644981c5219024b9e93faa78301677c0fb,mitmproxy,367,0,sha256WithRSAEncryption,2048,RSA,1,v3,0,1
tanium.com,40f1a385394ec973f1157067aff61d96801583726cead0e4e4946740c48fb9de,mitmproxy,367,0,sha256WithRSAEncryption,2048,RSA,1,v3,0,1
collect.ureca-lab.com,6cf2953b4afd19395afa92df9d88bd34f8663f63d1704d5ad78f51f10af43fed,mitmproxy,367,0,sha256WithRSAEncryption,2048,RSA,1,v3,0,1
collector.brandmetrics.com,839e4c74c40caa533a6279f3ca6ab01179091fda84cde45cab6f42f7ac834c73,mitmproxy,367,0,sha256WithRSAEncryption,2048,RSA,1,v3,0,1
eu-api.asm.skype.com,4463e5f83f07def8947c5068be6ce8c028f07c20fefdfffbde9ddeb0eb3c08a2,mitmproxy,367,0,sha256WithRSAEncryption,2048,RSA,1,v3,0,1
collections.mp.microsoft.com,7c1157a5f1711aa6b159f4eb020ce7ceb583922a1e39870b03ce8b03c8b57dbc,mitmproxy,367,0,sha256WithRSAEncryption,2048,RSA,1,v3,0,1
report.appmetrica.yandex.net,21cec1cf9485e13d4ec2fde5be21bcccd8447462f7483811d1f9d15fe6bab1e0,mitmproxy,367,0,sha256WithRSAEncryption,2048,RSA,1,v3,0,1
adx.ads.vungle.com,ade505f130376f4e6c1a8f0188998bac1fc0e82416bdcafbf43219d76ed08c19,mitmproxy,367,0,sha256WithRSAEncryption,2048,RSA,1,v3,0,1
eu-v10c.events.data.microsoft.com,d72342d0f144310b3f2fe70313e9e5cd7a9d99c9226653d7c55205c1482cdbe6,mitmproxy,367,0,sha256WithRSAEncryption,2048,RSA,1,v3,0,1
ex.ingage.tech,2377163df722b5122ca0267bfe4e7a8a607f7393d78905e574eb1334b0b88e48,mitmproxy,367,0,sha256WithRSAEncryption,2048,RSA,1,v3,0,1
lax1-ib.adnxs.com,3f94db32e783b5509f9f655e3ecf15c90301eebed71f28dac259c9c8213698c1,mitmproxy,367,0,sha256WithRSAEncryption,2048,RSA,1,v3,0,1
nrdp.nccp.netflix.com,2eb68af5749c5f9089e985bab3f0fe13ba26896afd5ef0e802098f5b629de37e,mitmproxy,367,0,sha256WithRSAEncryption,2048,RSA,1,v3,0,1
ip-api.com,34788108cf3ffd7d48d90a23baf0670fe21811e1e434de8e34126799a84bda87,mitmproxy,367,0,sha256WithRSAEncryption,2048,RSA,1,v3,0,1
browser.events.data.trafficmanager.net,df054385df5a480b4633f507724bf4c05ae584067f9250d419e2a6147b633505,mitmproxy,367,0,sha256WithRSAEncryption,2048,RSA,1,v3,0,1
youtube-nocookie.com,675bfc44f1324e4b2bfd0c2adad6d49fd54181265bef65eec7f4e748ee3d3bcd,mitmproxy,367,0,sha256WithRSAEncryption,2048,RSA,1,v3,0,1
api.mshop.bdtelemetry.amazon,b564c257a05bdf116043fdcd47dd5d71ecce94874584df0a3a13085814e63aad,mitmproxy,367,0,sha256WithRSAEncryption,2048,RSA,1,v3,0,1
view.adjust.com,176b44b5c991aeb0837f3da74345d3b9860a245940b099bd9849a79571616f08,mitmproxy,367,0,sha256WithRSAEncryption,2048,RSA,1,v3,0,1
cdn.permutive.com,34dffc93e6de58744587ab705c138886a60b2ee7ab9e55cefbe102bf62d0323b,mitmproxy,367,0,sha256WithRSAEncryption,2048,RSA,1,v3,0,1
qvdt3feo.com,a27d9e5e766a9587da551ff38083a494785fe5206e752aca8826816d407605a0,mitmproxy,367,0,sha256WithRSAEncryption,2048,RSA,1,v3,0,1
i.l.inmobicdn.net,94e96d8c294de67e41788f04d73ce662bd4939670d919452c7571e30a731beb8,mitmproxy,367,0,sha256WithRSAEncryption,2048,RSA,1,v3,0,1
logs.dradis.netflix.com,c981ebfd26224be4e5f27e90027698a3a71ca0634d9da750181862a9cae586b2,mitmproxy,367,0,sha256WithRSAEncryption,2048,RSA,1,v3,0,1
www.youtube-nocookie.com,f3bc0076cbc3723fb734846ca5849285b91230563ba617c9556ca4636f855cbf,mitmproxy,367,0,sha256WithRSAEncryption,2048,RSA,1,v3,0,1
metrics.rapidedge.io,998c6141a8ba07b9ca9264431de6f0e124272dfcb5cd8ea67aa2cb96651643f9,mitmproxy,367,0,sha256WithRSAEncryption,2048,RSA,1,v3,0,1
content.powerapps.com,edfa37d8092f54f981eadce3277e4fb09df63be39082130f942cd205327b3080,mitmproxy,367,0,sha256WithRSAEncryption,2048,RSA,1,v3,0,1
tile-service.weather.microsoft.com,e79111d3a4f6489a5a5e75679ba855a550b4cdf00d35e4e4f2a78601be097053,mitmproxy,367,0,sha256WithRSAEncryption,2048,RSA,1,v3,0,1
pin1-collabhubrtc.officeapps.live.com,7dce6c7f6b8db20185debd4082062917b2f66ddb2da97eb97b237b735d71a67a,mitmproxy,367,0,sha256WithRSAEncryption,2048,RSA,1,v3,0,1
k8s1-event-tracker-va.lb.indexww.com,31240a009e0813f6d92465a63f249d84b0586cf7e0ca15f370fef7bc375b92fe,mitmproxy,367,0,sha256WithRSAEncryption,2048,RSA,1,v3,0,1
config-edge-skype.ln-0007.ln-msedge.net,7c6b317410048d0a38672697dedfc3ca48fce6888ed1b29bd67138ef965aff3e,mitmproxy,367,0,sha256WithRSAEncryption,2048,RSA,1,v3,0,1
cdn.ketchjs.com,053354102f06621e02bd9f8925547f919f98938a9f44cfd012f26bbc765c4942,mitmproxy,367,0,sha256WithRSAEncryption,2048,RSA,1,v3,0,1
rtb.gamoshi.io,72ea873a5850b79c851451444e29ae11dac9bcdc6384d63b607a1f87a6c83d03,mitmproxy,367,0,sha256WithRSAEncryption,2048,RSA,1,v3,0,1
checkip.amazonaws.com,8c21017d318095a61b266b8f47ff748b2c561fa27035341560bb64ab1ff120e3,mitmproxy,367,0,sha256WithRSAEncryption,2048,RSA,1,v3,0,1
discord.gg,b8b5be68882f85b39cab690116182683f33101b79ad3c7b38786b05534ce634d,mitmproxy,367,0,sha256WithRSAEncryption,2048,RSA,1,v3,0,1
0rtt.us.bytedance.map.fastly.net,8ee1ae0671c4c83eb85f6efbb2a06ffbd1a98de87481c36d99c5437ca0b3d13b,mitmproxy,367,0,sha256WithRSAEncryption,2048,RSA,1,v3,0,1
c-msn-afd.trafficmanager.net,4741ff9df3093302769f8b833d22804e178ba1c344b22ac8109ac92196eacc9f,mitmproxy,367,0,sha256WithRSAEncryption,2048,RSA,1,v3,0,1
a.usbrowserspeed.com,39a66911fe9b42148f756e20545dd3340dd269e1bf3e508d32c97adf1a701df2,mitmproxy,367,0,sha256WithRSAEncryption,2048,RSA,1,v3,0,1
syndicatedsearch.goog,ee980aa57354ee45469b9e2e110fe806047320a8d8241612b2f1ee7a794e3366,mitmproxy,367,0,sha256WithRSAEncryption,2048,RSA,1,v3,0,1
www.onenote.com,1491b5fccb08f64bd2e6126a5158da23116d4d0292ffafa5d1351dab5ae4ab52,mitmproxy,367,0,sha256WithRSAEncryption,2048,RSA,1,v3,0,1
pjp1-collabhubrtc.officeapps.live.com,1512a47a38840ae905338a927da562aaee4c24811b53ff45ac51f44c03742f85,mitmproxy,367,0,sha256WithRSAEncryption,2048,RSA,1,v3,0,1
playdigo.com,48e3c19b050e92656012af25432aa3694320cf2bfe70dc188a05ae0ab9df8cf2,mitmproxy,367,0,sha256WithRSAEncryption,2048,RSA,1,v3,0,1
fsu.edu,dc2edd83b351fee431401fd827c49ce403dd7d29718d4a7a7373446e1b45926b,mitmproxy,367,0,sha256WithRSAEncryption,2048,RSA,1,v3,0,1
events.split.io,0def3f8dbf2e4aa034c8823b712d99d7af9b2df882b8ddbc0b89f16da5269c10,mitmproxy,367,0,sha256WithRSAEncryption,2048,RSA,1,v3,0,1
manage.microsoft.us,e8eeccf6064fee077b08bae5828b9e423f638a98ece738ab764305fa5224ef94,mitmproxy,367,0,sha256WithRSAEncryption,2048,RSA,1,v3,0,1
qualys.com,583be090f40c41caf8f2f57dded148f24186fb895aa9d8b4652d8965e7e22c1a,mitmproxy,367,0,sha256WithRSAEncryption,2048,RSA,1,v3,0,1
chat-e2ee-mini-fallback.facebook.com,a5714db43e6c20eb5d82e129657973a6510b48c8ad8d599cee7c29f8a1ef9759,mitmproxy,367,0,sha256WithRSAEncryption,2048,RSA,1,v3,0,1
instructure-uploads.s3.amazonaws.com,e3ea0acc34738f172add7fd5e3386db7b845fce8cfcc980b2c79a46cc5f15ccb,mitmproxy,367,0,sha256WithRSAEncryption,2048,RSA,1,v3,0,1
photos.googleapis.com,9751e9b615397637570a57db4308a07a4d03fec955b5070216180467329bfde5,mitmproxy,367,0,sha256WithRSAEncryption,2048,RSA,1,v3,0,1
a1666.dscr.akamai.net,ac47897c760ba892beff80efd9bd38d469e0b7ce60789abc51108ebe7550f64b,mitmproxy,367,0,sha256WithRSAEncryption,2048,RSA,1,v3,0,1
bam.cell.nr-data.net,e44acd226ceda5c6a0a497921634da24f9a31f7fc8ece42bbd297b76c2ef65cc,mitmproxy,367,0,sha256WithRSAEncryption,2048,RSA,1,v3,0,1
aks-prod-southeastasia.access-point.cloudmessaging.edge.microsoft.com,378baa45dae724c49e6e5bdf481b292e70c0ff261a2292a3e2e208c6207742ec,mitmproxy,367,0,sha256WithRSAEncryption,2048,RSA,1,v3,0,1
hybrid.ai,9d81dc4de65c94c1aea83af0af9e4938b933c892180cb1d5f103c299faee7b35,mitmproxy,367,0,sha256WithRSAEncryption,2048,RSA,1,v3,0,1
trends.revcontent.com,a99cfcbec32b87a012394b1cdd92fdb264b3741f6dca02940357c457bdefc2df,mitmproxy,367,0,sha256WithRSAEncryption,2048,RSA,1,v3,0,1
ittpx-us-e.eskimi.com,cafd0bdbb6d3c9fdc4542e3d3ac6ae2c4c06cc3b7e10fe73f577d8573d9bd112,mitmproxy,367,0,sha256WithRSAEncryption,2048,RSA,1,v3,0,1
identity.ess-apple.com.akadns.net,0e12f93d8ff2668f41f5d99310ad6e5dacf3dfd1523bff63e7d8977bd9b2be78,mitmproxy,367,0,sha256WithRSAEncryption,2048,RSA,1,v3,0,1
collect.tealiumiq.com,456bb362049a957ad7130590e54cfbd9eb83aaba2d33d19da3a4a75ad35b2512,mitmproxy,367,0,sha256WithRSAEncryption,2048,RSA,1,v3,0,1
reminder-a.wbx2.com,fad01d96fd4a74976d9ef10b8a212d8eb65cba0d701673d7039ffcf518317d23,mitmproxy,367,0,sha256WithRSAEncryption,2048,RSA,1,v3,0,1
e4518.dscapi7.akamaiedge.net,1c03108b9c152c4e235771f4dfa9d925a52570d112895d4cd80f55acae4ff43b,mitmproxy,367,0,sha256WithRSAEncryption,2048,RSA,1,v3,0,1
bfp.global.dual.dotomi.weighted.com.akadns.net,b8d54b605f1ef6e72e57b8ef9bbb6433e677ddebec6223bbb9d8732c8ffb5c6a,mitmproxy,367,0,sha256WithRSAEncryption,2048,RSA,1,v3,0,1
calendars.icloud.com,68eae9070202eec7faf95c8047678d722d045666b0a2c99353c9a0a432f86cd2,mitmproxy,367,0,sha256WithRSAEncryption,2048,RSA,1,v3,0,1
media.amazon.map.fastly.net,1066989418c59a24d28e8e86eff5502083b6fcdf4cd65f304062bcc5290f7a04,mitmproxy,367,0,sha256WithRSAEncryption,2048,RSA,1,v3,0,1
app.slack.com,ed94bf414894b622c179d8dd7da1ad01a76606a288dea99c48258941f4350db1,mitmproxy,367,0,sha256WithRSAEncryption,2048,RSA,1,v3,0,1
a1013.dsct.akamai.net,78ae823623efe0889528404bf59dae7ec6e6f4038d8cf3c8d79c5c363f9c5c84,mitmproxy,367,0,sha256WithRSAEncryption,2048,RSA,1,v3,0,1
prod.detectportal.prod.cloudops.mozgcp.net,257c7cac94062e167f2f0a9416c7f7df49b01fcad99ea7100283c8fa51e61281,mitmproxy,367,0,sha256WithRSAEncryption,2048,RSA,1,v3,0,1
wu-b-net.trafficmanager.net,b9e9549bad1904408f0fb618434fb98da83b3960c5451bfa8bf618dbf3510934,mitmproxy,367,0,sha256WithRSAEncryption,2048,RSA,1,v3,0,1
connectad.io,70f96ef1b614452b0a2d197b8b9e21a48dd2f26bf349eb8e8cbb26bef7daa2b3,mitmproxy,367,0,sha256WithRSAEncryption,2048,RSA,1,v3,0,1
meta-ohttp-relay-prod.fastly-edge.com,fee7cd90a85aac5b70edaa18d3cef8515f27a097ce401250cb35105a7d975eb5,mitmproxy,367,0,sha256WithRSAEncryption,2048,RSA,1,v3,0,1
ai-asm-api.wyzecam.com,2073a9b8b5a4080e6743eed672abdd7ac63e487cb78dda07b5506bb45e806bc0,mitmproxy,367,0,sha256WithRSAEncryption,2048,RSA,1,v3,0,1
myphonenumbers-pa.googleapis.com,40fafb6614091e33581a9848fc43a4827d345c7294872c4c51d394d4a1350ac3,mitmproxy,367,0,sha256WithRSAEncryption,2048,RSA,1,v3,0,1
2.au.download.windowsupdate.com,fe396ad6b87d193df7bf708c1b13b7f777b04e5ed7f423afa3467de8e76f5cc9,mitmproxy,367,0,sha256WithRSAEncryption,2048,RSA,1,v3,0,1
api.bounceexchange.com,8e6e357eebab87d2db07ba03efb1fb9baa69e79ad45f60d84b94c0dd39d69c8d,mitmproxy,367,0,sha256WithRSAEncryption,2048,RSA,1,v3,0,1
fa000000116.resources.office.net,182fcd21e2973b98a2c8d933957c10a14b5ffdd904aaae595d61111fd5a23ed5,mitmproxy,367,0,sha256WithRSAEncryption,2048,RSA,1,v3,0,1
b.sharethrough.com,49081a26aa6a296d48cf9d338fc957c8829c26a942516700b7908b26fd0b4837,mitmproxy,367,0,sha256WithRSAEncryption,2048,RSA,1,v3,0,1
region1.analytics.google.com,44ab2e2bfafda02921322f54455e27209bfced1aa219ba94f2f6cd181eff9997,mitmproxy,367,0,sha256WithRSAEncryption,2048,RSA,1,v3,0,1
unlinkability.fe2.apple-dns.net,ff9d9081d34edbe0b06cfb74088d0508a4a79d2d61f16dff6f4f0db0f511e28c,mitmproxy,367,0,sha256WithRSAEncryption,2048,RSA,1,v3,0,1
scontent.whatsapp.net,2f22ed8d58a5cb0a6040983751653cdc09c29dd38b7ffaa5cceeb3835116947b,mitmproxy,367,0,sha256WithRSAEncryption,2048,RSA,1,v3,0,1
udmserve.net,019e83e824fe8167660435c22f7931e7fbae5fe9d6e067bc70f2dc9ca39f4ef4,mitmproxy,367,0,sha256WithRSAEncryption,2048,RSA,1,v3,0,1
analytics.apis.mcafee.com,c23e8ab8d42bcc045f168dc95a13a52e38276b7342f2200e3ad2bd095264fb1b,mitmproxy,367,0,sha256WithRSAEncryption,2048,RSA,1,v3,0,1
aw.sc-cdn.net,0a9219ccf7c4d64121e7cd860a80581c0796aea31743fe1d38e4e2e5a11995ad,mitmproxy,367,0,sha256WithRSAEncryption,2048,RSA,1,v3,0,1
aks-prod-westus2.access-point.cloudmessaging.edge.microsoft.com,0b57272da68f84d49d68cda25fe9f17c571418679757596770a4e33df1dffc81,mitmproxy,367,0,sha256WithRSAEncryption,2048,RSA,1,v3,0,1
event.clientgear.com,97b6b909894eba780511039c3b5f017ac5fe834d08276e563ab205991577b4e2,mitmproxy,367,0,sha256WithRSAEncryption,2048,RSA,1,v3,0,1
quake-pa.googleapis.com,53d60d9099216c99386d800972ba0983743f96863ef328af3e95e3576767cdbe,mitmproxy,367,0,sha256WithRSAEncryption,2048,RSA,1,v3,0,1
gameswhitelisted.googleapis.com,ad9ce4ce37075207b253a3f8a0358ace86cf2497b96fbfdbbfe538b4ab77cb2f,mitmproxy,367,0,sha256WithRSAEncryption,2048,RSA,1,v3,0,1
exch.quantcount.com,5bd16b994c0385994c413b0b5dcd8e94ecc498ff6aa651422bf51f47242ee6d2,mitmproxy,367,0,sha256WithRSAEncryption,2048,RSA,1,v3,0,1
tag.tapad.com,a2c9e5390efb35f738771b03c2f5602cc5479816ddaca0be878563ffc441f098,mitmproxy,367,0,sha256WithRSAEncryption,2048,RSA,1,v3,0,1
dcape-na.amazon.com,8cf3d1bcec15648defc8f4a2f25cd3417a0a6eb9fd88472e8ad317497c0c300d,mitmproxy,367,0,sha256WithRSAEncryption,2048,RSA,1,v3,0,1
track.adform.net,ec370ad7a1510cd76613eaf46dadf4e49724f358876f771bfe030ff7a1799d4a,mitmproxy,367,0,sha256WithRSAEncryption,2048,RSA,1,v3,0,1
auth.split.io,373c6e25e8f5dc614d32ad1f62ff5e6d8855e050c882d67b82e12c46ff0fa2e3,mitmproxy,367,0,sha256WithRSAEncryption,2048,RSA,1,v3,0,1
sync.sharethis.com,400dfc546aa2fa9bb7e53f3e0ab188fe48f17fc8ff46ef33ce0c64b0de69b699,mitmproxy,367,0,sha256WithRSAEncryption,2048,RSA,1,v3,0,1
global.ib-ibi.com,f4203d41b47a6f844c087bb408c72cfbd55b79fab04d9bde88b7ac5e331d1380,mitmproxy,367,0,sha256WithRSAEncryption,2048,RSA,1,v3,0,1
siteintercept.qualtrics.com.cdn.cloudflare.net,0d10b7ace3c53f528c28b95fef82b4aebbe825b7e48eb66e67ccf94802fc32dc,mitmproxy,367,0,sha256WithRSAEncryption,2048,RSA,1,v3,0,1
www.pinterest.com,0a9f313e30df8a152b95347265843a7aec8acf3237f9c39f97a904d768664313,mitmproxy,367,0,sha256WithRSAEncryption,2048,RSA,1,v3,0,1
prodlb.siteintercept.qualtrics.com.cdn.cloudflare.net,e42b12d466b53f08e098a21e3456bb7c764a57ca9f120a187a535f88dde2b1af,mitmproxy,367,0,sha256WithRSAEncryption,2048,RSA,1,v3,0,1
cdn.privacy-mgmt.com,76c24b10c744df3694baafc4805233421e1a5f8d93dd604bf1f6347c6c3eea29,mitmproxy,367,0,sha256WithRSAEncryption,2048,RSA,1,v3,0,1
4.au.download.windowsupdate.com,59c3e2445f9abefa70510c88ac0a981969f3403f02f95a737a8345eff0b846e3,mitmproxy,367,0,sha256WithRSAEncryption,2048,RSA,1,v3,0,1
drafts-a.wbx2.com,64f398383dfb45b2c91ba2555fcf454bd3974666ecf1a5aab04efb4ec182b59a,mitmproxy,367,0,sha256WithRSAEncryption,2048,RSA,1,v3,0,1
array806.prod.do.dsp.mp.microsoft.com,5a28b8e091af474434f7f5ea5cdb3f4b3c43a6d53c740f91be68a22ca36fcc72,mitmproxy,367,0,sha256WithRSAEncryption,2048,RSA,1,v3,0,1
ltwebstatic.com,3d340e91c54955b209ab73be91ccf3788c532db603073026dc7a77c14ae73586,mitmproxy,367,0,sha256WithRSAEncryption,2048,RSA,1,v3,0,1
equativ-match.dotomi.com,8787d47075a6b2d2e66fa3c8c78ab8c1dac2603df7f75099f7c96c768602ea7a,mitmproxy,367,0,sha256WithRSAEncryption,2048,RSA,1,v3,0,1
dualstack.tls13.taboola.map.fastly.net,0c689a23a63c74da399cfa470c0bdda84eb0f53e75f76ea8e473f2017a8325a9,mitmproxy,367,0,sha256WithRSAEncryption,2048,RSA,1,v3,0,1
4.tlu.dl.delivery.mp.microsoft.com,b79aa7fd500c02a7f5191f184b4409ea7c8d1e088096ccc24b6183574f0e33d2,mitmproxy,367,0,sha256WithRSAEncryption,2048,RSA,1,v3,0,1
pt.ispot.tv,a9b2bb3853d767d2f6891f919e77c897c0c9d2f19bd4823d05dd26fc6b6d09e4,mitmproxy,367,0,sha256WithRSAEncryption,2048,RSA,1,v3,0,1
ims-prod07.adobelogin.com,09f67bf4b31ed97b26c8e9daf0e6d62a3462076c73c52c7be99597408bc60ca3,mitmproxy,367,0,sha256WithRSAEncryption,2048,RSA,1,v3,0,1
consent.cookiebot.com,5fb62bd99bbf59de48a4afbfa22b49836dc74f311706011e183cc84aa49b1457,mitmproxy,367,0,sha256WithRSAEncryption,2048,RSA,1,v3,0,1
beacon.taboola.com,ce1ab334c2668367611ca71688827f4931862ea9b2d4598e42b7b31acfdd43e8,mitmproxy,367,0,sha256WithRSAEncryption,2048,RSA,1,v3,0,1
rum.hlx.page,bbf240d71c199b0263ced4f85dd2a89447982b65ba25dbf9beffcf09d0bbe3dc,mitmproxy,367,0,sha256WithRSAEncryption,2048,RSA,1,v3,0,1
shared-usttp-api-spread.bytewlb.akadns.net,e18abe985e735095eea19d9cec49f964d3dfa2f375702775e29a86aa8f98793d,mitmproxy,367,0,sha256WithRSAEncryption,2048,RSA,1,v3,0,1
prdv4a.aadg.msidentity.com,d120919cf8ecf924bb612828daec079a83a350d864e2ceb15c645e4e588fa923,mitmproxy,367,0,sha256WithRSAEncryption,2048,RSA,1,v3,0,1
arc.trafficmanager.net,5658050cf2dc9050572ccca75ec512b2115bea6edd8c6f76becd4d8039080789,mitmproxy,367,0,sha256WithRSAEncryption,2048,RSA,1,v3,0,1
digitalaudience.io,8b6ecdbc7f678db03cf4681759623da46b7420164c6c79b1a2aa6db2fb453690,mitmproxy,367,0,sha256WithRSAEncryption,2048,RSA,1,v3,0,1
target.digitalaudience.io,795f6128fbfbfdcae7da6970053fc8789a283e95d71225ddb3265f8e13ac2cfb,mitmproxy,367,0,sha256WithRSAEncryption,2048,RSA,1,v3,0,1
newassets.hcaptcha.com,2de1ef0472b65d448a86ccdcf3497c53a3b614e87470d06d2dd685dae99e847e,mitmproxy,367,0,sha256WithRSAEncryption,2048,RSA,1,v3,0,1
choices-or.trustarc.com,e1da973ffc3d6633a405f7636bf27cbddbc15b1fe846eaecbd79186ba5b2f9a3,mitmproxy,367,0,sha256WithRSAEncryption,2048,RSA,1,v3,0,1
com.dual-spo-0005.spo-msedge.net,2450d48bcf6279b7452797ddf9693fa17326e3aaa9cf1d061ec43a83709011a5,mitmproxy,367,0,sha256WithRSAEncryption,2048,RSA,1,v3,0,1
array510.prod.do.dsp.mp.microsoft.com,797cb73a06fc8f706812a9df68ea5c2f4b18289712329b83c55eba871464da9b,mitmproxy,367,0,sha256WithRSAEncryption,2048,RSA,1,v3,0,1
rt.udmserve.net,bdf656c5c80a4783d9f7550c6a1e41285689c6e4754379ae35382d69db2dfbe1,mitmproxy,367,0,sha256WithRSAEncryption,2048,RSA,1,v3,0,1
manage-pe.trafficmanager.net,c1185f0a0218c11729e1522deb9c3408439f38477cd1f32ab1b5274c7e122643,mitmproxy,367,0,sha256WithRSAEncryption,2048,RSA,1,v3,0,1
scs-config-use2.bixbyllm.com,bbceaac3a38441e0e63c9374eee2b797bd8578c1b11a876ffe94f9bf59aa4c5b,mitmproxy,367,0,sha256WithRSAEncryption,2048,RSA,1,v3,0,1
aax-us-east-retail-direct.amazon.com,b961dc96d8849e38a6140bcfc94fb8e9ae36fe49ae23e9a87f5db112a9d58893,mitmproxy,367,0,sha256WithRSAEncryption,2048,RSA,1,v3,0,1
sync.visx.net,b50aa78f073f6cf7ae794b1cadca2858e38e9210dc771d0d367c99dc3f30b0e0,mitmproxy,367,0,sha256WithRSAEncryption,2048,RSA,1,v3,0,1
box.com,f66202990e1108f2409acea34990bf3214b60ea4744ba5240ec09e0f5047254e,mitmproxy,367,0,sha256WithRSAEncryption,2048,RSA,1,v3,0,1
vafwlb.adsafeprotected.com,922d4ef312007afe5f04c166143fc88da225d2c40138ee6d9c31a3eb36f6196e,mitmproxy,367,0,sha256WithRSAEncryption,2048,RSA,1,v3,0,1
e673.dscx.akamaiedge.net,ab7df8cf7f05b0ed13773d25340ce8e783d4dbf12051d8d7519c17dce74e7d73,mitmproxy,367,0,sha256WithRSAEncryption,2048,RSA,1,v3,0,1
powerbi.com,6f072f81e1806e40eaad6ad9cd16602b54cf0f3346fc46c8cea5f87b3d555166,mitmproxy,367,0,sha256WithRSAEncryption,2048,RSA,1,v3,0,1
mapsmobilesdks-pa.googleapis.com,b96244c52bc94812234b89aae59932c3772c4bb5d1d0a83027a2da5be627ba6f,mitmproxy,367,0,sha256WithRSAEncryption,2048,RSA,1,v3,0,1
fa000000111.resources.office.net,832ed6be64c85b3aa0aa07acf8ab22f83a3bfe8a0ad20a43d837005e7c3398e5,mitmproxy,367,0,sha256WithRSAEncryption,2048,RSA,1,v3,0,1
tether.edge.apple,695d706612689b608dabc9c35958977035679cc75d691b70c2cb73fdc481a10c,mitmproxy,367,0,sha256WithRSAEncryption,2048,RSA,1,v3,0,1
usw-ca2.adsrvr.org,2b7df9dec52f75d8f82a8678a6df84b1afa2c26862318047bd4b0554a60c5da6,mitmproxy,367,0,sha256WithRSAEncryption,2048,RSA,1,v3,0,1
signalr.net,2f697fffbd21e909fdf97b43e781a64652262626f339e0b49245fd5d462ebc47,mitmproxy,367,0,sha256WithRSAEncryption,2048,RSA,1,v3,0,1
smartclip.net,72379de57da54036acfaffa85fbca2e844f46c3d34233361297055eb78e78b61,mitmproxy,367,0,sha256WithRSAEncryption,2048,RSA,1,v3,0,1
sb.teams.static.microsoft,9604ba5d901a7b62ab8e9fb51a0e2784d4dab890f45babba3fa4f919d93910ab,mitmproxy,367,0,sha256WithRSAEncryption,2048,RSA,1,v3,0,1
rtb-oveeo.com,e6c0398e94d65740a6e9877f897797106ebe6bbf3ab85418eeaf4fab73efbc19,mitmproxy,367,0,sha256WithRSAEncryption,2048,RSA,1,v3,0,1
ccext-cdn.adobecces.com,c170ea9815b715b4c2436d8e4c7362d97ab50fa846e99616576c26d9201736e1,mitmproxy,367,0,sha256WithRSAEncryption,2048,RSA,1,v3,0,1
config-prod-weightedww.trafficmanager.net,45c7205048bb4ac1a079f85a98fc755f1687e03cbdc679fcf5f8b64135719cf0,mitmproxy,367,0,sha256WithRSAEncryption,2048,RSA,1,v3,0,1
media.akamai.odsp.cdn.office.net,c4a48f71f78cc2fd9b30069840c9ae0afa190d749dc0b2f987f50df4194c67bb,mitmproxy,367,0,sha256WithRSAEncryption,2048,RSA,1,v3,0,1
gsp9-ssl.ls-apple.com.akadns.net,e5efc2ad9a0ec6bf85cfabcc0da5c1b73e8864a2e117593b2f8be6437af7e50d,mitmproxy,367,0,sha256WithRSAEncryption,2048,RSA,1,v3,0,1
mail.ru,b750e0291cd386db7016a475836c80e86830b8ddf2338df9d823ea66ce379b70,mitmproxy,367,0,sha256WithRSAEncryption,2048,RSA,1,v3,0,1
e.serverbid.com,9cd9e09cc6fa8a62038e2ba97aed46b8e5e0926d7f3cec83cb5cdb5bb2f5d716,mitmproxy,367,0,sha256WithRSAEncryption,2048,RSA,1,v3,0,1
cdn-settings.segment.com,f6fb665c55aed68347cc26c57443a7f477fb0e169e14bcb5eeb7a2cb0b7b297f,mitmproxy,367,0,sha256WithRSAEncryption,2048,RSA,1,v3,0,1
sharepoint.com.dual-spo-0005.spo-msedge.net,60319421233fc5786d95e2fe2e2b3118270308e7f0d3d5d1625fa12e95356f98,mitmproxy,367,0,sha256WithRSAEncryption,2048,RSA,1,v3,0,1
array607.prod.do.dsp.mp.microsoft.com,11ed63cbe2e9402bd0a2e5e9a9f784aaafe921dbbac7d8f9fc3903a9ae5885b5,mitmproxy,367,0,sha256WithRSAEncryption,2048,RSA,1,v3,0,1
sxp.smartclip.net,3f2d3278c1861051a58079653f04fd1aeef856cbce99602c4baace1e6dda380a,mitmproxy,367,0,sha256WithRSAEncryption,2048,RSA,1,v3,0,1
na.api.amazonvideo.com,3b084009a5d2a6101f096d531e218c7889dd7d2aa4a250cc3ec2e03a8ee3b6b8,mitmproxy,367,0,sha256WithRSAEncryption,2048,RSA,1,v3,0,1
data.amazon.com,7274ac3065263369be870136e3733419c900846806f0a0f997409e74e34ed200,mitmproxy,367,0,sha256WithRSAEncryption,2048,RSA,1,v3,0,1
tracker.rtb-oveeo.com,efa658736007110084aa316f8165d0b4404965ce8f9327cda0cfa769b7bcbaf9,mitmproxy,367,0,sha256WithRSAEncryption,2048,RSA,1,v3,0,1
collector-pxdojv695v.protechts.net,45385d3c3b0bfd6cb0b6835a101043bf76fee662d6cc8eb2248e3b30312c88fd,mitmproxy,367,0,sha256WithRSAEncryption,2048,RSA,1,v3,0,1
tsyndicate.com,d47852aff709ccae1df9badddb2a7d64ba999877f698f4e37fe492544f9bd013,mitmproxy,367,0,sha256WithRSAEncryption,2048,RSA,1,v3,0,1
v16m.tiktokcdn-us.com,54c30c4bc2b9307784274b8977716fbb59471ea0052cf4828e8f645077e470f7,mitmproxy,367,0,sha256WithRSAEncryption,2048,RSA,1,v3,0,1
e303368.b.akamaiedge.net,c1aa95e2da2b9935a79cdec9cba2bfb7be39bc64acc2203286c5c2d4a7b30969,mitmproxy,367,0,sha256WithRSAEncryption,2048,RSA,1,v3,0,1
api.hubapi.com,5b8e664064e74db8fec4c1ad661d1e3e0634b4374c9d176f73aa1622e77ec3fb,mitmproxy,367,0,sha256WithRSAEncryption,2048,RSA,1,v3,0,1
consentcdn.cookiebot.com,206fa80313a39845d4c06c0779c4c3f2c4d8ecb608ecc2fa1115a336d51af8e6,mitmproxy,367,0,sha256WithRSAEncryption,2048,RSA,1,v3,0,1
api16-normal-useast5.tiktokv.us,f58e37f32c8d89e368d3e5b9cff1ab2d6af9ae49c0ba8904d66b264bf5ed660c,mitmproxy,367,0,sha256WithRSAEncryption,2048,RSA,1,v3,0,1
tasks-pa.clients6.google.com,a84d803c11776eb19d7176c7aea6fe6428a8e54cc3091d75bf32ea8840c07ba1,mitmproxy,367,0,sha256WithRSAEncryption,2048,RSA,1,v3,0,1
login.windows.net,b7be3b2417699a59d2306ae7a72ccefb2844f0a2fb283c1516b6944a7d96abda,mitmproxy,367,0,sha256WithRSAEncryption,2048,RSA,1,v3,0,1
sf16-website-login.neutral.ttwstatic.com,57efbdcc4aaf0e5757da242463e77e54af28743dd40ddaab130840f6975e6756,mitmproxy,367,0,sha256WithRSAEncryption,2048,RSA,1,v3,0,1
configv2.unityads.unity3d.com,71dbae4b3f047fe8a27ae25b40c108432b573ed5fad7ebfe34f291c0d2ed2b5f,mitmproxy,367,0,sha256WithRSAEncryption,2048,RSA,1,v3,0,1
abs.twimg.com,4dc4d0abe0340dfb59cee3e773c6ba13c75c795b628e96c601a2e17730fdfa89,mitmproxy,367,0,sha256WithRSAEncryption,2048,RSA,1,v3,0,1
msedgeextensions.sf.tlu.dl.delivery.mp.microsoft.com,c89cbca0e6f6f76bce7e69ce8f1dcaf95c2320ea5633894c80feb60c13ccac4c,mitmproxy,367,0,sha256WithRSAEncryption,2048,RSA,1,v3,0,1
idsync.reson8.com,b8e997c8e6921ee5f4db499cbd80a79cddf27af504cbbdbfeef7903d17d907a2,mitmproxy,367,0,sha256WithRSAEncryption,2048,RSA,1,v3,0,1
li.protechts.net,5edaa3f87b18748ba5e3ab7799f75f2a6afed1b41ceb02bdf95c5587bb62c85f,mitmproxy,367,0,sha256WithRSAEncryption,2048,RSA,1,v3,0,1
loudecho.ai,02ca1c8849141d978a92e65a704c83335e5665c7d6a898e6b716f5a751069429,mitmproxy,367,0,sha256WithRSAEncryption,2048,RSA,1,v3,0,1
pacman.prod.nam.csc.cisco.com,117609db9a1aff332c63d461216dcacc959c09f4595dded630069aefb370467e,mitmproxy,367,0,sha256WithRSAEncryption,2048,RSA,1,v3,0,1
atlassian.net,ad2b33d24e7ce80bd6350b959f6d6f9115e1e22c0bb6cfc9cf7e8ce655d012f5,mitmproxy,367,0,sha256WithRSAEncryption,2048,RSA,1,v3,0,1
cs.loudecho.ai,073c31f51047f95d41dd70cc03c72b22e70a30bc008b7852177c02b7d805b638,mitmproxy,367,0,sha256WithRSAEncryption,2048,RSA,1,v3,0,1
ocsp.verisign.com,c8ef67e2fac3daa54f1dad557e3ccce985482103cee684478a5a00bd527c4144,mitmproxy,367,0,sha256WithRSAEncryption,2048,RSA,1,v3,0,1
e8960.e2.akamaiedge.net,b043e31229b39db9e8cd90d7b3c53ecd961a34dec215691306c91c6460ae28bd,mitmproxy,367,0,sha256WithRSAEncryption,2048,RSA,1,v3,0,1
taobao.com,d7444350e227821a3c5f41b6ed87333ac73ebf00f4b1a3bfae505d975d7fc586,mitmproxy,367,0,sha256WithRSAEncryption,2048,RSA,1,v3,0,1
services.bingapis.com,fb885eb2a170c0c559b2965f89cf1861064ce6cfacf0ad06d0b24cec4c6ed2d8,mitmproxy,367,0,sha256WithRSAEncryption,2048,RSA,1,v3,0,1
tm-clarity-tag.trafficmanager.net,28d886eeb7263018987279bb1bef0df6b2154478540e43a7e727ec3386c23eca,mitmproxy,367,0,sha256WithRSAEncryption,2048,RSA,1,v3,0,1
swg-url-proxy-https-sse.sigproxy.qq.opendns.com,d4caec2babcbecce502fca06ffec63a7265aba9810663ea4cb161ebd95e368b8,mitmproxy,367,0,sha256WithRSAEncryption,2048,RSA,1,v3,0,1
a1520.dscc.akamai.net,879bab8bd460250c9d76bf3b4a8167f347f16a542e9153b5fbb458bd351de2d3,mitmproxy,367,0,sha256WithRSAEncryption,2048,RSA,1,v3,0,1
assets-msn-com-world-atm-default.trafficmanager.net,96b7eaad06bd3e8f1e58d9e0263b7c4a19bdff229059ab519c4042f3e7da0c47,mitmproxy,367,0,sha256WithRSAEncryption,2048,RSA,1,v3,0,1
firebaseinappmessaging.googleapis.com,c5e1b62531ba20e38abfc2fcc53a17b238b96f6ef98a9b230fa1e5ece37cac70,mitmproxy,367,0,sha256WithRSAEncryption,2048,RSA,1,v3,0,1
et-c-ash.33across.com,1acec24c4db8bf58bba1e3f32df195bcf76670138e1d88b98454ddc3f4ce19ef,mitmproxy,367,0,sha256WithRSAEncryption,2048,RSA,1,v3,0,1
wyze-firmware-upgrade-service.wyzecam.com,d20dfb18cf24702b4ade97915ff75a66af0cdfb267bfe4b53dec3b1dae3b19c9,mitmproxy,367,0,sha256WithRSAEncryption,2048,RSA,1,v3,0,1
adtarget.com.tr,0817fdf7b6c15c517fa5d3f87f5624967efbe214669d77499fb063de18d0dffc,mitmproxy,367,0,sha256WithRSAEncryption,2048,RSA,1,v3,0,1
cs.emxdgt.com,96fc2f979ff17c4a5ea8ff68c3b96a4c7a50fec02a6255298f51dcd74bf1d183,mitmproxy,367,0,sha256WithRSAEncryption,2048,RSA,1,v3,0,1
cdn.userway.org,e00ea39054ebd370cc82769d47d6f4ff0f76abbe1e34f5fc70ec964f68371a8f,mitmproxy,367,0,sha256WithRSAEncryption,2048,RSA,1,v3,0,1
cf.47cf2c8c9-frontier.amazon.com,21bc8e63df1be0efda88a9decf5ef8e7d5b1ac5defcff086a253b5d29cacd87b,mitmproxy,367,0,sha256WithRSAEncryption,2048,RSA,1,v3,0,1
esp-us2.aptrinsic.com,aad36629f91c5aacfa9c97da82b880bbbe5d5e8cc9421fb3cc16629d753d77c2,mitmproxy,367,0,sha256WithRSAEncryption,2048,RSA,1,v3,0,1
d32a6ru7mhaq0c.cloudfront.net,0d015ee590ae5e0f44790bf43236521a2c7b3e81862cdae87b7e369666816de3,mitmproxy,367,0,sha256WithRSAEncryption,2048,RSA,1,v3,0,1
amp-api-edge.music.apple.com,2f8370b1a4c0358973931cb0eb747eeaa2cbef973c7bd4594cd4d9c142f8b369,mitmproxy,367,0,sha256WithRSAEncryption,2048,RSA,1,v3,0,1
aa-rt.sharepoint.com.dual-spo-0005.spo-msedge.net,ad612e5c0959fdd2555c5b83d153e2a5261aac2b900f5485e18b82cd15925a40,mitmproxy,367,0,sha256WithRSAEncryption,2048,RSA,1,v3,0,1
ipinfo.io,1c6c2a940eec4c5f5a74a60a0091197da44163468ce6998e4b53c01a12acc391,mitmproxy,367,0,sha256WithRSAEncryption,2048,RSA,1,v3,0,1
sync.dxtech.ai,98078cfd443f123a7e0c18875e0cd0adbdb01e9b93d6648d9679e97568df672d,mitmproxy,367,0,sha256WithRSAEncryption,2048,RSA,1,v3,0,1
pull-f5-tt04.tiktokcdn-us.com,e3411ecbb6d241384f6d38755d6fe2f5f0a7acf4538a6e7053749e057ad0d054,mitmproxy,367,0,sha256WithRSAEncryption,2048,RSA,1,v3,0,1
cdn.sapphire.microsoftapp.net,3d2686bf535b03d9039c3e4ac947007840c9adf4c840eada0182a330471f2345,mitmproxy,367,0,sha256WithRSAEncryption,2048,RSA,1,v3,0,1
img.ltwebstatic.com,748ec073746481cd050faec3ffc53b5cc35d3045d4c4a45193d8ef28758475e7,mitmproxy,367,0,sha256WithRSAEncryption,2048,RSA,1,v3,0,1
api.diagnostics.office.com,eb0c0bd4fda3872ec4472f8bc2afeaf8bbe67f8c13d0c926f9c3c36a9cc91d4b,mitmproxy,367,0,sha256WithRSAEncryption,2048,RSA,1,v3,0,1
remote-data.urbanairship.com,9afa9cd4d7c51c0d699c96f5edf3db87c323edc98b80a0c450698648e54b182b,mitmproxy,367,0,sha256WithRSAEncryption,2048,RSA,1,v3,0,1
userreport.com,787b64e044c853ab751fb26e1c6e79039eb763d6e08850a0f7391a1d60886259,mitmproxy,367,0,sha256WithRSAEncryption,2048,RSA,1,v3,0,1
i.vimeocdn.com,037249a5392895d18068c296704a7083592562a37984431f4d37e6b392e73aed,mitmproxy,367,0,sha256WithRSAEncryption,2048,RSA,1,v3,0,1
prod-go-x3-predictor.goguardian.com,1d77c23f742504a73751fbab0ce1d491b7761139a12d117c89e3958132a09262,mitmproxy,367,0,sha256WithRSAEncryption,2048,RSA,1,v3,0,1
search22-normal-c-alisg.tiktokv.com,598de9ac542945c8a34918aa6ff6714db4af40ab73a36f5c6d9effb9a1ca1ccb,mitmproxy,367,0,sha256WithRSAEncryption,2048,RSA,1,v3,0,1
a2047.w184.akamai.net,c5a305ef6283390dfc5f2e588ce39df63fdc7f336b99fcf7154cdfddbbb61c46,mitmproxy,367,0,sha256WithRSAEncryption,2048,RSA,1,v3,0,1
xandrpme-g-geo.trafficmanager.net,1fa5c06228e1e28e65a68f3fd2b4807a4a775e7c5e9938431abd418dbf792b92,mitmproxy,367,0,sha256WithRSAEncryption,2048,RSA,1,v3,0,1
ichnaea.netflix.com,6b61fcbf067f1af52e89660d0c779022566a7753b152c1c69a1297ff6975a2ce,mitmproxy,367,0,sha256WithRSAEncryption,2048,RSA,1,v3,0,1
augloop-prod.trafficmanager.net,319cafba88f511e9ecd6cd8541b9578a1592c2d41c8bf5581f1639280ff23da6,mitmproxy,367,0,sha256WithRSAEncryption,2048,RSA,1,v3,0,1
api.hcaptcha.com,8a1e1cbe14d2835382119d4e3f32322201f103ab76f4950bf3b26119f79aad36,mitmproxy,367,0,sha256WithRSAEncryption,2048,RSA,1,v3,0,1
addtoany.com,b628644ac240c5af9c5bf393b8f8957fbfeae1ba02690f435eadcdfb0cd7b3a0,mitmproxy,367,0,sha256WithRSAEncryption,2048,RSA,1,v3,0,1
munchkin.marketo.net,9991026966bc2a96d7f275057b5e7108096446bc62a932c755b2fe95fb35e5eb,mitmproxy,367,0,sha256WithRSAEncryption,2048,RSA,1,v3,0,1
nrdp51-appboot.netflix.com,d9c0fe2d5935c33ccc35b40a451d0c59ad5c207e527693306e9d40a882b5ca7d,mitmproxy,367,0,sha256WithRSAEncryption,2048,RSA,1,v3,0,1
ads.creative-serving.com,ee69fc64a87a411408ae943a48bf79238cc92365a542c59002606c61fcbe9a25,mitmproxy,367,0,sha256WithRSAEncryption,2048,RSA,1,v3,0,1
config.me.apple-dns.net,d663b50e3deb14721d51b88d28a527772b09356d375d17b478056cc9d0c7557d,mitmproxy,367,0,sha256WithRSAEncryption,2048,RSA,1,v3,0,1
static.ess.apple.com,75fd6417674248bd20e43ddeecb727364bd14f967596b502233811f011d048ef,mitmproxy,367,0,sha256WithRSAEncryption,2048,RSA,1,v3,0,1
api.userway.org,dd7b9cd50d675873057c7492e3d430321cf93050d1beac59db63c2f05218f063,mitmproxy,367,0,sha256WithRSAEncryption,2048,RSA,1,v3,0,1
itunes.apple.com.edgekey.net,d2fc127cbf96322a288223c38fabeabb1f5007a22e46541c65c02d9b596e51ad,mitmproxy,367,0,sha256WithRSAEncryption,2048,RSA,1,v3,0,1
aliyun.com,9ce927ff4bcdd2da16ebb68135cd108068bc36b9f0eb6a0d5353abee977be3e2,mitmproxy,367,0,sha256WithRSAEncryption,2048,RSA,1,v3,0,1
static.addtoany.com,a674b66a0f4ab759eff2b3f1b8631dbd406a8ac8ba698d1b1665454ab177e8a3,mitmproxy,367,0,sha256WithRSAEncryption,2048,RSA,1,v3,0,1
utt.impactcdn.com,804193faf2a152b2709f8b71e60a566364d3eded86225987475e000a008e5db0,mitmproxy,367,0,sha256WithRSAEncryption,2048,RSA,1,v3,0,1
rubicon-match.dotomi.com,c80a9b01c21320e217ca4a77315bf09022135f0c6cb4267d442cfd8b4b7051d3,mitmproxy,367,0,sha256WithRSAEncryption,2048,RSA,1,v3,0,1
hola.org,7c182e68123329893d9d4bea482b42b89b9822793fcf9fe077c6cb4faf53b1dd,mitmproxy,367,0,sha256WithRSAEncryption,2048,RSA,1,v3,0,1
i.sng.link,748483d4cb9593cd59fed2d5671109889192f9e5d4cc29632214564687ef8e68,mitmproxy,367,0,sha256WithRSAEncryption,2048,RSA,1,v3,0,1
azure.net,7ac51142d49c7dd07cefe947bac09b55eeff4adca40deab8a1bfc0444d47c7ad,mitmproxy,367,0,sha256WithRSAEncryption,2048,RSA,1,v3,0,1
com-c-3.edgekey.net.globalredir.akadns.net,26f6f7dd423adc40c9732f1cdeaa230dfe58813b7d1bfa6e10d404836607543c,mitmproxy,367,0,sha256WithRSAEncryption,2048,RSA,1,v3,0,1
ocps-xfer.kronos.net,16e904a5602415f35b571b9a98655b0c88743530593b2c640f76daa32636bee8,mitmproxy,367,0,sha256WithRSAEncryption,2048,RSA,1,v3,0,1
mgmt-file-upload-us-east-1-prod.sentinelone.net,bad3907f67e1630421c2884e397bee18ddc857a8458c3d88658b3bb35c9b88ce,mitmproxy,367,0,sha256WithRSAEncryption,2048,RSA,1,v3,0,1
c.contentsquare.net,951317ca96976ab69e067be36e08e159529a830bca79ac3dbfbdbc5ae5aff15b,mitmproxy,367,0,sha256WithRSAEncryption,2048,RSA,1,v3,0,1
mr-afd-azuredge-reserved-p01.tm-azurefd.net,178b5fa801bd2c8cf4b1ddba8f16b83650590a436ec2733b8efd33d0ac414f1e,mitmproxy,367,0,sha256WithRSAEncryption,2048,RSA,1,v3,0,1
jivox.com,6d015150c712d77d0be6049508075214bcfe4a8b9db24e3e5d18015c8e0b2f59,mitmproxy,367,0,sha256WithRSAEncryption,2048,RSA,1,v3,0,1
smartytech.io,624dfc6c20c550d53634c4db3b64a674ece907925453d0a75c9a988281634abd,mitmproxy,367,0,sha256WithRSAEncryption,2048,RSA,1,v3,0,1
devicetrust.com,8a2baa446a17be631999c6b4a2e3bec35408cf9424a7cfcba6cb1ba3e9698efa,mitmproxy,367,0,sha256WithRSAEncryption,2048,RSA,1,v3,0,1
img.kwcdn.com,dd08e7ab5956119e315d067d505962eaf85a7b6b1148b14d54b5d30be5c892a8,mitmproxy,367,0,sha256WithRSAEncryption,2048,RSA,1,v3,0,1
server.smartytech.io,32d2b9c789baf3904c6039625e2ba61a716bfa01f3bd5affa590d2582e930d41,mitmproxy,367,0,sha256WithRSAEncryption,2048,RSA,1,v3,0,1
o167200.ingest.sentry.io,ea5b8b4b0cce891b3a116d7a01c0642466ba93c908e4d9f3bd2e20d530d36cd6,mitmproxy,367,0,sha256WithRSAEncryption,2048,RSA,1,v3,0,1
archive-digger.com,2d7695423d2b8c6e4772ef5084f8507a3957d6b4e527f7502658950a47c0b97c,mitmproxy,367,0,sha256WithRSAEncryption,2048,RSA,1,v3,0,1
customerevents.netflix.com,5feac7f73768b66355be98349ab4b976c456532080852afd9989f0b354dda7d8,mitmproxy,367,0,sha256WithRSAEncryption,2048,RSA,1,v3,0,1
msg.csw.lenovo.com,67783c16a6fb8c6cbb402e15b12d1fd72dbc502691f4c464b3651d7ec45da7db,mitmproxy,367,0,sha256WithRSAEncryption,2048,RSA,1,v3,0,1
transcend-cdn.com,b481009b47ff5f8e6160cc25129211fd593338439d16d73b137c96b77f075e42,mitmproxy,367,0,sha256WithRSAEncryption,2048,RSA,1,v3,0,1
rmp.rakuten.com,d0253726168e5086840fd03c893cda84c1320e4f916a1890a7c1dede97e6b073,mitmproxy,367,0,sha256WithRSAEncryption,2048,RSA,1,v3,0,1
a1916.dscg2.akamai.net,4f6a4fcc93200cad218fb66cbb51a362a0839b023aafdd2e0d7079f3e99e8cc1,mitmproxy,367,0,sha256WithRSAEncryption,2048,RSA,1,v3,0,1
array608.prod.do.dsp.mp.microsoft.com,f0c20df2f546205fe82f7bb75685638d57b44258c1e79946a673e2fb64374a96,mitmproxy,367,0,sha256WithRSAEncryption,2048,RSA,1,v3,0,1
cdn-0.nflximg.com,fcc48eee48f799aea081cd14d6b29fd7d074de09a9745d764e220211b1698b63,mitmproxy,367,0,sha256WithRSAEncryption,2048,RSA,1,v3,0,1
riskified.com,cda617d1c734a22085fa4a34903ac777bbb05e43bb1c1cfcbad4d9eb0150dabd,mitmproxy,367,0,sha256WithRSAEncryption,2048,RSA,1,v3,0,1
manage-ppe.microsoft.us,8c22d67130b27b956bfd7d53d9a3138031240cf81e309a1f46e772d7d2d3fc08,mitmproxy,367,0,sha256WithRSAEncryption,2048,RSA,1,v3,0,1
portal.manage-ppe.microsoft.us,9022abf5594c8bcee467f6fea1c88b7f2733efa3f4ec203c7049fd615a70d8bf,mitmproxy,367,0,sha256WithRSAEncryption,2048,RSA,1,v3,0,1
sprig.com,4ee5861369269dc8bd9f67caa8f197730649ae94e43db76dca15c368f47acd76,mitmproxy,367,0,sha256WithRSAEncryption,2048,RSA,1,v3,0,1
portal.manage.microsoft.us,53bfa81920d8b33d6f52ed53362a82fbaadf7306dcc766d6e40fa94d61a1218a,mitmproxy,367,0,sha256WithRSAEncryption,2048,RSA,1,v3,0,1
gslb-2.demdex.net,c6959007717abec60e327ff21c2bfa1eed15f570380131b83c6146d1edf8e6fe,mitmproxy,367,0,sha256WithRSAEncryption,2048,RSA,1,v3,0,1
claude.ai,1f37ddaec1e9cb5e477f52d401a2613bd91b58d634854941e8da70b3615787b1,mitmproxy,367,0,sha256WithRSAEncryption,2048,RSA,1,v3,0,1
ads.mozilla.org,e955213cba1d42e59ad37dde850992a5e4445c1a37f85fba7cab5430caee19ff,mitmproxy,367,0,sha256WithRSAEncryption,2048,RSA,1,v3,0,1
attn.tv,d8b835bf58c92b8e0aeef57e7eff6864e60986fce6bb32b8928cd16bbdde6b95,mitmproxy,367,0,sha256WithRSAEncryption,2048,RSA,1,v3,0,1
locate-europe-west-azure-1.devicetrust.com,260adf94cc912a7e2c1b1b7294f3ec35d182212ccec06fd12c6aa8e3e0bd3583,mitmproxy,367,0,sha256WithRSAEncryption,2048,RSA,1,v3,0,1
ebay.com,d54f79ed195ba0ba428a06742081cb34b0277fd50e0be5d9a3fa0397153ac8ea,mitmproxy,367,0,sha256WithRSAEncryption,2048,RSA,1,v3,0,1
us.api.endpoint.ingress.rapid7.com,21e3e4672c3ccc211f8b80c14ff232118b82d5b1bca1d4fca1f70c77cd45e4e6,mitmproxy,367,0,sha256WithRSAEncryption,2048,RSA,1,v3,0,1
array610.prod.do.dsp.mp.microsoft.com,0d6fb10672368a5a6b5c04bd1f0a58814bb3cdb5a00915ec0c475fab5842b9cd,mitmproxy,367,0,sha256WithRSAEncryption,2048,RSA,1,v3,0,1
pds.ess.apple.com,6fe7a03128b8c4859ad2d3e2270a3c7d5da94c2a9505327956fe938cb027c587,mitmproxy,367,0,sha256WithRSAEncryption,2048,RSA,1,v3,0,1
sync.ex.co,012520deb2b8c8e5846541feacbece14ea9a031dc403fe879217cf5f1767b5c0,mitmproxy,367,0,sha256WithRSAEncryption,2048,RSA,1,v3,0,1
us.main.endpoint.ingress.rapid7.com,e21b3e2c0cd551df3279bbdfe1ee933541e5eb1297dec0109c58fb4df2ea4a83,mitmproxy,367,0,sha256WithRSAEncryption,2048,RSA,1,v3,0,1
fa000000113.resources.office.net,2519b9ecf39b51b4c465a161f8153e98e90a9a0e557118bddc48d25cc7c30cf9,mitmproxy,367,0,sha256WithRSAEncryption,2048,RSA,1,v3,0,1
pgammedia.com,c0da3e37e0ec00a8aea6212617320f40c5eccdb99c90e18fd25403171e0897ff,mitmproxy,367,0,sha256WithRSAEncryption,2048,RSA,1,v3,0,1
tse1.mm.bing.net,fbf8c9cb260ae931ed57326c8e58ddb3fb153a046a6affd15c498203f10a3cd1,mitmproxy,367,0,sha256WithRSAEncryption,2048,RSA,1,v3,0,1
bendingspoons.com,c57b4bb8a688321d91cf55067589a960acc690b1f24362d5c386b3f47ac9d74b,mitmproxy,367,0,sha256WithRSAEncryption,2048,RSA,1,v3,0,1
clientstream-ga.launchdarkly.com,1a079e93d91518e48a18da0ecb5ef4f0a6ac210fd1d8bf30fcfda1e07f1a93f8,mitmproxy,367,0,sha256WithRSAEncryption,2048,RSA,1,v3,0,1
paloaltonetworks.com,0e7e5e060283b5a529c4c68c54ad8f92c0b1555f004f4ab226e0acfddfff0552,mitmproxy,367,0,sha256WithRSAEncryption,2048,RSA,1,v3,0,1
s.yimg.jp,0d749c2ac79d7919b366bbbef619a7e3e44fe993cab69b4148f19ed40c1fd565,mitmproxy,367,0,sha256WithRSAEncryption,2048,RSA,1,v3,0,1
trustpilot.com,4f7625748a37eadba3519c9025b488a4aacfc14d71696d7652f134241e3805fd,mitmproxy,367,0,sha256WithRSAEncryption,2048,RSA,1,v3,0,1
c1ybkrkbr1j10x.credentials.iot.us-west-2.amazonaws.com,72c45e07b58ca3316b8de7918d346e48fbf4168d37924043f12e099bae7c0a20,mitmproxy,367,0,sha256WithRSAEncryption,2048,RSA,1,v3,0,1
prebid.smilewanted.com,0c2d435bc4b1e8f27963a96524ff8a45b383bd39f6a0cd60d56144c07a298dee,mitmproxy,367,0,sha256WithRSAEncryption,2048,RSA,1,v3,0,1
analytics.adjust.com,4328c540f7656f894a938c96a49650fe361796bb9e6284030c29d388761da182,mitmproxy,367,0,sha256WithRSAEncryption,2048,RSA,1,v3,0,1
fa000000132.resources.office.net,51a9401a873d9f26cecfbb07b04bddb0c8dfe84cf171f9656c5d92681a09c1c2,mitmproxy,367,0,sha256WithRSAEncryption,2048,RSA,1,v3,0,1
iad-07.braze.com,9e11088c3e8fc5e977dbd68e4f273bea3bb8bafd09d076d0b2863e1c981677cf,mitmproxy,367,0,sha256WithRSAEncryption,2048,RSA,1,v3,0,1
device-provisioning.googleapis.com,bf48b5f00f11e32813c1b465f98600bfa03f7661a96843ee6a1acb6e539923cc,mitmproxy,367,0,sha256WithRSAEncryption,2048,RSA,1,v3,0,1
sf-ssp.tiktokcdn-us.com,654c1d0943c400f2402a803dc091debbd85c2d3e90171f55d9d8da8ae47f9b99,mitmproxy,367,0,sha256WithRSAEncryption,2048,RSA,1,v3,0,1
redirect.prod.experiment.routing.cloudfront.aws.a2z.com,e164574a7538aab8e341d22711c22d4b6f1ed952b0bb5a405467544c843e7883,mitmproxy,367,0,sha256WithRSAEncryption,2048,RSA,1,v3,0,1
onedscolprduks03.uksouth.cloudapp.azure.com,f04da86c2f24b6466d38e5270e049060d65e0046de7449fb96db19dc60cb7be7,mitmproxy,367,0,sha256WithRSAEncryption,2048,RSA,1,v3,0,1
ars.oobesaas.adobe.com,63760dd3a0a931f13c4ba263fb48f4efdcb23ced0f8f73ec7fac6f7206c78fe4,mitmproxy,367,0,sha256WithRSAEncryption,2048,RSA,1,v3,0,1
emea.cc.skype.com,3280f3483d9f7c11f775169076dd6f542a221cd2a0a07470d6104e045ff55c6d,mitmproxy,367,0,sha256WithRSAEncryption,2048,RSA,1,v3,0,1
logincdn.msauth.net,d52fda13980864c28d44cb484f965d4dfe741ae34dc1c278a2b97631b424e8ca,mitmproxy,367,0,sha256WithRSAEncryption,2048,RSA,1,v3,0,1
onedscolprduks00.uksouth.cloudapp.azure.com,25c1ea6f5c362dcd3df13c88abe0e68acdce83643d3c42cf407456dd115e9c1c,mitmproxy,367,0,sha256WithRSAEncryption,2048,RSA,1,v3,0,1
lf16-geckocdn.tiktokcdn-us.com,3825c20ee9e63dee622095c434c9442d332265be95bd1da6aa151e7270b47f2e,mitmproxy,367,0,sha256WithRSAEncryption,2048,RSA,1,v3,0,1
jadserve.postrelease.com.akadns.net,c35c91e7479887d8374789322d7e1985dc98b02d3a7fcad2a4c5d1b0adf9cf4a,mitmproxy,367,0,sha256WithRSAEncryption,2048,RSA,1,v3,0,1
xiaomi.net,f2e6775bd6c15f27a47988ae9e88a0b0f6fa6f6954f56ceac4797ac94169535b,mitmproxy,367,0,sha256WithRSAEncryption,2048,RSA,1,v3,0,1
att.net,64b6b05237567ac7f1c3970dce30644b252aafea56da05b5b1230f54aa185570,mitmproxy,367,0,sha256WithRSAEncryption,2048,RSA,1,v3,0,1
a239.gi3.akamai.net,21058758909108e03b7741b59487e281d23550ed7c18134cc1c30d999eaae910,mitmproxy,367,0,sha256WithRSAEncryption,2048,RSA,1,v3,0,1
platform.linkedin.com,840dc0e2b3b0459e0ff7c6de3982f4aca06c002ccf8f25d6ee21054e4629b5c1,mitmproxy,367,0,sha256WithRSAEncryption,2048,RSA,1,v3,0,1
onedscolprduks02.uksouth.cloudapp.azure.com,aea1e76aff1846b05fc233242e2e1ebdb2ede0604796fe13beca936048c5d4b7,mitmproxy,367,0,sha256WithRSAEncryption,2048,RSA,1,v3,0,1
microsoft.com-c-3.edgekey.net.globalredir.akadns.net,f6631a2bec4dcb0f437c7f67873baa9b74ed8de29ca4764221c2891bdfa67786,mitmproxy,367,0,sha256WithRSAEncryption,2048,RSA,1,v3,0,1
create.microsoft.com,9a8762f1d8a1097e161901a46c476ab55184ff9e60fece48699022f3a74a3b14,mitmproxy,367,0,sha256WithRSAEncryption,2048,RSA,1,v3,0,1
cdn.create.microsoft.com,aacdab6d0942e7ceb70db29cca5865b0d3e3d49f0a775f0ae56225123728868e,mitmproxy,367,0,sha256WithRSAEncryption,2048,RSA,1,v3,0,1
limited-mbz200-ext-prod.giphy.map.fastly.net,cfef9d4eefef4b65cd97cefc5e84ec54b50618cd86a9a657e2b578c1097e4e12,mitmproxy,367,0,sha256WithRSAEncryption,2048,RSA,1,v3,0,1
roblox.com,014d78f8ff3e74ee136fb5fe9e3e24d66201be5c68e0f0c95507e31b49e69df1,mitmproxy,367,0,sha256WithRSAEncryption,2048,RSA,1,v3,0,1
tiles.virtualearth.net,50b17f5dd999db807a0d5b101f20e663c98845074307f2b22c6c32f61f7e88b1,mitmproxy,367,0,sha256WithRSAEncryption,2048,RSA,1,v3,0,1
profile.ess.apple.com,e9870103d8b0be8b7e1bdb0e0ccba4b4c1cff3cca189a5ad9f1b6fb2f15696df,mitmproxy,367,0,sha256WithRSAEncryption,2048,RSA,1,v3,0,1
mobilesupport.zscaler.com,6ef810f102868d16d4c314817801d12d62f027048a5638c1ad323665af91c699,mitmproxy,367,0,sha256WithRSAEncryption,2048,RSA,1,v3,0,1
tizen.org,583d5600781cda8d49785a1a98f5b0282427bd21e98a357421d0e781f435c89e,mitmproxy,367,0,sha256WithRSAEncryption,2048,RSA,1,v3,0,1
ext.goguardian.com,99f77e42e8ab045c3739cd9b0904182f01ef96dc32baa09942154069da3c7e82,mitmproxy,367,0,sha256WithRSAEncryption,2048,RSA,1,v3,0,1
wss-primary.slack.com,f920b6de467ba1681f5201da1eec00b082fa3e5f1e8c957ddcb895a72e79b63f,mitmproxy,367,0,sha256WithRSAEncryption,2048,RSA,1,v3,0,1
prod-rel-ffc.oobesaas.adobe.com,fca86a96bd91fca85ce0dbbfb5a49f0f8e6a261630628f61293ac5464c974d8a,mitmproxy,367,0,sha256WithRSAEncryption,2048,RSA,1,v3,0,1
www.tizen.org,3a065895a30ab3baff8c10c6567ad8bc552184187f8291c7faeca463d2e289a3,mitmproxy,367,0,sha256WithRSAEncryption,2048,RSA,1,v3,0,1
portal.manage.microsoft.com,f6d9fde404c0f842571467592fbb0c8be0d2efce22ca3d9eb633e34b246d6a2f,mitmproxy,367,0,sha256WithRSAEncryption,2048,RSA,1,v3,0,1
www.microsoft.com-c-3.edgekey.net.globalredir.akadns.net,a5884b3a3ba42817b773f5936692c553f77e3c5eed281c9acef0e23fa4dfd304,mitmproxy,367,0,sha256WithRSAEncryption,2048,RSA,1,v3,0,1
wf.taboola.com,749995c43a465ad9d3d3744b8b0992d5b2bf78eb14f4f34e4d046c1fdec778ef,mitmproxy,367,0,sha256WithRSAEncryption,2048,RSA,1,v3,0,1
ipds.adrta.com,96eb2b65dbe6fea74166d5d75212ac7d812a5578073071cb04acc5ab6fd5d904,mitmproxy,367,0,sha256WithRSAEncryption,2048,RSA,1,v3,0,1
cxense.com,0e83946a638f96884a859fda05dd7e7c20e6073f8b21500ca3b26a1b95f89cbc,mitmproxy,367,0,sha256WithRSAEncryption,2048,RSA,1,v3,0,1
fa000000080.resources.office.net,cb53856edef31574dcf519cbdeb9bf2ffcd64011374c5490b282657838714477,mitmproxy,367,0,sha256WithRSAEncryption,2048,RSA,1,v3,0,1
onedscolprduks01.uksouth.cloudapp.azure.com,ea423bbbd1f461025b2dd1b6c50dcd6dfc1a160e0d9c098fdb235af18f8a94b6,mitmproxy,367,0,sha256WithRSAEncryption,2048,RSA,1,v3,0,1
b-api.facebook.com,7350921771270e5fcaa5d321d4cf09660316a1456b981d9997c7d998b25283c5,mitmproxy,367,0,sha256WithRSAEncryption,2048,RSA,1,v3,0,1
waa-pa.googleapis.com,1dff3a05713925c4aecf293c54152961c2761d871465e6c985861588b1c11bea,mitmproxy,367,0,sha256WithRSAEncryption,2048,RSA,1,v3,0,1
gspe19-multi-cdn.ls2-apple.com.akadns.net,c912f3535441258d2881c79dbfbe79df06b738918365270f7eda3e163085672d,mitmproxy,367,0,sha256WithRSAEncryption,2048,RSA,1,v3,0,1
sdk.iad-07.braze.com,4611c4413a040790e63eed327085fc9cb6c91bda60b3cff52a13059f1518d0d9,mitmproxy,367,0,sha256WithRSAEncryption,2048,RSA,1,v3,0,1
net.wac-0003.wac-msedge.net,dadd256089fb46aac83b08cc3edcdb51707a6c7cdd088c0c0d56128f48f033fc,mitmproxy,367,0,sha256WithRSAEncryption,2048,RSA,1,v3,0,1
google.ca,e28c12e71289265d4bde8e34e89335918eef227230c7556905266cbf4f547319,mitmproxy,367,0,sha256WithRSAEncryption,2048,RSA,1,v3,0,1
tnc16-normal-useast5.tiktokv.us,30e8518bec02efb52dd9143a3999c6f970246811fd49a43e79cced171f153307,mitmproxy,367,0,sha256WithRSAEncryption,2048,RSA,1,v3,0,1
apps.bazaarvoice.com,fe9d8a2fc6ca30dab2998fc7d30318ff89698da6e0bb0dbaed3e3d560634688b,mitmproxy,367,0,sha256WithRSAEncryption,2048,RSA,1,v3,0,1
tnc16-normal-useast8.tiktokv.us,c23b0addf2a4fbeb64319563b050b1e64b2aa8ecee55733a2ff4d3f2ef79917a,mitmproxy,367,0,sha256WithRSAEncryption,2048,RSA,1,v3,0,1
dualstack.h2.bytedance.map.fastly.net,4d572bb8c7ff476f895fa356e57150a784af17e94d065446194d59cf70687ab3,mitmproxy,367,0,sha256WithRSAEncryption,2048,RSA,1,v3,0,1
a47b.com,91befe7a7bcf429729ebf5d6ec4a282644278474905901b323e8e9877d14f72a,mitmproxy,367,0,sha256WithRSAEncryption,2048,RSA,1,v3,0,1
log16-normal-alisg.tiktokv.com,e527f89978e5582e1ba201c93de7295cabe84658dce1cc058c4bc696145d6e0d,mitmproxy,367,0,sha256WithRSAEncryption,2048,RSA,1,v3,0,1
ib.mookie1.com,0fd806f43f3f846c51c6126eb60afddf2b12caea1e0ba299455bb025579ea425,mitmproxy,367,0,sha256WithRSAEncryption,2048,RSA,1,v3,0,1
triplelift-match.dotomi.com,1db5210a0c2e6bc8678e57eb52cc0aa3e791715ccf7bea5041c20f0d0385a09b,mitmproxy,367,0,sha256WithRSAEncryption,2048,RSA,1,v3,0,1
wac-dc-msedge.net.wac-0003.wac-msedge.net,dcfc246bd6749c48688c743b6c56955150c907b8df5f7f59afbbc0ca9f731b72,mitmproxy,367,0,sha256WithRSAEncryption,2048,RSA,1,v3,0,1
mozilla-ohttp.fastly-edge.com,3a2701324275faf4b0542ba11ff97984075ec0aaaf031933d31cc1dcc80fe7b2,mitmproxy,367,0,sha256WithRSAEncryption,2048,RSA,1,v3,0,1
cdn-gl.imrworldwide.com,56c3e48d3bc42cab069db82cf3f94432131cea6b1952c668f9024c558bd126e5,mitmproxy,367,0,sha256WithRSAEncryption,2048,RSA,1,v3,0,1
us.tvsquared.com,cd773b1e0d1ac69398551540238d34b30046720dcacb285a4aa89bdac1a2298a,mitmproxy,367,0,sha256WithRSAEncryption,2048,RSA,1,v3,0,1
sdk.iad-03.braze.com,d6a819be3276be33a0223a4965df794ad4ff4ca0af4a8c2a5c9552fa11cd4c2d,mitmproxy,367,0,sha256WithRSAEncryption,2048,RSA,1,v3,0,1
roku.com,20c777189e2523952079a9882b9a0fb637f4ce812ecd3d81caa4c3d90c1571a3,mitmproxy,367,0,sha256WithRSAEncryption,2048,RSA,1,v3,0,1
cs.pgammedia.com,fb47f7c5522c233aa22613a651f5a83e048d216e4f15e4ecdc16b67c866ed402,mitmproxy,367,0,sha256WithRSAEncryption,2048,RSA,1,v3,0,1
beacons5.gvt2.com,f14b5e17394ffeac434a3593cd7eea9f0d359169b00134cf5bccb4368d7feb05,mitmproxy,367,0,sha256WithRSAEncryption,2048,RSA,1,v3,0,1
en.wikipedia.org,a7e75cd503c83072f469643a5c4026c2fea14b66a948bdcb33def8cf98d90df3,mitmproxy,367,0,sha256WithRSAEncryption,2048,RSA,1,v3,0,1
wac-0003.wac-dc-msedge.net.wac-0003.wac-msedge.net,139b75d58c23e2adff08d32675fbe6f49d7a680f436c70cb88793a2efbbdc2ba,mitmproxy,367,0,sha256WithRSAEncryption,2048,RSA,1,v3,0,1
tr.iadsdk.apple.com,c73ac7b51850445a491f1724a4774638397c1409af639e40b7039d86b85fcac9,mitmproxy,367,0,sha256WithRSAEncryption,2048,RSA,1,v3,0,1
us-east-sync.bidswitch.net,c2a08968602aebf633fad5236882b9c3f80422de5ce5293304198b00a23b21b3,mitmproxy,367,0,sha256WithRSAEncryption,2048,RSA,1,v3,0,1
a1894.dscb.akamai.net,dba7d7858fc468013f37745ebf546106cdf6290ce072b8ac42987cd7acf83aef,mitmproxy,367,0,sha256WithRSAEncryption,2048,RSA,1,v3,0,1
app.printercloud.com,3466fbf10ffa35724a10c9153d154574a160cb8e8d512e97422e8bedda705c59,mitmproxy,367,0,sha256WithRSAEncryption,2048,RSA,1,v3,0,1
ninthdecimal.com,f8636e7dec4e2dbdd6124b05e49bc0f77821154c67e3165a73afb604e51d6052,mitmproxy,367,0,sha256WithRSAEncryption,2048,RSA,1,v3,0,1
manage-beta.microsoft.com,781de36cd45aebc311e6c8e9ab322756b1716a5e80e373a28ae4d2933f39fe01,mitmproxy,367,0,sha256WithRSAEncryption,2048,RSA,1,v3,0,1
sylvan.apple.com,014d7c0af7e7c495bc41215a0352b1a2f1fe1494ff2ab84bfa5d7223428b0b04,mitmproxy,367,0,sha256WithRSAEncryption,2048,RSA,1,v3,0,1
www.groovinads.com,1a6ba364b8e5c7c6321846816d25210a640e50d9619c11ba1474f2d3a1610e5b,mitmproxy,367,0,sha256WithRSAEncryption,2048,RSA,1,v3,0,1
lciapi.ninthdecimal.com,ba3bd7603f1ce3d7c1c7ef66dad64d00468d74e08bfdf416b1f262a3ed361db9,mitmproxy,367,0,sha256WithRSAEncryption,2048,RSA,1,v3,0,1
swdist.g.aaplimg.com,c0cb6e64ab3bd37e5046b52948876fe985730d2794ebdfc3d0459f6e1edee475,mitmproxy,367,0,sha256WithRSAEncryption,2048,RSA,1,v3,0,1
www.tm.lg.prod.aadmsa.trafficmanager.net,c72a9393be2a1c80aa8ddc3235a72e213d241ef60253601ab377de6287c56c94,mitmproxy,367,0,sha256WithRSAEncryption,2048,RSA,1,v3,0,1
statuspage.io,c5dd2e089fb53df066ba909fc8404465c38b9961e112b5d5b7d3b9cc1af0aced,mitmproxy,367,0,sha256WithRSAEncryption,2048,RSA,1,v3,0,1
analytics.tiktok.com.ttdns2.com,d5c606466d92cfcbaca9664d9eb20bf8d03ff69d68a90571c4b6b3ad9a3dd028,mitmproxy,367,0,sha256WithRSAEncryption,2048,RSA,1,v3,0,1
pull-flv-l1-sg01.tiktokcdn.com,d3b1ce6fe452105133af129a2c0e902bfffa953a8af59896a07ec09295d435c9,mitmproxy,367,0,sha256WithRSAEncryption,2048,RSA,1,v3,0,1
p11.techlab-cdn.com,ddd4c1e48eb613f0a7a3a9a110019a07c5658c66c9d79420c56dad5f90645262,mitmproxy,367,0,sha256WithRSAEncryption,2048,RSA,1,v3,0,1
bam.nr-data.net.cdn.cloudflare.net,6c997b2e92379afae055f552ea42cc6ceb3024fa2b94553e46c403b8d70a7793,mitmproxy,367,0,sha256WithRSAEncryption,2048,RSA,1,v3,0,1
logincdn.msftauth.net,c95a91c300e91f57ca8d930f34861d23f6829ba43773c9f6eff5b9f48a72332d,mitmproxy,367,0,sha256WithRSAEncryption,2048,RSA,1,v3,0,1
sdk.iad-06.braze.com,497506bce34ed0e58281f8ddfca2d3e939077f4cdb7d95a6f8dfba42178d2576,mitmproxy,367,0,sha256WithRSAEncryption,2048,RSA,1,v3,0,1
combine.urbanairship.com,b56a68cc9cd9e6e209e96b07895d1b30837f7d896be6a0096465a23d86ae9dfe,mitmproxy,367,0,sha256WithRSAEncryption,2048,RSA,1,v3,0,1
g.bing.com,ac43ab3d95119b340f97da229b98d0e1d76bbaec01db3dbb90b852c4adf8e1d2,mitmproxy,367,0,sha256WithRSAEncryption,2048,RSA,1,v3,0,1
radarsubmissions.apple.com,619c8e6bafe4ce78b52a51dc0f506f7bf60c986e9bfe557de10459a3a233a408,mitmproxy,367,0,sha256WithRSAEncryption,2048,RSA,1,v3,0,1
rewards.bing.com,b7ecd1329ec3302c50193e407c2a70f9dfc5400c4255beba808e2d70ec4e7836,mitmproxy,367,0,sha256WithRSAEncryption,2048,RSA,1,v3,0,1
idaas-ext.cph.liveintent.com,501fa9b63cffb7dadaf431e9663fc59a6621fc023a3e29816f434b3deec3757e,mitmproxy,367,0,sha256WithRSAEncryption,2048,RSA,1,v3,0,1
ecs-office.s-0005.dual-s-msedge.net,250db769943f1aef489411207e4019af81a363f962234226b5358b5f20f6578e,mitmproxy,367,0,sha256WithRSAEncryption,2048,RSA,1,v3,0,1
img.doppiocdn.com,442914970a81f6fa56dbcdfe0fe5474c2b790ccf6b6be0cc4920f1b389d289a9,mitmproxy,367,0,sha256WithRSAEncryption,2048,RSA,1,v3,0,1
portal.manage-beta.microsoft.com,55445f23b77aefff0a8406c42c3007474c4b1753a2f45ec4ccd1263b637950d5,mitmproxy,367,0,sha256WithRSAEncryption,2048,RSA,1,v3,0,1
cdn.p-n.io,0a2bc77b6b79afb3b2f6c3e2402c0c3191a3bb67cf67392277f79451fde54b38,mitmproxy,367,0,sha256WithRSAEncryption,2048,RSA,1,v3,0,1
tps-ue1.doubleverify.com,2e2cff18a4296e90978d5eb4692d30f7ee467557794ba441c4f6e7b5a5774b3b,mitmproxy,367,0,sha256WithRSAEncryption,2048,RSA,1,v3,0,1
celtra.com,d0cc3132999e1601a14fc2ab74e257d161944182bc6fdf95d1384bfdb8685b73,mitmproxy,367,0,sha256WithRSAEncryption,2048,RSA,1,v3,0,1
cdn.winget.microsoft.com,c152bb7120292066b4c69f1b7999b2609f06294383a4efd43a3c44393bef8418,mitmproxy,367,0,sha256WithRSAEncryption,2048,RSA,1,v3,0,1
f.vimeocdn.com,ad20e550a447426b72c49b82f69cdb35cbfd95acfdfcd08da4808a1c1824eb1c,mitmproxy,367,0,sha256WithRSAEncryption,2048,RSA,1,v3,0,1
sync-use.1rx.io,8285f2114bf863c747a342be002f597de9daa46cd7fcfc7cd64c6ba89e5d37ae,mitmproxy,367,0,sha256WithRSAEncryption,2048,RSA,1,v3,0,1
training.knowbe4.com,362d0ccfc0a238022c8867e89d45c5b6e3826d786512af8773b7d55ac55f1d4d,mitmproxy,367,0,sha256WithRSAEncryption,2048,RSA,1,v3,0,1
onedscolprduks05.uksouth.cloudapp.azure.com,dd68332135e150bb4ce1e41a0a6a9194907053916488eabea3d74f32da9fa7fb,mitmproxy,367,0,sha256WithRSAEncryption,2048,RSA,1,v3,0,1
digitaloceanspaces.com,9b03566e8856fd3b7db029a43697a10521c5688a8ec7731dc38d5fa3274a120c,mitmproxy,367,0,sha256WithRSAEncryption,2048,RSA,1,v3,0,1
cloudidentity.googleapis.com,85b4ee2f5328cd63f2369685d1160b862c8bede0d67b2039046050c4bfed3481,mitmproxy,367,0,sha256WithRSAEncryption,2048,RSA,1,v3,0,1
sparteo.com,6e63a993d4e3ade58ddf50a670404b66e29093b43901243577cc2e0127e3b7eb,mitmproxy,367,0,sha256WithRSAEncryption,2048,RSA,1,v3,0,1
wcpstatic.microsoft.com,e14ae672709af2119158a9baf681a726c52e570c2c64ed76e8fd728064e12f0d,mitmproxy,367,0,sha256WithRSAEncryption,2048,RSA,1,v3,0,1
frontier.tiktokv.us,7b5886cadca0c0e80c020983a28bf938b2bb466f106b98abd4c917983cb88b92,mitmproxy,367,0,sha256WithRSAEncryption,2048,RSA,1,v3,0,1
pxdrop.lijit.com,4f85c878f5a96c5f3c277786da447e416bc8ae69bd6a6d80858c5eb66d4a492c,mitmproxy,367,0,sha256WithRSAEncryption,2048,RSA,1,v3,0,1
ctldl.windowsupdate.com.delivery.microsoft.com,365dc5bb4b415280de418d642ca482c0a932e80750ceb1ac1e7526de8c0fd1a9,mitmproxy,367,0,sha256WithRSAEncryption,2048,RSA,1,v3,0,1
espn.com,4fb459922f46d7db3394f80803a784a3b04414d510280356e6677e91992bbe0b,mitmproxy,367,0,sha256WithRSAEncryption,2048,RSA,1,v3,0,1
carrierbundle.itunes.apple.com,9ee49bf0bd963a909eb36956336b1ca4c2bca0e4e2f2e6e1cabad356e15d6a64,mitmproxy,367,0,sha256WithRSAEncryption,2048,RSA,1,v3,0,1
app-site-association.cdn-apple.com.akadns.net,4ba676cb4a196be66577c2d138f2e54b8299718cfbafb430a514b54d49801d7e,mitmproxy,367,0,sha256WithRSAEncryption,2048,RSA,1,v3,0,1
pulse-event-service.beta.clever.com,ea09512b18306409b2f84aae77b41396c29ded41e7cc5eba674d0aa7cc87e5fa,mitmproxy,367,0,sha256WithRSAEncryption,2048,RSA,1,v3,0,1
ccext-static.adobecces.com,a62d53250fc7bfec1855e667aafb5992515b1c2e221b84a29b392437a8239fae,mitmproxy,367,0,sha256WithRSAEncryption,2048,RSA,1,v3,0,1
oec-im-tt-sg.tiktokglobalshopv.com,a4e93bb6fc72e622be755e348e0e998dbf489191ff591c473745f0b87db8748b,mitmproxy,367,0,sha256WithRSAEncryption,2048,RSA,1,v3,0,1
adobe.tt.omtrdc.net,a0e94e247d8b5e75e7c116965098a484c9c109515ac70343e3bc639aa70e7aac,mitmproxy,367,0,sha256WithRSAEncryption,2048,RSA,1,v3,0,1
ninjarmm.com,a67c03f51042f9a76770fd161bd55c18bff0789a9dd58f7519f5d2f87876a3c8,mitmproxy,367,0,sha256WithRSAEncryption,2048,RSA,1,v3,0,1
ftp.hp.com,4e440f964f35e5284cc0e16e886d25f71f3da0efa7f8ea6952abc29507963bdb,mitmproxy,367,0,sha256WithRSAEncryption,2048,RSA,1,v3,0,1
manage-selfhost.microsoft.com,e3d97d2ca2f0e6c1d7548b8d4af8aaab0057b08609e4ca6104987d033c59b1f3,mitmproxy,367,0,sha256WithRSAEncryption,2048,RSA,1,v3,0,1
portal.manage-selfhost.microsoft.com,7a0e055a47d677a24e80f85f94c01b191fb720f065dfc70084399593df3ed99b,mitmproxy,367,0,sha256WithRSAEncryption,2048,RSA,1,v3,0,1
grs.dbankcloud.asia,8c4b0213f15cd55ae614247a5ade9e92b6802f23051e8e130d93fd8748f80abe,mitmproxy,367,0,sha256WithRSAEncryption,2048,RSA,1,v3,0,1
q.clarity.ms,9e9319d0623669cc172b76c3bbbe41c9b1925d16cf3a72e4973c1b140bf9078c,mitmproxy,367,0,sha256WithRSAEncryption,2048,RSA,1,v3,0,1
a339.dscgi3.akamai.net,09819407165f03e5327690e9890e8529d6a77f489052cc3b30edfa869f6ce04e,mitmproxy,367,0,sha256WithRSAEncryption,2048,RSA,1,v3,0,1
cdn-lb.vungle.com,b7c9face9689dd9a6ddf23a8751133537899a812733d49ec7bb8ac5140d9e937,mitmproxy,367,0,sha256WithRSAEncryption,2048,RSA,1,v3,0,1
wnrtm-a-0.prod.infra.webex.com,af757b2aa3ae48682385bdf1eb59e10d5f66b1a4dba60b3a129bd311ce838844,mitmproxy,367,0,sha256WithRSAEncryption,2048,RSA,1,v3,0,1
idbroker.webex.com,b1c76e81237ec32a95d1578db1f943726cb9586d2911e4aff5cf6c712408eb86,mitmproxy,367,0,sha256WithRSAEncryption,2048,RSA,1,v3,0,1
client.protechts.net,d5cd1b09d6e29cb9b952834f2ca2a7244179952be3af82af8efb8c5001c9302d,mitmproxy,367,0,sha256WithRSAEncryption,2048,RSA,1,v3,0,1
public.wnrtm-a-0.prod.infra.webex.com,810710660942b32b3e07b1fa984be6ad2a69fe7086b3c5ed4b5943df8c6174d9,mitmproxy,367,0,sha256WithRSAEncryption,2048,RSA,1,v3,0,1
fmipmobile.fe2.apple-dns.net,308fbc0bce88b256fb24f2bf38c806d6cbfba798b2a344e6f4a68617524d54ff,mitmproxy,367,0,sha256WithRSAEncryption,2048,RSA,1,v3,0,1
lyr.pubmatic.com,733754fdebbbea50174325ed1aeef6b55e71c54da8a5292b481b4797c758e736,mitmproxy,367,0,sha256WithRSAEncryption,2048,RSA,1,v3,0,1
e11271.dscg.akamaiedge.net,d057ce02a94c227ebe7275343af6f6a5f118bb4c0976d126265e9c7eaf6146d4,mitmproxy,367,0,sha256WithRSAEncryption,2048,RSA,1,v3,0,1
anthropic.com,72f5f712526edf780b09766272ee561cab583344c90cfc8b35b2a5df323ffcd6,mitmproxy,367,0,sha256WithRSAEncryption,2048,RSA,1,v3,0,1
cse.google.com,a7eb88bfe1f9e004f1b18ae23e42ecfa4d17252646a461ca2f37114c4e1253a1,mitmproxy,367,0,sha256WithRSAEncryption,2048,RSA,1,v3,0,1
track.adformnet.akadns.net,edd5cba885c3a85c68404768b6a2342cc07d21e22793a874481cb08f420c67f5,mitmproxy,367,0,sha256WithRSAEncryption,2048,RSA,1,v3,0,1
zoominfo.com,149d751ebea3b55e4d00f6c0db4a42af5a2a83510ffa23c1644a9de6473b2763,mitmproxy,367,0,sha256WithRSAEncryption,2048,RSA,1,v3,0,1
array802.prod.do.dsp.mp.microsoft.com,58e065dcb6cdc045b9c272d10c5bccbc33202dfc8a4e5f5126bd44b4778890da,mitmproxy,367,0,sha256WithRSAEncryption,2048,RSA,1,v3,0,1
g-msn-afd.trafficmanager.net,6f4f91037f80cf8c438bba21b4482ce20ae5a253b10019710374a5733bf60844,mitmproxy,367,0,sha256WithRSAEncryption,2048,RSA,1,v3,0,1
fyber.com,009f94a13e405ae475a0a768fc0b62a3011b0ed3365746e7be67868c7afea2ed,mitmproxy,367,0,sha256WithRSAEncryption,2048,RSA,1,v3,0,1
cloud-asr.acrobat.com,9767fa339063e250a607b87b3d875fbe7012485ddc58fc936033999306642da7,mitmproxy,367,0,sha256WithRSAEncryption,2048,RSA,1,v3,0,1
winatp-gw-weu.microsoft.com,159480a24bc405ea99962dcc8d06f1fcf417039174f701dc9d119e651d38e4e8,mitmproxy,367,0,sha256WithRSAEncryption,2048,RSA,1,v3,0,1
cdn3.forter.com,f52f65846607d9d8fae9b009680a35ff54c0fc71a0500902a99392b545d383c3,mitmproxy,367,0,sha256WithRSAEncryption,2048,RSA,1,v3,0,1
appswaldo-pa.clients6.google.com,718b653d985209ec42f8883edcf29f4cd01b57f6b7965386d121bff6e37f6989,mitmproxy,367,0,sha256WithRSAEncryption,2048,RSA,1,v3,0,1
kinesisvideo.us-west-2.amazonaws.com,0cc60eca3b9efe8c165c299002eaeec11295023061db0be9f942a86dfc6f6d4a,mitmproxy,367,0,sha256WithRSAEncryption,2048,RSA,1,v3,0,1
identity.mparticle.com,c734995922b602be73e548c27df95e8eb6874973bc96cb711d402be97f801b2d,mitmproxy,367,0,sha256WithRSAEncryption,2048,RSA,1,v3,0,1
a.slack-edge.com,bdd27de91bf4ae0f8404ac5c3ebc0889554432ff567977b94fdba1b63b81910b,mitmproxy,367,0,sha256WithRSAEncryption,2048,RSA,1,v3,0,1
pau2-collabhubrtc.officeapps.live.com,4a9df219c7b51882bf430731939ec375db746c50b2a151efed5d56b1abd85750,mitmproxy,367,0,sha256WithRSAEncryption,2048,RSA,1,v3,0,1
pull-q5-va01.tiktokcdn-us.com,95bb5670abf64821a200a95c7d6f2fda085283cac8d1b2d4e5de4131d5dad919,mitmproxy,367,0,sha256WithRSAEncryption,2048,RSA,1,v3,0,1
api.sprig.com,022be374a9f954e58dbf149b5ad398593ea4ce0d36e4ca1d6499bfa00430de55,mitmproxy,367,0,sha256WithRSAEncryption,2048,RSA,1,v3,0,1
pull-w5-va01.tiktokcdn-us.com,de7347978265c11ec6a58a6bb313d556d3d36eb794c87badbd3493fb62630700,mitmproxy,367,0,sha256WithRSAEncryption,2048,RSA,1,v3,0,1
yieldlab.net,15f58775f983fabac321ec65bb6232666254834ded42e4324ab2a5df8b977627,mitmproxy,367,0,sha256WithRSAEncryption,2048,RSA,1,v3,0,1
plus.l.google.com,698e851f7eafbf0c0018c8fe0abe04424c82eb87324dc11103acbbedc1f15f94,mitmproxy,367,0,sha256WithRSAEncryption,2048,RSA,1,v3,0,1
arclight.vimeo.com,0e98eb9e03bd4c8ad09fe64548825e72521daa55ccd87a18808c7fec0a1550e2,mitmproxy,367,0,sha256WithRSAEncryption,2048,RSA,1,v3,0,1
e-planning.net,b2f77a1130e844bf46e7c43feb87e57a056589facafc60e2f0363340e1495fa4,mitmproxy,367,0,sha256WithRSAEncryption,2048,RSA,1,v3,0,1
w3-reporting.reddit.com,7b6b5f8bcd99c7aac7b16944d78ed204cca9937f863369686f0628690882eba5,mitmproxy,367,0,sha256WithRSAEncryption,2048,RSA,1,v3,0,1
duckduckgo.com,11d3cf01ff07a6e98809f01f96b9aec4015113a9a1203af9fd35f70906e80385,mitmproxy,367,0,sha256WithRSAEncryption,2048,RSA,1,v3,0,1
enterprise-eudb.activity.windows.com,a649d3054aae9d751302d898c7884d6a45d557af431f3a2cfe829d088bae0913,mitmproxy,367,0,sha256WithRSAEncryption,2048,RSA,1,v3,0,1
pull-f5-sg01.tiktokcdn.com,eee17e049cc02d97ce52063d187f15a183609b07c0b78419c1bd389114df5954,mitmproxy,367,0,sha256WithRSAEncryption,2048,RSA,1,v3,0,1
client-api-cdn.itunes-apple.com.akadns.net,a97a692b273e086923c8c9291ae01396c0bec976d39f8e3cf1434264e533b11f,mitmproxy,367,0,sha256WithRSAEncryption,2048,RSA,1,v3,0,1
public-cdn.sharepointonline.com,7a2e3457fa4c562ca2a993a0af706cf41cfc651799d2d1654fa0bf477185ff92,mitmproxy,367,0,sha256WithRSAEncryption,2048,RSA,1,v3,0,1
cdn.parsely.com,36f898931ed320d4e05ef9501f2a083be51b4fcf4026a65565ff18bbeca009bf,mitmproxy,367,0,sha256WithRSAEncryption,2048,RSA,1,v3,0,1
lf-static.tiktokpangle-cdn-us.com,358b7a8eb0d6c1822d0559ec18e5f5f7100c3405d6fe1f4afd4f500ad53321a1,mitmproxy,367,0,sha256WithRSAEncryption,2048,RSA,1,v3,0,1
ad.yieldlab.net,365fe4727962bdddea22999844a3f882fe87054b4274ebb822de2fe64eb600e2,mitmproxy,367,0,sha256WithRSAEncryption,2048,RSA,1,v3,0,1
nrdp.ws.prod.cloud.netflix.com,f28101a123ba5e2e651d33c2ff065cb7e2970f9a5aa4209dfb8eda749a8611f2,mitmproxy,367,0,sha256WithRSAEncryption,2048,RSA,1,v3,0,1
pinklion.io,dd294b94ee7ad6a654178bcb59bdc1e412c1e33f4e6291f0bd0cb643d286699c,mitmproxy,367,0,sha256WithRSAEncryption,2048,RSA,1,v3,0,1
cdn.fbsbx.com,e629d0bbb2dda32f23c784a147ce1240053350ec35d4656495cf4c500f55d3e3,mitmproxy,367,0,sha256WithRSAEncryption,2048,RSA,1,v3,0,1
logs.datadoghq.com,f291d918fd0e42f7df97307fffb67281d53183bfe8504b43c0a63cb5763cd73b,mitmproxy,367,0,sha256WithRSAEncryption,2048,RSA,1,v3,0,1
clienttoken.spotify.com,b2ae04796d084388b0f622f4ffb705ffc289e0970cba560282868cf6f1e292b8,mitmproxy,367,0,sha256WithRSAEncryption,2048,RSA,1,v3,0,1
us-east4-gcp.api.sc-gw.com,07a3576dcb5737ca5e5858b99702f1f5a896a2f5460e16507c73743075cbf389,mitmproxy,367,0,sha256WithRSAEncryption,2048,RSA,1,v3,0,1
pull-flv-f77-tt04.tiktokcdn-us.com,6438362ba4a28627cfea66e18e1f30fe798f10aed7ba3dc713d9269da19a8d0b,mitmproxy,367,0,sha256WithRSAEncryption,2048,RSA,1,v3,0,1
acdcatm.eop.mira.tm.svc.cloud.microsoft,40650c05058485a23f9d6956c5bf9e64147ea34b9168519d29ae714c3843e5c9,mitmproxy,367,0,sha256WithRSAEncryption,2048,RSA,1,v3,0,1
samba.tv,7c056efbdf6480c974fc9ffa945849ff2495c13ce308aa41b37067e359c95173,mitmproxy,367,0,sha256WithRSAEncryption,2048,RSA,1,v3,0,1
crl.globalsign.com,fec3d66d31435b5830dfd0be56ae2788e204fa38063abc15434b5449465eff5e,mitmproxy,367,0,sha256WithRSAEncryption,2048,RSA,1,v3,0,1
t.mookie1.com,3b5bfcbb12377d282824e4b9fb8ae4257456c5a3898ec1b4501f8191963f961d,mitmproxy,367,0,sha256WithRSAEncryption,2048,RSA,1,v3,0,1
gos-api.gos-gsp.io,fcfc46bf20973d5a603cdad542ee365c18ca3f551956f5fbe67b207a2227d7c7,mitmproxy,367,0,sha256WithRSAEncryption,2048,RSA,1,v3,0,1
tvpixel.com,4bbe0757a7b8863332126b2503a35c23b89d4cd66ef8cea3b300047470773763,mitmproxy,367,0,sha256WithRSAEncryption,2048,RSA,1,v3,0,1
fa000000112.mro1cdnstorage.public.onecdn.static.microsoft,651b6f6824a399599ca1cd83697843f6759a4a407c67b95c0ee8fcdeddd3ebbd,mitmproxy,367,0,sha256WithRSAEncryption,2048,RSA,1,v3,0,1
a2047.mm2.akamai.net,28c1fc2882f694249bc96897ad644f36a84016112ae29c0210df8203a001f46f,mitmproxy,367,0,sha256WithRSAEncryption,2048,RSA,1,v3,0,1
external-preview.redd.it,c5bd721b9ac67a7656f7b02967178c0c37eb5302e6ad0fa17d22cda6ae5d3aa2,mitmproxy,367,0,sha256WithRSAEncryption,2048,RSA,1,v3,0,1
oneocsp-microsoft-com.a-0003.a-msedge.net,42b64a1246e37baaa811ad82d77b0c40fab7d28808a06465d00d7bdfb1ff9651,mitmproxy,367,0,sha256WithRSAEncryption,2048,RSA,1,v3,0,1
main.vscode-cdn.net,3b45688d868293351e010fa187366aeb719630e34fa718b2ee18ecc00505fe4e,mitmproxy,367,0,sha256WithRSAEncryption,2048,RSA,1,v3,0,1
normandy.cdn.mozilla.net,79dbe21be60b2b1583b1da242e2ffe74a663bea2be7663f1466e49edf2b62f84,mitmproxy,367,0,sha256WithRSAEncryption,2048,RSA,1,v3,0,1
frontier-ttp2.tiktokv.us,12ff1f8a2dd5d7fb2d6e12300d295538ff6045f1fd54c2017df0554c56e5c550,mitmproxy,367,0,sha256WithRSAEncryption,2048,RSA,1,v3,0,1
e8652.dscx.akamaiedge.net,d95dae6d4374d5fb8e47e384de59e7f889cd7f6afd075207b46a50a3ead7edf3,mitmproxy,367,0,sha256WithRSAEncryption,2048,RSA,1,v3,0,1
tp.47cf2c8c9-frontier.amazon.com,a5438797f77783e735c55b3fddf35f55e3be8859e6aa39ef4d13fc6d6ba66793,mitmproxy,367,0,sha256WithRSAEncryption,2048,RSA,1,v3,0,1
stocks-data-service.v.aaplimg.com,e4a051b5ba3c9c16c163e1db3fff850cfc93c7bbfa6758ab46243f22aaab7a57,mitmproxy,367,0,sha256WithRSAEncryption,2048,RSA,1,v3,0,1
gboxlab.com,ac0089e8a44f231cea30494c2fc20bb71325d6054769b3185f35986b76d844b3,mitmproxy,367,0,sha256WithRSAEncryption,2048,RSA,1,v3,0,1
pixad.com.tr,0bb8c652f083846aae41fb19e2f57aff80c88a00af657d82453166bf0ed5d387,mitmproxy,367,0,sha256WithRSAEncryption,2048,RSA,1,v3,0,1
s.adroll.com,b65a2db3d4ff62a9696b4e2b5e328e54503c5489b8a19f871f10fd1c4bf40448,mitmproxy,367,0,sha256WithRSAEncryption,2048,RSA,1,v3,0,1
pinterest.map.fastly.net,4c2aa5c0a317fa496de5375ede017ec0b1c1f2071a065a75835cc691822fdaf2,mitmproxy,367,0,sha256WithRSAEncryption,2048,RSA,1,v3,0,1
dualstack.pinterest.map.fastly.net,728e5e7b6252bdf1dfd4eb124ac888059106a0a47d2b4ed0ce2828691a531332,mitmproxy,367,0,sha256WithRSAEncryption,2048,RSA,1,v3,0,1
e4686.dsce9.akamaiedge.net,b2e0733c216ba88ed9bd462f70646984658344dc28b181a746065dd7d7684e72,mitmproxy,367,0,sha256WithRSAEncryption,2048,RSA,1,v3,0,1
d1.sc.omtrdc.net,aa104e84e7ca5679bfd5f1bd4eb2be076e3b8b1fff9a3f66d3be8db4fde8d965,mitmproxy,367,0,sha256WithRSAEncryption,2048,RSA,1,v3,0,1
pki-goog.l.google.com,7ea262e879357ef6ba7c3ce5cd62fdc4071af0d3b1776260c023de86592d6e1c,mitmproxy,367,0,sha256WithRSAEncryption,2048,RSA,1,v3,0,1
api19-core-useast5.tiktokv.us,876703d94250d41d1d38e683fa17f390239536af14e49fe040e2241b113af01b,mitmproxy,367,0,sha256WithRSAEncryption,2048,RSA,1,v3,0,1
int08h.com,e789d10cddb6e02d3e8b1b8a84bbe10379c0d7d18cad3034ab8300760f36c2f7,mitmproxy,367,0,sha256WithRSAEncryption,2048,RSA,1,v3,0,1
ch-trc-events.taboola.com,ba19301f1941ecfca9534d6cc36e72e7a4147711fb76624d369f09a1c0b7fc48,mitmproxy,367,0,sha256WithRSAEncryption,2048,RSA,1,v3,0,1
skadsdk.appsflyersdk.com,430227f3ca42c105680694d9655b4f9baf825b421fd0de7b8daf329eb1436327,mitmproxy,367,0,sha256WithRSAEncryption,2048,RSA,1,v3,0,1
arttrk.com,ac36b94fed7e5fa2a369ccd9bbc364209dedf7c2c1b2aad357b55fb4a631fd0b,mitmproxy,367,0,sha256WithRSAEncryption,2048,RSA,1,v3,0,1
sync.pinklion.io,188aab8dcec447996c633cbf626595128a79ae4db6b5f667b02ad2b3eca65582,mitmproxy,367,0,sha256WithRSAEncryption,2048,RSA,1,v3,0,1
bidder.smartytouch.co,e140024bb500b37fd6087f1ba39a1ccf681e79e445783310bc232212945096ff,mitmproxy,367,0,sha256WithRSAEncryption,2048,RSA,1,v3,0,1
graph.windows.net,b53c26bc8653f68ce2e6ce0032767538aa3482ec50b435c77a72ca182ff85354,mitmproxy,367,0,sha256WithRSAEncryption,2048,RSA,1,v3,0,1
steampowered.com,557885204d9ee65ec3aebf33eec75038e94d978b06c47ff0be84aaf1d0cd9cbd,mitmproxy,367,0,sha256WithRSAEncryption,2048,RSA,1,v3,0,1
config.officeapps.live.com,c3e70285804b4781cd282a00a6bb7f556acdb4652fc68a21df66784fc59f4ddd,mitmproxy,367,0,sha256WithRSAEncryption,2048,RSA,1,v3,0,1
x15.adv.lijit.com,1f2afe739713de93de1951fc1f42577e12531ce3270a7403c2cf79d6d6cfab11,mitmproxy,367,0,sha256WithRSAEncryption,2048,RSA,1,v3,0,1
webcast19-normal-useast5.tiktokv.us,8b4eac8bf284396a04803a8080abe43c41c5c51c0db98a2eeeb9c5852c1e7fdb,mitmproxy,367,0,sha256WithRSAEncryption,2048,RSA,1,v3,0,1
webtp.whatsapp.net,20a80df48310cbfc37a554db6a70c2cbb6c26f5c9cdbb745ecc03fe7a25ea81f,mitmproxy,367,0,sha256WithRSAEncryption,2048,RSA,1,v3,0,1
dg2iu7dxxehbo.cloudfront.net,efda86d102eef692353fcf86dc138d1c099ffa5f62073e50f131ed29b1eb651b,mitmproxy,367,0,sha256WithRSAEncryption,2048,RSA,1,v3,0,1
reach-pa.googleapis.com,1c91a21bd543fb77d4c7a14e72370be787198eb799138295fbc32fd1715efe0f,mitmproxy,367,0,sha256WithRSAEncryption,2048,RSA,1,v3,0,1
webcast19-normal-useast8.tiktokv.us,39fcce5ec3a14905a3204b6ed3bcf7a6d90a15ab638cf22f6b8f38384a34df6a,mitmproxy,367,0,sha256WithRSAEncryption,2048,RSA,1,v3,0,1
global.px.quantserve.com,ad2d1df2425c7b4e5dc69b702349e96841513ec72202832bde27296abbf9b390,mitmproxy,367,0,sha256WithRSAEncryption,2048,RSA,1,v3,0,1
ncsi-geo.trafficmanager.net,8c1a3eaaed8e2ad801f3d03579f38236a2ee5344d65cb3c5a7df07c3e8191512,mitmproxy,367,0,sha256WithRSAEncryption,2048,RSA,1,v3,0,1
e-0014.e-msedge.net,c6b0b9891a9a0e725826a8a18e9f03b7c646b37cd1439f62f42914c6f1b226b1,mitmproxy,367,0,sha256WithRSAEncryption,2048,RSA,1,v3,0,1
bip.com,210bc61004f3a51cf2580e0bb2b94ea8bc275729bc35b04b59b4b5927824f0cc,mitmproxy,367,0,sha256WithRSAEncryption,2048,RSA,1,v3,0,1
ws-goguardian.pusher.com,11d33c8663e8cb75095728d6dcf281d42750408081dfb54df0bc552a8493f5dc,mitmproxy,367,0,sha256WithRSAEncryption,2048,RSA,1,v3,0,1
log16-normal-useast5.tiktokv.us,241a9f71828a5d4708209bfebd906275c2c7f86c345c0b32e67853a1053a7907,mitmproxy,367,0,sha256WithRSAEncryption,2048,RSA,1,v3,0,1
connectivitycheck.android.com,9c6c0cfd15d60e28890a0d3a5d5d1c64590a7073db72c16756bc59df3ebee2cd,mitmproxy,367,0,sha256WithRSAEncryption,2048,RSA,1,v3,0,1
fmfmobile.fe2.apple-dns.net,0a389a9433eb77f1b1f149bc405fc4095085de42169f7666be145aec9d5452d4,mitmproxy,367,0,sha256WithRSAEncryption,2048,RSA,1,v3,0,1
addons.mozilla.org,3cd001a52c7e1128444b12a1f6d4b472c8dbe0f6da63a40c3bbd7abdf2a61420,mitmproxy,367,0,sha256WithRSAEncryption,2048,RSA,1,v3,0,1
tsa.webex.com,12de41c0377a81db14c156881af9d7157c1d801a8c6ad2466d312e469ba46960,mitmproxy,367,0,sha256WithRSAEncryption,2048,RSA,1,v3,0,1
api19-core-useast8.tiktokv.us,5e5bc1b0b8dbe8dde0604cc98d22a047515d177a16df8f2afa0ad4bee73370d9,mitmproxy,367,0,sha256WithRSAEncryption,2048,RSA,1,v3,0,1
braze.eu,d64baeb21ac5f9ce96b47ed3b6bc78986a85c9ef86674e0952213fd882f09997,mitmproxy,367,0,sha256WithRSAEncryption,2048,RSA,1,v3,0,1
linewize.net,7f83a81a1b9de94e68ea59e4156972edd65d85c4cb5cbf39be8a19127155544e,mitmproxy,367,0,sha256WithRSAEncryption,2048,RSA,1,v3,0,1
cdn.undertone.com,c66babcbee2feebea8147398b97b6672ff4b67f0f8bd61bc998dd66a2c30f20d,mitmproxy,367,0,sha256WithRSAEncryption,2048,RSA,1,v3,0,1
winatp-gw-neu.microsoft.com,df8bed07c3d195fed6ad27eb44a8c10aa2db17136131ae9ef23c844ad5de5e8f,mitmproxy,367,0,sha256WithRSAEncryption,2048,RSA,1,v3,0,1
perimeterx.net,ba9dcb3dc4d274924dc36027b1e11c4cf04f37b025211d65cbeb62bbbf817906,mitmproxy,367,0,sha256WithRSAEncryption,2048,RSA,1,v3,0,1
www.outlook.com,e33aa43acf0ec6d804eb9a0969916be83db748ae3f9c56a5c6a8de7eff54a24b,mitmproxy,367,0,sha256WithRSAEncryption,2048,RSA,1,v3,0,1
default.fe2.apple-dns.net,3a211115d802be8f001bec5718de7eac076518b14a12416654af47c0d21329e9,mitmproxy,367,0,sha256WithRSAEncryption,2048,RSA,1,v3,0,1
su.itunes.apple.com,a24aa25617408d960a6a1fe165c3312836f3127ea661656a0661fb97aa13d080,mitmproxy,367,0,sha256WithRSAEncryption,2048,RSA,1,v3,0,1
log16-normal-useast8.tiktokv.us,f5e4f02a02413a947fd7a155aa759d23314d085bd6d6209b5c695dbc0ed50849,mitmproxy,367,0,sha256WithRSAEncryption,2048,RSA,1,v3,0,1
t.pubmatic.com,e18aba069a5245282e05ad835265631db358e97eb45aa59e38e7eb397aad7d6d,mitmproxy,367,0,sha256WithRSAEncryption,2048,RSA,1,v3,0,1
api16-core-c-alisg.tiktokv.com,ccf7ef05c65a85b89479bdc6b93a917d1988d0b23fe878d28adb83fbcbd8e5b0,mitmproxy,367,0,sha256WithRSAEncryption,2048,RSA,1,v3,0,1
us.shb-sync.com,2ed0f0514c002dd6bfc2cdc42e18cabf0fd2701032d475e9ebc4010453661c60,mitmproxy,367,0,sha256WithRSAEncryption,2048,RSA,1,v3,0,1
webview.unityads.unity3d.com,5d5e3d1267d7bc059ce2e6ce712a9a7e6f8b69988f738a699fcc07e680270e58,mitmproxy,367,0,sha256WithRSAEncryption,2048,RSA,1,v3,0,1
d1jvc9b8z3vcjs.cloudfront.net,12422697e845676798369bc67515c4c7f7689ceb1c7014dd128e718f554140f5,mitmproxy,367,0,sha256WithRSAEncryption,2048,RSA,1,v3,0,1
ct.sendgrid.net,a48d7eb6e32a6ed2495141397b8600ee071157bcf0209b98fce398ef8b0abfc1,mitmproxy,367,0,sha256WithRSAEncryption,2048,RSA,1,v3,0,1
piano.io,76109a9278373aa4df97090776345f36395b856d08be0aaeef4da69987b2d6dd,mitmproxy,367,0,sha256WithRSAEncryption,2048,RSA,1,v3,0,1
media-public.canva.com,c0648b49ca9d783492221ad97c49985531a76df2bba4e762bdad3ad30f277608,mitmproxy,367,0,sha256WithRSAEncryption,2048,RSA,1,v3,0,1
array615.prod.do.dsp.mp.microsoft.com,cc213d352edbf42e13d2725be46ec3d7bd082c80071d73ecc835f3ffbf7dc1f9,mitmproxy,367,0,sha256WithRSAEncryption,2048,RSA,1,v3,0,1
p19-common.tiktokcdn-us.com,0264b2ac919717f84bbbb50c1ce88b9dc196dffab2663b2513cecdee3baa942b,mitmproxy,367,0,sha256WithRSAEncryption,2048,RSA,1,v3,0,1
fa000000051.resources.office.net,b66e5477d969090d7530f4fad0942e2f9cf89830bc238df7c308f2c1c7d20265,mitmproxy,367,0,sha256WithRSAEncryption,2048,RSA,1,v3,0,1
gateway.discord.gg,5364bbefb0a009ce2fac2f7ff04cda5dc598a3560e0eb9880290ba38217b0d24,mitmproxy,367,0,sha256WithRSAEncryption,2048,RSA,1,v3,0,1
bing.com.edgekey.net,fc180be2377373c57811ea909b579a41519e4fbc463b15d506b6b24e5914cce8,mitmproxy,367,0,sha256WithRSAEncryption,2048,RSA,1,v3,0,1
p.tvpixel.com,4ef3109244fdc5629e0bceb099d2df7c04a3988b4791a4eda6d21a5aebba67cc,mitmproxy,367,0,sha256WithRSAEncryption,2048,RSA,1,v3,0,1
a767.dspw65.akamai.net,f020b541f6f61f39d8bfc5c40b648f96369d2722029812efc8a9199c5fb55a26,mitmproxy,367,0,sha256WithRSAEncryption,2048,RSA,1,v3,0,1
background.gateway.icloud.com,a92488ba29c3dda14c766c9c89fa0314be0209843331cd6609b9d8075ad020af,mitmproxy,367,0,sha256WithRSAEncryption,2048,RSA,1,v3,0,1
fcmatch.google.com,a7e0af69d83d2ba1b073083da99a718ea6255bbc95ea2021ef35f76604f10899,mitmproxy,367,0,sha256WithRSAEncryption,2048,RSA,1,v3,0,1
document-export.canva.com,1a158234912847c38d479d33a493a93f70d75cd2d167c9ba310a02da84873965,mitmproxy,367,0,sha256WithRSAEncryption,2048,RSA,1,v3,0,1
p16-pu-sign-no.tiktokcdn-eu.com,958822a6f914fcf80cb32d3333f90a4282695a6643e776f339210fa8cc111217,mitmproxy,367,0,sha256WithRSAEncryption,2048,RSA,1,v3,0,1
www.nytimes.com,30afe80227ba9bb76bad38261152389269db502f1f81c9998880f18ded3fc2b0,mitmproxy,367,0,sha256WithRSAEncryption,2048,RSA,1,v3,0,1
e4518.dscx.akamaiedge.net,e6e413a9fc40da6627500980e20a0f3b138f945fed9fc744835ba48fdee6a7bd,mitmproxy,367,0,sha256WithRSAEncryption,2048,RSA,1,v3,0,1
groundcontrol.rendering.sharethrough.com,ed2d27edc9a7fb111be77c49c4f38fdf5eb25e2906d88abbc68c50b0b4458bef,mitmproxy,367,0,sha256WithRSAEncryption,2048,RSA,1,v3,0,1
dcs-public-edge-va6-158015560.us-east-1.elb.amazonaws.com,13452c9b6767f6c85c00a14c6d8d0c768ed16a0e2e99f7c70f1f2be6f7b526bb,mitmproxy,367,0,sha256WithRSAEncryption,2048,RSA,1,v3,0,1
commerce.adobe.com,9578200ef4583a3a3f25acc0331c7032c16ec4cafe50d62cf5d74de7e4d254a4,mitmproxy,367,0,sha256WithRSAEncryption,2048,RSA,1,v3,0,1
idsync.live.streamtheworld.com,887946db2a4cee3b945a8442aea74509c7b66ef319d944d4413e694f615909cb,mitmproxy,367,0,sha256WithRSAEncryption,2048,RSA,1,v3,0,1
known-issues.v.aaplimg.com,679935b5284dcdfdeb29e6cf3683878006080dd2dd8c5173e41e05bb485a40af,mitmproxy,367,0,sha256WithRSAEncryption,2048,RSA,1,v3,0,1
i.manage.microsoft.com,1fd40e2352480f26c7c5dbd5ec45c7aeceab05201fe484776afcf068d637e099,mitmproxy,367,0,sha256WithRSAEncryption,2048,RSA,1,v3,0,1
merchantpool1.linkedin.com,7427569bfa6a2b3ae61d7608d43186045740f92ef9bfcf83972367db9dd10c31,mitmproxy,367,0,sha256WithRSAEncryption,2048,RSA,1,v3,0,1
mygaru.com,e0f27adfd5f01d3f71db67b06eb545692797301ad5cba5fb2be05d0de80b61ed,mitmproxy,367,0,sha256WithRSAEncryption,2048,RSA,1,v3,0,1
vmss-clarity-tag-eus2.eastus2.cloudapp.azure.com,eae476ce408ee0f5f2ed844dbe23dd7a69f8db7a7bba9f911af52d8a94c2e3f3,mitmproxy,367,0,sha256WithRSAEncryption,2048,RSA,1,v3,0,1
merino.services.mozilla.com,6a30a4068064be47a189c238347feb7ad81951b271b0e619e329fc8ee37a5635,mitmproxy,367,0,sha256WithRSAEncryption,2048,RSA,1,v3,0,1
iot.us-east-1.amazonaws.com,408a43954484409d7d0c6890916994b7ab5693b95b1f77917745013153ff6711,mitmproxy,367,0,sha256WithRSAEncryption,2048,RSA,1,v3,0,1
img.3lift.com,5cdf1190c0e878a9c42a1fbd02aebb0c382f69a324e78771583e778bc27702ce,mitmproxy,367,0,sha256WithRSAEncryption,2048,RSA,1,v3,0,1
area120.com,66306da7e491be49bdf5a5c0a6dd5fd298741fff6fb8fcf97993c075c642c684,mitmproxy,367,0,sha256WithRSAEncryption,2048,RSA,1,v3,0,1
win-global-asimov-leafs-events-data.trafficmanager.net,9da261574e5723e547cc6d1e10654ed93f33f78c06549e9725d817fc5f78a01e,mitmproxy,367,0,sha256WithRSAEncryption,2048,RSA,1,v3,0,1
google.partners.tremorhub.com,bcc298728348eb5ef5d166ea3e30daf3bd7d95d21d9e90ca93b260635fde72fc,mitmproxy,367,0,sha256WithRSAEncryption,2048,RSA,1,v3,0,1
texthelp.com,ef5871d8910bd5eda7690d6ab53920881fefadb83d2c2e84eecdb92edcdea62d,mitmproxy,367,0,sha256WithRSAEncryption,2048,RSA,1,v3,0,1
webpermissionpredictions.googleapis.com,b9f19940e8d866525bc5103b10dda0544e9f75eba986129c789ab1a197a3504b,mitmproxy,367,0,sha256WithRSAEncryption,2048,RSA,1,v3,0,1
cdn.heapanalytics.com,8f10645cb1b7a6a4f2b202d0fa959bb18fb3fd96946e65a0a868f58a9ea7c0d1,mitmproxy,367,0,sha256WithRSAEncryption,2048,RSA,1,v3,0,1
parentsquare.com,5b195146c3d4795eb1ba04ecfb5b6b6111d188e6a00532b6660e5c9e1aaf912c,mitmproxy,367,0,sha256WithRSAEncryption,2048,RSA,1,v3,0,1
api.ad.intl.xiaomi.com,3401b865bf8926d577e2e3a42acad7b9948efbe1c8054b660d8b5d08de0ae5a6,mitmproxy,367,0,sha256WithRSAEncryption,2048,RSA,1,v3,0,1
ns.cloudflare.com,89de7078be4e1385025bed9d6bf33071920477d999a564519a712960f109ae4b,mitmproxy,367,0,sha256WithRSAEncryption,2048,RSA,1,v3,0,1
pull-flv-l11-sg01.tiktokcdn.com,2cc4bced1149c43d6dc8e7e0d526b69c49b0886eb1982b9931a6e8f4783322db,mitmproxy,367,0,sha256WithRSAEncryption,2048,RSA,1,v3,0,1
ios.chat.openai.com,fed3cfcdd7a163a3b9ccefc82119a1637a900eff39ac28ac735ac7c32d59b51a,mitmproxy,367,0,sha256WithRSAEncryption,2048,RSA,1,v3,0,1
ln-0007.config.skype.com,51634fb5499eced07c5b507843171b40dca4974d2fab8d1362c2892d17dd512d,mitmproxy,367,0,sha256WithRSAEncryption,2048,RSA,1,v3,0,1
api.spotify.com,91ccbd6bf16bdb1b353d8e0ae220d6cdef41aa3178f18841abfdd6e13e8ca17a,mitmproxy,367,0,sha256WithRSAEncryption,2048,RSA,1,v3,0,1
noti-us.adsmoloco.com,dc0460a761b7c484998850dd9ab9f4c00631a7f7c0f52909e2fb09a367d2d365,mitmproxy,367,0,sha256WithRSAEncryption,2048,RSA,1,v3,0,1
fa000000145.resources.office.net,1b7c7ad6abfc50bf1a1b932ac7ff37d8d3b8e1d14cf3484729a682c6fd9d0bb8,mitmproxy,367,0,sha256WithRSAEncryption,2048,RSA,1,v3,0,1
mr-afd-azuredge.tm-azurefd.net,8b65045c844f98f0ec6d15469695d1f0ab25b30129d566c261d74eeda999a2cd,mitmproxy,367,0,sha256WithRSAEncryption,2048,RSA,1,v3,0,1
sync.bumlam.com,0f53660fd5dfaebd659ecadd341dc72cf18efe9d73dbc1f83cdd3d1052b8c059,mitmproxy,367,0,sha256WithRSAEncryption,2048,RSA,1,v3,0,1
api.b2c.com,fac8c129347195a9374d541e44eb83d0919b9f0ad8b297e817854cdfad19c920,mitmproxy,367,0,sha256WithRSAEncryption,2048,RSA,1,v3,0,1
pay.sandbox.google.com,96303f3fd917ee6b7b915e6aabfd50b44a35b3da69d84242fe0674bfac33d9e5,mitmproxy,367,0,sha256WithRSAEncryption,2048,RSA,1,v3,0,1
suggestqueries.l.google.com,9acf91f4cea74243714def69cf4fd747f04db706c8d3e914780d66b87c5b0fe2,mitmproxy,367,0,sha256WithRSAEncryption,2048,RSA,1,v3,0,1
v4.xz.fbcdn.net,8b4f1e03f16aca0a4096d2fc5439be2ff54cf5c3e7ed54de0b97bcd9da364cca,mitmproxy,367,0,sha256WithRSAEncryption,2048,RSA,1,v3,0,1
nps-collector-service-a.wbx2.com,54dfe98a51d2cdec794e8ea6a9e2ba9fa4351bb50ef647e942db40208373685e,mitmproxy,367,0,sha256WithRSAEncryption,2048,RSA,1,v3,0,1
video.xx.fbcdn.net,20831037e4d184c062a5eec09da10d20a5aa4f61cf6106bed9e24fc39ddde238,mitmproxy,367,0,sha256WithRSAEncryption,2048,RSA,1,v3,0,1
symantec.com,ab495747eeb775393bb6464eb3f69f4a958b69911d3e3609da88d2e11974c89c,mitmproxy,367,0,sha256WithRSAEncryption,2048,RSA,1,v3,0,1
v1.pinimg.com,1c44c43551fc0b58f844e37e80fabcb706821f1856914f14260d844e33a6b00f,mitmproxy,367,0,sha256WithRSAEncryption,2048,RSA,1,v3,0,1
api16-normal-useast8.tiktokv.us,78e6cc7bdfe4743670a1566f5472cde7c12d8e9d2a7ee8c50a533d05c6b6aeb6,mitmproxy,367,0,sha256WithRSAEncryption,2048,RSA,1,v3,0,1
aws-iot.wyzecam.com,cb54f5cd0963f5da1fbd273cf5e5caaa4580c6c3b57d9ea50db3bc0eed46a461,mitmproxy,367,0,sha256WithRSAEncryption,2048,RSA,1,v3,0,1
amp-api-search-edge-apps-akam.itunes-apple.com.akadns.net,e2176d89eaa7243b7209f1f817a93c4f71e1eea1abf84b501d3441c3623c4987,mitmproxy,367,0,sha256WithRSAEncryption,2048,RSA,1,v3,0,1
acctcdn.msftauth.net,6c6411b924b77271b49240cd5b2b5f30fe9c2ee12bad2aab92496651f3ba4a23,mitmproxy,367,0,sha256WithRSAEncryption,2048,RSA,1,v3,0,1
o33249.ingest.us.sentry.io,993003dbe67d8f65a9ded1951ca5b2399d6fbf818fbe23149cbffdf54d76f69f,mitmproxy,367,0,sha256WithRSAEncryption,2048,RSA,1,v3,0,1
prod.us-east-1.sonar.prime-video.amazon.dev,628cc905f3fbc125338304e9624714cdcc37212649c5c43cb996bb4a81b6f1e4,mitmproxy,367,0,sha256WithRSAEncryption,2048,RSA,1,v3,0,1
tag.wknd.ai,1830af8c220abd602d8958d0e1aab440bb7ffde85ff5793f74e3de9f8943e0f1,mitmproxy,367,0,sha256WithRSAEncryption,2048,RSA,1,v3,0,1
ssb-global.smartadserver.com,1053f9c2e7a2f6f8677b23c389ec72bf1ac24f62beaf86b19a8c5c9a079b290d,mitmproxy,367,0,sha256WithRSAEncryption,2048,RSA,1,v3,0,1
mads.amazon.com,63f7166022b7b28be0db43d058b25ba390b29b4eca9e7301e394fc034b5192e6,mitmproxy,367,0,sha256WithRSAEncryption,2048,RSA,1,v3,0,1
usersync.samplicio.us,28c739e16b4b30047fc84165650a6727550afdbfcaf7a0eb8a6acf70564f7570,mitmproxy,367,0,sha256WithRSAEncryption,2048,RSA,1,v3,0,1
usc1-gcp-v61.api.sc-gw.com,819e11b8fcb06fb927142bdc98b9ba610a7243b38056cd0a64e820e02e57b07e,mitmproxy,367,0,sha256WithRSAEncryption,2048,RSA,1,v3,0,1
visitor-vistarmedia.omnitagjs.com,bc04087afbf616fed3efd8307aa111620c9bd24ed5317cffff93a9c6af4c9cda,mitmproxy,367,0,sha256WithRSAEncryption,2048,RSA,1,v3,0,1
census-app-x.scorecardresearch.com,12755be51c4a326bb2f83d25ca1fc4836db3743744132f6498db98f8a1abd3ac,mitmproxy,367,0,sha256WithRSAEncryption,2048,RSA,1,v3,0,1
securly.com,af07a9c08656ed09632727bd2fc508dd500a8db58a82fc6ba7585cba798cbf88,mitmproxy,367,0,sha256WithRSAEncryption,2048,RSA,1,v3,0,1
aggr16-normal.tiktokv.com,24e634ba4f1553a9ed949fb66f65755192669248d3b59001bd0a3cf6bf110ae1,mitmproxy,367,0,sha256WithRSAEncryption,2048,RSA,1,v3,0,1
stock-notifications.astockcdn.net,37c5c14023bdfbb3ad5d9c0f6f6967c53dbe2b2902744e800dff8723f40aaa8e,mitmproxy,367,0,sha256WithRSAEncryption,2048,RSA,1,v3,0,1
o.clarity.ms,11e48839a29ae172b01fb6cac29c249043177af4ce816d08a632aa22a41c07a2,mitmproxy,367,0,sha256WithRSAEncryption,2048,RSA,1,v3,0,1
us4.shb-sync.com,c2bce910207cee316002a83fc4a24789117c7531a35182811b8d60bf999cf17b,mitmproxy,367,0,sha256WithRSAEncryption,2048,RSA,1,v3,0,1
diagmon-serviceapi.samsungdm.com,3b548975729b3bcd7c0e7e3f9aab4483619a19dc002fd6a7895affe146320617,mitmproxy,367,0,sha256WithRSAEncryption,2048,RSA,1,v3,0,1
s.console.adtarget.com.tr,c914de038724bfdeaab40460fd4ec4524cffae44d5b982bfcecb67326fc6cf92,mitmproxy,367,0,sha256WithRSAEncryption,2048,RSA,1,v3,0,1
cds-cdn.v.aaplimg.com,30cd4ef8634280adde63f1e30b0dc21624b2d3c66c49afe2f70f93ed34f96aba,mitmproxy,367,0,sha256WithRSAEncryption,2048,RSA,1,v3,0,1
acctcdn.msauth.net,6fa4fb63351bdd2a466d75e3b0dad945c29d8cca250e84cb6ff57f8273098a3c,mitmproxy,367,0,sha256WithRSAEncryption,2048,RSA,1,v3,0,1
crl.edge.digicert.com,25520458d711271946630fc2b9d9f9ffe021e97a99e478a86c5e606db99192ab,mitmproxy,367,0,sha256WithRSAEncryption,2048,RSA,1,v3,0,1
a.a47b.com,1ac8e60d64f6eee4e93a9014c45e2adb1a57f4af7e4a2dd2ebbcf34bdb1253d9,mitmproxy,367,0,sha256WithRSAEncryption,2048,RSA,1,v3,0,1
p16-tiktok-dm-sticker-sign-sg.ibyteimg.com,25efeaa5dabcbe00c87d735cf1e3a9abd52fb5dbff78e33b38ad2705a1070cb9,mitmproxy,367,0,sha256WithRSAEncryption,2048,RSA,1,v3,0,1
payments-graph.instagram.com,ca6f8107eef0fb6a08e2f4ccac94a791a6c3182fa8461f1552596087b790510c,mitmproxy,367,0,sha256WithRSAEncryption,2048,RSA,1,v3,0,1
cloudbirds.cn,11e9e2164bc240ca456573f313eb65a76cbe2c66c122a3a785247128eda254a4,mitmproxy,367,0,sha256WithRSAEncryption,2048,RSA,1,v3,0,1
web-chat-e2ee.facebook.com,33004fcd4fbefd5cc8c6d8e00fbca99c6286dbdd28fcfa8107bf58710f16653d,mitmproxy,367,0,sha256WithRSAEncryption,2048,RSA,1,v3,0,1
hubblecontent.osi.office.net,214477927fda338c47e7205a91cfef4ef2f3c408120c74e0edb0fc3d1127565d,mitmproxy,367,0,sha256WithRSAEncryption,2048,RSA,1,v3,0,1
ogury-match.dotomi.com,fb0d0b43ad04f36aea6bb265d680cda0d3643c81b98cfb098a3d9048c5163131,mitmproxy,367,0,sha256WithRSAEncryption,2048,RSA,1,v3,0,1
app.usercentrics.eu,41cdc99301a0499e1744fb52e6a25f504915a466e5fe0602254fabfb27973f07,mitmproxy,367,0,sha256WithRSAEncryption,2048,RSA,1,v3,0,1
e11290.dspg.akamaiedge.net,c6c323e8bc14fa0c4999e4e39b3f83b46aaee87a689b97ecd68cb324d023bcd0,mitmproxy,367,0,sha256WithRSAEncryption,2048,RSA,1,v3,0,1
api16-access-ttp.tiktokpangle-b.us,4801b3c980c85309921a78b307ae4bddba861aec80f0be5fa85fd684dbcfd54b,mitmproxy,367,0,sha256WithRSAEncryption,2048,RSA,1,v3,0,1
my.onetrust.com,70004667fe1a239fcf139ac2af387efd6625dcf7ad77e84bbc7d136b78f4c076,mitmproxy,367,0,sha256WithRSAEncryption,2048,RSA,1,v3,0,1
openx2-match.dotomi.com,43114140493bf87576b7538701adc0822d3cf415f15734b9e8c0256cb7f2f752,mitmproxy,367,0,sha256WithRSAEncryption,2048,RSA,1,v3,0,1
fcmatch.youtube.com,b851a715b311493b19cab9037bd0b674d1954d6d9c1d1d6942caf141a72b2990,mitmproxy,367,0,sha256WithRSAEncryption,2048,RSA,1,v3,0,1
eyeo.com,7d3cf79b6a27647bc89e94a47525558ba5cea320cce1ceedb7ad266c676fb232,mitmproxy,367,0,sha256WithRSAEncryption,2048,RSA,1,v3,0,1
cdn.smoot.g.aaplimg.com,edf776de5ba2099caa1c6961941ac90d1649ef8f4a3ea5ab48fd9e17dc6d83cf,mitmproxy,367,0,sha256WithRSAEncryption,2048,RSA,1,v3,0,1
tp.c47710ee9-frontier.media-amazon.com,b42d0971e319fe8994d48d92b64a23028c9015f0284d0dbd27e1f64e8b5be8a0,mitmproxy,367,0,sha256WithRSAEncryption,2048,RSA,1,v3,0,1
acsbapp.com,b8f00642d45cbc8cd24fa58fb3df7e7caeaf1be37ea6620defb8b4409a9bcdfc,mitmproxy,367,0,sha256WithRSAEncryption,2048,RSA,1,v3,0,1
dayunlinks.cn,75627cab6041f97d751227d65669a7600af11b1b768982fc770eae4cb93b4a60,mitmproxy,367,0,sha256WithRSAEncryption,2048,RSA,1,v3,0,1
erne.co,f6a9d46a00b58c336c00299b12dbf3ab6e472a7dbf7764341e7c95ac130f2863,mitmproxy,367,0,sha256WithRSAEncryption,2048,RSA,1,v3,0,1
store.office.com,1590e3098d8d81b91f26f5a39b1835606f3e2439e72fef5ec45f5436f0e2aa04,mitmproxy,367,0,sha256WithRSAEncryption,2048,RSA,1,v3,0,1
ttp-api16-tiktok-com-apix.bytewlb.akadns.net,6ade60830bd6ff76aadf8d56f51a60c5e6dc0384e3928faebee2d48a3abd229f,mitmproxy,367,0,sha256WithRSAEncryption,2048,RSA,1,v3,0,1
net.wac-0003.wac-dc-msedge.net.wac-0003.wac-msedge.net,574cea4e6b857fa8e5e978d531af66d02c8819a33a411f6d07316edfe7e4fca0,mitmproxy,367,0,sha256WithRSAEncryption,2048,RSA,1,v3,0,1
at.teads.tv,77709167b5a2944a6a5db1c4465920ff59529fa9208b99ae8506bc68fb9d5794,mitmproxy,367,0,sha256WithRSAEncryption,2048,RSA,1,v3,0,1
sync.connectad.io,045d185bc30d969b55da056ea0bbb990f7fc4e8170964bf6475c37c48592095a,mitmproxy,367,0,sha256WithRSAEncryption,2048,RSA,1,v3,0,1
newsroom.bi,19d62154e825014648b93c24fe2cb7c1659ba75c92d23806872632e89e77f200,mitmproxy,367,0,sha256WithRSAEncryption,2048,RSA,1,v3,0,1
prod-achm-general.svc.webex.com,07fad745224cbc1c6c9f3ec7cbacf5901e4759cb40d8c453050e5879618d881b,mitmproxy,367,0,sha256WithRSAEncryption,2048,RSA,1,v3,0,1
cdnwidget.com,944d4b62e04a9f1ead211e0540745470b744ec25847f88b1e7765df77c600e0e,mitmproxy,367,0,sha256WithRSAEncryption,2048,RSA,1,v3,0,1
chartboost.com,4d5bf5aa786e0dffaa66c1235ecb29625beccf18d8d961d4b0013ab711a095de,mitmproxy,367,0,sha256WithRSAEncryption,2048,RSA,1,v3,0,1
appdynamics.com,891ab1fc89ffad2bbc3f797753a1d10589b030626baf3bcd7ff124e91670837a,mitmproxy,367,0,sha256WithRSAEncryption,2048,RSA,1,v3,0,1
onedriveclubproddm20045.blob.core.windows.net,af6ae2691165b214de91e7af0d6b3afcff0af58f787ede82116dd781f9041683,mitmproxy,367,0,sha256WithRSAEncryption,2048,RSA,1,v3,0,1
uservoice.com,ba66b1c549f8b2182475abb086e1ab29e66a20439cc579b2898441144ce3e3e1,mitmproxy,367,0,sha256WithRSAEncryption,2048,RSA,1,v3,0,1
ws.zoominfo.com,874695d011245f23d52194ac14f6789c6257c940ab6784e23ad72818f1205225,mitmproxy,367,0,sha256WithRSAEncryption,2048,RSA,1,v3,0,1
client-api.app.printercloud.com,a629d0082de721ef54a784b091c48f5bf8a8e53ddd1630b27c40e9ae427da0cb,mitmproxy,367,0,sha256WithRSAEncryption,2048,RSA,1,v3,0,1
fa000000054.resources.office.net,1a3b9b9da7ee5ea764c365a6b53f575067e7c99779a733541e920ee6dbe311e1,mitmproxy,367,0,sha256WithRSAEncryption,2048,RSA,1,v3,0,1
apps.rokt.com,e516105259e69c27f45906eaed6ada31c32c815d13a4b94adbaee778d45f3a83,mitmproxy,367,0,sha256WithRSAEncryption,2048,RSA,1,v3,0,1
devpush-hapseemate.dayunlinks.cn,c364fbb159b83c011407b895b3c6fabdf63e8eacf6bc3f89479c2ad8b07052f8,mitmproxy,367,0,sha256WithRSAEncryption,2048,RSA,1,v3,0,1
onedriveclubproddm20027.blob.core.windows.net,ac4cbf8d4576770b023c4d33ba16620e723043ef302ceabc706cafa5d1e40771,mitmproxy,367,0,sha256WithRSAEncryption,2048,RSA,1,v3,0,1
trafficmanager.net.wac-0003.wac-dc-msedge.net.wac-0003.wac-msedge.net,e647f63cc8bdca20b298c15b8e1f619346c23bb1179e6d1596fd66c689e9b721,mitmproxy,367,0,sha256WithRSAEncryption,2048,RSA,1,v3,0,1
classify-client.services.mozilla.com,422b04680f0bbe69af6774d3f0e41dc6b9ee17c0e3cd8d6c8739db18876c1305,mitmproxy,367,0,sha256WithRSAEncryption,2048,RSA,1,v3,0,1
onedriveclubproddm20033.blob.core.windows.net,8dd00af15fd3a6afe657d0cd1f047e943cadc53a289e2fd084395a73536982eb,mitmproxy,367,0,sha256WithRSAEncryption,2048,RSA,1,v3,0,1
onedriveclubproddm20025.blob.core.windows.net,e6bef0ec7c6d85fe5cc646b1505da914b47389ea4516714cfe20dfaea9856f85,mitmproxy,367,0,sha256WithRSAEncryption,2048,RSA,1,v3,0,1
content.quantcount.com,f539fa3866f3984aa3b4a45a9b3a11dea9208856e02a49b672c026e3f170cea5,mitmproxy,367,0,sha256WithRSAEncryption,2048,RSA,1,v3,0,1
www.lenovo.com,a9bc5c09ac60f70b9ceebd38f0a1121ef8274401c6fe3729166511f8f4546274,mitmproxy,367,0,sha256WithRSAEncryption,2048,RSA,1,v3,0,1
fa000000192.resources.office.net,46b1d26c007f035b808fe700e36b328be5a6ef1bd8d08498855f6c8e57b3dea8,mitmproxy,367,0,sha256WithRSAEncryption,2048,RSA,1,v3,0,1
roughtime.sandbox.google.com,22b84e46cc02c6e4ebe0d7c88ded62822c11d3391652cf1aea71d96d5dc581c6,mitmproxy,367,0,sha256WithRSAEncryption,2048,RSA,1,v3,0,1
onedriveclubproddm20023.blob.core.windows.net,9dfb8d28684cb74c82639272962a6e00d7e1b6cad9fb863e7c09938a9ddefb25,mitmproxy,367,0,sha256WithRSAEncryption,2048,RSA,1,v3,0,1
linkedin.com.cdn.cloudflare.net,6b487a04999347d29d12a1e17c6c9f0b56e60bac3488b77decb2794054d65d92,mitmproxy,367,0,sha256WithRSAEncryption,2048,RSA,1,v3,0,1
www.linkedin.com.cdn.cloudflare.net,486130780a9a68a3d7ffce9690e628b83edace7d404116b93c4a9fe727a070ba,mitmproxy,367,0,sha256WithRSAEncryption,2048,RSA,1,v3,0,1
common-geo.ha.1drv.com,81e6680f8b7636381cc1b9f23225116fab3c2914a53492b0620e8f78cabb5087,mitmproxy,367,0,sha256WithRSAEncryption,2048,RSA,1,v3,0,1
onedriveclubproddm20032.blob.core.windows.net,6e45fffbf92bdff7ca30ea1f8179b7eebc6f086031bc653c9981d774e2f3c2ff,mitmproxy,367,0,sha256WithRSAEncryption,2048,RSA,1,v3,0,1
edge.safedk.com,295ce02903a7a0bc394f9d6dab30e5fda986051f55061cbc46e346d2bac8fc0d,mitmproxy,367,0,sha256WithRSAEncryption,2048,RSA,1,v3,0,1
col.eum-appdynamics.com,e88d9a41dc8371b58a572e7d538a65582561b42c006cbb5bf93c88116a3bbd86,mitmproxy,367,0,sha256WithRSAEncryption,2048,RSA,1,v3,0,1
ticketmaster.goguardian.com,36431daf4812d229745b4593473f75613efad9102ef6356c9f0085f008fc3868,mitmproxy,367,0,sha256WithRSAEncryption,2048,RSA,1,v3,0,1
socket0.api-lsa.lenovosoftware.com,5a90397d1ea50c73ca161ab319c5895347e12a1884695df9978f4a5ae121e796,mitmproxy,367,0,sha256WithRSAEncryption,2048,RSA,1,v3,0,1
img.applovin.com,3dbefabec74587c069f2dbc11fec157783cba181189768fd0c0d536b14a2ac38,mitmproxy,367,0,sha256WithRSAEncryption,2048,RSA,1,v3,0,1
a1874.dscg1.akamai.net,18ff5077c772036d961a7184b86f0085aeaaf2f14dc48f984356b7d7b7b6f63d,mitmproxy,367,0,sha256WithRSAEncryption,2048,RSA,1,v3,0,1
api-adservices.apple.com,8690718446deb79aa6818f11d1879f08004e348a6c458b9a743b8edd9096eeb9,mitmproxy,367,0,sha256WithRSAEncryption,2048,RSA,1,v3,0,1
avatar-a.wbx2.com,1a929c49ac4c876fc42169f1cb3cf5c32e4e9fddad4c93f3640c93eea53558a6,mitmproxy,367,0,sha256WithRSAEncryption,2048,RSA,1,v3,0,1
as.atlassian.com,0a532a97ea3051a335adfa64df098c326364ecc170467bda6f677c4af949076c,mitmproxy,367,0,sha256WithRSAEncryption,2048,RSA,1,v3,0,1
onedriveclubproddm20031.blob.core.windows.net,28bab4edb7f6a67721dc98b7d30b9e7638607bcc440d8c0a89eaaced0e3cda2f,mitmproxy,367,0,sha256WithRSAEncryption,2048,RSA,1,v3,0,1
static.teads.tv,2ea422b3fed939210b1ce23debb0adc30aa3e046ff739c9c7481167ac714b037,mitmproxy,367,0,sha256WithRSAEncryption,2048,RSA,1,v3,0,1
s.clarity.ms,b7358cffc78a290b85645d73d969fe0fb1c3faf5a5598d5dedb6ca6c567e63ed,mitmproxy,367,0,sha256WithRSAEncryption,2048,RSA,1,v3,0,1
news-assets.apple.com,0036d84ef3235b181dde61d2958e12b5c5e3d086ebd4c0437e07538e183e8607,mitmproxy,367,0,sha256WithRSAEncryption,2048,RSA,1,v3,0,1
mssdk22-normal-alisg.tiktokv.com,dbe04932f011938098503b95c64e330eca52e84ff4ab93f7f02521e5227306cd,mitmproxy,367,0,sha256WithRSAEncryption,2048,RSA,1,v3,0,1
wrapper-vast.adsafeprotected.com,ac3d24fa78730b1cddbce58b11b9c6f5d141df88760cb13552b79ae527e56f60,mitmproxy,367,0,sha256WithRSAEncryption,2048,RSA,1,v3,0,1
copilot.com,ca5e9df756c259ce20b575e8fb11ee1223eafbcfc2aa11b0e7264420060cad40,mitmproxy,367,0,sha256WithRSAEncryption,2048,RSA,1,v3,0,1
pbd.yahoo.com,e14877cd41b7acf8d848bbcf8228c46fd0d6bf04ab876022b36480372e631601,mitmproxy,367,0,sha256WithRSAEncryption,2048,RSA,1,v3,0,1
fa000000117.resources.office.net,5d8d4985a8b4b1d40c7c17f8fe783b0b67ad6bd1a04677e846f76b6eadb1d6f1,mitmproxy,367,0,sha256WithRSAEncryption,2048,RSA,1,v3,0,1
onedriveclubproddm20051.blob.core.windows.net,3237da2ed7f73478d3c244037a0ca5c05717e72bfc1caed6b84d1ac40c7b63f7,mitmproxy,367,0,sha256WithRSAEncryption,2048,RSA,1,v3,0,1
onedriveclubproddm20029.blob.core.windows.net,bd2550b87121787e0f547c2940ae0ce85c19f8e602ae36238900fa411a800d32,mitmproxy,367,0,sha256WithRSAEncryption,2048,RSA,1,v3,0,1
mobile.yandex.net,4ff11b96e847c99c912ca5a4c2fe290dc59f562472f04303734874664285a774,mitmproxy,367,0,sha256WithRSAEncryption,2048,RSA,1,v3,0,1
securedvisit.com,602e99161f5f7ea39a14af39959d19c43477d4094a4585a624586dcd63214a7c,mitmproxy,367,0,sha256WithRSAEncryption,2048,RSA,1,v3,0,1
mweb-hb.presage.io,cabdc644da43ccef25ee81bc1ff3612dc1dac91de3778e3c8af92e12a13a7184,mitmproxy,367,0,sha256WithRSAEncryption,2048,RSA,1,v3,0,1
onedriveclubproddm20046.blob.core.windows.net,8393e3f6251eaef8600abd6f05378046e2759aab43c5812fca900a828f058e1b,mitmproxy,367,0,sha256WithRSAEncryption,2048,RSA,1,v3,0,1
zoho.com,34af99b024df270002671b90bd5f3ac77057ebd72fd83f24bc2578eff47af784,mitmproxy,367,0,sha256WithRSAEncryption,2048,RSA,1,v3,0,1
amspbs.com,1797c02fab7143116dbc152a708e45f9dbb90e2ee28894dece8791cd00214c29,mitmproxy,367,0,sha256WithRSAEncryption,2048,RSA,1,v3,0,1
reachable.webex.com,8f90ca43b3d5f8067883e75ca344bc4a9f48832e8a01dc484fb038104609e304,mitmproxy,367,0,sha256WithRSAEncryption,2048,RSA,1,v3,0,1
access.workspace.google.com,3011f0b1b8d80121b4682053343f6e43d13f8babc79c65460b97c4c4907133f9,mitmproxy,367,0,sha256WithRSAEncryption,2048,RSA,1,v3,0,1
tracking.crazyegg.com,5190f25d20cebf605871cdf9b429adcf87613c80407d3a55ca19268ad369c120,mitmproxy,367,0,sha256WithRSAEncryption,2048,RSA,1,v3,0,1
ms-sso.copilot.com,c1ba2fe986e299a93c8f3c271e2b43cca897942b1e54a65762684e9352825be8,mitmproxy,367,0,sha256WithRSAEncryption,2048,RSA,1,v3,0,1
app.powerbi.com,e5c9298da0fcb76c4ae4f992acaf3008538df40d868dfb435f02606a5d876e52,mitmproxy,367,0,sha256WithRSAEncryption,2048,RSA,1,v3,0,1
chrome.google.com,5062078757832844f74aae14d7e2843d746fe44e593b7778b52fdf878db4cef2,mitmproxy,367,0,sha256WithRSAEncryption,2048,RSA,1,v3,0,1
amp-api.media-lb.apple.com.akadns.net,f99b7006fa538016d6d70a6db39e30d9a3ed06bb5883e971781702a8f88a3a67,mitmproxy,367,0,sha256WithRSAEncryption,2048,RSA,1,v3,0,1
siteimproveanalytics.com,75a8089f76c7e2463920d3e58b73e3d59f50b56e916a3fedef17ba257369d655,mitmproxy,367,0,sha256WithRSAEncryption,2048,RSA,1,v3,0,1
onedriveclubproddm20053.blob.core.windows.net,f420c9cf1952486c02d6b812460bce529c10bb8f4d087e71047184d5cd55f785,mitmproxy,367,0,sha256WithRSAEncryption,2048,RSA,1,v3,0,1
media.bidr.io,de6e355a1a0b512fdf05a8b3ca3cdcf8a2059e98a66d31235af9afcf1f818496,mitmproxy,367,0,sha256WithRSAEncryption,2048,RSA,1,v3,0,1
ping.citrix.com,5c92a741cf5db34bbb64a0991e7d0e8812a32951bd51bf1eaf895c631094994a,mitmproxy,367,0,sha256WithRSAEncryption,2048,RSA,1,v3,0,1
wamsm-a-0.prod.infra.webex.com,e65fbad46ea92477854fa54767fd8e99109601a008e183c08c692de69030862c,mitmproxy,367,0,sha256WithRSAEncryption,2048,RSA,1,v3,0,1
public.wamsm-a-0.prod.infra.webex.com,d15658baaf0f9213b413938cf8ebf616b352f129f9115255e99327b8cbfc39c2,mitmproxy,367,0,sha256WithRSAEncryption,2048,RSA,1,v3,0,1
onedriveclubprodbn20042.blob.core.windows.net,045bc27fc35eea1781a4126af26277d2d11ca60579c8ee2f67b1d28c7aadd0a4,mitmproxy,367,0,sha256WithRSAEncryption,2048,RSA,1,v3,0,1
ipv4.cws.conviva.com,e3225b6df4a0440fd60d1005cf51c1f16bfab04d473905c69c65ee6d7d0a3de1,mitmproxy,367,0,sha256WithRSAEncryption,2048,RSA,1,v3,0,1
t-mobile.com,4e2610528cb68f96485bdaa4454b3662396e9534bc33733a0a4680c860ba6868,mitmproxy,367,0,sha256WithRSAEncryption,2048,RSA,1,v3,0,1
onedriveclubprodbn20023.blob.core.windows.net,59989840b1f8637ed16e63f43e1afda845099a853a1554a75c60960a097013f6,mitmproxy,367,0,sha256WithRSAEncryption,2048,RSA,1,v3,0,1
sf-teko-source.tiktokcdn.com,837c911cd5bc5e97ae7279d5f7f6935d2060c434efeb88f70daa6807bcf6b4d7,mitmproxy,367,0,sha256WithRSAEncryption,2048,RSA,1,v3,0,1
onedriveclubprodbn20021.blob.core.windows.net,9f4967577f8273fd1fa1301a731933882eef76410086cd5a84521eda32a1b444,mitmproxy,367,0,sha256WithRSAEncryption,2048,RSA,1,v3,0,1
mosaic.scdn.co,4421264cd7f839a6b208b75262b4607de5f051b0dcd188ab4351e3ff9618bafc,mitmproxy,367,0,sha256WithRSAEncryption,2048,RSA,1,v3,0,1
1x1.a-mo.net,68cae8afd738ae0e3cb263c865244c01b551b9821da44a3bdb135faaebef7d11,mitmproxy,367,0,sha256WithRSAEncryption,2048,RSA,1,v3,0,1
data.adsrvr.org,c43d88c719f6414c3874c631b92713bb14f01f8f26274971d52b8890e168ddd3,mitmproxy,367,0,sha256WithRSAEncryption,2048,RSA,1,v3,0,1
staticjs.adsafeprotected.com,611c122c81d24518102e24d62e95cf393ee2407e6426b8542b3291ff90be24b8,mitmproxy,367,0,sha256WithRSAEncryption,2048,RSA,1,v3,0,1
inv-nets.admixer.net,0c3842dc807095da52cb1d7b4085452abc7d2d373e442541c76df385d9e1d24b,mitmproxy,367,0,sha256WithRSAEncryption,2048,RSA,1,v3,0,1
s.twitter.com,2fa7ed6a181ef22a34f07de39ef7dcb33108bee5b7c76f6a2b370143ebeb4ce2,mitmproxy,367,0,sha256WithRSAEncryption,2048,RSA,1,v3,0,1
images-mercury.v.aaplimg.com,37a27bf97cfa4159b54ff92f24a63cf5dfb23d44c10e94065560d5fc53b80159,mitmproxy,367,0,sha256WithRSAEncryption,2048,RSA,1,v3,0,1
onedriveclubprodbn20050.blob.core.windows.net,15284f687faf1f22f75778b96ca84b7f4d29f86eaaa12812c977c6359c51ee26,mitmproxy,367,0,sha256WithRSAEncryption,2048,RSA,1,v3,0,1
adl.windows.com,5cc0bb756e2cb7dfadc86fe5d8994d169825a6b1611b219189d550b4c4e3faa2,mitmproxy,367,0,sha256WithRSAEncryption,2048,RSA,1,v3,0,1
fa000000193.resources.office.net,4033fe75768ec8bb12bf67cbf9da8c4a96a42003a936432b81d2c154f7b1e5e4,mitmproxy,367,0,sha256WithRSAEncryption,2048,RSA,1,v3,0,1
fout.jp,42d79a74354bb349306568fe211ddc6e6e13f5d801692014a9e6084e896f042e,mitmproxy,367,0,sha256WithRSAEncryption,2048,RSA,1,v3,0,1
clinch.co,dd9aadcebb8240c98aadfab5948fda21144df744be708653cc193b8b0441366d,mitmproxy,367,0,sha256WithRSAEncryption,2048,RSA,1,v3,0,1
getpublica.com,e1afaf1e287737d8d5792b460154421cb7489478f9becfc779eafdd14915552b,mitmproxy,367,0,sha256WithRSAEncryption,2048,RSA,1,v3,0,1
onedriveclubprodbn20022.blob.core.windows.net,96f3df1505252fb679b0e25c5706e9e291db68b662340b5e5c596dee09a92d01,mitmproxy,367,0,sha256WithRSAEncryption,2048,RSA,1,v3,0,1
d20qwf0wrdtevy.cloudfront.net,504bd8e91c3fbb476f4d249ba943f4464aaba7c0796a166a7076e63bc2e2c91c,mitmproxy,367,0,sha256WithRSAEncryption,2048,RSA,1,v3,0,1
onedriveclubprodbn20019.blob.core.windows.net,dd2bd65c733ebc71a831182704583b7177452f639cbb6ba9f1b4a5df242ededc,mitmproxy,367,0,sha256WithRSAEncryption,2048,RSA,1,v3,0,1
ipac.ctnsnet.com,b7d9dba023448d6a4eb00c10f9f1aa9578cc65612d1eed29f7e6e50adf9ed9a1,mitmproxy,367,0,sha256WithRSAEncryption,2048,RSA,1,v3,0,1
onedriveclubprodbn20007.blob.core.windows.net,852d8e7ed85942f14f4344c3bf41031d021aa07ad93c08ce4ef8e88048e39832,mitmproxy,367,0,sha256WithRSAEncryption,2048,RSA,1,v3,0,1
onedriveclubprodbn20028.blob.core.windows.net,33c288b9613864c1bf34b7392cfba22acce9a9aa4ea11668ce60dd8ba4308a36,mitmproxy,367,0,sha256WithRSAEncryption,2048,RSA,1,v3,0,1
d162h6x3rxav67.cloudfront.net,384087de5652045e7a0cc9ded3b94829537de8dcc4599287211bafdfb4a2fa5c,mitmproxy,367,0,sha256WithRSAEncryption,2048,RSA,1,v3,0,1
onedriveclubprodbn20054.blob.core.windows.net,cf09ae7b48e653bbe274128841eb1f7d1ea2a1aac2b68e675fe97d3492aa1862,mitmproxy,367,0,sha256WithRSAEncryption,2048,RSA,1,v3,0,1
error-analytics-sessions-production.shopifysvc.com,d5aa9ab2b23fd361a65da89324f7cf7784eb5b29fd6ff8ab506d4006ce226825,mitmproxy,367,0,sha256WithRSAEncryption,2048,RSA,1,v3,0,1
onedriveclubprodbn20051.blob.core.windows.net,4039b6890b14abf6f518423bb7e689e22473658531c93645966abbed055bb928,mitmproxy,367,0,sha256WithRSAEncryption,2048,RSA,1,v3,0,1
a2047.w183.akamai.net,d4eea0578865d4d2409b83525b77f2a50435aed047ed328d7f5ff77e00553cf7,mitmproxy,367,0,sha256WithRSAEncryption,2048,RSA,1,v3,0,1
onedriveclubprodbn20041.blob.core.windows.net,de435b8e999fae6e87e42e1a8452eb1d951c18faa55442383b9dd61c405ee3ca,mitmproxy,367,0,sha256WithRSAEncryption,2048,RSA,1,v3,0,1
voisetech.com,bfe4526d0375df1b8f785c4c4c1718784872ffaa29529252a5cd0f0c154b5eb4,mitmproxy,367,0,sha256WithRSAEncryption,2048,RSA,1,v3,0,1
anyrtb.com,f2d2f2d8d87ce117d7117b6dbb6491968a4a0d342ed0d87009376330f8f80956,mitmproxy,367,0,sha256WithRSAEncryption,2048,RSA,1,v3,0,1
tr.outbrain.com,15142da01e2e5175400b8e3bd8199187938bd4d4d3b8322dddd3d4d8e6d2d61e,mitmproxy,367,0,sha256WithRSAEncryption,2048,RSA,1,v3,0,1
a-iad3.1rx.io,d8f789734b051e9797d2e1c133e98170a6f5c51d0dd8a160c431749c461d66cf,mitmproxy,367,0,sha256WithRSAEncryption,2048,RSA,1,v3,0,1
dsp-service.pixad.com.tr,a6bd62e23d9edb858503fbf810e9622c3d36149f9967bf5e477469d568a25ebe,mitmproxy,367,0,sha256WithRSAEncryption,2048,RSA,1,v3,0,1
www.intel.com,1a4ac91a82c5f16b8903252c6b5fabeed546ae1506d5277d8d1c6c7206e666d8,mitmproxy,367,0,sha256WithRSAEncryption,2048,RSA,1,v3,0,1
events.newsroom.bi,aadcd759073c09f057d60fcb45d8181c35371ca1421f60be061a52bcbb08e4dc,mitmproxy,367,0,sha256WithRSAEncryption,2048,RSA,1,v3,0,1
shopifycloud.com,a7770ebd6e51082cbfc85bfe1a136fba0a1e56ecec3ebb67d8fd72c4c7bcc466,mitmproxy,367,0,sha256WithRSAEncryption,2048,RSA,1,v3,0,1
powerpoint-telemetry.officeapps.live.com,661f813e8fc2385bfa4d14736335726410bb632d08dfedf43cca0e03c898da90,mitmproxy,367,0,sha256WithRSAEncryption,2048,RSA,1,v3,0,1
fa000000163.resources.office.net,337f04131408b0e2fdbf0ee521c1be06437c3ee428dbe465a19759dda29d269d,mitmproxy,367,0,sha256WithRSAEncryption,2048,RSA,1,v3,0,1
cm.anyrtb.com,a3a356d5a9d01f1bd54911025b9df233d20fc331de61a4b99acce6d998780847,mitmproxy,367,0,sha256WithRSAEncryption,2048,RSA,1,v3,0,1
cdn0.forter.com,8d5644363e9d85aa2fa61500c854f26582eb73d6a4ddd35c6ad2e7f0418cdb73,mitmproxy,367,0,sha256WithRSAEncryption,2048,RSA,1,v3,0,1
atl-paas.net,38afed06a39e26a9d9a478e9d61f9a88aa6cf64b05e0a5fc03c4f4eaee660d91,mitmproxy,367,0,sha256WithRSAEncryption,2048,RSA,1,v3,0,1
skyapi.live.net,ca5b919dc6ef662f77405f07f87a2ed0803bf75df31f7489a159f03319b90f7b,mitmproxy,367,0,sha256WithRSAEncryption,2048,RSA,1,v3,0,1
pub.network,4d2a352b0d1a0243fa1ea6a0a9899d1dcfad3085d9f534251f37558f4163ae89,mitmproxy,367,0,sha256WithRSAEncryption,2048,RSA,1,v3,0,1
obs.cn-south-1.myhuaweicloud.com,04e7ae727ea0d41dbd6a659beb144d7862be470aeeb42fa39edcc649a684a902,mitmproxy,367,0,sha256WithRSAEncryption,2048,RSA,1,v3,0,1
tag-logger.demandbase.com,7d3d2acec5cc971eb0b30730f6962d1a2e4e6ebb4f9e9326524ae05da4b026e9,mitmproxy,367,0,sha256WithRSAEncryption,2048,RSA,1,v3,0,1
sync.sxp.smartclip.net,2d9424bdec2fd02471ba9ae9b3d61597789f67c3f6f8bc3cf272d7b935feb776,mitmproxy,367,0,sha256WithRSAEncryption,2048,RSA,1,v3,0,1
edgeassetservice.azureedge.net,752382cd5ef11f2b8bd0751bb2b3a58022168659028cb684f4919e9f357a5136,mitmproxy,367,0,sha256WithRSAEncryption,2048,RSA,1,v3,0,1
download.microsoft.com,842b323e5868864de576035b72ac00f7c5e4a03e545a918b6121bcde6db5a831,mitmproxy,367,0,sha256WithRSAEncryption,2048,RSA,1,v3,0,1
absolute.com,d71504648557c8476ec624cca8a115588414c2fff963053b7b83ab6c8a29e7e9,mitmproxy,367,0,sha256WithRSAEncryption,2048,RSA,1,v3,0,1
mamwelsprodsharedtm.trafficmanager.net,367c20b817343010109d4703232d57b8859d9af1d3525bf88f03d5219c171629,mitmproxy,367,0,sha256WithRSAEncryption,2048,RSA,1,v3,0,1
avatar-prod-us-east-2.webexcontent.com,2d8b8b20238b052190e82e26b4977b8b5ada795a97e0ba6b9aa0ac75cc4d690b,mitmproxy,367,0,sha256WithRSAEncryption,2048,RSA,1,v3,0,1
init-p01md.apple.com.edgesuite.net,2b7d81a5880033f8d9f564b73067739b9b249150ed26614fb1a68172793191ca,mitmproxy,367,0,sha256WithRSAEncryption,2048,RSA,1,v3,0,1
stocks-data-service.lb-apple.com.akadns.net,6613d88324d6d6c6a4bb7b1a5defedf37f44bf632c2e4edd608e2299c607caba,mitmproxy,367,0,sha256WithRSAEncryption,2048,RSA,1,v3,0,1
smp-device-content.lb-apple.com.akadns.net,9742739eb2fcb4b18fb6b49a20940312d0a3860404194d049e2e9b5182efcc12,mitmproxy,367,0,sha256WithRSAEncryption,2048,RSA,1,v3,0,1
thisisdax.com,64b834bf7e5744abf7d669284bc67af751864db0b2e88a276a41c799d1a6d189,mitmproxy,367,0,sha256WithRSAEncryption,2048,RSA,1,v3,0,1
ably.io,4f0ffe78e0b247984d2f28ee5d021e90e99227386924cebd2ac9ce275068ba5f,mitmproxy,367,0,sha256WithRSAEncryption,2048,RSA,1,v3,0,1
sync.rbstsystems.live,19b0a42fb623cbd22f37dd047708c444ab03d65c9330738b3158c0d81576104c,mitmproxy,367,0,sha256WithRSAEncryption,2048,RSA,1,v3,0,1
bpb.opendns.com,5149f2fcccba24c9dd83ba30447143eb15f6c6300580af6bc24d4483641dab0d,mitmproxy,367,0,sha256WithRSAEncryption,2048,RSA,1,v3,0,1
prod.do.dsp.mp.microsoft.com.edgekey.net,84d8d72f2e98c5a794c296c1ee497f0cf22d1b8c275df5220b1b5cd524387797,mitmproxy,367,0,sha256WithRSAEncryption,2048,RSA,1,v3,0,1
brightcove.com,69e2f9737c354e685185dbb720f6752331c4a7ee6889ac637426a6e5785d0624,mitmproxy,367,0,sha256WithRSAEncryption,2048,RSA,1,v3,0,1
lcdn-locator-usms11.apple.com.akadns.net,2e8116e0a084853cbefe7fb8e9b4ef229c22c88f1a831a9685ce6276ae879f15,mitmproxy,367,0,sha256WithRSAEncryption,2048,RSA,1,v3,0,1
mrf.io,5f81c3213247348b0a9a28aced3534cd1748e58caeb8802a7815a3ac36411e6a,mitmproxy,367,0,sha256WithRSAEncryption,2048,RSA,1,v3,0,1
amplify.outbrain.com,3937649bbe1630ec969625c6809ea0da576fc808efcb45136b3a1e7e728ed311,mitmproxy,367,0,sha256WithRSAEncryption,2048,RSA,1,v3,0,1
intuit.com,a9e20826e988a17fa7e5bd79c96934cfead1c1e1cdfdd92f1fe68b3166a6a7d7,mitmproxy,367,0,sha256WithRSAEncryption,2048,RSA,1,v3,0,1
www.spotify.com,3521a36a7b41c9d051d0818921db297b5d06451bbad895b4870534459d477ec3,mitmproxy,367,0,sha256WithRSAEncryption,2048,RSA,1,v3,0,1
mgaru.dev,95fd626677776da986d7c37cbab8e5cab37aab681cb223d09e630a193805d7fa,mitmproxy,367,0,sha256WithRSAEncryption,2048,RSA,1,v3,0,1
crashlogs.whatsapp.net,71a15b14edd0dd4054d35c7626ca33d4d32d3950c3123d3bab9f8e40bd30f1f9,mitmproxy,367,0,sha256WithRSAEncryption,2048,RSA,1,v3,0,1
cdn.mgaru.dev,5452abf4e7f7ee59d52e640024846867ce684f1b93a907826f5ccf6e4275018e,mitmproxy,367,0,sha256WithRSAEncryption,2048,RSA,1,v3,0,1
a2047.w185.akamai.net,86b3d08ba9870614899628cedef3db0266d3d2173842ed56ef4a32d7747e60e4,mitmproxy,367,0,sha256WithRSAEncryption,2048,RSA,1,v3,0,1
www-pinterest-com.gslb.pinterest.com,97225588259fdb5cba57453cb6fc89c49f7aa6a5deca7f1846902d60bf8c6130,mitmproxy,367,0,sha256WithRSAEncryption,2048,RSA,1,v3,0,1
go.trouter.skype.com,3eee24448a87f754e17cd027087c6298db43bc7c478fb0e09386d9e30d86cdd0,mitmproxy,367,0,sha256WithRSAEncryption,2048,RSA,1,v3,0,1
prod-video-cms-amp-microsoft-com.akamaized.net,8451270b9546c0d8b82464ee7b7ebeb8a1e1a64fe390d78664739ce847b3d5d4,mitmproxy,367,0,sha256WithRSAEncryption,2048,RSA,1,v3,0,1
outbrain.map.fastly.net,faa45c5cba4ad8387c55dbc70cc6058fa059cb1898464f11a8248dc341e570b2,mitmproxy,367,0,sha256WithRSAEncryption,2048,RSA,1,v3,0,1
datatables.net,4fdb4f73198f0a724a284b6c8602d85d914589fd5d2aa2ce73360b3679f00b37,mitmproxy,367,0,sha256WithRSAEncryption,2048,RSA,1,v3,0,1
us-std-00001.s3.dualstack.us-east-1.amazonaws.com,134219730b1d53e8c59f0d67c9b4fe754fc23690addecc02487e2c63962717cb,mitmproxy,367,0,sha256WithRSAEncryption,2048,RSA,1,v3,0,1
deault-exp-tas-com.e-0014.e-msedge.net,c31546f7cbaa2b7996bbf2dc628682cdc9841aa7d24845aaf5ed422870fd3afb,mitmproxy,367,0,sha256WithRSAEncryption,2048,RSA,1,v3,0,1
officeci-mauservice.azurewebsites.net,ba0798df2830eea630341fd38ab0591aecfa60de2197a490318f8562e4f30c6e,mitmproxy,367,0,sha256WithRSAEncryption,2048,RSA,1,v3,0,1
config2.mparticle.com,071bb43c68c30d4e03784eb89641ebafe8a1d2e79a343b8501ea83c967f132dc,mitmproxy,367,0,sha256WithRSAEncryption,2048,RSA,1,v3,0,1
sdk-api-v1.singular.net,4e7f6fa7b51236b6b62c6ff3d4614eb1362a7d6dc53b1ab2f32a64b5e8b5a757,mitmproxy,367,0,sha256WithRSAEncryption,2048,RSA,1,v3,0,1
r.turn.com,65b2746a79a86e9294fb246c5d814159c7c1cbd5452029c93df0bdeb93621102,mitmproxy,367,0,sha256WithRSAEncryption,2048,RSA,1,v3,0,1
musicstatus.edge-itunes-apple.com.akadns.net,2743f0f004894c33c56ad05ecdf019454f6183751d63becc5f0ee568f79a4cac,mitmproxy,367,0,sha256WithRSAEncryption,2048,RSA,1,v3,0,1
api22-core-c-alisg.tiktokv.com,340426100a6219810f24ba98a164c6cd80837d806b82592187ae6097cd5d8662,mitmproxy,367,0,sha256WithRSAEncryption,2048,RSA,1,v3,0,1
www.dwin1.com,7b14490da140a61cc856844a897b4e10c20df8759ccb65551a906d017c8b240f,mitmproxy,367,0,sha256WithRSAEncryption,2048,RSA,1,v3,0,1
scriptsstorage.afd.azureedge.net,fe6abf24bb4f63fcd37334b86f45aa9c5a8679a688c2b43a5168abcbcd40d2a0,mitmproxy,367,0,sha256WithRSAEncryption,2048,RSA,1,v3,0,1
haproxy-ingress-bumblebee.life360.com.cdn.cloudflare.net,9882a2540bfed6993f3b3b53922010c10d47520af9b0a7631652d5b0299c7ca2,mitmproxy,367,0,sha256WithRSAEncryption,2048,RSA,1,v3,0,1
aes.us-west.3px.axp.amazon-adsystem.com,58e04bac4183eb991b7ebb84d324a465975dbac4a1c8398cdd91a444fbae7772,mitmproxy,367,0,sha256WithRSAEncryption,2048,RSA,1,v3,0,1
cdn.datatables.net,15166df3d226f9675c8dac25ee17985fb01a04d4eb28666ee40b6734e30c5cae,mitmproxy,367,0,sha256WithRSAEncryption,2048,RSA,1,v3,0,1
clientsdk.launchdarkly.com,1ac568887d12173c5534b4d4ac85869e34647936cd7a77fc267f6a0f4eab9bea,mitmproxy,367,0,sha256WithRSAEncryption,2048,RSA,1,v3,0,1
ident.mygaru.com,b2ee2f46581025c6cd7d018eeeca6effc5f9f3b00c2bc337e2c6d2a953b17bd0,mitmproxy,367,0,sha256WithRSAEncryption,2048,RSA,1,v3,0,1
partners-1864332697.us-east-1.elb.amazonaws.com,01c314b5a8c3796857145a516bbaafd04798431b0fb07898ea1afada138a7022,mitmproxy,367,0,sha256WithRSAEncryption,2048,RSA,1,v3,0,1
dynamics.com,627752e447dde9f06ca0b760753287f7ae79ecb435a44893459e65b4d50db66c,mitmproxy,367,0,sha256WithRSAEncryption,2048,RSA,1,v3,0,1
tag-ipv46.tapad.com,07c8ba47af2b206b245f785b7cf786491767391cd7e04b2927991d9b04c88c92,mitmproxy,367,0,sha256WithRSAEncryption,2048,RSA,1,v3,0,1
wordpress.com,a958459c7c0f8476833f6c4c39c76a4d0ab54f6bcb7e85fb5184b160c37f15b5,mitmproxy,367,0,sha256WithRSAEncryption,2048,RSA,1,v3,0,1
vast.dv.tech,f87bf25ffac45e530d4ea11470ff948b9f36a20a6582f035530b62b18c92fce1,mitmproxy,367,0,sha256WithRSAEncryption,2048,RSA,1,v3,0,1
appsitemsuggest-pa.googleapis.com,c7fe1f9c03e521023daae2c836b90d59566bf1bda5fca6445a5e8a9b3275342a,mitmproxy,367,0,sha256WithRSAEncryption,2048,RSA,1,v3,0,1
cdn.appdynamics.com,f18c70257b9649165d4dae8b32c3d2d7ae7d4692f8dde8062dac0ab2a2ff193f,mitmproxy,367,0,sha256WithRSAEncryption,2048,RSA,1,v3,0,1
tpt.dotomi.com,3962871db934c1df85fcd19462cd3aff39f192dc6fd1dfdeb95e8d1fa7702503,mitmproxy,367,0,sha256WithRSAEncryption,2048,RSA,1,v3,0,1
lensflare.vimeo.com,30a8deb253c00f655d6e39b13c81c8247b8a7eca928fcd00eb439ed0285231a8,mitmproxy,367,0,sha256WithRSAEncryption,2048,RSA,1,v3,0,1
dx.mountain.com,d8d38ad36ceb46edac7d4ec98181cce2542f70da736abbe76f78864bf4e5cb4f,mitmproxy,367,0,sha256WithRSAEncryption,2048,RSA,1,v3,0,1
eqt-gc.rendering.sharethrough.com,6caa656dcac99a865a8ab7f011671e5cd1e4e05fa2e906416e7ee13518b5f76b,mitmproxy,367,0,sha256WithRSAEncryption,2048,RSA,1,v3,0,1
fa000000064.resources.office.net,537772b6c94161e7c6a9597664aa994e0db5b4d227c99b666bfeca1428910ec0,mitmproxy,367,0,sha256WithRSAEncryption,2048,RSA,1,v3,0,1
analytics.avcdn.net,ced071602e28170ea38951680cb9c22db50eb822ce825960f0dc3ad4e48a401c,mitmproxy,367,0,sha256WithRSAEncryption,2048,RSA,1,v3,0,1
array614.prod.do.dsp.mp.microsoft.com,0f2d62e2250976e822cb58def328ecc16199c1bbb18b9c3ae745ced0a94f7ca3,mitmproxy,367,0,sha256WithRSAEncryption,2048,RSA,1,v3,0,1
svc.ms-acdc-eop.office.com,da18b9a38f2ea973efd4a3d4f6deb19f9f3ea5f1dca7f273afcb451131af21f8,mitmproxy,367,0,sha256WithRSAEncryption,2048,RSA,1,v3,0,1
c.riskified.com,122be06849c048fb78fef2ab046575c9dfedc3b78662c883031ceee93436266b,mitmproxy,367,0,sha256WithRSAEncryption,2048,RSA,1,v3,0,1
us.tiktok.com,9210209f3fc797eac45907250ad2c60c6e33c3a9c409b6e06c37485932d0a130,mitmproxy,367,0,sha256WithRSAEncryption,2048,RSA,1,v3,0,1
api.appcues.net,9d68bd1a152befccb2d43dd447dc4d78ce1aca7b2da3cf173cd5089a58b22f27,mitmproxy,367,0,sha256WithRSAEncryption,2048,RSA,1,v3,0,1
weather-data.apple.com,8045b2674b4c9c3443a4dd2d50e46b3c9fed84057b56270727823c0c1e883627,mitmproxy,367,0,sha256WithRSAEncryption,2048,RSA,1,v3,0,1
audex.userreport.com,99352bf31059911db783ea9437ce56ac3b3fd698a32cbb5a612477f9ef47c2ff,mitmproxy,367,0,sha256WithRSAEncryption,2048,RSA,1,v3,0,1
amd-infra.apps-apple.com.akadns.net,77c0a20948b61902c3ae5cf6266aea9a858282a30bc012658afb59206c37e2bb,mitmproxy,367,0,sha256WithRSAEncryption,2048,RSA,1,v3,0,1
eventfnt-us.dsp-api.moloco.com,079f9aad722863b7f47b8a3676c534dc5883377cd2398f813d2e0b7df8c6dcf1,mitmproxy,367,0,sha256WithRSAEncryption,2048,RSA,1,v3,0,1
ms-sso.copilot.microsoft.com,d7ac7ec2338081b5672272518dc582fcde24e5e2d6f86f82861044250f115367,mitmproxy,367,0,sha256WithRSAEncryption,2048,RSA,1,v3,0,1
canvaz.scdn.co,01810a6a704b8a3169df7ff19a1b96b029b28668e49c6fe4d3537402a465c3a0,mitmproxy,367,0,sha256WithRSAEncryption,2048,RSA,1,v3,0,1
contactservice.zoom.us,024b1e14b310bee1935b6b0e03e789f7347ad860c98a291a7573a2837e4a6c49,mitmproxy,367,0,sha256WithRSAEncryption,2048,RSA,1,v3,0,1
nearbypresence-pa.googleapis.com,4c72233b257b6c300007fcba9212021ebe1a9004d76b900d2545c8e8472841fd,mitmproxy,367,0,sha256WithRSAEncryption,2048,RSA,1,v3,0,1
bugly.qq.com,8c038d1d8b6f8e4add64f2875f407b28994a55b3be0ef4ed86dedcd9d662cb09,mitmproxy,367,0,sha256WithRSAEncryption,2048,RSA,1,v3,0,1
cdn.onesignal.com,fdfbafdefc0e6ab63de98bfb7acf4a1335cc16d4658f19f84b8fd147a5a66525,mitmproxy,367,0,sha256WithRSAEncryption,2048,RSA,1,v3,0,1
cl-glcb907925.gcdn.co,9de0c9198e3b62efdb01e8aca8fbcad06ceffbcdfb5ad859e8f104fd7a8071d5,mitmproxy,367,0,sha256WithRSAEncryption,2048,RSA,1,v3,0,1
api.onegg.site,88a999e9b7441fab9d90410c2b19cd1ae96fdf69cbec3ff2a9678f494c65bc30,mitmproxy,367,0,sha256WithRSAEncryption,2048,RSA,1,v3,0,1
a1834.dscg2.akamai.net,a059ff9b04745650dec01f8cbd18ca6370cef2dafa56c289a5a2207af49a1d3d,mitmproxy,367,0,sha256WithRSAEncryption,2048,RSA,1,v3,0,1
wistia.com,9bc59594652970124b54ca5c5a590fabe4198dbe8d770abfe65386fc6c5779f8,mitmproxy,367,0,sha256WithRSAEncryption,2048,RSA,1,v3,0,1
oaistatic.com,b6ac3c7c06397b1c3c50e9e635e2c87709d6443565156e8641ad5ce3ab46f0a8,mitmproxy,367,0,sha256WithRSAEncryption,2048,RSA,1,v3,0,1
workspaceui-pa.clients6.google.com,65ffec93ccaf7b698168dc75a620ba6a10473a42243610dcfa6e68426348eae9,mitmproxy,367,0,sha256WithRSAEncryption,2048,RSA,1,v3,0,1
onedriveclubprodbn20049.blob.core.windows.net,c1648563e18761a7cbbd87bf34ec9ac4e78b60002a3349002497c9cb09d149e4,mitmproxy,367,0,sha256WithRSAEncryption,2048,RSA,1,v3,0,1
code42.com,6d3fc0957b622e403a71958cb4993435ba74f12d8713da3dccc27b360091a80d,mitmproxy,367,0,sha256WithRSAEncryption,2048,RSA,1,v3,0,1
myaccount.google.com,d02cc664a815b2e06a1ed16f600cefcaa1e3b19f09083fbb6f250aec47ac74c2,mitmproxy,367,0,sha256WithRSAEncryption,2048,RSA,1,v3,0,1
